unidade_orcamentaria;orgao;especificacao;ordinario;vinculado;total;nivel;arquivo_uo
2.01.1 - INSTITUTO DE PREVIDÊNCIA DOS SERVIDORES DO ESTADO DE MINAS GERAIS - IPSEMG;1.50.0 - SECRETARIA DE ESTADO DE PLANEJAMENTO E GESTÃO - SEPLAG;2. RECURSOS REPASSADOS PELO TESOURO ESTADUAL;;;;1;2011
2.01.1 - INSTITUTO DE PREVIDÊNCIA DOS SERVIDORES DO ESTADO DE MINAS GERAIS - IPSEMG;1.50.0 - SECRETARIA DE ESTADO DE PLANEJAMENTO E GESTÃO - SEPLAG;DESPESAS CORRENTES;197275723,00;0,00;197275723,00;2;2011
2.01.1 - INSTITUTO DE PREVIDÊNCIA DOS SERVIDORES DO ESTADO DE MINAS GERAIS - IPSEMG;1.50.0 - SECRETARIA DE ESTADO DE PLANEJAMENTO E GESTÃO - SEPLAG;DESPESAS DE CAPITAL;3958464,00;0,00;3958464,00;2;2011
2.01.1 - INSTITUTO DE PREVIDÊNCIA DOS SERVIDORES DO ESTADO DE MINAS GERAIS - IPSEMG;1.50.0 - SECRETARIA DE ESTADO DE PLANEJAMENTO E GESTÃO - SEPLAG;SUBTOTAL 2;201234187,00;0,00;201234187,00;1;2011
2.01.1 - INSTITUTO DE PREVIDÊNCIA DOS SERVIDORES DO ESTADO DE MINAS GERAIS - IPSEMG;1.50.0 - SECRETARIA DE ESTADO DE PLANEJAMENTO E GESTÃO - SEPLAG;3. RECURSOS RECEBIDOS DE ÓRGÃOS E ENTIDADES DO ORÇAMENTO FISCAL;;;;1;2011
2.01.1 - INSTITUTO DE PREVIDÊNCIA DOS SERVIDORES DO ESTADO DE MINAS GERAIS - IPSEMG;1.50.0 - SECRETARIA DE ESTADO DE PLANEJAMENTO E GESTÃO - SEPLAG;4291 - FUNDO ESTADUAL DE SAÚDE;;;7356625,00;2;2011
2.01.1 - INSTITUTO DE PREVIDÊNCIA DOS SERVIDORES DO ESTADO DE MINAS GERAIS - IPSEMG;1.50.0 - SECRETARIA DE ESTADO DE PLANEJAMENTO E GESTÃO - SEPLAG;SUBTOTAL 3;;;7356625,00;1;2011
2.01.1 - INSTITUTO DE PREVIDÊNCIA DOS SERVIDORES DO ESTADO DE MINAS GERAIS - IPSEMG;1.50.0 - SECRETARIA DE ESTADO DE PLANEJAMENTO E GESTÃO - SEPLAG;4. RECURSOS REPASSADOS A ÓRGÃOS E ENTIDADES DO ORÇAMENTO FISCAL;;;;1;2011
2.01.1 - INSTITUTO DE PREVIDÊNCIA DOS SERVIDORES DO ESTADO DE MINAS GERAIS - IPSEMG;1.50.0 - SECRETARIA DE ESTADO DE PLANEJAMENTO E GESTÃO - SEPLAG;1501 - SECRETARIA DE ESTADO DE PLANEJAMENTO E GESTÃO;;;6980303,00;2;2011
2.01.1 - INSTITUTO DE PREVIDÊNCIA DOS SERVIDORES DO ESTADO DE MINAS GERAIS - IPSEMG;1.50.0 - SECRETARIA DE ESTADO DE PLANEJAMENTO E GESTÃO - SEPLAG;1941 - EGE-SECRETARIA DE ESTADO DE PLANEJAMENTO E GESTÃO;;;100000,00;2;2011
2.01.1 - INSTITUTO DE PREVIDÊNCIA DOS SERVIDORES DO ESTADO DE MINAS GERAIS - IPSEMG;1.50.0 - SECRETARIA DE ESTADO DE PLANEJAMENTO E GESTÃO - SEPLAG;SUBTOTAL 4;;;7080303,00;1;2011
2.01.1 - INSTITUTO DE PREVIDÊNCIA DOS SERVIDORES DO ESTADO DE MINAS GERAIS - IPSEMG;1.50.0 - SECRETARIA DE ESTADO DE PLANEJAMENTO E GESTÃO - SEPLAG;5. RECEITA TOTAL (1 + 2 + 3);;;2509564323,00;1;2011
2.01.1 - INSTITUTO DE PREVIDÊNCIA DOS SERVIDORES DO ESTADO DE MINAS GERAIS - IPSEMG;1.50.0 - SECRETARIA DE ESTADO DE PLANEJAMENTO E GESTÃO - SEPLAG;6. RECEITA DISPONÍVEL (5 - 4);;;2502484020,00;1;2011
2.04.1 - LOTERIA DO ESTADO DE MINAS GERAIS - LEMG;1.22.0 - SECRETARIA DE ESTADO DE DESENVOLVIMENTO ECONÔMICO - SEDE;2. RECURSOS REPASSADOS PELO TESOURO ESTADUAL;;;;1;2041
2.04.1 - LOTERIA DO ESTADO DE MINAS GERAIS - LEMG;1.22.0 - SECRETARIA DE ESTADO DE DESENVOLVIMENTO ECONÔMICO - SEDE;SUBTOTAL 2;;;;1;2041
2.04.1 - LOTERIA DO ESTADO DE MINAS GERAIS - LEMG;1.22.0 - SECRETARIA DE ESTADO DE DESENVOLVIMENTO ECONÔMICO - SEDE;3. RECURSOS RECEBIDOS DE ÓRGÃOS E ENTIDADES DO ORÇAMENTO FISCAL;;;;1;2041
2.04.1 - LOTERIA DO ESTADO DE MINAS GERAIS - LEMG;1.22.0 - SECRETARIA DE ESTADO DE DESENVOLVIMENTO ECONÔMICO - SEDE;SUBTOTAL 3;;;;1;2041
2.04.1 - LOTERIA DO ESTADO DE MINAS GERAIS - LEMG;1.22.0 - SECRETARIA DE ESTADO DE DESENVOLVIMENTO ECONÔMICO - SEDE;4. RECURSOS REPASSADOS A ÓRGÃOS E ENTIDADES DO ORÇAMENTO FISCAL;;;;1;2041
2.04.1 - LOTERIA DO ESTADO DE MINAS GERAIS - LEMG;1.22.0 - SECRETARIA DE ESTADO DE DESENVOLVIMENTO ECONÔMICO - SEDE;1501 - SECRETARIA DE ESTADO DE PLANEJAMENTO E GESTÃO;;;307920,00;2;2041
2.04.1 - LOTERIA DO ESTADO DE MINAS GERAIS - LEMG;1.22.0 - SECRETARIA DE ESTADO DE DESENVOLVIMENTO ECONÔMICO - SEDE;4711 - FUNDO FINANCEIRO DE PREVIDÊNCIA DO ESTADO DE MINAS GERAIS;;;1776827,00;2;2041
2.04.1 - LOTERIA DO ESTADO DE MINAS GERAIS - LEMG;1.22.0 - SECRETARIA DE ESTADO DE DESENVOLVIMENTO ECONÔMICO - SEDE;SUBTOTAL 4;;;2084747,00;1;2041
2.04.1 - LOTERIA DO ESTADO DE MINAS GERAIS - LEMG;1.22.0 - SECRETARIA DE ESTADO DE DESENVOLVIMENTO ECONÔMICO - SEDE;5. RECEITA TOTAL (1 + 2 + 3);;;17470000,00;1;2041
2.04.1 - LOTERIA DO ESTADO DE MINAS GERAIS - LEMG;1.22.0 - SECRETARIA DE ESTADO DE DESENVOLVIMENTO ECONÔMICO - SEDE;6. RECEITA DISPONÍVEL (5 - 4);;;15385253,00;1;2041
2.06.1 - FUNDAÇÃO JOÃO PINHEIRO - FJP;1.50.0 - SECRETARIA DE ESTADO DE PLANEJAMENTO E GESTÃO - SEPLAG;2. RECURSOS REPASSADOS PELO TESOURO ESTADUAL;;;;1;2061
2.06.1 - FUNDAÇÃO JOÃO PINHEIRO - FJP;1.50.0 - SECRETARIA DE ESTADO DE PLANEJAMENTO E GESTÃO - SEPLAG;DESPESAS CORRENTES;71822429,00;0,00;71822429,00;2;2061
2.06.1 - FUNDAÇÃO JOÃO PINHEIRO - FJP;1.50.0 - SECRETARIA DE ESTADO DE PLANEJAMENTO E GESTÃO - SEPLAG;SUBTOTAL 2;71822429,00;0,00;71822429,00;1;2061
2.06.1 - FUNDAÇÃO JOÃO PINHEIRO - FJP;1.50.0 - SECRETARIA DE ESTADO DE PLANEJAMENTO E GESTÃO - SEPLAG;3. RECURSOS RECEBIDOS DE ÓRGÃOS E ENTIDADES DO ORÇAMENTO FISCAL;;;;1;2061
2.06.1 - FUNDAÇÃO JOÃO PINHEIRO - FJP;1.50.0 - SECRETARIA DE ESTADO DE PLANEJAMENTO E GESTÃO - SEPLAG;SUBTOTAL 3;;;;1;2061
2.06.1 - FUNDAÇÃO JOÃO PINHEIRO - FJP;1.50.0 - SECRETARIA DE ESTADO DE PLANEJAMENTO E GESTÃO - SEPLAG;4. RECURSOS REPASSADOS A ÓRGÃOS E ENTIDADES DO ORÇAMENTO FISCAL;;;;1;2061
2.06.1 - FUNDAÇÃO JOÃO PINHEIRO - FJP;1.50.0 - SECRETARIA DE ESTADO DE PLANEJAMENTO E GESTÃO - SEPLAG;SUBTOTAL 4;;;;1;2061
2.06.1 - FUNDAÇÃO JOÃO PINHEIRO - FJP;1.50.0 - SECRETARIA DE ESTADO DE PLANEJAMENTO E GESTÃO - SEPLAG;5. RECEITA TOTAL (1 + 2 + 3);;;76962429,00;1;2061
2.06.1 - FUNDAÇÃO JOÃO PINHEIRO - FJP;1.50.0 - SECRETARIA DE ESTADO DE PLANEJAMENTO E GESTÃO - SEPLAG;6. RECEITA DISPONÍVEL (5 - 4);;;76962429,00;1;2061
2.07.1 - FUNDAÇÃO DE AMPARO À PESQUISA DO ESTADO DE MINAS GERAIS - FAPEMIG;1.22.0 - SECRETARIA DE ESTADO DE DESENVOLVIMENTO ECONÔMICO - SEDE;2. RECURSOS REPASSADOS PELO TESOURO ESTADUAL;;;;1;2071
2.07.1 - FUNDAÇÃO DE AMPARO À PESQUISA DO ESTADO DE MINAS GERAIS - FAPEMIG;1.22.0 - SECRETARIA DE ESTADO DE DESENVOLVIMENTO ECONÔMICO - SEDE;DESPESAS CORRENTES;466482782,00;0,00;466482782,00;2;2071
2.07.1 - FUNDAÇÃO DE AMPARO À PESQUISA DO ESTADO DE MINAS GERAIS - FAPEMIG;1.22.0 - SECRETARIA DE ESTADO DE DESENVOLVIMENTO ECONÔMICO - SEDE;DESPESAS DE CAPITAL;144105697,00;0,00;144105697,00;2;2071
2.07.1 - FUNDAÇÃO DE AMPARO À PESQUISA DO ESTADO DE MINAS GERAIS - FAPEMIG;1.22.0 - SECRETARIA DE ESTADO DE DESENVOLVIMENTO ECONÔMICO - SEDE;SUBTOTAL 2;610588479,00;0,00;610588479,00;1;2071
2.07.1 - FUNDAÇÃO DE AMPARO À PESQUISA DO ESTADO DE MINAS GERAIS - FAPEMIG;1.22.0 - SECRETARIA DE ESTADO DE DESENVOLVIMENTO ECONÔMICO - SEDE;3. RECURSOS RECEBIDOS DE ÓRGÃOS E ENTIDADES DO ORÇAMENTO FISCAL;;;;1;2071
2.07.1 - FUNDAÇÃO DE AMPARO À PESQUISA DO ESTADO DE MINAS GERAIS - FAPEMIG;1.22.0 - SECRETARIA DE ESTADO DE DESENVOLVIMENTO ECONÔMICO - SEDE;SUBTOTAL 3;;;;1;2071
2.07.1 - FUNDAÇÃO DE AMPARO À PESQUISA DO ESTADO DE MINAS GERAIS - FAPEMIG;1.22.0 - SECRETARIA DE ESTADO DE DESENVOLVIMENTO ECONÔMICO - SEDE;4. RECURSOS REPASSADOS A ÓRGÃOS E ENTIDADES DO ORÇAMENTO FISCAL;;;;1;2071
2.07.1 - FUNDAÇÃO DE AMPARO À PESQUISA DO ESTADO DE MINAS GERAIS - FAPEMIG;1.22.0 - SECRETARIA DE ESTADO DE DESENVOLVIMENTO ECONÔMICO - SEDE;4711 - FUNDO FINANCEIRO DE PREVIDÊNCIA DO ESTADO DE MINAS GERAIS;;;16838,00;2;2071
2.07.1 - FUNDAÇÃO DE AMPARO À PESQUISA DO ESTADO DE MINAS GERAIS - FAPEMIG;1.22.0 - SECRETARIA DE ESTADO DE DESENVOLVIMENTO ECONÔMICO - SEDE;SUBTOTAL 4;;;16838,00;1;2071
2.07.1 - FUNDAÇÃO DE AMPARO À PESQUISA DO ESTADO DE MINAS GERAIS - FAPEMIG;1.22.0 - SECRETARIA DE ESTADO DE DESENVOLVIMENTO ECONÔMICO - SEDE;5. RECEITA TOTAL (1 + 2 + 3);;;644105203,00;1;2071
2.07.1 - FUNDAÇÃO DE AMPARO À PESQUISA DO ESTADO DE MINAS GERAIS - FAPEMIG;1.22.0 - SECRETARIA DE ESTADO DE DESENVOLVIMENTO ECONÔMICO - SEDE;6. RECEITA DISPONÍVEL (5 - 4);;;644088365,00;1;2071
2.09.1 - FUNDAÇÃO ESTADUAL DO MEIO AMBIENTE - FEAM;1.37.0 - SECRETARIA DE ESTADO DE MEIO AMBIENTE E DESENVOLVIMENTO SUSTENTÁVEL - SEMAD;2. RECURSOS REPASSADOS PELO TESOURO ESTADUAL;;;;1;2091
2.09.1 - FUNDAÇÃO ESTADUAL DO MEIO AMBIENTE - FEAM;1.37.0 - SECRETARIA DE ESTADO DE MEIO AMBIENTE E DESENVOLVIMENTO SUSTENTÁVEL - SEMAD;DESPESAS CORRENTES;0,00;57179797,00;57179797,00;2;2091
2.09.1 - FUNDAÇÃO ESTADUAL DO MEIO AMBIENTE - FEAM;1.37.0 - SECRETARIA DE ESTADO DE MEIO AMBIENTE E DESENVOLVIMENTO SUSTENTÁVEL - SEMAD;DESPESAS DE CAPITAL;0,00;4500,00;4500,00;2;2091
2.09.1 - FUNDAÇÃO ESTADUAL DO MEIO AMBIENTE - FEAM;1.37.0 - SECRETARIA DE ESTADO DE MEIO AMBIENTE E DESENVOLVIMENTO SUSTENTÁVEL - SEMAD;SUBTOTAL 2;0,00;57184297,00;57184297,00;1;2091
2.09.1 - FUNDAÇÃO ESTADUAL DO MEIO AMBIENTE - FEAM;1.37.0 - SECRETARIA DE ESTADO DE MEIO AMBIENTE E DESENVOLVIMENTO SUSTENTÁVEL - SEMAD;3. RECURSOS RECEBIDOS DE ÓRGÃOS E ENTIDADES DO ORÇAMENTO FISCAL;;;;1;2091
2.09.1 - FUNDAÇÃO ESTADUAL DO MEIO AMBIENTE - FEAM;1.37.0 - SECRETARIA DE ESTADO DE MEIO AMBIENTE E DESENVOLVIMENTO SUSTENTÁVEL - SEMAD;SUBTOTAL 3;;;;1;2091
2.09.1 - FUNDAÇÃO ESTADUAL DO MEIO AMBIENTE - FEAM;1.37.0 - SECRETARIA DE ESTADO DE MEIO AMBIENTE E DESENVOLVIMENTO SUSTENTÁVEL - SEMAD;4. RECURSOS REPASSADOS A ÓRGÃOS E ENTIDADES DO ORÇAMENTO FISCAL;;;;1;2091
2.09.1 - FUNDAÇÃO ESTADUAL DO MEIO AMBIENTE - FEAM;1.37.0 - SECRETARIA DE ESTADO DE MEIO AMBIENTE E DESENVOLVIMENTO SUSTENTÁVEL - SEMAD;1371 - SECRETARIA DE ESTADO DE MEIO AMBIENTE E DESENVOLVIMENTO SUSTENTÁVEL;;;13000000,00;2;2091
2.09.1 - FUNDAÇÃO ESTADUAL DO MEIO AMBIENTE - FEAM;1.37.0 - SECRETARIA DE ESTADO DE MEIO AMBIENTE E DESENVOLVIMENTO SUSTENTÁVEL - SEMAD;1501 - SECRETARIA DE ESTADO DE PLANEJAMENTO E GESTÃO;;;1633636,00;2;2091
2.09.1 - FUNDAÇÃO ESTADUAL DO MEIO AMBIENTE - FEAM;1.37.0 - SECRETARIA DE ESTADO DE MEIO AMBIENTE E DESENVOLVIMENTO SUSTENTÁVEL - SEMAD;4711 - FUNDO FINANCEIRO DE PREVIDÊNCIA DO ESTADO DE MINAS GERAIS;;;4859876,00;2;2091
2.09.1 - FUNDAÇÃO ESTADUAL DO MEIO AMBIENTE - FEAM;1.37.0 - SECRETARIA DE ESTADO DE MEIO AMBIENTE E DESENVOLVIMENTO SUSTENTÁVEL - SEMAD;SUBTOTAL 4;;;19493512,00;1;2091
2.09.1 - FUNDAÇÃO ESTADUAL DO MEIO AMBIENTE - FEAM;1.37.0 - SECRETARIA DE ESTADO DE MEIO AMBIENTE E DESENVOLVIMENTO SUSTENTÁVEL - SEMAD;5. RECEITA TOTAL (1 + 2 + 3);;;161468878,00;1;2091
2.09.1 - FUNDAÇÃO ESTADUAL DO MEIO AMBIENTE - FEAM;1.37.0 - SECRETARIA DE ESTADO DE MEIO AMBIENTE E DESENVOLVIMENTO SUSTENTÁVEL - SEMAD;6. RECEITA DISPONÍVEL (5 - 4);;;141975366,00;1;2091
2.10.1 - INSTITUTO ESTADUAL DE FLORESTAS - IEF;1.37.0 - SECRETARIA DE ESTADO DE MEIO AMBIENTE E DESENVOLVIMENTO SUSTENTÁVEL - SEMAD;2. RECURSOS REPASSADOS PELO TESOURO ESTADUAL;;;;1;2101
2.10.1 - INSTITUTO ESTADUAL DE FLORESTAS - IEF;1.37.0 - SECRETARIA DE ESTADO DE MEIO AMBIENTE E DESENVOLVIMENTO SUSTENTÁVEL - SEMAD;DESPESAS CORRENTES;1800000,00;197625975,00;199425975,00;2;2101
2.10.1 - INSTITUTO ESTADUAL DE FLORESTAS - IEF;1.37.0 - SECRETARIA DE ESTADO DE MEIO AMBIENTE E DESENVOLVIMENTO SUSTENTÁVEL - SEMAD;DESPESAS DE CAPITAL;0,00;19147,00;19147,00;2;2101
2.10.1 - INSTITUTO ESTADUAL DE FLORESTAS - IEF;1.37.0 - SECRETARIA DE ESTADO DE MEIO AMBIENTE E DESENVOLVIMENTO SUSTENTÁVEL - SEMAD;SUBTOTAL 2;1800000,00;197645122,00;199445122,00;1;2101
2.10.1 - INSTITUTO ESTADUAL DE FLORESTAS - IEF;1.37.0 - SECRETARIA DE ESTADO DE MEIO AMBIENTE E DESENVOLVIMENTO SUSTENTÁVEL - SEMAD;3. RECURSOS RECEBIDOS DE ÓRGÃOS E ENTIDADES DO ORÇAMENTO FISCAL;;;;1;2101
2.10.1 - INSTITUTO ESTADUAL DE FLORESTAS - IEF;1.37.0 - SECRETARIA DE ESTADO DE MEIO AMBIENTE E DESENVOLVIMENTO SUSTENTÁVEL - SEMAD;SUBTOTAL 3;;;;1;2101
2.10.1 - INSTITUTO ESTADUAL DE FLORESTAS - IEF;1.37.0 - SECRETARIA DE ESTADO DE MEIO AMBIENTE E DESENVOLVIMENTO SUSTENTÁVEL - SEMAD;4. RECURSOS REPASSADOS A ÓRGÃOS E ENTIDADES DO ORÇAMENTO FISCAL;;;;1;2101
2.10.1 - INSTITUTO ESTADUAL DE FLORESTAS - IEF;1.37.0 - SECRETARIA DE ESTADO DE MEIO AMBIENTE E DESENVOLVIMENTO SUSTENTÁVEL - SEMAD;1401 - CORPO DE BOMBEIROS MILITAR DO ESTADO DE MINAS GERAIS;;;6682057,00;2;2101
2.10.1 - INSTITUTO ESTADUAL DE FLORESTAS - IEF;1.37.0 - SECRETARIA DE ESTADO DE MEIO AMBIENTE E DESENVOLVIMENTO SUSTENTÁVEL - SEMAD;1501 - SECRETARIA DE ESTADO DE PLANEJAMENTO E GESTÃO;;;2015107,00;2;2101
2.10.1 - INSTITUTO ESTADUAL DE FLORESTAS - IEF;1.37.0 - SECRETARIA DE ESTADO DE MEIO AMBIENTE E DESENVOLVIMENTO SUSTENTÁVEL - SEMAD;4031 - FUNDO ESPECIAL DO PODER JUDICIÁRIO DO ESTADO DE MINAS GERAIS;;;120000,00;2;2101
2.10.1 - INSTITUTO ESTADUAL DE FLORESTAS - IEF;1.37.0 - SECRETARIA DE ESTADO DE MEIO AMBIENTE E DESENVOLVIMENTO SUSTENTÁVEL - SEMAD;SUBTOTAL 4;;;8817164,00;1;2101
2.10.1 - INSTITUTO ESTADUAL DE FLORESTAS - IEF;1.37.0 - SECRETARIA DE ESTADO DE MEIO AMBIENTE E DESENVOLVIMENTO SUSTENTÁVEL - SEMAD;5. RECEITA TOTAL (1 + 2 + 3);;;403425828,00;1;2101
2.10.1 - INSTITUTO ESTADUAL DE FLORESTAS - IEF;1.37.0 - SECRETARIA DE ESTADO DE MEIO AMBIENTE E DESENVOLVIMENTO SUSTENTÁVEL - SEMAD;6. RECEITA DISPONÍVEL (5 - 4);;;394608664,00;1;2101
2.12.1 - INSTITUTO DE PREVIDÊNCIA DOS SERVIDORES MILITARES DO ESTADO DE MINAS GERAIS - IPSM;1.25.0 - POLÍCIA MILITAR DO ESTADO DE MINAS GERAIS - PMMG;2. RECURSOS REPASSADOS PELO TESOURO ESTADUAL;;;;1;2121
2.12.1 - INSTITUTO DE PREVIDÊNCIA DOS SERVIDORES MILITARES DO ESTADO DE MINAS GERAIS - IPSM;1.25.0 - POLÍCIA MILITAR DO ESTADO DE MINAS GERAIS - PMMG;SUBTOTAL 2;;;;1;2121
2.12.1 - INSTITUTO DE PREVIDÊNCIA DOS SERVIDORES MILITARES DO ESTADO DE MINAS GERAIS - IPSM;1.25.0 - POLÍCIA MILITAR DO ESTADO DE MINAS GERAIS - PMMG;3. RECURSOS RECEBIDOS DE ÓRGÃOS E ENTIDADES DO ORÇAMENTO FISCAL;;;;1;2121
2.12.1 - INSTITUTO DE PREVIDÊNCIA DOS SERVIDORES MILITARES DO ESTADO DE MINAS GERAIS - IPSM;1.25.0 - POLÍCIA MILITAR DO ESTADO DE MINAS GERAIS - PMMG;4291 - FUNDO ESTADUAL DE SAÚDE;;;70000,00;2;2121
2.12.1 - INSTITUTO DE PREVIDÊNCIA DOS SERVIDORES MILITARES DO ESTADO DE MINAS GERAIS - IPSM;1.25.0 - POLÍCIA MILITAR DO ESTADO DE MINAS GERAIS - PMMG;SUBTOTAL 3;;;70000,00;1;2121
2.12.1 - INSTITUTO DE PREVIDÊNCIA DOS SERVIDORES MILITARES DO ESTADO DE MINAS GERAIS - IPSM;1.25.0 - POLÍCIA MILITAR DO ESTADO DE MINAS GERAIS - PMMG;4. RECURSOS REPASSADOS A ÓRGÃOS E ENTIDADES DO ORÇAMENTO FISCAL;;;;1;2121
2.12.1 - INSTITUTO DE PREVIDÊNCIA DOS SERVIDORES MILITARES DO ESTADO DE MINAS GERAIS - IPSM;1.25.0 - POLÍCIA MILITAR DO ESTADO DE MINAS GERAIS - PMMG;1251 - POLÍCIA MILITAR DO ESTADO DE MINAS GERAIS;;;144227100,00;2;2121
2.12.1 - INSTITUTO DE PREVIDÊNCIA DOS SERVIDORES MILITARES DO ESTADO DE MINAS GERAIS - IPSM;1.25.0 - POLÍCIA MILITAR DO ESTADO DE MINAS GERAIS - PMMG;1401 - CORPO DE BOMBEIROS MILITAR DO ESTADO DE MINAS GERAIS;;;870901,00;2;2121
2.12.1 - INSTITUTO DE PREVIDÊNCIA DOS SERVIDORES MILITARES DO ESTADO DE MINAS GERAIS - IPSM;1.25.0 - POLÍCIA MILITAR DO ESTADO DE MINAS GERAIS - PMMG;1501 - SECRETARIA DE ESTADO DE PLANEJAMENTO E GESTÃO;;;12444,00;2;2121
2.12.1 - INSTITUTO DE PREVIDÊNCIA DOS SERVIDORES MILITARES DO ESTADO DE MINAS GERAIS - IPSM;1.25.0 - POLÍCIA MILITAR DO ESTADO DE MINAS GERAIS - PMMG;4711 - FUNDO FINANCEIRO DE PREVIDÊNCIA DO ESTADO DE MINAS GERAIS;;;884722,00;2;2121
2.12.1 - INSTITUTO DE PREVIDÊNCIA DOS SERVIDORES MILITARES DO ESTADO DE MINAS GERAIS - IPSM;1.25.0 - POLÍCIA MILITAR DO ESTADO DE MINAS GERAIS - PMMG;SUBTOTAL 4;;;145995167,00;1;2121
2.12.1 - INSTITUTO DE PREVIDÊNCIA DOS SERVIDORES MILITARES DO ESTADO DE MINAS GERAIS - IPSM;1.25.0 - POLÍCIA MILITAR DO ESTADO DE MINAS GERAIS - PMMG;5. RECEITA TOTAL (1 + 2 + 3);;;3503406378,00;1;2121
2.12.1 - INSTITUTO DE PREVIDÊNCIA DOS SERVIDORES MILITARES DO ESTADO DE MINAS GERAIS - IPSM;1.25.0 - POLÍCIA MILITAR DO ESTADO DE MINAS GERAIS - PMMG;6. RECEITA DISPONÍVEL (5 - 4);;;3357411211,00;1;2121
2.15.1 - FUNDAÇÃO HELENA ANTIPOFF - FHA;1.26.0 - SECRETARIA DE ESTADO DE EDUCAÇÃO - SEE;2. RECURSOS REPASSADOS PELO TESOURO ESTADUAL;;;;1;2151
2.15.1 - FUNDAÇÃO HELENA ANTIPOFF - FHA;1.26.0 - SECRETARIA DE ESTADO DE EDUCAÇÃO - SEE;DESPESAS CORRENTES;70431793,00;0,00;70431793,00;2;2151
2.15.1 - FUNDAÇÃO HELENA ANTIPOFF - FHA;1.26.0 - SECRETARIA DE ESTADO DE EDUCAÇÃO - SEE;DESPESAS DE CAPITAL;3683000,00;0,00;3683000,00;2;2151
2.15.1 - FUNDAÇÃO HELENA ANTIPOFF - FHA;1.26.0 - SECRETARIA DE ESTADO DE EDUCAÇÃO - SEE;SUBTOTAL 2;74114793,00;0,00;74114793,00;1;2151
2.15.1 - FUNDAÇÃO HELENA ANTIPOFF - FHA;1.26.0 - SECRETARIA DE ESTADO DE EDUCAÇÃO - SEE;3. RECURSOS RECEBIDOS DE ÓRGÃOS E ENTIDADES DO ORÇAMENTO FISCAL;;;;1;2151
2.15.1 - FUNDAÇÃO HELENA ANTIPOFF - FHA;1.26.0 - SECRETARIA DE ESTADO DE EDUCAÇÃO - SEE;SUBTOTAL 3;;;;1;2151
2.15.1 - FUNDAÇÃO HELENA ANTIPOFF - FHA;1.26.0 - SECRETARIA DE ESTADO DE EDUCAÇÃO - SEE;4. RECURSOS REPASSADOS A ÓRGÃOS E ENTIDADES DO ORÇAMENTO FISCAL;;;;1;2151
2.15.1 - FUNDAÇÃO HELENA ANTIPOFF - FHA;1.26.0 - SECRETARIA DE ESTADO DE EDUCAÇÃO - SEE;SUBTOTAL 4;;;;1;2151
2.15.1 - FUNDAÇÃO HELENA ANTIPOFF - FHA;1.26.0 - SECRETARIA DE ESTADO DE EDUCAÇÃO - SEE;5. RECEITA TOTAL (1 + 2 + 3);;;74408827,00;1;2151
2.15.1 - FUNDAÇÃO HELENA ANTIPOFF - FHA;1.26.0 - SECRETARIA DE ESTADO DE EDUCAÇÃO - SEE;6. RECEITA DISPONÍVEL (5 - 4);;;74408827,00;1;2151
2.16.1 - FUNDAÇÃO EDUCACIONAL CAIO MARTINS - FUCAM;1.26.0 - SECRETARIA DE ESTADO DE EDUCAÇÃO - SEE;2. RECURSOS REPASSADOS PELO TESOURO ESTADUAL;;;;1;2161
2.16.1 - FUNDAÇÃO EDUCACIONAL CAIO MARTINS - FUCAM;1.26.0 - SECRETARIA DE ESTADO DE EDUCAÇÃO - SEE;DESPESAS CORRENTES;14229615,00;0,00;14229615,00;2;2161
2.16.1 - FUNDAÇÃO EDUCACIONAL CAIO MARTINS - FUCAM;1.26.0 - SECRETARIA DE ESTADO DE EDUCAÇÃO - SEE;DESPESAS DE CAPITAL;15184,00;0,00;15184,00;2;2161
2.16.1 - FUNDAÇÃO EDUCACIONAL CAIO MARTINS - FUCAM;1.26.0 - SECRETARIA DE ESTADO DE EDUCAÇÃO - SEE;SUBTOTAL 2;14244799,00;0,00;14244799,00;1;2161
2.16.1 - FUNDAÇÃO EDUCACIONAL CAIO MARTINS - FUCAM;1.26.0 - SECRETARIA DE ESTADO DE EDUCAÇÃO - SEE;3. RECURSOS RECEBIDOS DE ÓRGÃOS E ENTIDADES DO ORÇAMENTO FISCAL;;;;1;2161
2.16.1 - FUNDAÇÃO EDUCACIONAL CAIO MARTINS - FUCAM;1.26.0 - SECRETARIA DE ESTADO DE EDUCAÇÃO - SEE;SUBTOTAL 3;;;;1;2161
2.16.1 - FUNDAÇÃO EDUCACIONAL CAIO MARTINS - FUCAM;1.26.0 - SECRETARIA DE ESTADO DE EDUCAÇÃO - SEE;4. RECURSOS REPASSADOS A ÓRGÃOS E ENTIDADES DO ORÇAMENTO FISCAL;;;;1;2161
2.16.1 - FUNDAÇÃO EDUCACIONAL CAIO MARTINS - FUCAM;1.26.0 - SECRETARIA DE ESTADO DE EDUCAÇÃO - SEE;SUBTOTAL 4;;;;1;2161
2.16.1 - FUNDAÇÃO EDUCACIONAL CAIO MARTINS - FUCAM;1.26.0 - SECRETARIA DE ESTADO DE EDUCAÇÃO - SEE;5. RECEITA TOTAL (1 + 2 + 3);;;14244799,00;1;2161
2.16.1 - FUNDAÇÃO EDUCACIONAL CAIO MARTINS - FUCAM;1.26.0 - SECRETARIA DE ESTADO DE EDUCAÇÃO - SEE;6. RECEITA DISPONÍVEL (5 - 4);;;14244799,00;1;2161
2.17.1 - FUNDAÇÃO DE ARTE DE OURO PRETO - FAOP;1.27.0 - SECRETARIA DE ESTADO DE CULTURA E TURISMO - SECULT;2. RECURSOS REPASSADOS PELO TESOURO ESTADUAL;;;;1;2171
2.17.1 - FUNDAÇÃO DE ARTE DE OURO PRETO - FAOP;1.27.0 - SECRETARIA DE ESTADO DE CULTURA E TURISMO - SECULT;DESPESAS CORRENTES;4321785,00;0,00;4321785,00;2;2171
2.17.1 - FUNDAÇÃO DE ARTE DE OURO PRETO - FAOP;1.27.0 - SECRETARIA DE ESTADO DE CULTURA E TURISMO - SECULT;DESPESAS DE CAPITAL;51800,00;0,00;51800,00;2;2171
2.17.1 - FUNDAÇÃO DE ARTE DE OURO PRETO - FAOP;1.27.0 - SECRETARIA DE ESTADO DE CULTURA E TURISMO - SECULT;SUBTOTAL 2;4373585,00;0,00;4373585,00;1;2171
2.17.1 - FUNDAÇÃO DE ARTE DE OURO PRETO - FAOP;1.27.0 - SECRETARIA DE ESTADO DE CULTURA E TURISMO - SECULT;3. RECURSOS RECEBIDOS DE ÓRGÃOS E ENTIDADES DO ORÇAMENTO FISCAL;;;;1;2171
2.17.1 - FUNDAÇÃO DE ARTE DE OURO PRETO - FAOP;1.27.0 - SECRETARIA DE ESTADO DE CULTURA E TURISMO - SECULT;SUBTOTAL 3;;;;1;2171
2.17.1 - FUNDAÇÃO DE ARTE DE OURO PRETO - FAOP;1.27.0 - SECRETARIA DE ESTADO DE CULTURA E TURISMO - SECULT;4. RECURSOS REPASSADOS A ÓRGÃOS E ENTIDADES DO ORÇAMENTO FISCAL;;;;1;2171
2.17.1 - FUNDAÇÃO DE ARTE DE OURO PRETO - FAOP;1.27.0 - SECRETARIA DE ESTADO DE CULTURA E TURISMO - SECULT;SUBTOTAL 4;;;;1;2171
2.17.1 - FUNDAÇÃO DE ARTE DE OURO PRETO - FAOP;1.27.0 - SECRETARIA DE ESTADO DE CULTURA E TURISMO - SECULT;5. RECEITA TOTAL (1 + 2 + 3);;;8570220,00;1;2171
2.17.1 - FUNDAÇÃO DE ARTE DE OURO PRETO - FAOP;1.27.0 - SECRETARIA DE ESTADO DE CULTURA E TURISMO - SECULT;6. RECEITA DISPONÍVEL (5 - 4);;;8570220,00;1;2171
2.18.1 - FUNDAÇÃO CLÓVIS SALGADO - FCS;1.27.0 - SECRETARIA DE ESTADO DE CULTURA E TURISMO - SECULT;2. RECURSOS REPASSADOS PELO TESOURO ESTADUAL;;;;1;2181
2.18.1 - FUNDAÇÃO CLÓVIS SALGADO - FCS;1.27.0 - SECRETARIA DE ESTADO DE CULTURA E TURISMO - SECULT;DESPESAS CORRENTES;63505934,00;0,00;63505934,00;2;2181
2.18.1 - FUNDAÇÃO CLÓVIS SALGADO - FCS;1.27.0 - SECRETARIA DE ESTADO DE CULTURA E TURISMO - SECULT;SUBTOTAL 2;63505934,00;0,00;63505934,00;1;2181
2.18.1 - FUNDAÇÃO CLÓVIS SALGADO - FCS;1.27.0 - SECRETARIA DE ESTADO DE CULTURA E TURISMO - SECULT;3. RECURSOS RECEBIDOS DE ÓRGÃOS E ENTIDADES DO ORÇAMENTO FISCAL;;;;1;2181
2.18.1 - FUNDAÇÃO CLÓVIS SALGADO - FCS;1.27.0 - SECRETARIA DE ESTADO DE CULTURA E TURISMO - SECULT;SUBTOTAL 3;;;;1;2181
2.18.1 - FUNDAÇÃO CLÓVIS SALGADO - FCS;1.27.0 - SECRETARIA DE ESTADO DE CULTURA E TURISMO - SECULT;4. RECURSOS REPASSADOS A ÓRGÃOS E ENTIDADES DO ORÇAMENTO FISCAL;;;;1;2181
2.18.1 - FUNDAÇÃO CLÓVIS SALGADO - FCS;1.27.0 - SECRETARIA DE ESTADO DE CULTURA E TURISMO - SECULT;SUBTOTAL 4;;;;1;2181
2.18.1 - FUNDAÇÃO CLÓVIS SALGADO - FCS;1.27.0 - SECRETARIA DE ESTADO DE CULTURA E TURISMO - SECULT;5. RECEITA TOTAL (1 + 2 + 3);;;65989486,00;1;2181
2.18.1 - FUNDAÇÃO CLÓVIS SALGADO - FCS;1.27.0 - SECRETARIA DE ESTADO DE CULTURA E TURISMO - SECULT;6. RECEITA DISPONÍVEL (5 - 4);;;65989486,00;1;2181
2.20.1 - INSTITUTO ESTADUAL DO PATRIMÔNIO HISTÓRICO E ARTÍSTICO DE MINAS GERAIS - IEPHA;1.27.0 - SECRETARIA DE ESTADO DE CULTURA E TURISMO - SECULT;2. RECURSOS REPASSADOS PELO TESOURO ESTADUAL;;;;1;2201
2.20.1 - INSTITUTO ESTADUAL DO PATRIMÔNIO HISTÓRICO E ARTÍSTICO DE MINAS GERAIS - IEPHA;1.27.0 - SECRETARIA DE ESTADO DE CULTURA E TURISMO - SECULT;DESPESAS CORRENTES;23318558,00;0,00;23318558,00;2;2201
2.20.1 - INSTITUTO ESTADUAL DO PATRIMÔNIO HISTÓRICO E ARTÍSTICO DE MINAS GERAIS - IEPHA;1.27.0 - SECRETARIA DE ESTADO DE CULTURA E TURISMO - SECULT;DESPESAS DE CAPITAL;5376,00;0,00;5376,00;2;2201
2.20.1 - INSTITUTO ESTADUAL DO PATRIMÔNIO HISTÓRICO E ARTÍSTICO DE MINAS GERAIS - IEPHA;1.27.0 - SECRETARIA DE ESTADO DE CULTURA E TURISMO - SECULT;SUBTOTAL 2;23323934,00;0,00;23323934,00;1;2201
2.20.1 - INSTITUTO ESTADUAL DO PATRIMÔNIO HISTÓRICO E ARTÍSTICO DE MINAS GERAIS - IEPHA;1.27.0 - SECRETARIA DE ESTADO DE CULTURA E TURISMO - SECULT;3. RECURSOS RECEBIDOS DE ÓRGÃOS E ENTIDADES DO ORÇAMENTO FISCAL;;;;1;2201
2.20.1 - INSTITUTO ESTADUAL DO PATRIMÔNIO HISTÓRICO E ARTÍSTICO DE MINAS GERAIS - IEPHA;1.27.0 - SECRETARIA DE ESTADO DE CULTURA E TURISMO - SECULT;SUBTOTAL 3;;;;1;2201
2.20.1 - INSTITUTO ESTADUAL DO PATRIMÔNIO HISTÓRICO E ARTÍSTICO DE MINAS GERAIS - IEPHA;1.27.0 - SECRETARIA DE ESTADO DE CULTURA E TURISMO - SECULT;4. RECURSOS REPASSADOS A ÓRGÃOS E ENTIDADES DO ORÇAMENTO FISCAL;;;;1;2201
2.20.1 - INSTITUTO ESTADUAL DO PATRIMÔNIO HISTÓRICO E ARTÍSTICO DE MINAS GERAIS - IEPHA;1.27.0 - SECRETARIA DE ESTADO DE CULTURA E TURISMO - SECULT;SUBTOTAL 4;;;;1;2201
2.20.1 - INSTITUTO ESTADUAL DO PATRIMÔNIO HISTÓRICO E ARTÍSTICO DE MINAS GERAIS - IEPHA;1.27.0 - SECRETARIA DE ESTADO DE CULTURA E TURISMO - SECULT;5. RECEITA TOTAL (1 + 2 + 3);;;27233168,00;1;2201
2.20.1 - INSTITUTO ESTADUAL DO PATRIMÔNIO HISTÓRICO E ARTÍSTICO DE MINAS GERAIS - IEPHA;1.27.0 - SECRETARIA DE ESTADO DE CULTURA E TURISMO - SECULT;6. RECEITA DISPONÍVEL (5 - 4);;;27233168,00;1;2201
2.21.1 - FUNDAÇÃO TV MINAS CULTURAL E EDUCATIVA - TV MINAS;1.71.0 - SECRETARIA DE ESTADO DE COMUNICAÇÃO SOCIAL - SECOM;2. RECURSOS REPASSADOS PELO TESOURO ESTADUAL;;;;1;2211
2.21.1 - FUNDAÇÃO TV MINAS CULTURAL E EDUCATIVA - TV MINAS;1.71.0 - SECRETARIA DE ESTADO DE COMUNICAÇÃO SOCIAL - SECOM;DESPESAS CORRENTES;12329287,00;0,00;12329287,00;2;2211
2.21.1 - FUNDAÇÃO TV MINAS CULTURAL E EDUCATIVA - TV MINAS;1.71.0 - SECRETARIA DE ESTADO DE COMUNICAÇÃO SOCIAL - SECOM;SUBTOTAL 2;12329287,00;0,00;12329287,00;1;2211
2.21.1 - FUNDAÇÃO TV MINAS CULTURAL E EDUCATIVA - TV MINAS;1.71.0 - SECRETARIA DE ESTADO DE COMUNICAÇÃO SOCIAL - SECOM;3. RECURSOS RECEBIDOS DE ÓRGÃOS E ENTIDADES DO ORÇAMENTO FISCAL;;;;1;2211
2.21.1 - FUNDAÇÃO TV MINAS CULTURAL E EDUCATIVA - TV MINAS;1.71.0 - SECRETARIA DE ESTADO DE COMUNICAÇÃO SOCIAL - SECOM;SUBTOTAL 3;;;;1;2211
2.21.1 - FUNDAÇÃO TV MINAS CULTURAL E EDUCATIVA - TV MINAS;1.71.0 - SECRETARIA DE ESTADO DE COMUNICAÇÃO SOCIAL - SECOM;4. RECURSOS REPASSADOS A ÓRGÃOS E ENTIDADES DO ORÇAMENTO FISCAL;;;;1;2211
2.21.1 - FUNDAÇÃO TV MINAS CULTURAL E EDUCATIVA - TV MINAS;1.71.0 - SECRETARIA DE ESTADO DE COMUNICAÇÃO SOCIAL - SECOM;SUBTOTAL 4;;;;1;2211
2.21.1 - FUNDAÇÃO TV MINAS CULTURAL E EDUCATIVA - TV MINAS;1.71.0 - SECRETARIA DE ESTADO DE COMUNICAÇÃO SOCIAL - SECOM;5. RECEITA TOTAL (1 + 2 + 3);;;16549287,00;1;2211
2.21.1 - FUNDAÇÃO TV MINAS CULTURAL E EDUCATIVA - TV MINAS;1.71.0 - SECRETARIA DE ESTADO DE COMUNICAÇÃO SOCIAL - SECOM;6. RECEITA DISPONÍVEL (5 - 4);;;16549287,00;1;2211
2.24.1 - INSTITUTO MINEIRO DE GESTÃO DAS ÁGUAS - IGAM;1.37.0 - SECRETARIA DE ESTADO DE MEIO AMBIENTE E DESENVOLVIMENTO SUSTENTÁVEL - SEMAD;2. RECURSOS REPASSADOS PELO TESOURO ESTADUAL;;;;1;2241
2.24.1 - INSTITUTO MINEIRO DE GESTÃO DAS ÁGUAS - IGAM;1.37.0 - SECRETARIA DE ESTADO DE MEIO AMBIENTE E DESENVOLVIMENTO SUSTENTÁVEL - SEMAD;DESPESAS CORRENTES;0,00;68284070,00;68284070,00;2;2241
2.24.1 - INSTITUTO MINEIRO DE GESTÃO DAS ÁGUAS - IGAM;1.37.0 - SECRETARIA DE ESTADO DE MEIO AMBIENTE E DESENVOLVIMENTO SUSTENTÁVEL - SEMAD;DESPESAS DE CAPITAL;0,00;35216554,00;35216554,00;2;2241
2.24.1 - INSTITUTO MINEIRO DE GESTÃO DAS ÁGUAS - IGAM;1.37.0 - SECRETARIA DE ESTADO DE MEIO AMBIENTE E DESENVOLVIMENTO SUSTENTÁVEL - SEMAD;SUBTOTAL 2;0,00;103500624,00;103500624,00;1;2241
2.24.1 - INSTITUTO MINEIRO DE GESTÃO DAS ÁGUAS - IGAM;1.37.0 - SECRETARIA DE ESTADO DE MEIO AMBIENTE E DESENVOLVIMENTO SUSTENTÁVEL - SEMAD;3. RECURSOS RECEBIDOS DE ÓRGÃOS E ENTIDADES DO ORÇAMENTO FISCAL;;;;1;2241
2.24.1 - INSTITUTO MINEIRO DE GESTÃO DAS ÁGUAS - IGAM;1.37.0 - SECRETARIA DE ESTADO DE MEIO AMBIENTE E DESENVOLVIMENTO SUSTENTÁVEL - SEMAD;SUBTOTAL 3;;;;1;2241
2.24.1 - INSTITUTO MINEIRO DE GESTÃO DAS ÁGUAS - IGAM;1.37.0 - SECRETARIA DE ESTADO DE MEIO AMBIENTE E DESENVOLVIMENTO SUSTENTÁVEL - SEMAD;4. RECURSOS REPASSADOS A ÓRGÃOS E ENTIDADES DO ORÇAMENTO FISCAL;;;;1;2241
2.24.1 - INSTITUTO MINEIRO DE GESTÃO DAS ÁGUAS - IGAM;1.37.0 - SECRETARIA DE ESTADO DE MEIO AMBIENTE E DESENVOLVIMENTO SUSTENTÁVEL - SEMAD;1501 - SECRETARIA DE ESTADO DE PLANEJAMENTO E GESTÃO;;;1381549,00;2;2241
2.24.1 - INSTITUTO MINEIRO DE GESTÃO DAS ÁGUAS - IGAM;1.37.0 - SECRETARIA DE ESTADO DE MEIO AMBIENTE E DESENVOLVIMENTO SUSTENTÁVEL - SEMAD;SUBTOTAL 4;;;1381549,00;1;2241
2.24.1 - INSTITUTO MINEIRO DE GESTÃO DAS ÁGUAS - IGAM;1.37.0 - SECRETARIA DE ESTADO DE MEIO AMBIENTE E DESENVOLVIMENTO SUSTENTÁVEL - SEMAD;5. RECEITA TOTAL (1 + 2 + 3);;;276797024,00;1;2241
2.24.1 - INSTITUTO MINEIRO DE GESTÃO DAS ÁGUAS - IGAM;1.37.0 - SECRETARIA DE ESTADO DE MEIO AMBIENTE E DESENVOLVIMENTO SUSTENTÁVEL - SEMAD;6. RECEITA DISPONÍVEL (5 - 4);;;275415475,00;1;2241
2.25.1 - JUNTA COMERCIAL DO ESTADO DE MINAS GERAIS - JUCEMG;1.22.0 - SECRETARIA DE ESTADO DE DESENVOLVIMENTO ECONÔMICO - SEDE;2. RECURSOS REPASSADOS PELO TESOURO ESTADUAL;;;;1;2251
2.25.1 - JUNTA COMERCIAL DO ESTADO DE MINAS GERAIS - JUCEMG;1.22.0 - SECRETARIA DE ESTADO DE DESENVOLVIMENTO ECONÔMICO - SEDE;SUBTOTAL 2;;;;1;2251
2.25.1 - JUNTA COMERCIAL DO ESTADO DE MINAS GERAIS - JUCEMG;1.22.0 - SECRETARIA DE ESTADO DE DESENVOLVIMENTO ECONÔMICO - SEDE;3. RECURSOS RECEBIDOS DE ÓRGÃOS E ENTIDADES DO ORÇAMENTO FISCAL;;;;1;2251
2.25.1 - JUNTA COMERCIAL DO ESTADO DE MINAS GERAIS - JUCEMG;1.22.0 - SECRETARIA DE ESTADO DE DESENVOLVIMENTO ECONÔMICO - SEDE;SUBTOTAL 3;;;;1;2251
2.25.1 - JUNTA COMERCIAL DO ESTADO DE MINAS GERAIS - JUCEMG;1.22.0 - SECRETARIA DE ESTADO DE DESENVOLVIMENTO ECONÔMICO - SEDE;4. RECURSOS REPASSADOS A ÓRGÃOS E ENTIDADES DO ORÇAMENTO FISCAL;;;;1;2251
2.25.1 - JUNTA COMERCIAL DO ESTADO DE MINAS GERAIS - JUCEMG;1.22.0 - SECRETARIA DE ESTADO DE DESENVOLVIMENTO ECONÔMICO - SEDE;4711 - FUNDO FINANCEIRO DE PREVIDÊNCIA DO ESTADO DE MINAS GERAIS;;;4207639,00;2;2251
2.25.1 - JUNTA COMERCIAL DO ESTADO DE MINAS GERAIS - JUCEMG;1.22.0 - SECRETARIA DE ESTADO DE DESENVOLVIMENTO ECONÔMICO - SEDE;SUBTOTAL 4;;;4207639,00;1;2251
2.25.1 - JUNTA COMERCIAL DO ESTADO DE MINAS GERAIS - JUCEMG;1.22.0 - SECRETARIA DE ESTADO DE DESENVOLVIMENTO ECONÔMICO - SEDE;5. RECEITA TOTAL (1 + 2 + 3);;;96604015,00;1;2251
2.25.1 - JUNTA COMERCIAL DO ESTADO DE MINAS GERAIS - JUCEMG;1.22.0 - SECRETARIA DE ESTADO DE DESENVOLVIMENTO ECONÔMICO - SEDE;6. RECEITA DISPONÍVEL (5 - 4);;;92396376,00;1;2251
2.26.1 - FUNDAÇÃO EZEQUIEL DIAS - FUNED;1.32.0 - SECRETARIA DE ESTADO DE SAÚDE - SES;2. RECURSOS REPASSADOS PELO TESOURO ESTADUAL;;;;1;2261
2.26.1 - FUNDAÇÃO EZEQUIEL DIAS - FUNED;1.32.0 - SECRETARIA DE ESTADO DE SAÚDE - SES;SUBTOTAL 2;;;;1;2261
2.26.1 - FUNDAÇÃO EZEQUIEL DIAS - FUNED;1.32.0 - SECRETARIA DE ESTADO DE SAÚDE - SES;3. RECURSOS RECEBIDOS DE ÓRGÃOS E ENTIDADES DO ORÇAMENTO FISCAL;;;;1;2261
2.26.1 - FUNDAÇÃO EZEQUIEL DIAS - FUNED;1.32.0 - SECRETARIA DE ESTADO DE SAÚDE - SES;4291 - FUNDO ESTADUAL DE SAÚDE;;;13845,00;2;2261
2.26.1 - FUNDAÇÃO EZEQUIEL DIAS - FUNED;1.32.0 - SECRETARIA DE ESTADO DE SAÚDE - SES;SUBTOTAL 3;;;13845,00;1;2261
2.26.1 - FUNDAÇÃO EZEQUIEL DIAS - FUNED;1.32.0 - SECRETARIA DE ESTADO DE SAÚDE - SES;4. RECURSOS REPASSADOS A ÓRGÃOS E ENTIDADES DO ORÇAMENTO FISCAL;;;;1;2261
2.26.1 - FUNDAÇÃO EZEQUIEL DIAS - FUNED;1.32.0 - SECRETARIA DE ESTADO DE SAÚDE - SES;4711 - FUNDO FINANCEIRO DE PREVIDÊNCIA DO ESTADO DE MINAS GERAIS;;;32737210,00;2;2261
2.26.1 - FUNDAÇÃO EZEQUIEL DIAS - FUNED;1.32.0 - SECRETARIA DE ESTADO DE SAÚDE - SES;SUBTOTAL 4;;;32737210,00;1;2261
2.26.1 - FUNDAÇÃO EZEQUIEL DIAS - FUNED;1.32.0 - SECRETARIA DE ESTADO DE SAÚDE - SES;5. RECEITA TOTAL (1 + 2 + 3);;;1031419691,00;1;2261
2.26.1 - FUNDAÇÃO EZEQUIEL DIAS - FUNED;1.32.0 - SECRETARIA DE ESTADO DE SAÚDE - SES;6. RECEITA DISPONÍVEL (5 - 4);;;998682481,00;1;2261
2.27.1 - FUNDAÇÃO HOSPITALAR DO ESTADO DE MINAS GERAIS - FHEMIG;1.32.0 - SECRETARIA DE ESTADO DE SAÚDE - SES;2. RECURSOS REPASSADOS PELO TESOURO ESTADUAL;;;;1;2271
2.27.1 - FUNDAÇÃO HOSPITALAR DO ESTADO DE MINAS GERAIS - FHEMIG;1.32.0 - SECRETARIA DE ESTADO DE SAÚDE - SES;SUBTOTAL 2;29619651,00;0,00;29619651,00;1;2271
2.27.1 - FUNDAÇÃO HOSPITALAR DO ESTADO DE MINAS GERAIS - FHEMIG;1.32.0 - SECRETARIA DE ESTADO DE SAÚDE - SES;3. RECURSOS RECEBIDOS DE ÓRGÃOS E ENTIDADES DO ORÇAMENTO FISCAL;;;;1;2271
2.27.1 - FUNDAÇÃO HOSPITALAR DO ESTADO DE MINAS GERAIS - FHEMIG;1.32.0 - SECRETARIA DE ESTADO DE SAÚDE - SES;4291 - FUNDO ESTADUAL DE SAÚDE;;;32667892,00;2;2271
2.27.1 - FUNDAÇÃO HOSPITALAR DO ESTADO DE MINAS GERAIS - FHEMIG;1.32.0 - SECRETARIA DE ESTADO DE SAÚDE - SES;SUBTOTAL 3;;;32667892,00;1;2271
2.27.1 - FUNDAÇÃO HOSPITALAR DO ESTADO DE MINAS GERAIS - FHEMIG;1.32.0 - SECRETARIA DE ESTADO DE SAÚDE - SES;4. RECURSOS REPASSADOS A ÓRGÃOS E ENTIDADES DO ORÇAMENTO FISCAL;;;;1;2271
2.27.1 - FUNDAÇÃO HOSPITALAR DO ESTADO DE MINAS GERAIS - FHEMIG;1.32.0 - SECRETARIA DE ESTADO DE SAÚDE - SES;4711 - FUNDO FINANCEIRO DE PREVIDÊNCIA DO ESTADO DE MINAS GERAIS;;;235218509,00;2;2271
2.27.1 - FUNDAÇÃO HOSPITALAR DO ESTADO DE MINAS GERAIS - FHEMIG;1.32.0 - SECRETARIA DE ESTADO DE SAÚDE - SES;SUBTOTAL 4;;;235218509,00;1;2271
2.27.1 - FUNDAÇÃO HOSPITALAR DO ESTADO DE MINAS GERAIS - FHEMIG;1.32.0 - SECRETARIA DE ESTADO DE SAÚDE - SES;5. RECEITA TOTAL (1 + 2 + 3);;;2879840679,00;1;2271
2.27.1 - FUNDAÇÃO HOSPITALAR DO ESTADO DE MINAS GERAIS - FHEMIG;1.32.0 - SECRETARIA DE ESTADO DE SAÚDE - SES;6. RECEITA DISPONÍVEL (5 - 4);;;2644622170,00;1;2271
2.28.1 - FUNDAÇÃO DE EDUCAÇÃO PARA O TRABALHO DE MINAS GERAIS - UTRAMIG;1.48.0 - SECRETARIA DE ESTADO DE DESENVOLVIMENTO SOCIAL - SEDESE;2. RECURSOS REPASSADOS PELO TESOURO ESTADUAL;;;;1;2281
2.28.1 - FUNDAÇÃO DE EDUCAÇÃO PARA O TRABALHO DE MINAS GERAIS - UTRAMIG;1.48.0 - SECRETARIA DE ESTADO DE DESENVOLVIMENTO SOCIAL - SEDESE;DESPESAS CORRENTES;7747318,00;0,00;7747318,00;2;2281
2.28.1 - FUNDAÇÃO DE EDUCAÇÃO PARA O TRABALHO DE MINAS GERAIS - UTRAMIG;1.48.0 - SECRETARIA DE ESTADO DE DESENVOLVIMENTO SOCIAL - SEDESE;SUBTOTAL 2;7747318,00;0,00;7747318,00;1;2281
2.28.1 - FUNDAÇÃO DE EDUCAÇÃO PARA O TRABALHO DE MINAS GERAIS - UTRAMIG;1.48.0 - SECRETARIA DE ESTADO DE DESENVOLVIMENTO SOCIAL - SEDESE;3. RECURSOS RECEBIDOS DE ÓRGÃOS E ENTIDADES DO ORÇAMENTO FISCAL;;;;1;2281
2.28.1 - FUNDAÇÃO DE EDUCAÇÃO PARA O TRABALHO DE MINAS GERAIS - UTRAMIG;1.48.0 - SECRETARIA DE ESTADO DE DESENVOLVIMENTO SOCIAL - SEDESE;SUBTOTAL 3;;;;1;2281
2.28.1 - FUNDAÇÃO DE EDUCAÇÃO PARA O TRABALHO DE MINAS GERAIS - UTRAMIG;1.48.0 - SECRETARIA DE ESTADO DE DESENVOLVIMENTO SOCIAL - SEDESE;4. RECURSOS REPASSADOS A ÓRGÃOS E ENTIDADES DO ORÇAMENTO FISCAL;;;;1;2281
2.28.1 - FUNDAÇÃO DE EDUCAÇÃO PARA O TRABALHO DE MINAS GERAIS - UTRAMIG;1.48.0 - SECRETARIA DE ESTADO DE DESENVOLVIMENTO SOCIAL - SEDESE;SUBTOTAL 4;;;;1;2281
2.28.1 - FUNDAÇÃO DE EDUCAÇÃO PARA O TRABALHO DE MINAS GERAIS - UTRAMIG;1.48.0 - SECRETARIA DE ESTADO DE DESENVOLVIMENTO SOCIAL - SEDESE;5. RECEITA TOTAL (1 + 2 + 3);;;8215238,00;1;2281
2.28.1 - FUNDAÇÃO DE EDUCAÇÃO PARA O TRABALHO DE MINAS GERAIS - UTRAMIG;1.48.0 - SECRETARIA DE ESTADO DE DESENVOLVIMENTO SOCIAL - SEDESE;6. RECEITA DISPONÍVEL (5 - 4);;;8215238,00;1;2281
2.30.1 - DEPARTAMENTO DE ESTRADAS DE RODAGEM DO ESTADO DE MINAS GERAIS - DER-MG;1.30.0 - SECRETARIA DE ESTADO DE INFRAESTRUTURA, MOBILIDADE E PARCERIA - SEINFRA;2. RECURSOS REPASSADOS PELO TESOURO ESTADUAL;;;;1;2301
2.30.1 - DEPARTAMENTO DE ESTRADAS DE RODAGEM DO ESTADO DE MINAS GERAIS - DER-MG;1.30.0 - SECRETARIA DE ESTADO DE INFRAESTRUTURA, MOBILIDADE E PARCERIA - SEINFRA;DESPESAS CORRENTES;405573572,00;0,00;405573572,00;2;2301
2.30.1 - DEPARTAMENTO DE ESTRADAS DE RODAGEM DO ESTADO DE MINAS GERAIS - DER-MG;1.30.0 - SECRETARIA DE ESTADO DE INFRAESTRUTURA, MOBILIDADE E PARCERIA - SEINFRA;DESPESAS DE CAPITAL;271587969,00;1210627846,00;1482215815,00;2;2301
2.30.1 - DEPARTAMENTO DE ESTRADAS DE RODAGEM DO ESTADO DE MINAS GERAIS - DER-MG;1.30.0 - SECRETARIA DE ESTADO DE INFRAESTRUTURA, MOBILIDADE E PARCERIA - SEINFRA;SUBTOTAL 2;677161541,00;1210627846,00;1887789387,00;1;2301
2.30.1 - DEPARTAMENTO DE ESTRADAS DE RODAGEM DO ESTADO DE MINAS GERAIS - DER-MG;1.30.0 - SECRETARIA DE ESTADO DE INFRAESTRUTURA, MOBILIDADE E PARCERIA - SEINFRA;3. RECURSOS RECEBIDOS DE ÓRGÃOS E ENTIDADES DO ORÇAMENTO FISCAL;;;;1;2301
2.30.1 - DEPARTAMENTO DE ESTRADAS DE RODAGEM DO ESTADO DE MINAS GERAIS - DER-MG;1.30.0 - SECRETARIA DE ESTADO DE INFRAESTRUTURA, MOBILIDADE E PARCERIA - SEINFRA;SUBTOTAL 3;;;;1;2301
2.30.1 - DEPARTAMENTO DE ESTRADAS DE RODAGEM DO ESTADO DE MINAS GERAIS - DER-MG;1.30.0 - SECRETARIA DE ESTADO DE INFRAESTRUTURA, MOBILIDADE E PARCERIA - SEINFRA;4. RECURSOS REPASSADOS A ÓRGÃOS E ENTIDADES DO ORÇAMENTO FISCAL;;;;1;2301
2.30.1 - DEPARTAMENTO DE ESTRADAS DE RODAGEM DO ESTADO DE MINAS GERAIS - DER-MG;1.30.0 - SECRETARIA DE ESTADO DE INFRAESTRUTURA, MOBILIDADE E PARCERIA - SEINFRA;SUBTOTAL 4;;;;1;2301
2.30.1 - DEPARTAMENTO DE ESTRADAS DE RODAGEM DO ESTADO DE MINAS GERAIS - DER-MG;1.30.0 - SECRETARIA DE ESTADO DE INFRAESTRUTURA, MOBILIDADE E PARCERIA - SEINFRA;5. RECEITA TOTAL (1 + 2 + 3);;;1960577759,00;1;2301
2.30.1 - DEPARTAMENTO DE ESTRADAS DE RODAGEM DO ESTADO DE MINAS GERAIS - DER-MG;1.30.0 - SECRETARIA DE ESTADO DE INFRAESTRUTURA, MOBILIDADE E PARCERIA - SEINFRA;6. RECEITA DISPONÍVEL (5 - 4);;;1960577759,00;1;2301
2.31.1 - UNIVERSIDADE ESTADUAL DE MONTES CLAROS - UNIMONTES;1.26.0 - SECRETARIA DE ESTADO DE EDUCAÇÃO - SEE;2. RECURSOS REPASSADOS PELO TESOURO ESTADUAL;;;;1;2311
2.31.1 - UNIVERSIDADE ESTADUAL DE MONTES CLAROS - UNIMONTES;1.26.0 - SECRETARIA DE ESTADO DE EDUCAÇÃO - SEE;DESPESAS CORRENTES;530890369,00;0,00;530890369,00;2;2311
2.31.1 - UNIVERSIDADE ESTADUAL DE MONTES CLAROS - UNIMONTES;1.26.0 - SECRETARIA DE ESTADO DE EDUCAÇÃO - SEE;DESPESAS DE CAPITAL;5656052,00;0,00;5656052,00;2;2311
2.31.1 - UNIVERSIDADE ESTADUAL DE MONTES CLAROS - UNIMONTES;1.26.0 - SECRETARIA DE ESTADO DE EDUCAÇÃO - SEE;SUBTOTAL 2;536546421,00;0,00;536546421,00;1;2311
2.31.1 - UNIVERSIDADE ESTADUAL DE MONTES CLAROS - UNIMONTES;1.26.0 - SECRETARIA DE ESTADO DE EDUCAÇÃO - SEE;3. RECURSOS RECEBIDOS DE ÓRGÃOS E ENTIDADES DO ORÇAMENTO FISCAL;;;;1;2311
2.31.1 - UNIVERSIDADE ESTADUAL DE MONTES CLAROS - UNIMONTES;1.26.0 - SECRETARIA DE ESTADO DE EDUCAÇÃO - SEE;4291 - FUNDO ESTADUAL DE SAÚDE;;;1794000,00;2;2311
2.31.1 - UNIVERSIDADE ESTADUAL DE MONTES CLAROS - UNIMONTES;1.26.0 - SECRETARIA DE ESTADO DE EDUCAÇÃO - SEE;SUBTOTAL 3;;;1794000,00;1;2311
2.31.1 - UNIVERSIDADE ESTADUAL DE MONTES CLAROS - UNIMONTES;1.26.0 - SECRETARIA DE ESTADO DE EDUCAÇÃO - SEE;4. RECURSOS REPASSADOS A ÓRGÃOS E ENTIDADES DO ORÇAMENTO FISCAL;;;;1;2311
2.31.1 - UNIVERSIDADE ESTADUAL DE MONTES CLAROS - UNIMONTES;1.26.0 - SECRETARIA DE ESTADO DE EDUCAÇÃO - SEE;SUBTOTAL 4;;;;1;2311
2.31.1 - UNIVERSIDADE ESTADUAL DE MONTES CLAROS - UNIMONTES;1.26.0 - SECRETARIA DE ESTADO DE EDUCAÇÃO - SEE;5. RECEITA TOTAL (1 + 2 + 3);;;616858669,00;1;2311
2.31.1 - UNIVERSIDADE ESTADUAL DE MONTES CLAROS - UNIMONTES;1.26.0 - SECRETARIA DE ESTADO DE EDUCAÇÃO - SEE;6. RECEITA DISPONÍVEL (5 - 4);;;616858669,00;1;2311
2.32.1 - FUNDAÇÃO CENTRO DE HEMATOLOGIA E HEMOTERAPIA DE MINAS GERAIS - HEMOMINAS;1.32.0 - SECRETARIA DE ESTADO DE SAÚDE - SES;2. RECURSOS REPASSADOS PELO TESOURO ESTADUAL;;;;1;2321
2.32.1 - FUNDAÇÃO CENTRO DE HEMATOLOGIA E HEMOTERAPIA DE MINAS GERAIS - HEMOMINAS;1.32.0 - SECRETARIA DE ESTADO DE SAÚDE - SES;SUBTOTAL 2;;;;1;2321
2.32.1 - FUNDAÇÃO CENTRO DE HEMATOLOGIA E HEMOTERAPIA DE MINAS GERAIS - HEMOMINAS;1.32.0 - SECRETARIA DE ESTADO DE SAÚDE - SES;3. RECURSOS RECEBIDOS DE ÓRGÃOS E ENTIDADES DO ORÇAMENTO FISCAL;;;;1;2321
2.32.1 - FUNDAÇÃO CENTRO DE HEMATOLOGIA E HEMOTERAPIA DE MINAS GERAIS - HEMOMINAS;1.32.0 - SECRETARIA DE ESTADO DE SAÚDE - SES;4291 - FUNDO ESTADUAL DE SAÚDE;;;780000,00;2;2321
2.32.1 - FUNDAÇÃO CENTRO DE HEMATOLOGIA E HEMOTERAPIA DE MINAS GERAIS - HEMOMINAS;1.32.0 - SECRETARIA DE ESTADO DE SAÚDE - SES;SUBTOTAL 3;;;780000,00;1;2321
2.32.1 - FUNDAÇÃO CENTRO DE HEMATOLOGIA E HEMOTERAPIA DE MINAS GERAIS - HEMOMINAS;1.32.0 - SECRETARIA DE ESTADO DE SAÚDE - SES;4. RECURSOS REPASSADOS A ÓRGÃOS E ENTIDADES DO ORÇAMENTO FISCAL;;;;1;2321
2.32.1 - FUNDAÇÃO CENTRO DE HEMATOLOGIA E HEMOTERAPIA DE MINAS GERAIS - HEMOMINAS;1.32.0 - SECRETARIA DE ESTADO DE SAÚDE - SES;4711 - FUNDO FINANCEIRO DE PREVIDÊNCIA DO ESTADO DE MINAS GERAIS;;;27341045,00;2;2321
2.32.1 - FUNDAÇÃO CENTRO DE HEMATOLOGIA E HEMOTERAPIA DE MINAS GERAIS - HEMOMINAS;1.32.0 - SECRETARIA DE ESTADO DE SAÚDE - SES;SUBTOTAL 4;;;27341045,00;1;2321
2.32.1 - FUNDAÇÃO CENTRO DE HEMATOLOGIA E HEMOTERAPIA DE MINAS GERAIS - HEMOMINAS;1.32.0 - SECRETARIA DE ESTADO DE SAÚDE - SES;5. RECEITA TOTAL (1 + 2 + 3);;;511121456,00;1;2321
2.32.1 - FUNDAÇÃO CENTRO DE HEMATOLOGIA E HEMOTERAPIA DE MINAS GERAIS - HEMOMINAS;1.32.0 - SECRETARIA DE ESTADO DE SAÚDE - SES;6. RECEITA DISPONÍVEL (5 - 4);;;483780411,00;1;2321
2.33.1 - INSTITUTO DE METROLOGIA E QUALIDADE DO ESTADO DE MINAS GERAIS - IPEMMG;1.50.0 - SECRETARIA DE ESTADO DE PLANEJAMENTO E GESTÃO - SEPLAG;2. RECURSOS REPASSADOS PELO TESOURO ESTADUAL;;;;1;2331
2.33.1 - INSTITUTO DE METROLOGIA E QUALIDADE DO ESTADO DE MINAS GERAIS - IPEMMG;1.50.0 - SECRETARIA DE ESTADO DE PLANEJAMENTO E GESTÃO - SEPLAG;DESPESAS CORRENTES;500000,00;0,00;500000,00;2;2331
2.33.1 - INSTITUTO DE METROLOGIA E QUALIDADE DO ESTADO DE MINAS GERAIS - IPEMMG;1.50.0 - SECRETARIA DE ESTADO DE PLANEJAMENTO E GESTÃO - SEPLAG;SUBTOTAL 2;500000,00;0,00;500000,00;1;2331
2.33.1 - INSTITUTO DE METROLOGIA E QUALIDADE DO ESTADO DE MINAS GERAIS - IPEMMG;1.50.0 - SECRETARIA DE ESTADO DE PLANEJAMENTO E GESTÃO - SEPLAG;3. RECURSOS RECEBIDOS DE ÓRGÃOS E ENTIDADES DO ORÇAMENTO FISCAL;;;;1;2331
2.33.1 - INSTITUTO DE METROLOGIA E QUALIDADE DO ESTADO DE MINAS GERAIS - IPEMMG;1.50.0 - SECRETARIA DE ESTADO DE PLANEJAMENTO E GESTÃO - SEPLAG;SUBTOTAL 3;;;;1;2331
2.33.1 - INSTITUTO DE METROLOGIA E QUALIDADE DO ESTADO DE MINAS GERAIS - IPEMMG;1.50.0 - SECRETARIA DE ESTADO DE PLANEJAMENTO E GESTÃO - SEPLAG;4. RECURSOS REPASSADOS A ÓRGÃOS E ENTIDADES DO ORÇAMENTO FISCAL;;;;1;2331
2.33.1 - INSTITUTO DE METROLOGIA E QUALIDADE DO ESTADO DE MINAS GERAIS - IPEMMG;1.50.0 - SECRETARIA DE ESTADO DE PLANEJAMENTO E GESTÃO - SEPLAG;SUBTOTAL 4;;;;1;2331
2.33.1 - INSTITUTO DE METROLOGIA E QUALIDADE DO ESTADO DE MINAS GERAIS - IPEMMG;1.50.0 - SECRETARIA DE ESTADO DE PLANEJAMENTO E GESTÃO - SEPLAG;5. RECEITA TOTAL (1 + 2 + 3);;;44750000,00;1;2331
2.33.1 - INSTITUTO DE METROLOGIA E QUALIDADE DO ESTADO DE MINAS GERAIS - IPEMMG;1.50.0 - SECRETARIA DE ESTADO DE PLANEJAMENTO E GESTÃO - SEPLAG;6. RECEITA DISPONÍVEL (5 - 4);;;44750000,00;1;2331
2.35.1 - UNIVERSIDADE DO ESTADO DE MINAS GERAIS - UEMG;1.26.0 - SECRETARIA DE ESTADO DE EDUCAÇÃO - SEE;2. RECURSOS REPASSADOS PELO TESOURO ESTADUAL;;;;1;2351
2.35.1 - UNIVERSIDADE DO ESTADO DE MINAS GERAIS - UEMG;1.26.0 - SECRETARIA DE ESTADO DE EDUCAÇÃO - SEE;DESPESAS CORRENTES;472480867,00;0,00;472480867,00;2;2351
2.35.1 - UNIVERSIDADE DO ESTADO DE MINAS GERAIS - UEMG;1.26.0 - SECRETARIA DE ESTADO DE EDUCAÇÃO - SEE;DESPESAS DE CAPITAL;11042302,00;0,00;11042302,00;2;2351
2.35.1 - UNIVERSIDADE DO ESTADO DE MINAS GERAIS - UEMG;1.26.0 - SECRETARIA DE ESTADO DE EDUCAÇÃO - SEE;SUBTOTAL 2;483523169,00;0,00;483523169,00;1;2351
2.35.1 - UNIVERSIDADE DO ESTADO DE MINAS GERAIS - UEMG;1.26.0 - SECRETARIA DE ESTADO DE EDUCAÇÃO - SEE;3. RECURSOS RECEBIDOS DE ÓRGÃOS E ENTIDADES DO ORÇAMENTO FISCAL;;;;1;2351
2.35.1 - UNIVERSIDADE DO ESTADO DE MINAS GERAIS - UEMG;1.26.0 - SECRETARIA DE ESTADO DE EDUCAÇÃO - SEE;SUBTOTAL 3;;;;1;2351
2.35.1 - UNIVERSIDADE DO ESTADO DE MINAS GERAIS - UEMG;1.26.0 - SECRETARIA DE ESTADO DE EDUCAÇÃO - SEE;4. RECURSOS REPASSADOS A ÓRGÃOS E ENTIDADES DO ORÇAMENTO FISCAL;;;;1;2351
2.35.1 - UNIVERSIDADE DO ESTADO DE MINAS GERAIS - UEMG;1.26.0 - SECRETARIA DE ESTADO DE EDUCAÇÃO - SEE;SUBTOTAL 4;;;;1;2351
2.35.1 - UNIVERSIDADE DO ESTADO DE MINAS GERAIS - UEMG;1.26.0 - SECRETARIA DE ESTADO DE EDUCAÇÃO - SEE;5. RECEITA TOTAL (1 + 2 + 3);;;488776898,00;1;2351
2.35.1 - UNIVERSIDADE DO ESTADO DE MINAS GERAIS - UEMG;1.26.0 - SECRETARIA DE ESTADO DE EDUCAÇÃO - SEE;6. RECEITA DISPONÍVEL (5 - 4);;;488776898,00;1;2351
2.36.1 - INSTITUTO DE PREVIDÊNCIA DO LEGISLATIVO DO ESTADO DE MINAS GERAIS - IPLEMG;1.01.0 - ASSEMBLEIA LEGISLATIVA DO ESTADO DE MINAS GERAIS - ALMG;2. RECURSOS REPASSADOS PELO TESOURO ESTADUAL;;;;1;2361
2.36.1 - INSTITUTO DE PREVIDÊNCIA DO LEGISLATIVO DO ESTADO DE MINAS GERAIS - IPLEMG;1.01.0 - ASSEMBLEIA LEGISLATIVA DO ESTADO DE MINAS GERAIS - ALMG;SUBTOTAL 2;;;;1;2361
2.36.1 - INSTITUTO DE PREVIDÊNCIA DO LEGISLATIVO DO ESTADO DE MINAS GERAIS - IPLEMG;1.01.0 - ASSEMBLEIA LEGISLATIVA DO ESTADO DE MINAS GERAIS - ALMG;3. RECURSOS RECEBIDOS DE ÓRGÃOS E ENTIDADES DO ORÇAMENTO FISCAL;;;;1;2361
2.36.1 - INSTITUTO DE PREVIDÊNCIA DO LEGISLATIVO DO ESTADO DE MINAS GERAIS - IPLEMG;1.01.0 - ASSEMBLEIA LEGISLATIVA DO ESTADO DE MINAS GERAIS - ALMG;SUBTOTAL 3;;;;1;2361
2.36.1 - INSTITUTO DE PREVIDÊNCIA DO LEGISLATIVO DO ESTADO DE MINAS GERAIS - IPLEMG;1.01.0 - ASSEMBLEIA LEGISLATIVA DO ESTADO DE MINAS GERAIS - ALMG;4. RECURSOS REPASSADOS A ÓRGÃOS E ENTIDADES DO ORÇAMENTO FISCAL;;;;1;2361
2.36.1 - INSTITUTO DE PREVIDÊNCIA DO LEGISLATIVO DO ESTADO DE MINAS GERAIS - IPLEMG;1.01.0 - ASSEMBLEIA LEGISLATIVA DO ESTADO DE MINAS GERAIS - ALMG;SUBTOTAL 4;;;;1;2361
2.36.1 - INSTITUTO DE PREVIDÊNCIA DO LEGISLATIVO DO ESTADO DE MINAS GERAIS - IPLEMG;1.01.0 - ASSEMBLEIA LEGISLATIVA DO ESTADO DE MINAS GERAIS - ALMG;5. RECEITA TOTAL (1 + 2 + 3);;;109514500,00;1;2361
2.36.1 - INSTITUTO DE PREVIDÊNCIA DO LEGISLATIVO DO ESTADO DE MINAS GERAIS - IPLEMG;1.01.0 - ASSEMBLEIA LEGISLATIVA DO ESTADO DE MINAS GERAIS - ALMG;6. RECEITA DISPONÍVEL (5 - 4);;;109514500,00;1;2361
2.37.1 - INSTITUTO MINEIRO DE AGROPECUÁRIA - IMA;1.23.0 - SECRETARIA DE ESTADO DE AGRICULTURA, PECUÁRIA E ABASTECIMENTO - SEAPA;2. RECURSOS REPASSADOS PELO TESOURO ESTADUAL;;;;1;2371
2.37.1 - INSTITUTO MINEIRO DE AGROPECUÁRIA - IMA;1.23.0 - SECRETARIA DE ESTADO DE AGRICULTURA, PECUÁRIA E ABASTECIMENTO - SEAPA;DESPESAS CORRENTES;220152181,00;6874243,00;227026424,00;2;2371
2.37.1 - INSTITUTO MINEIRO DE AGROPECUÁRIA - IMA;1.23.0 - SECRETARIA DE ESTADO DE AGRICULTURA, PECUÁRIA E ABASTECIMENTO - SEAPA;SUBTOTAL 2;220152181,00;6874243,00;227026424,00;1;2371
2.37.1 - INSTITUTO MINEIRO DE AGROPECUÁRIA - IMA;1.23.0 - SECRETARIA DE ESTADO DE AGRICULTURA, PECUÁRIA E ABASTECIMENTO - SEAPA;3. RECURSOS RECEBIDOS DE ÓRGÃOS E ENTIDADES DO ORÇAMENTO FISCAL;;;;1;2371
2.37.1 - INSTITUTO MINEIRO DE AGROPECUÁRIA - IMA;1.23.0 - SECRETARIA DE ESTADO DE AGRICULTURA, PECUÁRIA E ABASTECIMENTO - SEAPA;SUBTOTAL 3;;;;1;2371
2.37.1 - INSTITUTO MINEIRO DE AGROPECUÁRIA - IMA;1.23.0 - SECRETARIA DE ESTADO DE AGRICULTURA, PECUÁRIA E ABASTECIMENTO - SEAPA;4. RECURSOS REPASSADOS A ÓRGÃOS E ENTIDADES DO ORÇAMENTO FISCAL;;;;1;2371
2.37.1 - INSTITUTO MINEIRO DE AGROPECUÁRIA - IMA;1.23.0 - SECRETARIA DE ESTADO DE AGRICULTURA, PECUÁRIA E ABASTECIMENTO - SEAPA;1501 - SECRETARIA DE ESTADO DE PLANEJAMENTO E GESTÃO;;;221046,00;2;2371
2.37.1 - INSTITUTO MINEIRO DE AGROPECUÁRIA - IMA;1.23.0 - SECRETARIA DE ESTADO DE AGRICULTURA, PECUÁRIA E ABASTECIMENTO - SEAPA;SUBTOTAL 4;;;221046,00;1;2371
2.37.1 - INSTITUTO MINEIRO DE AGROPECUÁRIA - IMA;1.23.0 - SECRETARIA DE ESTADO DE AGRICULTURA, PECUÁRIA E ABASTECIMENTO - SEAPA;5. RECEITA TOTAL (1 + 2 + 3);;;310252696,00;1;2371
2.37.1 - INSTITUTO MINEIRO DE AGROPECUÁRIA - IMA;1.23.0 - SECRETARIA DE ESTADO DE AGRICULTURA, PECUÁRIA E ABASTECIMENTO - SEAPA;6. RECEITA DISPONÍVEL (5 - 4);;;310031650,00;1;2371
2.42.1 - INSTITUTO DE DESENVOLVIMENTO DO NORTE E NORDESTE DE MINAS GERAIS - IDENE;1.48.0 - SECRETARIA DE ESTADO DE DESENVOLVIMENTO SOCIAL - SEDESE;2. RECURSOS REPASSADOS PELO TESOURO ESTADUAL;;;;1;2421
2.42.1 - INSTITUTO DE DESENVOLVIMENTO DO NORTE E NORDESTE DE MINAS GERAIS - IDENE;1.48.0 - SECRETARIA DE ESTADO DE DESENVOLVIMENTO SOCIAL - SEDESE;DESPESAS CORRENTES;6471990,00;24427165,00;30899155,00;2;2421
2.42.1 - INSTITUTO DE DESENVOLVIMENTO DO NORTE E NORDESTE DE MINAS GERAIS - IDENE;1.48.0 - SECRETARIA DE ESTADO DE DESENVOLVIMENTO SOCIAL - SEDESE;DESPESAS DE CAPITAL;4785000,00;0,00;4785000,00;2;2421
2.42.1 - INSTITUTO DE DESENVOLVIMENTO DO NORTE E NORDESTE DE MINAS GERAIS - IDENE;1.48.0 - SECRETARIA DE ESTADO DE DESENVOLVIMENTO SOCIAL - SEDESE;SUBTOTAL 2;11256990,00;24427165,00;35684155,00;1;2421
2.42.1 - INSTITUTO DE DESENVOLVIMENTO DO NORTE E NORDESTE DE MINAS GERAIS - IDENE;1.48.0 - SECRETARIA DE ESTADO DE DESENVOLVIMENTO SOCIAL - SEDESE;3. RECURSOS RECEBIDOS DE ÓRGÃOS E ENTIDADES DO ORÇAMENTO FISCAL;;;;1;2421
2.42.1 - INSTITUTO DE DESENVOLVIMENTO DO NORTE E NORDESTE DE MINAS GERAIS - IDENE;1.48.0 - SECRETARIA DE ESTADO DE DESENVOLVIMENTO SOCIAL - SEDESE;SUBTOTAL 3;;;;1;2421
2.42.1 - INSTITUTO DE DESENVOLVIMENTO DO NORTE E NORDESTE DE MINAS GERAIS - IDENE;1.48.0 - SECRETARIA DE ESTADO DE DESENVOLVIMENTO SOCIAL - SEDESE;4. RECURSOS REPASSADOS A ÓRGÃOS E ENTIDADES DO ORÇAMENTO FISCAL;;;;1;2421
2.42.1 - INSTITUTO DE DESENVOLVIMENTO DO NORTE E NORDESTE DE MINAS GERAIS - IDENE;1.48.0 - SECRETARIA DE ESTADO DE DESENVOLVIMENTO SOCIAL - SEDESE;SUBTOTAL 4;;;;1;2421
2.42.1 - INSTITUTO DE DESENVOLVIMENTO DO NORTE E NORDESTE DE MINAS GERAIS - IDENE;1.48.0 - SECRETARIA DE ESTADO DE DESENVOLVIMENTO SOCIAL - SEDESE;5. RECEITA TOTAL (1 + 2 + 3);;;165929630,00;1;2421
2.42.1 - INSTITUTO DE DESENVOLVIMENTO DO NORTE E NORDESTE DE MINAS GERAIS - IDENE;1.48.0 - SECRETARIA DE ESTADO DE DESENVOLVIMENTO SOCIAL - SEDESE;6. RECEITA DISPONÍVEL (5 - 4);;;165929630,00;1;2421
2.43.1 - AGÊNCIA DE DESENVOLVIMENTO DA REGIÃO METROPOLITANA DE BELO HORIZONTE - AGÊNCIA RMBH;1.30.0 - SECRETARIA DE ESTADO DE INFRAESTRUTURA, MOBILIDADE E PARCERIA - SEINFRA;2. RECURSOS REPASSADOS PELO TESOURO ESTADUAL;;;;1;2431
2.43.1 - AGÊNCIA DE DESENVOLVIMENTO DA REGIÃO METROPOLITANA DE BELO HORIZONTE - AGÊNCIA RMBH;1.30.0 - SECRETARIA DE ESTADO DE INFRAESTRUTURA, MOBILIDADE E PARCERIA - SEINFRA;DESPESAS CORRENTES;6762406,00;0,00;6762406,00;2;2431
2.43.1 - AGÊNCIA DE DESENVOLVIMENTO DA REGIÃO METROPOLITANA DE BELO HORIZONTE - AGÊNCIA RMBH;1.30.0 - SECRETARIA DE ESTADO DE INFRAESTRUTURA, MOBILIDADE E PARCERIA - SEINFRA;SUBTOTAL 2;6762406,00;0,00;6762406,00;1;2431
2.43.1 - AGÊNCIA DE DESENVOLVIMENTO DA REGIÃO METROPOLITANA DE BELO HORIZONTE - AGÊNCIA RMBH;1.30.0 - SECRETARIA DE ESTADO DE INFRAESTRUTURA, MOBILIDADE E PARCERIA - SEINFRA;3. RECURSOS RECEBIDOS DE ÓRGÃOS E ENTIDADES DO ORÇAMENTO FISCAL;;;;1;2431
2.43.1 - AGÊNCIA DE DESENVOLVIMENTO DA REGIÃO METROPOLITANA DE BELO HORIZONTE - AGÊNCIA RMBH;1.30.0 - SECRETARIA DE ESTADO DE INFRAESTRUTURA, MOBILIDADE E PARCERIA - SEINFRA;SUBTOTAL 3;;;;1;2431
2.43.1 - AGÊNCIA DE DESENVOLVIMENTO DA REGIÃO METROPOLITANA DE BELO HORIZONTE - AGÊNCIA RMBH;1.30.0 - SECRETARIA DE ESTADO DE INFRAESTRUTURA, MOBILIDADE E PARCERIA - SEINFRA;4. RECURSOS REPASSADOS A ÓRGÃOS E ENTIDADES DO ORÇAMENTO FISCAL;;;;1;2431
2.43.1 - AGÊNCIA DE DESENVOLVIMENTO DA REGIÃO METROPOLITANA DE BELO HORIZONTE - AGÊNCIA RMBH;1.30.0 - SECRETARIA DE ESTADO DE INFRAESTRUTURA, MOBILIDADE E PARCERIA - SEINFRA;SUBTOTAL 4;;;;1;2431
2.43.1 - AGÊNCIA DE DESENVOLVIMENTO DA REGIÃO METROPOLITANA DE BELO HORIZONTE - AGÊNCIA RMBH;1.30.0 - SECRETARIA DE ESTADO DE INFRAESTRUTURA, MOBILIDADE E PARCERIA - SEINFRA;5. RECEITA TOTAL (1 + 2 + 3);;;22549273,00;1;2431
2.43.1 - AGÊNCIA DE DESENVOLVIMENTO DA REGIÃO METROPOLITANA DE BELO HORIZONTE - AGÊNCIA RMBH;1.30.0 - SECRETARIA DE ESTADO DE INFRAESTRUTURA, MOBILIDADE E PARCERIA - SEINFRA;6. RECEITA DISPONÍVEL (5 - 4);;;22549273,00;1;2431
2.44.1 - AGÊNCIA REGULADORA DE SERVIÇOS DE ABASTECIMENTO DE ÁGUA E DE ESGOTAMENTO SANITÁRIO DO ESTADO DE MINAS GERAIS - ARSAE -MG;1.37.0 - SECRETARIA DE ESTADO DE MEIO AMBIENTE E DESENVOLVIMENTO SUSTENTÁVEL - SEMAD;2. RECURSOS REPASSADOS PELO TESOURO ESTADUAL;;;;1;2441
2.44.1 - AGÊNCIA REGULADORA DE SERVIÇOS DE ABASTECIMENTO DE ÁGUA E DE ESGOTAMENTO SANITÁRIO DO ESTADO DE MINAS GERAIS - ARSAE -MG;1.37.0 - SECRETARIA DE ESTADO DE MEIO AMBIENTE E DESENVOLVIMENTO SUSTENTÁVEL - SEMAD;SUBTOTAL 2;;;;1;2441
2.44.1 - AGÊNCIA REGULADORA DE SERVIÇOS DE ABASTECIMENTO DE ÁGUA E DE ESGOTAMENTO SANITÁRIO DO ESTADO DE MINAS GERAIS - ARSAE -MG;1.37.0 - SECRETARIA DE ESTADO DE MEIO AMBIENTE E DESENVOLVIMENTO SUSTENTÁVEL - SEMAD;3. RECURSOS RECEBIDOS DE ÓRGÃOS E ENTIDADES DO ORÇAMENTO FISCAL;;;;1;2441
2.44.1 - AGÊNCIA REGULADORA DE SERVIÇOS DE ABASTECIMENTO DE ÁGUA E DE ESGOTAMENTO SANITÁRIO DO ESTADO DE MINAS GERAIS - ARSAE -MG;1.37.0 - SECRETARIA DE ESTADO DE MEIO AMBIENTE E DESENVOLVIMENTO SUSTENTÁVEL - SEMAD;SUBTOTAL 3;;;;1;2441
2.44.1 - AGÊNCIA REGULADORA DE SERVIÇOS DE ABASTECIMENTO DE ÁGUA E DE ESGOTAMENTO SANITÁRIO DO ESTADO DE MINAS GERAIS - ARSAE -MG;1.37.0 - SECRETARIA DE ESTADO DE MEIO AMBIENTE E DESENVOLVIMENTO SUSTENTÁVEL - SEMAD;4. RECURSOS REPASSADOS A ÓRGÃOS E ENTIDADES DO ORÇAMENTO FISCAL;;;;1;2441
2.44.1 - AGÊNCIA REGULADORA DE SERVIÇOS DE ABASTECIMENTO DE ÁGUA E DE ESGOTAMENTO SANITÁRIO DO ESTADO DE MINAS GERAIS - ARSAE -MG;1.37.0 - SECRETARIA DE ESTADO DE MEIO AMBIENTE E DESENVOLVIMENTO SUSTENTÁVEL - SEMAD;1501 - SECRETARIA DE ESTADO DE PLANEJAMENTO E GESTÃO;;;1290973,00;2;2441
2.44.1 - AGÊNCIA REGULADORA DE SERVIÇOS DE ABASTECIMENTO DE ÁGUA E DE ESGOTAMENTO SANITÁRIO DO ESTADO DE MINAS GERAIS - ARSAE -MG;1.37.0 - SECRETARIA DE ESTADO DE MEIO AMBIENTE E DESENVOLVIMENTO SUSTENTÁVEL - SEMAD;SUBTOTAL 4;;;1290973,00;1;2441
2.44.1 - AGÊNCIA REGULADORA DE SERVIÇOS DE ABASTECIMENTO DE ÁGUA E DE ESGOTAMENTO SANITÁRIO DO ESTADO DE MINAS GERAIS - ARSAE -MG;1.37.0 - SECRETARIA DE ESTADO DE MEIO AMBIENTE E DESENVOLVIMENTO SUSTENTÁVEL - SEMAD;5. RECEITA TOTAL (1 + 2 + 3);;;45888052,00;1;2441
2.44.1 - AGÊNCIA REGULADORA DE SERVIÇOS DE ABASTECIMENTO DE ÁGUA E DE ESGOTAMENTO SANITÁRIO DO ESTADO DE MINAS GERAIS - ARSAE -MG;1.37.0 - SECRETARIA DE ESTADO DE MEIO AMBIENTE E DESENVOLVIMENTO SUSTENTÁVEL - SEMAD;6. RECEITA DISPONÍVEL (5 - 4);;;44597079,00;1;2441
2.46.1 - AGÊNCIA DE DESENVOLVIMENTO DA REGIÃO METROPOLITANA DO VALE DO AÇO - ARMVA;1.30.0 - SECRETARIA DE ESTADO DE INFRAESTRUTURA, MOBILIDADE E PARCERIA - SEINFRA;2. RECURSOS REPASSADOS PELO TESOURO ESTADUAL;;;;1;2461
2.46.1 - AGÊNCIA DE DESENVOLVIMENTO DA REGIÃO METROPOLITANA DO VALE DO AÇO - ARMVA;1.30.0 - SECRETARIA DE ESTADO DE INFRAESTRUTURA, MOBILIDADE E PARCERIA - SEINFRA;DESPESAS CORRENTES;2705612,00;3906527,00;6612139,00;2;2461
2.46.1 - AGÊNCIA DE DESENVOLVIMENTO DA REGIÃO METROPOLITANA DO VALE DO AÇO - ARMVA;1.30.0 - SECRETARIA DE ESTADO DE INFRAESTRUTURA, MOBILIDADE E PARCERIA - SEINFRA;DESPESAS DE CAPITAL;0,00;35000,00;35000,00;2;2461
2.46.1 - AGÊNCIA DE DESENVOLVIMENTO DA REGIÃO METROPOLITANA DO VALE DO AÇO - ARMVA;1.30.0 - SECRETARIA DE ESTADO DE INFRAESTRUTURA, MOBILIDADE E PARCERIA - SEINFRA;SUBTOTAL 2;2705612,00;3941527,00;6647139,00;1;2461
2.46.1 - AGÊNCIA DE DESENVOLVIMENTO DA REGIÃO METROPOLITANA DO VALE DO AÇO - ARMVA;1.30.0 - SECRETARIA DE ESTADO DE INFRAESTRUTURA, MOBILIDADE E PARCERIA - SEINFRA;3. RECURSOS RECEBIDOS DE ÓRGÃOS E ENTIDADES DO ORÇAMENTO FISCAL;;;;1;2461
2.46.1 - AGÊNCIA DE DESENVOLVIMENTO DA REGIÃO METROPOLITANA DO VALE DO AÇO - ARMVA;1.30.0 - SECRETARIA DE ESTADO DE INFRAESTRUTURA, MOBILIDADE E PARCERIA - SEINFRA;SUBTOTAL 3;;;;1;2461
2.46.1 - AGÊNCIA DE DESENVOLVIMENTO DA REGIÃO METROPOLITANA DO VALE DO AÇO - ARMVA;1.30.0 - SECRETARIA DE ESTADO DE INFRAESTRUTURA, MOBILIDADE E PARCERIA - SEINFRA;4. RECURSOS REPASSADOS A ÓRGÃOS E ENTIDADES DO ORÇAMENTO FISCAL;;;;1;2461
2.46.1 - AGÊNCIA DE DESENVOLVIMENTO DA REGIÃO METROPOLITANA DO VALE DO AÇO - ARMVA;1.30.0 - SECRETARIA DE ESTADO DE INFRAESTRUTURA, MOBILIDADE E PARCERIA - SEINFRA;SUBTOTAL 4;;;;1;2461
2.46.1 - AGÊNCIA DE DESENVOLVIMENTO DA REGIÃO METROPOLITANA DO VALE DO AÇO - ARMVA;1.30.0 - SECRETARIA DE ESTADO DE INFRAESTRUTURA, MOBILIDADE E PARCERIA - SEINFRA;5. RECEITA TOTAL (1 + 2 + 3);;;20336146,00;1;2461
2.46.1 - AGÊNCIA DE DESENVOLVIMENTO DA REGIÃO METROPOLITANA DO VALE DO AÇO - ARMVA;1.30.0 - SECRETARIA DE ESTADO DE INFRAESTRUTURA, MOBILIDADE E PARCERIA - SEINFRA;6. RECEITA DISPONÍVEL (5 - 4);;;20336146,00;1;2461
2.47.1 - AGÊNCIA REGULADORA DE TRANSPORTES DO ESTADO DE MINAS GERAIS - ARTEMIG;1.30.0 - SECRETARIA DE ESTADO DE INFRAESTRUTURA, MOBILIDADE E PARCERIA - SEINFRA;2. RECURSOS REPASSADOS PELO TESOURO ESTADUAL;;;;1;2471
2.47.1 - AGÊNCIA REGULADORA DE TRANSPORTES DO ESTADO DE MINAS GERAIS - ARTEMIG;1.30.0 - SECRETARIA DE ESTADO DE INFRAESTRUTURA, MOBILIDADE E PARCERIA - SEINFRA;DESPESAS CORRENTES;22233539,00;0,00;22233539,00;2;2471
2.47.1 - AGÊNCIA REGULADORA DE TRANSPORTES DO ESTADO DE MINAS GERAIS - ARTEMIG;1.30.0 - SECRETARIA DE ESTADO DE INFRAESTRUTURA, MOBILIDADE E PARCERIA - SEINFRA;DESPESAS DE CAPITAL;7680000,00;0,00;7680000,00;2;2471
2.47.1 - AGÊNCIA REGULADORA DE TRANSPORTES DO ESTADO DE MINAS GERAIS - ARTEMIG;1.30.0 - SECRETARIA DE ESTADO DE INFRAESTRUTURA, MOBILIDADE E PARCERIA - SEINFRA;SUBTOTAL 2;29913539,00;0,00;29913539,00;1;2471
2.47.1 - AGÊNCIA REGULADORA DE TRANSPORTES DO ESTADO DE MINAS GERAIS - ARTEMIG;1.30.0 - SECRETARIA DE ESTADO DE INFRAESTRUTURA, MOBILIDADE E PARCERIA - SEINFRA;3. RECURSOS RECEBIDOS DE ÓRGÃOS E ENTIDADES DO ORÇAMENTO FISCAL;;;;1;2471
2.47.1 - AGÊNCIA REGULADORA DE TRANSPORTES DO ESTADO DE MINAS GERAIS - ARTEMIG;1.30.0 - SECRETARIA DE ESTADO DE INFRAESTRUTURA, MOBILIDADE E PARCERIA - SEINFRA;4381 - FUNDO ESTADUAL DE DESENVOLVIMENTO DE TRANSPORTES;;;39636950,00;2;2471
2.47.1 - AGÊNCIA REGULADORA DE TRANSPORTES DO ESTADO DE MINAS GERAIS - ARTEMIG;1.30.0 - SECRETARIA DE ESTADO DE INFRAESTRUTURA, MOBILIDADE E PARCERIA - SEINFRA;SUBTOTAL 3;;;39636950,00;1;2471
2.47.1 - AGÊNCIA REGULADORA DE TRANSPORTES DO ESTADO DE MINAS GERAIS - ARTEMIG;1.30.0 - SECRETARIA DE ESTADO DE INFRAESTRUTURA, MOBILIDADE E PARCERIA - SEINFRA;4. RECURSOS REPASSADOS A ÓRGÃOS E ENTIDADES DO ORÇAMENTO FISCAL;;;;1;2471
2.47.1 - AGÊNCIA REGULADORA DE TRANSPORTES DO ESTADO DE MINAS GERAIS - ARTEMIG;1.30.0 - SECRETARIA DE ESTADO DE INFRAESTRUTURA, MOBILIDADE E PARCERIA - SEINFRA;SUBTOTAL 4;;;;1;2471
2.47.1 - AGÊNCIA REGULADORA DE TRANSPORTES DO ESTADO DE MINAS GERAIS - ARTEMIG;1.30.0 - SECRETARIA DE ESTADO DE INFRAESTRUTURA, MOBILIDADE E PARCERIA - SEINFRA;5. RECEITA TOTAL (1 + 2 + 3);;;69550489,00;1;2471
2.47.1 - AGÊNCIA REGULADORA DE TRANSPORTES DO ESTADO DE MINAS GERAIS - ARTEMIG;1.30.0 - SECRETARIA DE ESTADO DE INFRAESTRUTURA, MOBILIDADE E PARCERIA - SEINFRA;6. RECEITA DISPONÍVEL (5 - 4);;;69550489,00;1;2471
3.04.1 - EMPRESA DE ASSISTÊNCIA TÉCNICA E EXTENSÃO RURAL DO ESTADO DE MINAS GERAIS - EMATER;1.23.0 - SECRETARIA DE ESTADO DE AGRICULTURA, PECUÁRIA E ABASTECIMENTO - SEAPA;2. RECURSOS REPASSADOS PELO TESOURO ESTADUAL;;;;1;3041
3.04.1 - EMPRESA DE ASSISTÊNCIA TÉCNICA E EXTENSÃO RURAL DO ESTADO DE MINAS GERAIS - EMATER;1.23.0 - SECRETARIA DE ESTADO DE AGRICULTURA, PECUÁRIA E ABASTECIMENTO - SEAPA;DESPESAS CORRENTES;235573924,00;40000000,00;275573924,00;2;3041
3.04.1 - EMPRESA DE ASSISTÊNCIA TÉCNICA E EXTENSÃO RURAL DO ESTADO DE MINAS GERAIS - EMATER;1.23.0 - SECRETARIA DE ESTADO DE AGRICULTURA, PECUÁRIA E ABASTECIMENTO - SEAPA;DESPESAS DE CAPITAL;13886990,00;0,00;13886990,00;2;3041
3.04.1 - EMPRESA DE ASSISTÊNCIA TÉCNICA E EXTENSÃO RURAL DO ESTADO DE MINAS GERAIS - EMATER;1.23.0 - SECRETARIA DE ESTADO DE AGRICULTURA, PECUÁRIA E ABASTECIMENTO - SEAPA;SUBTOTAL 2;249460914,00;40000000,00;289460914,00;1;3041
3.04.1 - EMPRESA DE ASSISTÊNCIA TÉCNICA E EXTENSÃO RURAL DO ESTADO DE MINAS GERAIS - EMATER;1.23.0 - SECRETARIA DE ESTADO DE AGRICULTURA, PECUÁRIA E ABASTECIMENTO - SEAPA;3. RECURSOS RECEBIDOS DE ÓRGÃOS E ENTIDADES DO ORÇAMENTO FISCAL;;;;1;3041
3.04.1 - EMPRESA DE ASSISTÊNCIA TÉCNICA E EXTENSÃO RURAL DO ESTADO DE MINAS GERAIS - EMATER;1.23.0 - SECRETARIA DE ESTADO DE AGRICULTURA, PECUÁRIA E ABASTECIMENTO - SEAPA;SUBTOTAL 3;;;;1;3041
3.04.1 - EMPRESA DE ASSISTÊNCIA TÉCNICA E EXTENSÃO RURAL DO ESTADO DE MINAS GERAIS - EMATER;1.23.0 - SECRETARIA DE ESTADO DE AGRICULTURA, PECUÁRIA E ABASTECIMENTO - SEAPA;4. RECURSOS REPASSADOS A ÓRGÃOS E ENTIDADES DO ORÇAMENTO FISCAL;;;;1;3041
3.04.1 - EMPRESA DE ASSISTÊNCIA TÉCNICA E EXTENSÃO RURAL DO ESTADO DE MINAS GERAIS - EMATER;1.23.0 - SECRETARIA DE ESTADO DE AGRICULTURA, PECUÁRIA E ABASTECIMENTO - SEAPA;SUBTOTAL 4;;;;1;3041
3.04.1 - EMPRESA DE ASSISTÊNCIA TÉCNICA E EXTENSÃO RURAL DO ESTADO DE MINAS GERAIS - EMATER;1.23.0 - SECRETARIA DE ESTADO DE AGRICULTURA, PECUÁRIA E ABASTECIMENTO - SEAPA;5. RECEITA TOTAL (1 + 2 + 3);;;466075893,00;1;3041
3.04.1 - EMPRESA DE ASSISTÊNCIA TÉCNICA E EXTENSÃO RURAL DO ESTADO DE MINAS GERAIS - EMATER;1.23.0 - SECRETARIA DE ESTADO DE AGRICULTURA, PECUÁRIA E ABASTECIMENTO - SEAPA;6. RECEITA DISPONÍVEL (5 - 4);;;466075893,00;1;3041
3.05.1 - EMPRESA DE PESQUISA AGROPECUÁRIA DE MINAS GERAIS - EPAMIG;1.23.0 - SECRETARIA DE ESTADO DE AGRICULTURA, PECUÁRIA E ABASTECIMENTO - SEAPA;2. RECURSOS REPASSADOS PELO TESOURO ESTADUAL;;;;1;3051
3.05.1 - EMPRESA DE PESQUISA AGROPECUÁRIA DE MINAS GERAIS - EPAMIG;1.23.0 - SECRETARIA DE ESTADO DE AGRICULTURA, PECUÁRIA E ABASTECIMENTO - SEAPA;DESPESAS CORRENTES;138611190,00;0,00;138611190,00;2;3051
3.05.1 - EMPRESA DE PESQUISA AGROPECUÁRIA DE MINAS GERAIS - EPAMIG;1.23.0 - SECRETARIA DE ESTADO DE AGRICULTURA, PECUÁRIA E ABASTECIMENTO - SEAPA;DESPESAS DE CAPITAL;12953591,00;0,00;12953591,00;2;3051
3.05.1 - EMPRESA DE PESQUISA AGROPECUÁRIA DE MINAS GERAIS - EPAMIG;1.23.0 - SECRETARIA DE ESTADO DE AGRICULTURA, PECUÁRIA E ABASTECIMENTO - SEAPA;SUBTOTAL 2;151564781,00;0,00;151564781,00;1;3051
3.05.1 - EMPRESA DE PESQUISA AGROPECUÁRIA DE MINAS GERAIS - EPAMIG;1.23.0 - SECRETARIA DE ESTADO DE AGRICULTURA, PECUÁRIA E ABASTECIMENTO - SEAPA;3. RECURSOS RECEBIDOS DE ÓRGÃOS E ENTIDADES DO ORÇAMENTO FISCAL;;;;1;3051
3.05.1 - EMPRESA DE PESQUISA AGROPECUÁRIA DE MINAS GERAIS - EPAMIG;1.23.0 - SECRETARIA DE ESTADO DE AGRICULTURA, PECUÁRIA E ABASTECIMENTO - SEAPA;SUBTOTAL 3;;;;1;3051
3.05.1 - EMPRESA DE PESQUISA AGROPECUÁRIA DE MINAS GERAIS - EPAMIG;1.23.0 - SECRETARIA DE ESTADO DE AGRICULTURA, PECUÁRIA E ABASTECIMENTO - SEAPA;4. RECURSOS REPASSADOS A ÓRGÃOS E ENTIDADES DO ORÇAMENTO FISCAL;;;;1;3051
3.05.1 - EMPRESA DE PESQUISA AGROPECUÁRIA DE MINAS GERAIS - EPAMIG;1.23.0 - SECRETARIA DE ESTADO DE AGRICULTURA, PECUÁRIA E ABASTECIMENTO - SEAPA;SUBTOTAL 4;;;;1;3051
3.05.1 - EMPRESA DE PESQUISA AGROPECUÁRIA DE MINAS GERAIS - EPAMIG;1.23.0 - SECRETARIA DE ESTADO DE AGRICULTURA, PECUÁRIA E ABASTECIMENTO - SEAPA;5. RECEITA TOTAL (1 + 2 + 3);;;180781670,00;1;3051
3.05.1 - EMPRESA DE PESQUISA AGROPECUÁRIA DE MINAS GERAIS - EPAMIG;1.23.0 - SECRETARIA DE ESTADO DE AGRICULTURA, PECUÁRIA E ABASTECIMENTO - SEAPA;6. RECEITA DISPONÍVEL (5 - 4);;;180781670,00;1;3051
3.15.1 - EMPRESA MINEIRA DE COMUNICAÇÃO - EMC;1.71.0 - SECRETARIA DE ESTADO DE COMUNICAÇÃO SOCIAL - SECOM;2. RECURSOS REPASSADOS PELO TESOURO ESTADUAL;;;;1;3151
3.15.1 - EMPRESA MINEIRA DE COMUNICAÇÃO - EMC;1.71.0 - SECRETARIA DE ESTADO DE COMUNICAÇÃO SOCIAL - SECOM;DESPESAS CORRENTES;34538109,00;0,00;34538109,00;2;3151
3.15.1 - EMPRESA MINEIRA DE COMUNICAÇÃO - EMC;1.71.0 - SECRETARIA DE ESTADO DE COMUNICAÇÃO SOCIAL - SECOM;SUBTOTAL 2;34538109,00;0,00;34538109,00;1;3151
3.15.1 - EMPRESA MINEIRA DE COMUNICAÇÃO - EMC;1.71.0 - SECRETARIA DE ESTADO DE COMUNICAÇÃO SOCIAL - SECOM;3. RECURSOS RECEBIDOS DE ÓRGÃOS E ENTIDADES DO ORÇAMENTO FISCAL;;;;1;3151
3.15.1 - EMPRESA MINEIRA DE COMUNICAÇÃO - EMC;1.71.0 - SECRETARIA DE ESTADO DE COMUNICAÇÃO SOCIAL - SECOM;4491 - FUNDO ESTADUAL DE CULTURA;;;1000,00;2;3151
3.15.1 - EMPRESA MINEIRA DE COMUNICAÇÃO - EMC;1.71.0 - SECRETARIA DE ESTADO DE COMUNICAÇÃO SOCIAL - SECOM;SUBTOTAL 3;;;1000,00;1;3151
3.15.1 - EMPRESA MINEIRA DE COMUNICAÇÃO - EMC;1.71.0 - SECRETARIA DE ESTADO DE COMUNICAÇÃO SOCIAL - SECOM;4. RECURSOS REPASSADOS A ÓRGÃOS E ENTIDADES DO ORÇAMENTO FISCAL;;;;1;3151
3.15.1 - EMPRESA MINEIRA DE COMUNICAÇÃO - EMC;1.71.0 - SECRETARIA DE ESTADO DE COMUNICAÇÃO SOCIAL - SECOM;SUBTOTAL 4;;;;1;3151
3.15.1 - EMPRESA MINEIRA DE COMUNICAÇÃO - EMC;1.71.0 - SECRETARIA DE ESTADO DE COMUNICAÇÃO SOCIAL - SECOM;5. RECEITA TOTAL (1 + 2 + 3);;;36075109,00;1;3151
3.15.1 - EMPRESA MINEIRA DE COMUNICAÇÃO - EMC;1.71.0 - SECRETARIA DE ESTADO DE COMUNICAÇÃO SOCIAL - SECOM;6. RECEITA DISPONÍVEL (5 - 4);;;36075109,00;1;3151
4.03.1 - FUNDO ESPECIAL DO PODER JUDICIÁRIO DO ESTADO DE MINAS GERAIS - FEPJ;1.03.0 - TRIBUNAL DE JUSTIÇA DO ESTADO DE MINAS GERAIS - TJMG;2. RECURSOS REPASSADOS PELO TESOURO ESTADUAL;;;;1;4031
4.03.1 - FUNDO ESPECIAL DO PODER JUDICIÁRIO DO ESTADO DE MINAS GERAIS - FEPJ;1.03.0 - TRIBUNAL DE JUSTIÇA DO ESTADO DE MINAS GERAIS - TJMG;SUBTOTAL 2;;;;1;4031
4.03.1 - FUNDO ESPECIAL DO PODER JUDICIÁRIO DO ESTADO DE MINAS GERAIS - FEPJ;1.03.0 - TRIBUNAL DE JUSTIÇA DO ESTADO DE MINAS GERAIS - TJMG;3. RECURSOS RECEBIDOS DE ÓRGÃOS E ENTIDADES DO ORÇAMENTO FISCAL;;;;1;4031
4.03.1 - FUNDO ESPECIAL DO PODER JUDICIÁRIO DO ESTADO DE MINAS GERAIS - FEPJ;1.03.0 - TRIBUNAL DE JUSTIÇA DO ESTADO DE MINAS GERAIS - TJMG;2101 - INSTITUTO ESTADUAL DE FLORESTAS;;;120000,00;2;4031
4.03.1 - FUNDO ESPECIAL DO PODER JUDICIÁRIO DO ESTADO DE MINAS GERAIS - FEPJ;1.03.0 - TRIBUNAL DE JUSTIÇA DO ESTADO DE MINAS GERAIS - TJMG;SUBTOTAL 3;;;120000,00;1;4031
4.03.1 - FUNDO ESPECIAL DO PODER JUDICIÁRIO DO ESTADO DE MINAS GERAIS - FEPJ;1.03.0 - TRIBUNAL DE JUSTIÇA DO ESTADO DE MINAS GERAIS - TJMG;4. RECURSOS REPASSADOS A ÓRGÃOS E ENTIDADES DO ORÇAMENTO FISCAL;;;;1;4031
4.03.1 - FUNDO ESPECIAL DO PODER JUDICIÁRIO DO ESTADO DE MINAS GERAIS - FEPJ;1.03.0 - TRIBUNAL DE JUSTIÇA DO ESTADO DE MINAS GERAIS - TJMG;1451 - SECRETARIA DE ESTADO DE JUSTIÇA E SEGURANÇA PÚBLICA;;;877000000,00;2;4031
4.03.1 - FUNDO ESPECIAL DO PODER JUDICIÁRIO DO ESTADO DE MINAS GERAIS - FEPJ;1.03.0 - TRIBUNAL DE JUSTIÇA DO ESTADO DE MINAS GERAIS - TJMG;1501 - SECRETARIA DE ESTADO DE PLANEJAMENTO E GESTÃO;;;1318193,00;2;4031
4.03.1 - FUNDO ESPECIAL DO PODER JUDICIÁRIO DO ESTADO DE MINAS GERAIS - FEPJ;1.03.0 - TRIBUNAL DE JUSTIÇA DO ESTADO DE MINAS GERAIS - TJMG;SUBTOTAL 4;;;878318193,00;1;4031
4.03.1 - FUNDO ESPECIAL DO PODER JUDICIÁRIO DO ESTADO DE MINAS GERAIS - FEPJ;1.03.0 - TRIBUNAL DE JUSTIÇA DO ESTADO DE MINAS GERAIS - TJMG;5. RECEITA TOTAL (1 + 2 + 3);;;4605658187,00;1;4031
4.03.1 - FUNDO ESPECIAL DO PODER JUDICIÁRIO DO ESTADO DE MINAS GERAIS - FEPJ;1.03.0 - TRIBUNAL DE JUSTIÇA DO ESTADO DE MINAS GERAIS - TJMG;6. RECEITA DISPONÍVEL (5 - 4);;;3727339994,00;1;4031
4.09.1 - FUNDO PARA A INFÂNCIA E A ADOLESCÊNCIA - FIA;1.48.0 - SECRETARIA DE ESTADO DE DESENVOLVIMENTO SOCIAL - SEDESE;2. RECURSOS REPASSADOS PELO TESOURO ESTADUAL;;;;1;4091
4.09.1 - FUNDO PARA A INFÂNCIA E A ADOLESCÊNCIA - FIA;1.48.0 - SECRETARIA DE ESTADO DE DESENVOLVIMENTO SOCIAL - SEDESE;SUBTOTAL 2;;;;1;4091
4.09.1 - FUNDO PARA A INFÂNCIA E A ADOLESCÊNCIA - FIA;1.48.0 - SECRETARIA DE ESTADO DE DESENVOLVIMENTO SOCIAL - SEDESE;3. RECURSOS RECEBIDOS DE ÓRGÃOS E ENTIDADES DO ORÇAMENTO FISCAL;;;;1;4091
4.09.1 - FUNDO PARA A INFÂNCIA E A ADOLESCÊNCIA - FIA;1.48.0 - SECRETARIA DE ESTADO DE DESENVOLVIMENTO SOCIAL - SEDESE;SUBTOTAL 3;;;;1;4091
4.09.1 - FUNDO PARA A INFÂNCIA E A ADOLESCÊNCIA - FIA;1.48.0 - SECRETARIA DE ESTADO DE DESENVOLVIMENTO SOCIAL - SEDESE;4. RECURSOS REPASSADOS A ÓRGÃOS E ENTIDADES DO ORÇAMENTO FISCAL;;;;1;4091
4.09.1 - FUNDO PARA A INFÂNCIA E A ADOLESCÊNCIA - FIA;1.48.0 - SECRETARIA DE ESTADO DE DESENVOLVIMENTO SOCIAL - SEDESE;SUBTOTAL 4;;;;1;4091
4.09.1 - FUNDO PARA A INFÂNCIA E A ADOLESCÊNCIA - FIA;1.48.0 - SECRETARIA DE ESTADO DE DESENVOLVIMENTO SOCIAL - SEDESE;5. RECEITA TOTAL (1 + 2 + 3);;;415314,00;1;4091
4.09.1 - FUNDO PARA A INFÂNCIA E A ADOLESCÊNCIA - FIA;1.48.0 - SECRETARIA DE ESTADO DE DESENVOLVIMENTO SOCIAL - SEDESE;6. RECEITA DISPONÍVEL (5 - 4);;;415314,00;1;4091
4.10.1 - FUNDO ESTADUAL DE HABITAÇÃO - FEH;1.48.0 - SECRETARIA DE ESTADO DE DESENVOLVIMENTO SOCIAL - SEDESE;2. RECURSOS REPASSADOS PELO TESOURO ESTADUAL;;;;1;4101
4.10.1 - FUNDO ESTADUAL DE HABITAÇÃO - FEH;1.48.0 - SECRETARIA DE ESTADO DE DESENVOLVIMENTO SOCIAL - SEDESE;SUBTOTAL 2;;;;1;4101
4.10.1 - FUNDO ESTADUAL DE HABITAÇÃO - FEH;1.48.0 - SECRETARIA DE ESTADO DE DESENVOLVIMENTO SOCIAL - SEDESE;3. RECURSOS RECEBIDOS DE ÓRGÃOS E ENTIDADES DO ORÇAMENTO FISCAL;;;;1;4101
4.10.1 - FUNDO ESTADUAL DE HABITAÇÃO - FEH;1.48.0 - SECRETARIA DE ESTADO DE DESENVOLVIMENTO SOCIAL - SEDESE;SUBTOTAL 3;;;;1;4101
4.10.1 - FUNDO ESTADUAL DE HABITAÇÃO - FEH;1.48.0 - SECRETARIA DE ESTADO DE DESENVOLVIMENTO SOCIAL - SEDESE;4. RECURSOS REPASSADOS A ÓRGÃOS E ENTIDADES DO ORÇAMENTO FISCAL;;;;1;4101
4.10.1 - FUNDO ESTADUAL DE HABITAÇÃO - FEH;1.48.0 - SECRETARIA DE ESTADO DE DESENVOLVIMENTO SOCIAL - SEDESE;SUBTOTAL 4;;;;1;4101
4.10.1 - FUNDO ESTADUAL DE HABITAÇÃO - FEH;1.48.0 - SECRETARIA DE ESTADO DE DESENVOLVIMENTO SOCIAL - SEDESE;5. RECEITA TOTAL (1 + 2 + 3);;;40970000,00;1;4101
4.10.1 - FUNDO ESTADUAL DE HABITAÇÃO - FEH;1.48.0 - SECRETARIA DE ESTADO DE DESENVOLVIMENTO SOCIAL - SEDESE;6. RECEITA DISPONÍVEL (5 - 4);;;40970000,00;1;4101
4.11.1 - FUNDO DE FOMENTO E DESENVOLVIMENTO SOCIOECONÔMICO DO ESTADO DE MINAS GERAIS - FUNDESE;1.22.0 - SECRETARIA DE ESTADO DE DESENVOLVIMENTO ECONÔMICO - SEDE;2. RECURSOS REPASSADOS PELO TESOURO ESTADUAL;;;;1;4111
4.11.1 - FUNDO DE FOMENTO E DESENVOLVIMENTO SOCIOECONÔMICO DO ESTADO DE MINAS GERAIS - FUNDESE;1.22.0 - SECRETARIA DE ESTADO DE DESENVOLVIMENTO ECONÔMICO - SEDE;SUBTOTAL 2;;;;1;4111
4.11.1 - FUNDO DE FOMENTO E DESENVOLVIMENTO SOCIOECONÔMICO DO ESTADO DE MINAS GERAIS - FUNDESE;1.22.0 - SECRETARIA DE ESTADO DE DESENVOLVIMENTO ECONÔMICO - SEDE;3. RECURSOS RECEBIDOS DE ÓRGÃOS E ENTIDADES DO ORÇAMENTO FISCAL;;;;1;4111
4.11.1 - FUNDO DE FOMENTO E DESENVOLVIMENTO SOCIOECONÔMICO DO ESTADO DE MINAS GERAIS - FUNDESE;1.22.0 - SECRETARIA DE ESTADO DE DESENVOLVIMENTO ECONÔMICO - SEDE;SUBTOTAL 3;;;;1;4111
4.11.1 - FUNDO DE FOMENTO E DESENVOLVIMENTO SOCIOECONÔMICO DO ESTADO DE MINAS GERAIS - FUNDESE;1.22.0 - SECRETARIA DE ESTADO DE DESENVOLVIMENTO ECONÔMICO - SEDE;4. RECURSOS REPASSADOS A ÓRGÃOS E ENTIDADES DO ORÇAMENTO FISCAL;;;;1;4111
4.11.1 - FUNDO DE FOMENTO E DESENVOLVIMENTO SOCIOECONÔMICO DO ESTADO DE MINAS GERAIS - FUNDESE;1.22.0 - SECRETARIA DE ESTADO DE DESENVOLVIMENTO ECONÔMICO - SEDE;1915 - PARTICIPAÇÃO NO AUMENTO DO CAPITAL SOCIAL DE EMPRESAS;;;110000,00;2;4111
4.11.1 - FUNDO DE FOMENTO E DESENVOLVIMENTO SOCIOECONÔMICO DO ESTADO DE MINAS GERAIS - FUNDESE;1.22.0 - SECRETARIA DE ESTADO DE DESENVOLVIMENTO ECONÔMICO - SEDE;SUBTOTAL 4;;;110000,00;1;4111
4.11.1 - FUNDO DE FOMENTO E DESENVOLVIMENTO SOCIOECONÔMICO DO ESTADO DE MINAS GERAIS - FUNDESE;1.22.0 - SECRETARIA DE ESTADO DE DESENVOLVIMENTO ECONÔMICO - SEDE;5. RECEITA TOTAL (1 + 2 + 3);;;1300000,00;1;4111
4.11.1 - FUNDO DE FOMENTO E DESENVOLVIMENTO SOCIOECONÔMICO DO ESTADO DE MINAS GERAIS - FUNDESE;1.22.0 - SECRETARIA DE ESTADO DE DESENVOLVIMENTO ECONÔMICO - SEDE;6. RECEITA DISPONÍVEL (5 - 4);;;1190000,00;1;4111
4.12.1 - FUNDO ESPECIAL DA ASSEMBLEIA LEGISLATIVA DO ESTADO DE MINAS GERAIS - FUNDALEMG;1.01.0 - ASSEMBLEIA LEGISLATIVA DO ESTADO DE MINAS GERAIS - ALMG;2. RECURSOS REPASSADOS PELO TESOURO ESTADUAL;;;;1;4121
4.12.1 - FUNDO ESPECIAL DA ASSEMBLEIA LEGISLATIVA DO ESTADO DE MINAS GERAIS - FUNDALEMG;1.01.0 - ASSEMBLEIA LEGISLATIVA DO ESTADO DE MINAS GERAIS - ALMG;SUBTOTAL 2;;;;1;4121
4.12.1 - FUNDO ESPECIAL DA ASSEMBLEIA LEGISLATIVA DO ESTADO DE MINAS GERAIS - FUNDALEMG;1.01.0 - ASSEMBLEIA LEGISLATIVA DO ESTADO DE MINAS GERAIS - ALMG;3. RECURSOS RECEBIDOS DE ÓRGÃOS E ENTIDADES DO ORÇAMENTO FISCAL;;;;1;4121
4.12.1 - FUNDO ESPECIAL DA ASSEMBLEIA LEGISLATIVA DO ESTADO DE MINAS GERAIS - FUNDALEMG;1.01.0 - ASSEMBLEIA LEGISLATIVA DO ESTADO DE MINAS GERAIS - ALMG;SUBTOTAL 3;;;;1;4121
4.12.1 - FUNDO ESPECIAL DA ASSEMBLEIA LEGISLATIVA DO ESTADO DE MINAS GERAIS - FUNDALEMG;1.01.0 - ASSEMBLEIA LEGISLATIVA DO ESTADO DE MINAS GERAIS - ALMG;4. RECURSOS REPASSADOS A ÓRGÃOS E ENTIDADES DO ORÇAMENTO FISCAL;;;;1;4121
4.12.1 - FUNDO ESPECIAL DA ASSEMBLEIA LEGISLATIVA DO ESTADO DE MINAS GERAIS - FUNDALEMG;1.01.0 - ASSEMBLEIA LEGISLATIVA DO ESTADO DE MINAS GERAIS - ALMG;SUBTOTAL 4;;;;1;4121
4.12.1 - FUNDO ESPECIAL DA ASSEMBLEIA LEGISLATIVA DO ESTADO DE MINAS GERAIS - FUNDALEMG;1.01.0 - ASSEMBLEIA LEGISLATIVA DO ESTADO DE MINAS GERAIS - ALMG;5. RECEITA TOTAL (1 + 2 + 3);;;18000000,00;1;4121
4.12.1 - FUNDO ESPECIAL DA ASSEMBLEIA LEGISLATIVA DO ESTADO DE MINAS GERAIS - FUNDALEMG;1.01.0 - ASSEMBLEIA LEGISLATIVA DO ESTADO DE MINAS GERAIS - ALMG;6. RECEITA DISPONÍVEL (5 - 4);;;18000000,00;1;4121
4.14.1 - FUNDO PENITENCIÁRIO ESTADUAL - FPE;1.45.0 - SECRETARIA DE ESTADO DE JUSTIÇA E SEGURANÇA PÚBLICA - SEJUSP;2. RECURSOS REPASSADOS PELO TESOURO ESTADUAL;;;;1;4141
4.14.1 - FUNDO PENITENCIÁRIO ESTADUAL - FPE;1.45.0 - SECRETARIA DE ESTADO DE JUSTIÇA E SEGURANÇA PÚBLICA - SEJUSP;SUBTOTAL 2;;;;1;4141
4.14.1 - FUNDO PENITENCIÁRIO ESTADUAL - FPE;1.45.0 - SECRETARIA DE ESTADO DE JUSTIÇA E SEGURANÇA PÚBLICA - SEJUSP;3. RECURSOS RECEBIDOS DE ÓRGÃOS E ENTIDADES DO ORÇAMENTO FISCAL;;;;1;4141
4.14.1 - FUNDO PENITENCIÁRIO ESTADUAL - FPE;1.45.0 - SECRETARIA DE ESTADO DE JUSTIÇA E SEGURANÇA PÚBLICA - SEJUSP;SUBTOTAL 3;;;;1;4141
4.14.1 - FUNDO PENITENCIÁRIO ESTADUAL - FPE;1.45.0 - SECRETARIA DE ESTADO DE JUSTIÇA E SEGURANÇA PÚBLICA - SEJUSP;4. RECURSOS REPASSADOS A ÓRGÃOS E ENTIDADES DO ORÇAMENTO FISCAL;;;;1;4141
4.14.1 - FUNDO PENITENCIÁRIO ESTADUAL - FPE;1.45.0 - SECRETARIA DE ESTADO DE JUSTIÇA E SEGURANÇA PÚBLICA - SEJUSP;SUBTOTAL 4;;;;1;4141
4.14.1 - FUNDO PENITENCIÁRIO ESTADUAL - FPE;1.45.0 - SECRETARIA DE ESTADO DE JUSTIÇA E SEGURANÇA PÚBLICA - SEJUSP;5. RECEITA TOTAL (1 + 2 + 3);;;27155347,00;1;4141
4.14.1 - FUNDO PENITENCIÁRIO ESTADUAL - FPE;1.45.0 - SECRETARIA DE ESTADO DE JUSTIÇA E SEGURANÇA PÚBLICA - SEJUSP;6. RECEITA DISPONÍVEL (5 - 4);;;27155347,00;1;4141
4.15.1 - FUNDO DE ASSISTÊNCIA AO TURISMO - FASTUR;1.27.0 - SECRETARIA DE ESTADO DE CULTURA E TURISMO - SECULT;2. RECURSOS REPASSADOS PELO TESOURO ESTADUAL;;;;1;4151
4.15.1 - FUNDO DE ASSISTÊNCIA AO TURISMO - FASTUR;1.27.0 - SECRETARIA DE ESTADO DE CULTURA E TURISMO - SECULT;DESPESAS CORRENTES;1000,00;0,00;1000,00;2;4151
4.15.1 - FUNDO DE ASSISTÊNCIA AO TURISMO - FASTUR;1.27.0 - SECRETARIA DE ESTADO DE CULTURA E TURISMO - SECULT;SUBTOTAL 2;1000,00;0,00;1000,00;1;4151
4.15.1 - FUNDO DE ASSISTÊNCIA AO TURISMO - FASTUR;1.27.0 - SECRETARIA DE ESTADO DE CULTURA E TURISMO - SECULT;3. RECURSOS RECEBIDOS DE ÓRGÃOS E ENTIDADES DO ORÇAMENTO FISCAL;;;;1;4151
4.15.1 - FUNDO DE ASSISTÊNCIA AO TURISMO - FASTUR;1.27.0 - SECRETARIA DE ESTADO DE CULTURA E TURISMO - SECULT;SUBTOTAL 3;;;;1;4151
4.15.1 - FUNDO DE ASSISTÊNCIA AO TURISMO - FASTUR;1.27.0 - SECRETARIA DE ESTADO DE CULTURA E TURISMO - SECULT;4. RECURSOS REPASSADOS A ÓRGÃOS E ENTIDADES DO ORÇAMENTO FISCAL;;;;1;4151
4.15.1 - FUNDO DE ASSISTÊNCIA AO TURISMO - FASTUR;1.27.0 - SECRETARIA DE ESTADO DE CULTURA E TURISMO - SECULT;SUBTOTAL 4;;;;1;4151
4.15.1 - FUNDO DE ASSISTÊNCIA AO TURISMO - FASTUR;1.27.0 - SECRETARIA DE ESTADO DE CULTURA E TURISMO - SECULT;5. RECEITA TOTAL (1 + 2 + 3);;;1000,00;1;4151
4.15.1 - FUNDO DE ASSISTÊNCIA AO TURISMO - FASTUR;1.27.0 - SECRETARIA DE ESTADO DE CULTURA E TURISMO - SECULT;6. RECEITA DISPONÍVEL (5 - 4);;;1000,00;1;4151
4.25.1 - FUNDO ESTADUAL DE ASSISTÊNCIA SOCIAL - FEAS;1.48.0 - SECRETARIA DE ESTADO DE DESENVOLVIMENTO SOCIAL - SEDESE;2. RECURSOS REPASSADOS PELO TESOURO ESTADUAL;;;;1;4251
4.25.1 - FUNDO ESTADUAL DE ASSISTÊNCIA SOCIAL - FEAS;1.48.0 - SECRETARIA DE ESTADO DE DESENVOLVIMENTO SOCIAL - SEDESE;DESPESAS CORRENTES;1000000,00;170792525,00;171792525,00;2;4251
4.25.1 - FUNDO ESTADUAL DE ASSISTÊNCIA SOCIAL - FEAS;1.48.0 - SECRETARIA DE ESTADO DE DESENVOLVIMENTO SOCIAL - SEDESE;DESPESAS DE CAPITAL;0,00;30415788,00;30415788,00;2;4251
4.25.1 - FUNDO ESTADUAL DE ASSISTÊNCIA SOCIAL - FEAS;1.48.0 - SECRETARIA DE ESTADO DE DESENVOLVIMENTO SOCIAL - SEDESE;SUBTOTAL 2;1000000,00;201208313,00;202208313,00;1;4251
4.25.1 - FUNDO ESTADUAL DE ASSISTÊNCIA SOCIAL - FEAS;1.48.0 - SECRETARIA DE ESTADO DE DESENVOLVIMENTO SOCIAL - SEDESE;3. RECURSOS RECEBIDOS DE ÓRGÃOS E ENTIDADES DO ORÇAMENTO FISCAL;;;;1;4251
4.25.1 - FUNDO ESTADUAL DE ASSISTÊNCIA SOCIAL - FEAS;1.48.0 - SECRETARIA DE ESTADO DE DESENVOLVIMENTO SOCIAL - SEDESE;SUBTOTAL 3;;;;1;4251
4.25.1 - FUNDO ESTADUAL DE ASSISTÊNCIA SOCIAL - FEAS;1.48.0 - SECRETARIA DE ESTADO DE DESENVOLVIMENTO SOCIAL - SEDESE;4. RECURSOS REPASSADOS A ÓRGÃOS E ENTIDADES DO ORÇAMENTO FISCAL;;;;1;4251
4.25.1 - FUNDO ESTADUAL DE ASSISTÊNCIA SOCIAL - FEAS;1.48.0 - SECRETARIA DE ESTADO DE DESENVOLVIMENTO SOCIAL - SEDESE;SUBTOTAL 4;;;;1;4251
4.25.1 - FUNDO ESTADUAL DE ASSISTÊNCIA SOCIAL - FEAS;1.48.0 - SECRETARIA DE ESTADO DE DESENVOLVIMENTO SOCIAL - SEDESE;5. RECEITA TOTAL (1 + 2 + 3);;;210900271,00;1;4251
4.25.1 - FUNDO ESTADUAL DE ASSISTÊNCIA SOCIAL - FEAS;1.48.0 - SECRETARIA DE ESTADO DE DESENVOLVIMENTO SOCIAL - SEDESE;6. RECEITA DISPONÍVEL (5 - 4);;;210900271,00;1;4251
4.29.1 - FUNDO ESTADUAL DE SAÚDE - FES;1.32.0 - SECRETARIA DE ESTADO DE SAÚDE - SES;2. RECURSOS REPASSADOS PELO TESOURO ESTADUAL;;;;1;4291
4.29.1 - FUNDO ESTADUAL DE SAÚDE - FES;1.32.0 - SECRETARIA DE ESTADO DE SAÚDE - SES;SUBTOTAL 2;12116746066,00;144772973,00;12261519039,00;1;4291
4.29.1 - FUNDO ESTADUAL DE SAÚDE - FES;1.32.0 - SECRETARIA DE ESTADO DE SAÚDE - SES;3. RECURSOS RECEBIDOS DE ÓRGÃOS E ENTIDADES DO ORÇAMENTO FISCAL;;;;1;4291
4.29.1 - FUNDO ESTADUAL DE SAÚDE - FES;1.32.0 - SECRETARIA DE ESTADO DE SAÚDE - SES;SUBTOTAL 3;;;;1;4291
4.29.1 - FUNDO ESTADUAL DE SAÚDE - FES;1.32.0 - SECRETARIA DE ESTADO DE SAÚDE - SES;4. RECURSOS REPASSADOS A ÓRGÃOS E ENTIDADES DO ORÇAMENTO FISCAL;;;;1;4291
4.29.1 - FUNDO ESTADUAL DE SAÚDE - FES;1.32.0 - SECRETARIA DE ESTADO DE SAÚDE - SES;1451 - SECRETARIA DE ESTADO DE JUSTIÇA E SEGURANÇA PÚBLICA;;;1138967,00;2;4291
4.29.1 - FUNDO ESTADUAL DE SAÚDE - FES;1.32.0 - SECRETARIA DE ESTADO DE SAÚDE - SES;1511 - POLÍCIA CIVIL DO ESTADO DE MINAS GERAIS;;;13543,00;2;4291
4.29.1 - FUNDO ESTADUAL DE SAÚDE - FES;1.32.0 - SECRETARIA DE ESTADO DE SAÚDE - SES;2011 - INSTITUTO DE PREVIDÊNCIA DOS SERVIDORES DO ESTADO DE MINAS GERAIS;;;7356625,00;2;4291
4.29.1 - FUNDO ESTADUAL DE SAÚDE - FES;1.32.0 - SECRETARIA DE ESTADO DE SAÚDE - SES;2121 - INSTITUTO DE PREVIDÊNCIA DOS SERVIDORES MILITARES DO ESTADO DE MINAS GERAIS;;;70000,00;2;4291
4.29.1 - FUNDO ESTADUAL DE SAÚDE - FES;1.32.0 - SECRETARIA DE ESTADO DE SAÚDE - SES;2261 - FUNDAÇÃO EZEQUIEL DIAS;;;13845,00;2;4291
4.29.1 - FUNDO ESTADUAL DE SAÚDE - FES;1.32.0 - SECRETARIA DE ESTADO DE SAÚDE - SES;2271 - FUNDAÇÃO HOSPITALAR DO ESTADO DE MINAS GERAIS;;;32667892,00;2;4291
4.29.1 - FUNDO ESTADUAL DE SAÚDE - FES;1.32.0 - SECRETARIA DE ESTADO DE SAÚDE - SES;2311 - UNIVERSIDADE ESTADUAL DE MONTES CLAROS;;;1794000,00;2;4291
4.29.1 - FUNDO ESTADUAL DE SAÚDE - FES;1.32.0 - SECRETARIA DE ESTADO DE SAÚDE - SES;2321 - FUNDAÇÃO CENTRO DE HEMATOLOGIA E HEMOTERAPIA DE MINAS GERAIS;;;780000,00;2;4291
4.29.1 - FUNDO ESTADUAL DE SAÚDE - FES;1.32.0 - SECRETARIA DE ESTADO DE SAÚDE - SES;SUBTOTAL 4;;;43834872,00;1;4291
4.29.1 - FUNDO ESTADUAL DE SAÚDE - FES;1.32.0 - SECRETARIA DE ESTADO DE SAÚDE - SES;5. RECEITA TOTAL (1 + 2 + 3);;;12831057782,00;1;4291
4.29.1 - FUNDO ESTADUAL DE SAÚDE - FES;1.32.0 - SECRETARIA DE ESTADO DE SAÚDE - SES;6. RECEITA DISPONÍVEL (5 - 4);;;12787222910,00;1;4291
4.32.1 - FUNDO ESTADUAL DE PREVENÇÃO, FISCALIZAÇÃO E REPRESSÃO DE ENTORPECENTES - FUNPREN;1.45.0 - SECRETARIA DE ESTADO DE JUSTIÇA E SEGURANÇA PÚBLICA - SEJUSP;2. RECURSOS REPASSADOS PELO TESOURO ESTADUAL;;;;1;4321
4.32.1 - FUNDO ESTADUAL DE PREVENÇÃO, FISCALIZAÇÃO E REPRESSÃO DE ENTORPECENTES - FUNPREN;1.45.0 - SECRETARIA DE ESTADO DE JUSTIÇA E SEGURANÇA PÚBLICA - SEJUSP;DESPESAS CORRENTES;1000,00;0,00;1000,00;2;4321
4.32.1 - FUNDO ESTADUAL DE PREVENÇÃO, FISCALIZAÇÃO E REPRESSÃO DE ENTORPECENTES - FUNPREN;1.45.0 - SECRETARIA DE ESTADO DE JUSTIÇA E SEGURANÇA PÚBLICA - SEJUSP;SUBTOTAL 2;1000,00;0,00;1000,00;1;4321
4.32.1 - FUNDO ESTADUAL DE PREVENÇÃO, FISCALIZAÇÃO E REPRESSÃO DE ENTORPECENTES - FUNPREN;1.45.0 - SECRETARIA DE ESTADO DE JUSTIÇA E SEGURANÇA PÚBLICA - SEJUSP;3. RECURSOS RECEBIDOS DE ÓRGÃOS E ENTIDADES DO ORÇAMENTO FISCAL;;;;1;4321
4.32.1 - FUNDO ESTADUAL DE PREVENÇÃO, FISCALIZAÇÃO E REPRESSÃO DE ENTORPECENTES - FUNPREN;1.45.0 - SECRETARIA DE ESTADO DE JUSTIÇA E SEGURANÇA PÚBLICA - SEJUSP;SUBTOTAL 3;;;;1;4321
4.32.1 - FUNDO ESTADUAL DE PREVENÇÃO, FISCALIZAÇÃO E REPRESSÃO DE ENTORPECENTES - FUNPREN;1.45.0 - SECRETARIA DE ESTADO DE JUSTIÇA E SEGURANÇA PÚBLICA - SEJUSP;4. RECURSOS REPASSADOS A ÓRGÃOS E ENTIDADES DO ORÇAMENTO FISCAL;;;;1;4321
4.32.1 - FUNDO ESTADUAL DE PREVENÇÃO, FISCALIZAÇÃO E REPRESSÃO DE ENTORPECENTES - FUNPREN;1.45.0 - SECRETARIA DE ESTADO DE JUSTIÇA E SEGURANÇA PÚBLICA - SEJUSP;SUBTOTAL 4;;;;1;4321
4.32.1 - FUNDO ESTADUAL DE PREVENÇÃO, FISCALIZAÇÃO E REPRESSÃO DE ENTORPECENTES - FUNPREN;1.45.0 - SECRETARIA DE ESTADO DE JUSTIÇA E SEGURANÇA PÚBLICA - SEJUSP;5. RECEITA TOTAL (1 + 2 + 3);;;1000,00;1;4321
4.32.1 - FUNDO ESTADUAL DE PREVENÇÃO, FISCALIZAÇÃO E REPRESSÃO DE ENTORPECENTES - FUNPREN;1.45.0 - SECRETARIA DE ESTADO DE JUSTIÇA E SEGURANÇA PÚBLICA - SEJUSP;6. RECEITA DISPONÍVEL (5 - 4);;;1000,00;1;4321
4.33.1 - FUNDO DE DESENVOLVIMENTO METROPOLITANO - FDM;1.30.0 - SECRETARIA DE ESTADO DE INFRAESTRUTURA, MOBILIDADE E PARCERIA - SEINFRA;2. RECURSOS REPASSADOS PELO TESOURO ESTADUAL;;;;1;4331
4.33.1 - FUNDO DE DESENVOLVIMENTO METROPOLITANO - FDM;1.30.0 - SECRETARIA DE ESTADO DE INFRAESTRUTURA, MOBILIDADE E PARCERIA - SEINFRA;DESPESAS CORRENTES;89400,00;0,00;89400,00;2;4331
4.33.1 - FUNDO DE DESENVOLVIMENTO METROPOLITANO - FDM;1.30.0 - SECRETARIA DE ESTADO DE INFRAESTRUTURA, MOBILIDADE E PARCERIA - SEINFRA;SUBTOTAL 2;89400,00;0,00;89400,00;1;4331
4.33.1 - FUNDO DE DESENVOLVIMENTO METROPOLITANO - FDM;1.30.0 - SECRETARIA DE ESTADO DE INFRAESTRUTURA, MOBILIDADE E PARCERIA - SEINFRA;3. RECURSOS RECEBIDOS DE ÓRGÃOS E ENTIDADES DO ORÇAMENTO FISCAL;;;;1;4331
4.33.1 - FUNDO DE DESENVOLVIMENTO METROPOLITANO - FDM;1.30.0 - SECRETARIA DE ESTADO DE INFRAESTRUTURA, MOBILIDADE E PARCERIA - SEINFRA;SUBTOTAL 3;;;;1;4331
4.33.1 - FUNDO DE DESENVOLVIMENTO METROPOLITANO - FDM;1.30.0 - SECRETARIA DE ESTADO DE INFRAESTRUTURA, MOBILIDADE E PARCERIA - SEINFRA;4. RECURSOS REPASSADOS A ÓRGÃOS E ENTIDADES DO ORÇAMENTO FISCAL;;;;1;4331
4.33.1 - FUNDO DE DESENVOLVIMENTO METROPOLITANO - FDM;1.30.0 - SECRETARIA DE ESTADO DE INFRAESTRUTURA, MOBILIDADE E PARCERIA - SEINFRA;SUBTOTAL 4;;;;1;4331
4.33.1 - FUNDO DE DESENVOLVIMENTO METROPOLITANO - FDM;1.30.0 - SECRETARIA DE ESTADO DE INFRAESTRUTURA, MOBILIDADE E PARCERIA - SEINFRA;5. RECEITA TOTAL (1 + 2 + 3);;;4004080,00;1;4331
4.33.1 - FUNDO DE DESENVOLVIMENTO METROPOLITANO - FDM;1.30.0 - SECRETARIA DE ESTADO DE INFRAESTRUTURA, MOBILIDADE E PARCERIA - SEINFRA;6. RECEITA DISPONÍVEL (5 - 4);;;4004080,00;1;4331
4.34.1 - FUNDO DE RECUPERAÇÃO, PROTEÇÃO E DESENVOLVIMENTO SUSTENTÁVEL DAS BACIAS HIDROGRÁFICAS DO ESTADO DE MINAS GERAIS - FHIDRO;1.37.0 - SECRETARIA DE ESTADO DE MEIO AMBIENTE E DESENVOLVIMENTO SUSTENTÁVEL - SEMAD;2. RECURSOS REPASSADOS PELO TESOURO ESTADUAL;;;;1;4341
4.34.1 - FUNDO DE RECUPERAÇÃO, PROTEÇÃO E DESENVOLVIMENTO SUSTENTÁVEL DAS BACIAS HIDROGRÁFICAS DO ESTADO DE MINAS GERAIS - FHIDRO;1.37.0 - SECRETARIA DE ESTADO DE MEIO AMBIENTE E DESENVOLVIMENTO SUSTENTÁVEL - SEMAD;DESPESAS CORRENTES;0,00;36485544,00;36485544,00;2;4341
4.34.1 - FUNDO DE RECUPERAÇÃO, PROTEÇÃO E DESENVOLVIMENTO SUSTENTÁVEL DAS BACIAS HIDROGRÁFICAS DO ESTADO DE MINAS GERAIS - FHIDRO;1.37.0 - SECRETARIA DE ESTADO DE MEIO AMBIENTE E DESENVOLVIMENTO SUSTENTÁVEL - SEMAD;DESPESAS DE CAPITAL;0,00;2500000,00;2500000,00;2;4341
4.34.1 - FUNDO DE RECUPERAÇÃO, PROTEÇÃO E DESENVOLVIMENTO SUSTENTÁVEL DAS BACIAS HIDROGRÁFICAS DO ESTADO DE MINAS GERAIS - FHIDRO;1.37.0 - SECRETARIA DE ESTADO DE MEIO AMBIENTE E DESENVOLVIMENTO SUSTENTÁVEL - SEMAD;SUBTOTAL 2;0,00;38985544,00;38985544,00;1;4341
4.34.1 - FUNDO DE RECUPERAÇÃO, PROTEÇÃO E DESENVOLVIMENTO SUSTENTÁVEL DAS BACIAS HIDROGRÁFICAS DO ESTADO DE MINAS GERAIS - FHIDRO;1.37.0 - SECRETARIA DE ESTADO DE MEIO AMBIENTE E DESENVOLVIMENTO SUSTENTÁVEL - SEMAD;3. RECURSOS RECEBIDOS DE ÓRGÃOS E ENTIDADES DO ORÇAMENTO FISCAL;;;;1;4341
4.34.1 - FUNDO DE RECUPERAÇÃO, PROTEÇÃO E DESENVOLVIMENTO SUSTENTÁVEL DAS BACIAS HIDROGRÁFICAS DO ESTADO DE MINAS GERAIS - FHIDRO;1.37.0 - SECRETARIA DE ESTADO DE MEIO AMBIENTE E DESENVOLVIMENTO SUSTENTÁVEL - SEMAD;SUBTOTAL 3;;;;1;4341
4.34.1 - FUNDO DE RECUPERAÇÃO, PROTEÇÃO E DESENVOLVIMENTO SUSTENTÁVEL DAS BACIAS HIDROGRÁFICAS DO ESTADO DE MINAS GERAIS - FHIDRO;1.37.0 - SECRETARIA DE ESTADO DE MEIO AMBIENTE E DESENVOLVIMENTO SUSTENTÁVEL - SEMAD;4. RECURSOS REPASSADOS A ÓRGÃOS E ENTIDADES DO ORÇAMENTO FISCAL;;;;1;4341
4.34.1 - FUNDO DE RECUPERAÇÃO, PROTEÇÃO E DESENVOLVIMENTO SUSTENTÁVEL DAS BACIAS HIDROGRÁFICAS DO ESTADO DE MINAS GERAIS - FHIDRO;1.37.0 - SECRETARIA DE ESTADO DE MEIO AMBIENTE E DESENVOLVIMENTO SUSTENTÁVEL - SEMAD;SUBTOTAL 4;;;;1;4341
4.34.1 - FUNDO DE RECUPERAÇÃO, PROTEÇÃO E DESENVOLVIMENTO SUSTENTÁVEL DAS BACIAS HIDROGRÁFICAS DO ESTADO DE MINAS GERAIS - FHIDRO;1.37.0 - SECRETARIA DE ESTADO DE MEIO AMBIENTE E DESENVOLVIMENTO SUSTENTÁVEL - SEMAD;5. RECEITA TOTAL (1 + 2 + 3);;;39265544,00;1;4341
4.34.1 - FUNDO DE RECUPERAÇÃO, PROTEÇÃO E DESENVOLVIMENTO SUSTENTÁVEL DAS BACIAS HIDROGRÁFICAS DO ESTADO DE MINAS GERAIS - FHIDRO;1.37.0 - SECRETARIA DE ESTADO DE MEIO AMBIENTE E DESENVOLVIMENTO SUSTENTÁVEL - SEMAD;6. RECEITA DISPONÍVEL (5 - 4);;;39265544,00;1;4341
4.38.1 - FUNDO ESTADUAL DE DESENVOLVIMENTO DE TRANSPORTES - FUNTRANS;1.30.0 - SECRETARIA DE ESTADO DE INFRAESTRUTURA, MOBILIDADE E PARCERIA - SEINFRA;2. RECURSOS REPASSADOS PELO TESOURO ESTADUAL;;;;1;4381
4.38.1 - FUNDO ESTADUAL DE DESENVOLVIMENTO DE TRANSPORTES - FUNTRANS;1.30.0 - SECRETARIA DE ESTADO DE INFRAESTRUTURA, MOBILIDADE E PARCERIA - SEINFRA;SUBTOTAL 2;;;;1;4381
4.38.1 - FUNDO ESTADUAL DE DESENVOLVIMENTO DE TRANSPORTES - FUNTRANS;1.30.0 - SECRETARIA DE ESTADO DE INFRAESTRUTURA, MOBILIDADE E PARCERIA - SEINFRA;3. RECURSOS RECEBIDOS DE ÓRGÃOS E ENTIDADES DO ORÇAMENTO FISCAL;;;;1;4381
4.38.1 - FUNDO ESTADUAL DE DESENVOLVIMENTO DE TRANSPORTES - FUNTRANS;1.30.0 - SECRETARIA DE ESTADO DE INFRAESTRUTURA, MOBILIDADE E PARCERIA - SEINFRA;SUBTOTAL 3;;;;1;4381
4.38.1 - FUNDO ESTADUAL DE DESENVOLVIMENTO DE TRANSPORTES - FUNTRANS;1.30.0 - SECRETARIA DE ESTADO DE INFRAESTRUTURA, MOBILIDADE E PARCERIA - SEINFRA;4. RECURSOS REPASSADOS A ÓRGÃOS E ENTIDADES DO ORÇAMENTO FISCAL;;;;1;4381
4.38.1 - FUNDO ESTADUAL DE DESENVOLVIMENTO DE TRANSPORTES - FUNTRANS;1.30.0 - SECRETARIA DE ESTADO DE INFRAESTRUTURA, MOBILIDADE E PARCERIA - SEINFRA;1191 - SECRETARIA DE ESTADO DE FAZENDA;;;960000,00;2;4381
4.38.1 - FUNDO ESTADUAL DE DESENVOLVIMENTO DE TRANSPORTES - FUNTRANS;1.30.0 - SECRETARIA DE ESTADO DE INFRAESTRUTURA, MOBILIDADE E PARCERIA - SEINFRA;1251 - POLÍCIA MILITAR DO ESTADO DE MINAS GERAIS;;;15000000,00;2;4381
4.38.1 - FUNDO ESTADUAL DE DESENVOLVIMENTO DE TRANSPORTES - FUNTRANS;1.30.0 - SECRETARIA DE ESTADO DE INFRAESTRUTURA, MOBILIDADE E PARCERIA - SEINFRA;2471 - AGÊNCIA REGULADORA DE TRANSPORTES DO ESTADO DE MINAS GERAIS;;;39636950,00;2;4381
4.38.1 - FUNDO ESTADUAL DE DESENVOLVIMENTO DE TRANSPORTES - FUNTRANS;1.30.0 - SECRETARIA DE ESTADO DE INFRAESTRUTURA, MOBILIDADE E PARCERIA - SEINFRA;4631 - FUNDO DE PAGAMENTO DE PARCERIAS PÚBLICO - PRIVADAS DE MINAS GERAIS;;;60788935,00;2;4381
4.38.1 - FUNDO ESTADUAL DE DESENVOLVIMENTO DE TRANSPORTES - FUNTRANS;1.30.0 - SECRETARIA DE ESTADO DE INFRAESTRUTURA, MOBILIDADE E PARCERIA - SEINFRA;SUBTOTAL 4;;;116385885,00;1;4381
4.38.1 - FUNDO ESTADUAL DE DESENVOLVIMENTO DE TRANSPORTES - FUNTRANS;1.30.0 - SECRETARIA DE ESTADO DE INFRAESTRUTURA, MOBILIDADE E PARCERIA - SEINFRA;5. RECEITA TOTAL (1 + 2 + 3);;;510862270,00;1;4381
4.38.1 - FUNDO ESTADUAL DE DESENVOLVIMENTO DE TRANSPORTES - FUNTRANS;1.30.0 - SECRETARIA DE ESTADO DE INFRAESTRUTURA, MOBILIDADE E PARCERIA - SEINFRA;6. RECEITA DISPONÍVEL (5 - 4);;;394476385,00;1;4381
4.42.1 - FUNDO ESTADUAL DE DEFESA DE DIREITOS DIFUSOS - FUNDIF;1.48.0 - SECRETARIA DE ESTADO DE DESENVOLVIMENTO SOCIAL - SEDESE;2. RECURSOS REPASSADOS PELO TESOURO ESTADUAL;;;;1;4421
4.42.1 - FUNDO ESTADUAL DE DEFESA DE DIREITOS DIFUSOS - FUNDIF;1.48.0 - SECRETARIA DE ESTADO DE DESENVOLVIMENTO SOCIAL - SEDESE;SUBTOTAL 2;;;;1;4421
4.42.1 - FUNDO ESTADUAL DE DEFESA DE DIREITOS DIFUSOS - FUNDIF;1.48.0 - SECRETARIA DE ESTADO DE DESENVOLVIMENTO SOCIAL - SEDESE;3. RECURSOS RECEBIDOS DE ÓRGÃOS E ENTIDADES DO ORÇAMENTO FISCAL;;;;1;4421
4.42.1 - FUNDO ESTADUAL DE DEFESA DE DIREITOS DIFUSOS - FUNDIF;1.48.0 - SECRETARIA DE ESTADO DE DESENVOLVIMENTO SOCIAL - SEDESE;SUBTOTAL 3;;;;1;4421
4.42.1 - FUNDO ESTADUAL DE DEFESA DE DIREITOS DIFUSOS - FUNDIF;1.48.0 - SECRETARIA DE ESTADO DE DESENVOLVIMENTO SOCIAL - SEDESE;4. RECURSOS REPASSADOS A ÓRGÃOS E ENTIDADES DO ORÇAMENTO FISCAL;;;;1;4421
4.42.1 - FUNDO ESTADUAL DE DEFESA DE DIREITOS DIFUSOS - FUNDIF;1.48.0 - SECRETARIA DE ESTADO DE DESENVOLVIMENTO SOCIAL - SEDESE;SUBTOTAL 4;;;;1;4421
4.42.1 - FUNDO ESTADUAL DE DEFESA DE DIREITOS DIFUSOS - FUNDIF;1.48.0 - SECRETARIA DE ESTADO DE DESENVOLVIMENTO SOCIAL - SEDESE;5. RECEITA TOTAL (1 + 2 + 3);;;9754685,00;1;4421
4.42.1 - FUNDO ESTADUAL DE DEFESA DE DIREITOS DIFUSOS - FUNDIF;1.48.0 - SECRETARIA DE ESTADO DE DESENVOLVIMENTO SOCIAL - SEDESE;6. RECEITA DISPONÍVEL (5 - 4);;;9754685,00;1;4421
4.44.1 - FUNDO ESPECIAL DO MINISTÉRIO PÚBLICO DO ESTADO DE MINAS GERAIS - FUNEMP;1.09.0 - MINISTÉRIO PÚBLICO DO ESTADO DE MINAS GERAIS - MPMG;2. RECURSOS REPASSADOS PELO TESOURO ESTADUAL;;;;1;4441
4.44.1 - FUNDO ESPECIAL DO MINISTÉRIO PÚBLICO DO ESTADO DE MINAS GERAIS - FUNEMP;1.09.0 - MINISTÉRIO PÚBLICO DO ESTADO DE MINAS GERAIS - MPMG;SUBTOTAL 2;;;;1;4441
4.44.1 - FUNDO ESPECIAL DO MINISTÉRIO PÚBLICO DO ESTADO DE MINAS GERAIS - FUNEMP;1.09.0 - MINISTÉRIO PÚBLICO DO ESTADO DE MINAS GERAIS - MPMG;3. RECURSOS RECEBIDOS DE ÓRGÃOS E ENTIDADES DO ORÇAMENTO FISCAL;;;;1;4441
4.44.1 - FUNDO ESPECIAL DO MINISTÉRIO PÚBLICO DO ESTADO DE MINAS GERAIS - FUNEMP;1.09.0 - MINISTÉRIO PÚBLICO DO ESTADO DE MINAS GERAIS - MPMG;SUBTOTAL 3;;;;1;4441
4.44.1 - FUNDO ESPECIAL DO MINISTÉRIO PÚBLICO DO ESTADO DE MINAS GERAIS - FUNEMP;1.09.0 - MINISTÉRIO PÚBLICO DO ESTADO DE MINAS GERAIS - MPMG;4. RECURSOS REPASSADOS A ÓRGÃOS E ENTIDADES DO ORÇAMENTO FISCAL;;;;1;4441
4.44.1 - FUNDO ESPECIAL DO MINISTÉRIO PÚBLICO DO ESTADO DE MINAS GERAIS - FUNEMP;1.09.0 - MINISTÉRIO PÚBLICO DO ESTADO DE MINAS GERAIS - MPMG;SUBTOTAL 4;;;;1;4441
4.44.1 - FUNDO ESPECIAL DO MINISTÉRIO PÚBLICO DO ESTADO DE MINAS GERAIS - FUNEMP;1.09.0 - MINISTÉRIO PÚBLICO DO ESTADO DE MINAS GERAIS - MPMG;5. RECEITA TOTAL (1 + 2 + 3);;;60050000,00;1;4441
4.44.1 - FUNDO ESPECIAL DO MINISTÉRIO PÚBLICO DO ESTADO DE MINAS GERAIS - FUNEMP;1.09.0 - MINISTÉRIO PÚBLICO DO ESTADO DE MINAS GERAIS - MPMG;6. RECEITA DISPONÍVEL (5 - 4);;;60050000,00;1;4441
4.45.1 - FUNDO ESTADUAL DE PROTEÇÃO E DEFESA DO CONSUMIDOR - FEPDC;1.09.0 - MINISTÉRIO PÚBLICO DO ESTADO DE MINAS GERAIS - MPMG;2. RECURSOS REPASSADOS PELO TESOURO ESTADUAL;;;;1;4451
4.45.1 - FUNDO ESTADUAL DE PROTEÇÃO E DEFESA DO CONSUMIDOR - FEPDC;1.09.0 - MINISTÉRIO PÚBLICO DO ESTADO DE MINAS GERAIS - MPMG;SUBTOTAL 2;;;;1;4451
4.45.1 - FUNDO ESTADUAL DE PROTEÇÃO E DEFESA DO CONSUMIDOR - FEPDC;1.09.0 - MINISTÉRIO PÚBLICO DO ESTADO DE MINAS GERAIS - MPMG;3. RECURSOS RECEBIDOS DE ÓRGÃOS E ENTIDADES DO ORÇAMENTO FISCAL;;;;1;4451
4.45.1 - FUNDO ESTADUAL DE PROTEÇÃO E DEFESA DO CONSUMIDOR - FEPDC;1.09.0 - MINISTÉRIO PÚBLICO DO ESTADO DE MINAS GERAIS - MPMG;SUBTOTAL 3;;;;1;4451
4.45.1 - FUNDO ESTADUAL DE PROTEÇÃO E DEFESA DO CONSUMIDOR - FEPDC;1.09.0 - MINISTÉRIO PÚBLICO DO ESTADO DE MINAS GERAIS - MPMG;4. RECURSOS REPASSADOS A ÓRGÃOS E ENTIDADES DO ORÇAMENTO FISCAL;;;;1;4451
4.45.1 - FUNDO ESTADUAL DE PROTEÇÃO E DEFESA DO CONSUMIDOR - FEPDC;1.09.0 - MINISTÉRIO PÚBLICO DO ESTADO DE MINAS GERAIS - MPMG;SUBTOTAL 4;;;;1;4451
4.45.1 - FUNDO ESTADUAL DE PROTEÇÃO E DEFESA DO CONSUMIDOR - FEPDC;1.09.0 - MINISTÉRIO PÚBLICO DO ESTADO DE MINAS GERAIS - MPMG;5. RECEITA TOTAL (1 + 2 + 3);;;70050000,00;1;4451
4.45.1 - FUNDO ESTADUAL DE PROTEÇÃO E DEFESA DO CONSUMIDOR - FEPDC;1.09.0 - MINISTÉRIO PÚBLICO DO ESTADO DE MINAS GERAIS - MPMG;6. RECEITA DISPONÍVEL (5 - 4);;;70050000,00;1;4451
4.49.1 - FUNDO ESTADUAL DE CULTURA - FEC;1.27.0 - SECRETARIA DE ESTADO DE CULTURA E TURISMO - SECULT;2. RECURSOS REPASSADOS PELO TESOURO ESTADUAL;;;;1;4491
4.49.1 - FUNDO ESTADUAL DE CULTURA - FEC;1.27.0 - SECRETARIA DE ESTADO DE CULTURA E TURISMO - SECULT;DESPESAS CORRENTES;1000000,00;0,00;1000000,00;2;4491
4.49.1 - FUNDO ESTADUAL DE CULTURA - FEC;1.27.0 - SECRETARIA DE ESTADO DE CULTURA E TURISMO - SECULT;SUBTOTAL 2;1000000,00;0,00;1000000,00;1;4491
4.49.1 - FUNDO ESTADUAL DE CULTURA - FEC;1.27.0 - SECRETARIA DE ESTADO DE CULTURA E TURISMO - SECULT;3. RECURSOS RECEBIDOS DE ÓRGÃOS E ENTIDADES DO ORÇAMENTO FISCAL;;;;1;4491
4.49.1 - FUNDO ESTADUAL DE CULTURA - FEC;1.27.0 - SECRETARIA DE ESTADO DE CULTURA E TURISMO - SECULT;SUBTOTAL 3;;;;1;4491
4.49.1 - FUNDO ESTADUAL DE CULTURA - FEC;1.27.0 - SECRETARIA DE ESTADO DE CULTURA E TURISMO - SECULT;4. RECURSOS REPASSADOS A ÓRGÃOS E ENTIDADES DO ORÇAMENTO FISCAL;;;;1;4491
4.49.1 - FUNDO ESTADUAL DE CULTURA - FEC;1.27.0 - SECRETARIA DE ESTADO DE CULTURA E TURISMO - SECULT;3151 - EMPRESA MINEIRA DE COMUNICAÇÃO;;;1000,00;2;4491
4.49.1 - FUNDO ESTADUAL DE CULTURA - FEC;1.27.0 - SECRETARIA DE ESTADO DE CULTURA E TURISMO - SECULT;SUBTOTAL 4;;;1000,00;1;4491
4.49.1 - FUNDO ESTADUAL DE CULTURA - FEC;1.27.0 - SECRETARIA DE ESTADO DE CULTURA E TURISMO - SECULT;5. RECEITA TOTAL (1 + 2 + 3);;;33000000,00;1;4491
4.49.1 - FUNDO ESTADUAL DE CULTURA - FEC;1.27.0 - SECRETARIA DE ESTADO DE CULTURA E TURISMO - SECULT;6. RECEITA DISPONÍVEL (5 - 4);;;32999000,00;1;4491
4.54.1 - FUNDO DE APOIO HABITACIONAL AOS MILITARES DO ESTADO DE MINAS GERAIS - FAHMEMG;1.25.0 - POLÍCIA MILITAR DO ESTADO DE MINAS GERAIS - PMMG;2. RECURSOS REPASSADOS PELO TESOURO ESTADUAL;;;;1;4541
4.54.1 - FUNDO DE APOIO HABITACIONAL AOS MILITARES DO ESTADO DE MINAS GERAIS - FAHMEMG;1.25.0 - POLÍCIA MILITAR DO ESTADO DE MINAS GERAIS - PMMG;SUBTOTAL 2;;;;1;4541
4.54.1 - FUNDO DE APOIO HABITACIONAL AOS MILITARES DO ESTADO DE MINAS GERAIS - FAHMEMG;1.25.0 - POLÍCIA MILITAR DO ESTADO DE MINAS GERAIS - PMMG;3. RECURSOS RECEBIDOS DE ÓRGÃOS E ENTIDADES DO ORÇAMENTO FISCAL;;;;1;4541
4.54.1 - FUNDO DE APOIO HABITACIONAL AOS MILITARES DO ESTADO DE MINAS GERAIS - FAHMEMG;1.25.0 - POLÍCIA MILITAR DO ESTADO DE MINAS GERAIS - PMMG;SUBTOTAL 3;;;;1;4541
4.54.1 - FUNDO DE APOIO HABITACIONAL AOS MILITARES DO ESTADO DE MINAS GERAIS - FAHMEMG;1.25.0 - POLÍCIA MILITAR DO ESTADO DE MINAS GERAIS - PMMG;4. RECURSOS REPASSADOS A ÓRGÃOS E ENTIDADES DO ORÇAMENTO FISCAL;;;;1;4541
4.54.1 - FUNDO DE APOIO HABITACIONAL AOS MILITARES DO ESTADO DE MINAS GERAIS - FAHMEMG;1.25.0 - POLÍCIA MILITAR DO ESTADO DE MINAS GERAIS - PMMG;SUBTOTAL 4;;;;1;4541
4.54.1 - FUNDO DE APOIO HABITACIONAL AOS MILITARES DO ESTADO DE MINAS GERAIS - FAHMEMG;1.25.0 - POLÍCIA MILITAR DO ESTADO DE MINAS GERAIS - PMMG;5. RECEITA TOTAL (1 + 2 + 3);;;29438285,00;1;4541
4.54.1 - FUNDO DE APOIO HABITACIONAL AOS MILITARES DO ESTADO DE MINAS GERAIS - FAHMEMG;1.25.0 - POLÍCIA MILITAR DO ESTADO DE MINAS GERAIS - PMMG;6. RECEITA DISPONÍVEL (5 - 4);;;29438285,00;1;4541
4.55.1 - FUNDO DE ASSISTÊNCIA AO PECÚLIO DOS SERVIDORES DO ESTADO DE MINAS GERAIS - FUNAPEC;1.50.0 - SECRETARIA DE ESTADO DE PLANEJAMENTO E GESTÃO - SEPLAG;2. RECURSOS REPASSADOS PELO TESOURO ESTADUAL;;;;1;4551
4.55.1 - FUNDO DE ASSISTÊNCIA AO PECÚLIO DOS SERVIDORES DO ESTADO DE MINAS GERAIS - FUNAPEC;1.50.0 - SECRETARIA DE ESTADO DE PLANEJAMENTO E GESTÃO - SEPLAG;DESPESAS CORRENTES;34326424,00;0,00;34326424,00;2;4551
4.55.1 - FUNDO DE ASSISTÊNCIA AO PECÚLIO DOS SERVIDORES DO ESTADO DE MINAS GERAIS - FUNAPEC;1.50.0 - SECRETARIA DE ESTADO DE PLANEJAMENTO E GESTÃO - SEPLAG;SUBTOTAL 2;34326424,00;0,00;34326424,00;1;4551
4.55.1 - FUNDO DE ASSISTÊNCIA AO PECÚLIO DOS SERVIDORES DO ESTADO DE MINAS GERAIS - FUNAPEC;1.50.0 - SECRETARIA DE ESTADO DE PLANEJAMENTO E GESTÃO - SEPLAG;3. RECURSOS RECEBIDOS DE ÓRGÃOS E ENTIDADES DO ORÇAMENTO FISCAL;;;;1;4551
4.55.1 - FUNDO DE ASSISTÊNCIA AO PECÚLIO DOS SERVIDORES DO ESTADO DE MINAS GERAIS - FUNAPEC;1.50.0 - SECRETARIA DE ESTADO DE PLANEJAMENTO E GESTÃO - SEPLAG;SUBTOTAL 3;;;;1;4551
4.55.1 - FUNDO DE ASSISTÊNCIA AO PECÚLIO DOS SERVIDORES DO ESTADO DE MINAS GERAIS - FUNAPEC;1.50.0 - SECRETARIA DE ESTADO DE PLANEJAMENTO E GESTÃO - SEPLAG;4. RECURSOS REPASSADOS A ÓRGÃOS E ENTIDADES DO ORÇAMENTO FISCAL;;;;1;4551
4.55.1 - FUNDO DE ASSISTÊNCIA AO PECÚLIO DOS SERVIDORES DO ESTADO DE MINAS GERAIS - FUNAPEC;1.50.0 - SECRETARIA DE ESTADO DE PLANEJAMENTO E GESTÃO - SEPLAG;SUBTOTAL 4;;;;1;4551
4.55.1 - FUNDO DE ASSISTÊNCIA AO PECÚLIO DOS SERVIDORES DO ESTADO DE MINAS GERAIS - FUNAPEC;1.50.0 - SECRETARIA DE ESTADO DE PLANEJAMENTO E GESTÃO - SEPLAG;5. RECEITA TOTAL (1 + 2 + 3);;;126417426,00;1;4551
4.55.1 - FUNDO DE ASSISTÊNCIA AO PECÚLIO DOS SERVIDORES DO ESTADO DE MINAS GERAIS - FUNAPEC;1.50.0 - SECRETARIA DE ESTADO DE PLANEJAMENTO E GESTÃO - SEPLAG;6. RECEITA DISPONÍVEL (5 - 4);;;126417426,00;1;4551
4.60.1 - FUNDO ESTADUAL DOS DIREITOS DO IDOSO - FEI;1.48.0 - SECRETARIA DE ESTADO DE DESENVOLVIMENTO SOCIAL - SEDESE;2. RECURSOS REPASSADOS PELO TESOURO ESTADUAL;;;;1;4601
4.60.1 - FUNDO ESTADUAL DOS DIREITOS DO IDOSO - FEI;1.48.0 - SECRETARIA DE ESTADO DE DESENVOLVIMENTO SOCIAL - SEDESE;SUBTOTAL 2;;;;1;4601
4.60.1 - FUNDO ESTADUAL DOS DIREITOS DO IDOSO - FEI;1.48.0 - SECRETARIA DE ESTADO DE DESENVOLVIMENTO SOCIAL - SEDESE;3. RECURSOS RECEBIDOS DE ÓRGÃOS E ENTIDADES DO ORÇAMENTO FISCAL;;;;1;4601
4.60.1 - FUNDO ESTADUAL DOS DIREITOS DO IDOSO - FEI;1.48.0 - SECRETARIA DE ESTADO DE DESENVOLVIMENTO SOCIAL - SEDESE;SUBTOTAL 3;;;;1;4601
4.60.1 - FUNDO ESTADUAL DOS DIREITOS DO IDOSO - FEI;1.48.0 - SECRETARIA DE ESTADO DE DESENVOLVIMENTO SOCIAL - SEDESE;4. RECURSOS REPASSADOS A ÓRGÃOS E ENTIDADES DO ORÇAMENTO FISCAL;;;;1;4601
4.60.1 - FUNDO ESTADUAL DOS DIREITOS DO IDOSO - FEI;1.48.0 - SECRETARIA DE ESTADO DE DESENVOLVIMENTO SOCIAL - SEDESE;SUBTOTAL 4;;;;1;4601
4.60.1 - FUNDO ESTADUAL DOS DIREITOS DO IDOSO - FEI;1.48.0 - SECRETARIA DE ESTADO DE DESENVOLVIMENTO SOCIAL - SEDESE;5. RECEITA TOTAL (1 + 2 + 3);;;1153028,00;1;4601
4.60.1 - FUNDO ESTADUAL DOS DIREITOS DO IDOSO - FEI;1.48.0 - SECRETARIA DE ESTADO DE DESENVOLVIMENTO SOCIAL - SEDESE;6. RECEITA DISPONÍVEL (5 - 4);;;1153028,00;1;4601
4.61.1 - FUNDO DO TRIBUNAL DE CONTAS DO ESTADO DE MINAS GERAIS - FUNCONTAS;1.02.0 - TRIBUNAL DE CONTAS DO ESTADO DE MINAS GERAIS - TCEMG;2. RECURSOS REPASSADOS PELO TESOURO ESTADUAL;;;;1;4611
4.61.1 - FUNDO DO TRIBUNAL DE CONTAS DO ESTADO DE MINAS GERAIS - FUNCONTAS;1.02.0 - TRIBUNAL DE CONTAS DO ESTADO DE MINAS GERAIS - TCEMG;SUBTOTAL 2;;;;1;4611
4.61.1 - FUNDO DO TRIBUNAL DE CONTAS DO ESTADO DE MINAS GERAIS - FUNCONTAS;1.02.0 - TRIBUNAL DE CONTAS DO ESTADO DE MINAS GERAIS - TCEMG;3. RECURSOS RECEBIDOS DE ÓRGÃOS E ENTIDADES DO ORÇAMENTO FISCAL;;;;1;4611
4.61.1 - FUNDO DO TRIBUNAL DE CONTAS DO ESTADO DE MINAS GERAIS - FUNCONTAS;1.02.0 - TRIBUNAL DE CONTAS DO ESTADO DE MINAS GERAIS - TCEMG;SUBTOTAL 3;;;;1;4611
4.61.1 - FUNDO DO TRIBUNAL DE CONTAS DO ESTADO DE MINAS GERAIS - FUNCONTAS;1.02.0 - TRIBUNAL DE CONTAS DO ESTADO DE MINAS GERAIS - TCEMG;4. RECURSOS REPASSADOS A ÓRGÃOS E ENTIDADES DO ORÇAMENTO FISCAL;;;;1;4611
4.61.1 - FUNDO DO TRIBUNAL DE CONTAS DO ESTADO DE MINAS GERAIS - FUNCONTAS;1.02.0 - TRIBUNAL DE CONTAS DO ESTADO DE MINAS GERAIS - TCEMG;SUBTOTAL 4;;;;1;4611
4.61.1 - FUNDO DO TRIBUNAL DE CONTAS DO ESTADO DE MINAS GERAIS - FUNCONTAS;1.02.0 - TRIBUNAL DE CONTAS DO ESTADO DE MINAS GERAIS - TCEMG;5. RECEITA TOTAL (1 + 2 + 3);;;6992000,00;1;4611
4.61.1 - FUNDO DO TRIBUNAL DE CONTAS DO ESTADO DE MINAS GERAIS - FUNCONTAS;1.02.0 - TRIBUNAL DE CONTAS DO ESTADO DE MINAS GERAIS - TCEMG;6. RECEITA DISPONÍVEL (5 - 4);;;6992000,00;1;4611
4.62.1 - FUNDO DE INVESTIMENTO DO ESTADO DE MINAS GERAIS - MG INVESTE;1.19.0 - SECRETARIA DE ESTADO DE FAZENDA - SEF;2. RECURSOS REPASSADOS PELO TESOURO ESTADUAL;;;;1;4621
4.62.1 - FUNDO DE INVESTIMENTO DO ESTADO DE MINAS GERAIS - MG INVESTE;1.19.0 - SECRETARIA DE ESTADO DE FAZENDA - SEF;SUBTOTAL 2;;;;1;4621
4.62.1 - FUNDO DE INVESTIMENTO DO ESTADO DE MINAS GERAIS - MG INVESTE;1.19.0 - SECRETARIA DE ESTADO DE FAZENDA - SEF;3. RECURSOS RECEBIDOS DE ÓRGÃOS E ENTIDADES DO ORÇAMENTO FISCAL;;;;1;4621
4.62.1 - FUNDO DE INVESTIMENTO DO ESTADO DE MINAS GERAIS - MG INVESTE;1.19.0 - SECRETARIA DE ESTADO DE FAZENDA - SEF;SUBTOTAL 3;;;;1;4621
4.62.1 - FUNDO DE INVESTIMENTO DO ESTADO DE MINAS GERAIS - MG INVESTE;1.19.0 - SECRETARIA DE ESTADO DE FAZENDA - SEF;4. RECURSOS REPASSADOS A ÓRGÃOS E ENTIDADES DO ORÇAMENTO FISCAL;;;;1;4621
4.62.1 - FUNDO DE INVESTIMENTO DO ESTADO DE MINAS GERAIS - MG INVESTE;1.19.0 - SECRETARIA DE ESTADO DE FAZENDA - SEF;SUBTOTAL 4;;;;1;4621
4.62.1 - FUNDO DE INVESTIMENTO DO ESTADO DE MINAS GERAIS - MG INVESTE;1.19.0 - SECRETARIA DE ESTADO DE FAZENDA - SEF;5. RECEITA TOTAL (1 + 2 + 3);;;15800000,00;1;4621
4.62.1 - FUNDO DE INVESTIMENTO DO ESTADO DE MINAS GERAIS - MG INVESTE;1.19.0 - SECRETARIA DE ESTADO DE FAZENDA - SEF;6. RECEITA DISPONÍVEL (5 - 4);;;15800000,00;1;4621
4.63.1 - FUNDO DE PAGAMENTO DE PARCERIAS PÚBLICO - PRIVADAS DE MINAS GERAIS - FPP - MG;1.30.0 - SECRETARIA DE ESTADO DE INFRAESTRUTURA, MOBILIDADE E PARCERIA - SEINFRA;2. RECURSOS REPASSADOS PELO TESOURO ESTADUAL;;;;1;4631
4.63.1 - FUNDO DE PAGAMENTO DE PARCERIAS PÚBLICO - PRIVADAS DE MINAS GERAIS - FPP - MG;1.30.0 - SECRETARIA DE ESTADO DE INFRAESTRUTURA, MOBILIDADE E PARCERIA - SEINFRA;DESPESAS CORRENTES;256055154,00;0,00;256055154,00;2;4631
4.63.1 - FUNDO DE PAGAMENTO DE PARCERIAS PÚBLICO - PRIVADAS DE MINAS GERAIS - FPP - MG;1.30.0 - SECRETARIA DE ESTADO DE INFRAESTRUTURA, MOBILIDADE E PARCERIA - SEINFRA;DESPESAS DE CAPITAL;249143427,00;906380298,00;1155523725,00;2;4631
4.63.1 - FUNDO DE PAGAMENTO DE PARCERIAS PÚBLICO - PRIVADAS DE MINAS GERAIS - FPP - MG;1.30.0 - SECRETARIA DE ESTADO DE INFRAESTRUTURA, MOBILIDADE E PARCERIA - SEINFRA;SUBTOTAL 2;505198581,00;906380298,00;1411578879,00;1;4631
4.63.1 - FUNDO DE PAGAMENTO DE PARCERIAS PÚBLICO - PRIVADAS DE MINAS GERAIS - FPP - MG;1.30.0 - SECRETARIA DE ESTADO DE INFRAESTRUTURA, MOBILIDADE E PARCERIA - SEINFRA;3. RECURSOS RECEBIDOS DE ÓRGÃOS E ENTIDADES DO ORÇAMENTO FISCAL;;;;1;4631
4.63.1 - FUNDO DE PAGAMENTO DE PARCERIAS PÚBLICO - PRIVADAS DE MINAS GERAIS - FPP - MG;1.30.0 - SECRETARIA DE ESTADO DE INFRAESTRUTURA, MOBILIDADE E PARCERIA - SEINFRA;1301 - SECRETARIA DE ESTADO DE INFRAESTRUTURA, MOBILIDADE E PARCERIAS;;;3372264,00;2;4631
4.63.1 - FUNDO DE PAGAMENTO DE PARCERIAS PÚBLICO - PRIVADAS DE MINAS GERAIS - FPP - MG;1.30.0 - SECRETARIA DE ESTADO DE INFRAESTRUTURA, MOBILIDADE E PARCERIA - SEINFRA;4381 - FUNDO ESTADUAL DE DESENVOLVIMENTO DE TRANSPORTES;;;60788935,00;2;4631
4.63.1 - FUNDO DE PAGAMENTO DE PARCERIAS PÚBLICO - PRIVADAS DE MINAS GERAIS - FPP - MG;1.30.0 - SECRETARIA DE ESTADO DE INFRAESTRUTURA, MOBILIDADE E PARCERIA - SEINFRA;SUBTOTAL 3;;;64161199,00;1;4631
4.63.1 - FUNDO DE PAGAMENTO DE PARCERIAS PÚBLICO - PRIVADAS DE MINAS GERAIS - FPP - MG;1.30.0 - SECRETARIA DE ESTADO DE INFRAESTRUTURA, MOBILIDADE E PARCERIA - SEINFRA;4. RECURSOS REPASSADOS A ÓRGÃOS E ENTIDADES DO ORÇAMENTO FISCAL;;;;1;4631
4.63.1 - FUNDO DE PAGAMENTO DE PARCERIAS PÚBLICO - PRIVADAS DE MINAS GERAIS - FPP - MG;1.30.0 - SECRETARIA DE ESTADO DE INFRAESTRUTURA, MOBILIDADE E PARCERIA - SEINFRA;SUBTOTAL 4;;;;1;4631
4.63.1 - FUNDO DE PAGAMENTO DE PARCERIAS PÚBLICO - PRIVADAS DE MINAS GERAIS - FPP - MG;1.30.0 - SECRETARIA DE ESTADO DE INFRAESTRUTURA, MOBILIDADE E PARCERIA - SEINFRA;5. RECEITA TOTAL (1 + 2 + 3);;;1475741078,00;1;4631
4.63.1 - FUNDO DE PAGAMENTO DE PARCERIAS PÚBLICO - PRIVADAS DE MINAS GERAIS - FPP - MG;1.30.0 - SECRETARIA DE ESTADO DE INFRAESTRUTURA, MOBILIDADE E PARCERIA - SEINFRA;6. RECEITA DISPONÍVEL (5 - 4);;;1475741078,00;1;4631
4.64.1 - FUNDO DE GARANTIAS DE PARCERIAS PÚBLICO - PRIVADAS DE MINAS GERAIS - FGP - MG;1.30.0 - SECRETARIA DE ESTADO DE INFRAESTRUTURA, MOBILIDADE E PARCERIA - SEINFRA;2. RECURSOS REPASSADOS PELO TESOURO ESTADUAL;;;;1;4641
4.64.1 - FUNDO DE GARANTIAS DE PARCERIAS PÚBLICO - PRIVADAS DE MINAS GERAIS - FGP - MG;1.30.0 - SECRETARIA DE ESTADO DE INFRAESTRUTURA, MOBILIDADE E PARCERIA - SEINFRA;DESPESAS CORRENTES;1000,00;0,00;1000,00;2;4641
4.64.1 - FUNDO DE GARANTIAS DE PARCERIAS PÚBLICO - PRIVADAS DE MINAS GERAIS - FGP - MG;1.30.0 - SECRETARIA DE ESTADO DE INFRAESTRUTURA, MOBILIDADE E PARCERIA - SEINFRA;SUBTOTAL 2;1000,00;0,00;1000,00;1;4641
4.64.1 - FUNDO DE GARANTIAS DE PARCERIAS PÚBLICO - PRIVADAS DE MINAS GERAIS - FGP - MG;1.30.0 - SECRETARIA DE ESTADO DE INFRAESTRUTURA, MOBILIDADE E PARCERIA - SEINFRA;3. RECURSOS RECEBIDOS DE ÓRGÃOS E ENTIDADES DO ORÇAMENTO FISCAL;;;;1;4641
4.64.1 - FUNDO DE GARANTIAS DE PARCERIAS PÚBLICO - PRIVADAS DE MINAS GERAIS - FGP - MG;1.30.0 - SECRETARIA DE ESTADO DE INFRAESTRUTURA, MOBILIDADE E PARCERIA - SEINFRA;SUBTOTAL 3;;;;1;4641
4.64.1 - FUNDO DE GARANTIAS DE PARCERIAS PÚBLICO - PRIVADAS DE MINAS GERAIS - FGP - MG;1.30.0 - SECRETARIA DE ESTADO DE INFRAESTRUTURA, MOBILIDADE E PARCERIA - SEINFRA;4. RECURSOS REPASSADOS A ÓRGÃOS E ENTIDADES DO ORÇAMENTO FISCAL;;;;1;4641
4.64.1 - FUNDO DE GARANTIAS DE PARCERIAS PÚBLICO - PRIVADAS DE MINAS GERAIS - FGP - MG;1.30.0 - SECRETARIA DE ESTADO DE INFRAESTRUTURA, MOBILIDADE E PARCERIA - SEINFRA;SUBTOTAL 4;;;;1;4641
4.64.1 - FUNDO DE GARANTIAS DE PARCERIAS PÚBLICO - PRIVADAS DE MINAS GERAIS - FGP - MG;1.30.0 - SECRETARIA DE ESTADO DE INFRAESTRUTURA, MOBILIDADE E PARCERIA - SEINFRA;5. RECEITA TOTAL (1 + 2 + 3);;;1000,00;1;4641
4.64.1 - FUNDO DE GARANTIAS DE PARCERIAS PÚBLICO - PRIVADAS DE MINAS GERAIS - FGP - MG;1.30.0 - SECRETARIA DE ESTADO DE INFRAESTRUTURA, MOBILIDADE E PARCERIA - SEINFRA;6. RECEITA DISPONÍVEL (5 - 4);;;1000,00;1;4641
4.65.1 - FUNDO ESPECIAL DE CRÉDITOS INADIMPLIDOS E DÍVIDA ATIVA - FECIDAT;1.19.0 - SECRETARIA DE ESTADO DE FAZENDA - SEF;2. RECURSOS REPASSADOS PELO TESOURO ESTADUAL;;;;1;4651
4.65.1 - FUNDO ESPECIAL DE CRÉDITOS INADIMPLIDOS E DÍVIDA ATIVA - FECIDAT;1.19.0 - SECRETARIA DE ESTADO DE FAZENDA - SEF;DESPESAS CORRENTES;2000,00;0,00;2000,00;2;4651
4.65.1 - FUNDO ESPECIAL DE CRÉDITOS INADIMPLIDOS E DÍVIDA ATIVA - FECIDAT;1.19.0 - SECRETARIA DE ESTADO DE FAZENDA - SEF;SUBTOTAL 2;2000,00;0,00;2000,00;1;4651
4.65.1 - FUNDO ESPECIAL DE CRÉDITOS INADIMPLIDOS E DÍVIDA ATIVA - FECIDAT;1.19.0 - SECRETARIA DE ESTADO DE FAZENDA - SEF;3. RECURSOS RECEBIDOS DE ÓRGÃOS E ENTIDADES DO ORÇAMENTO FISCAL;;;;1;4651
4.65.1 - FUNDO ESPECIAL DE CRÉDITOS INADIMPLIDOS E DÍVIDA ATIVA - FECIDAT;1.19.0 - SECRETARIA DE ESTADO DE FAZENDA - SEF;SUBTOTAL 3;;;;1;4651
4.65.1 - FUNDO ESPECIAL DE CRÉDITOS INADIMPLIDOS E DÍVIDA ATIVA - FECIDAT;1.19.0 - SECRETARIA DE ESTADO DE FAZENDA - SEF;4. RECURSOS REPASSADOS A ÓRGÃOS E ENTIDADES DO ORÇAMENTO FISCAL;;;;1;4651
4.65.1 - FUNDO ESPECIAL DE CRÉDITOS INADIMPLIDOS E DÍVIDA ATIVA - FECIDAT;1.19.0 - SECRETARIA DE ESTADO DE FAZENDA - SEF;SUBTOTAL 4;;;;1;4651
4.65.1 - FUNDO ESPECIAL DE CRÉDITOS INADIMPLIDOS E DÍVIDA ATIVA - FECIDAT;1.19.0 - SECRETARIA DE ESTADO DE FAZENDA - SEF;5. RECEITA TOTAL (1 + 2 + 3);;;2000,00;1;4651
4.65.1 - FUNDO ESPECIAL DE CRÉDITOS INADIMPLIDOS E DÍVIDA ATIVA - FECIDAT;1.19.0 - SECRETARIA DE ESTADO DE FAZENDA - SEF;6. RECEITA DISPONÍVEL (5 - 4);;;2000,00;1;4651
4.66.1 - FUNDO DE ATIVOS IMOBILIÁRIOS DE MINAS GERAIS - FAIMG;1.22.0 - SECRETARIA DE ESTADO DE DESENVOLVIMENTO ECONÔMICO - SEDE;2. RECURSOS REPASSADOS PELO TESOURO ESTADUAL;;;;1;4661
4.66.1 - FUNDO DE ATIVOS IMOBILIÁRIOS DE MINAS GERAIS - FAIMG;1.22.0 - SECRETARIA DE ESTADO DE DESENVOLVIMENTO ECONÔMICO - SEDE;SUBTOTAL 2;;;;1;4661
4.66.1 - FUNDO DE ATIVOS IMOBILIÁRIOS DE MINAS GERAIS - FAIMG;1.22.0 - SECRETARIA DE ESTADO DE DESENVOLVIMENTO ECONÔMICO - SEDE;3. RECURSOS RECEBIDOS DE ÓRGÃOS E ENTIDADES DO ORÇAMENTO FISCAL;;;;1;4661
4.66.1 - FUNDO DE ATIVOS IMOBILIÁRIOS DE MINAS GERAIS - FAIMG;1.22.0 - SECRETARIA DE ESTADO DE DESENVOLVIMENTO ECONÔMICO - SEDE;SUBTOTAL 3;;;;1;4661
4.66.1 - FUNDO DE ATIVOS IMOBILIÁRIOS DE MINAS GERAIS - FAIMG;1.22.0 - SECRETARIA DE ESTADO DE DESENVOLVIMENTO ECONÔMICO - SEDE;4. RECURSOS REPASSADOS A ÓRGÃOS E ENTIDADES DO ORÇAMENTO FISCAL;;;;1;4661
4.66.1 - FUNDO DE ATIVOS IMOBILIÁRIOS DE MINAS GERAIS - FAIMG;1.22.0 - SECRETARIA DE ESTADO DE DESENVOLVIMENTO ECONÔMICO - SEDE;SUBTOTAL 4;;;;1;4661
4.66.1 - FUNDO DE ATIVOS IMOBILIÁRIOS DE MINAS GERAIS - FAIMG;1.22.0 - SECRETARIA DE ESTADO DE DESENVOLVIMENTO ECONÔMICO - SEDE;5. RECEITA TOTAL (1 + 2 + 3);;;470000,00;1;4661
4.66.1 - FUNDO DE ATIVOS IMOBILIÁRIOS DE MINAS GERAIS - FAIMG;1.22.0 - SECRETARIA DE ESTADO DE DESENVOLVIMENTO ECONÔMICO - SEDE;6. RECEITA DISPONÍVEL (5 - 4);;;470000,00;1;4661
4.67.1 - FUNDO DE INVESTIMENTOS IMOBILIÁRIOS DE MINAS GERAIS - FIIMG;1.22.0 - SECRETARIA DE ESTADO DE DESENVOLVIMENTO ECONÔMICO - SEDE;2. RECURSOS REPASSADOS PELO TESOURO ESTADUAL;;;;1;4671
4.67.1 - FUNDO DE INVESTIMENTOS IMOBILIÁRIOS DE MINAS GERAIS - FIIMG;1.22.0 - SECRETARIA DE ESTADO DE DESENVOLVIMENTO ECONÔMICO - SEDE;DESPESAS CORRENTES;1000,00;0,00;1000,00;2;4671
4.67.1 - FUNDO DE INVESTIMENTOS IMOBILIÁRIOS DE MINAS GERAIS - FIIMG;1.22.0 - SECRETARIA DE ESTADO DE DESENVOLVIMENTO ECONÔMICO - SEDE;SUBTOTAL 2;1000,00;0,00;1000,00;1;4671
4.67.1 - FUNDO DE INVESTIMENTOS IMOBILIÁRIOS DE MINAS GERAIS - FIIMG;1.22.0 - SECRETARIA DE ESTADO DE DESENVOLVIMENTO ECONÔMICO - SEDE;3. RECURSOS RECEBIDOS DE ÓRGÃOS E ENTIDADES DO ORÇAMENTO FISCAL;;;;1;4671
4.67.1 - FUNDO DE INVESTIMENTOS IMOBILIÁRIOS DE MINAS GERAIS - FIIMG;1.22.0 - SECRETARIA DE ESTADO DE DESENVOLVIMENTO ECONÔMICO - SEDE;SUBTOTAL 3;;;;1;4671
4.67.1 - FUNDO DE INVESTIMENTOS IMOBILIÁRIOS DE MINAS GERAIS - FIIMG;1.22.0 - SECRETARIA DE ESTADO DE DESENVOLVIMENTO ECONÔMICO - SEDE;4. RECURSOS REPASSADOS A ÓRGÃOS E ENTIDADES DO ORÇAMENTO FISCAL;;;;1;4671
4.67.1 - FUNDO DE INVESTIMENTOS IMOBILIÁRIOS DE MINAS GERAIS - FIIMG;1.22.0 - SECRETARIA DE ESTADO DE DESENVOLVIMENTO ECONÔMICO - SEDE;SUBTOTAL 4;;;;1;4671
4.67.1 - FUNDO DE INVESTIMENTOS IMOBILIÁRIOS DE MINAS GERAIS - FIIMG;1.22.0 - SECRETARIA DE ESTADO DE DESENVOLVIMENTO ECONÔMICO - SEDE;5. RECEITA TOTAL (1 + 2 + 3);;;1000,00;1;4671
4.67.1 - FUNDO DE INVESTIMENTOS IMOBILIÁRIOS DE MINAS GERAIS - FIIMG;1.22.0 - SECRETARIA DE ESTADO DE DESENVOLVIMENTO ECONÔMICO - SEDE;6. RECEITA DISPONÍVEL (5 - 4);;;1000,00;1;4671
4.69.1 - FUNDO ESTADUAL DE SEGURANÇA PÚBLICA DE MINAS GERAIS - FESP-MG;1.45.0 - SECRETARIA DE ESTADO DE JUSTIÇA E SEGURANÇA PÚBLICA - SEJUSP;2. RECURSOS REPASSADOS PELO TESOURO ESTADUAL;;;;1;4691
4.69.1 - FUNDO ESTADUAL DE SEGURANÇA PÚBLICA DE MINAS GERAIS - FESP-MG;1.45.0 - SECRETARIA DE ESTADO DE JUSTIÇA E SEGURANÇA PÚBLICA - SEJUSP;SUBTOTAL 2;;;;1;4691
4.69.1 - FUNDO ESTADUAL DE SEGURANÇA PÚBLICA DE MINAS GERAIS - FESP-MG;1.45.0 - SECRETARIA DE ESTADO DE JUSTIÇA E SEGURANÇA PÚBLICA - SEJUSP;3. RECURSOS RECEBIDOS DE ÓRGÃOS E ENTIDADES DO ORÇAMENTO FISCAL;;;;1;4691
4.69.1 - FUNDO ESTADUAL DE SEGURANÇA PÚBLICA DE MINAS GERAIS - FESP-MG;1.45.0 - SECRETARIA DE ESTADO DE JUSTIÇA E SEGURANÇA PÚBLICA - SEJUSP;SUBTOTAL 3;;;;1;4691
4.69.1 - FUNDO ESTADUAL DE SEGURANÇA PÚBLICA DE MINAS GERAIS - FESP-MG;1.45.0 - SECRETARIA DE ESTADO DE JUSTIÇA E SEGURANÇA PÚBLICA - SEJUSP;4. RECURSOS REPASSADOS A ÓRGÃOS E ENTIDADES DO ORÇAMENTO FISCAL;;;;1;4691
4.69.1 - FUNDO ESTADUAL DE SEGURANÇA PÚBLICA DE MINAS GERAIS - FESP-MG;1.45.0 - SECRETARIA DE ESTADO DE JUSTIÇA E SEGURANÇA PÚBLICA - SEJUSP;SUBTOTAL 4;;;;1;4691
4.69.1 - FUNDO ESTADUAL DE SEGURANÇA PÚBLICA DE MINAS GERAIS - FESP-MG;1.45.0 - SECRETARIA DE ESTADO DE JUSTIÇA E SEGURANÇA PÚBLICA - SEJUSP;5. RECEITA TOTAL (1 + 2 + 3);;;61837092,00;1;4691
4.69.1 - FUNDO ESTADUAL DE SEGURANÇA PÚBLICA DE MINAS GERAIS - FESP-MG;1.45.0 - SECRETARIA DE ESTADO DE JUSTIÇA E SEGURANÇA PÚBLICA - SEJUSP;6. RECEITA DISPONÍVEL (5 - 4);;;61837092,00;1;4691
4.70.1 - FUNDO ESTADUAL DO TRABALHO DE MINAS GERAIS - FET-MG;1.48.0 - SECRETARIA DE ESTADO DE DESENVOLVIMENTO SOCIAL - SEDESE;2. RECURSOS REPASSADOS PELO TESOURO ESTADUAL;;;;1;4701
4.70.1 - FUNDO ESTADUAL DO TRABALHO DE MINAS GERAIS - FET-MG;1.48.0 - SECRETARIA DE ESTADO DE DESENVOLVIMENTO SOCIAL - SEDESE;DESPESAS CORRENTES;2720802,00;0,00;2720802,00;2;4701
4.70.1 - FUNDO ESTADUAL DO TRABALHO DE MINAS GERAIS - FET-MG;1.48.0 - SECRETARIA DE ESTADO DE DESENVOLVIMENTO SOCIAL - SEDESE;SUBTOTAL 2;2720802,00;0,00;2720802,00;1;4701
4.70.1 - FUNDO ESTADUAL DO TRABALHO DE MINAS GERAIS - FET-MG;1.48.0 - SECRETARIA DE ESTADO DE DESENVOLVIMENTO SOCIAL - SEDESE;3. RECURSOS RECEBIDOS DE ÓRGÃOS E ENTIDADES DO ORÇAMENTO FISCAL;;;;1;4701
4.70.1 - FUNDO ESTADUAL DO TRABALHO DE MINAS GERAIS - FET-MG;1.48.0 - SECRETARIA DE ESTADO DE DESENVOLVIMENTO SOCIAL - SEDESE;SUBTOTAL 3;;;;1;4701
4.70.1 - FUNDO ESTADUAL DO TRABALHO DE MINAS GERAIS - FET-MG;1.48.0 - SECRETARIA DE ESTADO DE DESENVOLVIMENTO SOCIAL - SEDESE;4. RECURSOS REPASSADOS A ÓRGÃOS E ENTIDADES DO ORÇAMENTO FISCAL;;;;1;4701
4.70.1 - FUNDO ESTADUAL DO TRABALHO DE MINAS GERAIS - FET-MG;1.48.0 - SECRETARIA DE ESTADO DE DESENVOLVIMENTO SOCIAL - SEDESE;SUBTOTAL 4;;;;1;4701
4.70.1 - FUNDO ESTADUAL DO TRABALHO DE MINAS GERAIS - FET-MG;1.48.0 - SECRETARIA DE ESTADO DE DESENVOLVIMENTO SOCIAL - SEDESE;5. RECEITA TOTAL (1 + 2 + 3);;;14628833,00;1;4701
4.70.1 - FUNDO ESTADUAL DO TRABALHO DE MINAS GERAIS - FET-MG;1.48.0 - SECRETARIA DE ESTADO DE DESENVOLVIMENTO SOCIAL - SEDESE;6. RECEITA DISPONÍVEL (5 - 4);;;14628833,00;1;4701
4.71.1 - FUNDO FINANCEIRO DE PREVIDÊNCIA DO ESTADO DE MINAS GERAIS - FFP - MG;1.50.0 - SECRETARIA DE ESTADO DE PLANEJAMENTO E GESTÃO - SEPLAG;2. RECURSOS REPASSADOS PELO TESOURO ESTADUAL;;;;1;4711
4.71.1 - FUNDO FINANCEIRO DE PREVIDÊNCIA DO ESTADO DE MINAS GERAIS - FFP - MG;1.50.0 - SECRETARIA DE ESTADO DE PLANEJAMENTO E GESTÃO - SEPLAG;DESPESAS CORRENTES;12038191263,00;0,00;12038191263,00;2;4711
4.71.1 - FUNDO FINANCEIRO DE PREVIDÊNCIA DO ESTADO DE MINAS GERAIS - FFP - MG;1.50.0 - SECRETARIA DE ESTADO DE PLANEJAMENTO E GESTÃO - SEPLAG;SUBTOTAL 2;12038191263,00;0,00;12038191263,00;1;4711
4.71.1 - FUNDO FINANCEIRO DE PREVIDÊNCIA DO ESTADO DE MINAS GERAIS - FFP - MG;1.50.0 - SECRETARIA DE ESTADO DE PLANEJAMENTO E GESTÃO - SEPLAG;3. RECURSOS RECEBIDOS DE ÓRGÃOS E ENTIDADES DO ORÇAMENTO FISCAL;;;;1;4711
4.71.1 - FUNDO FINANCEIRO DE PREVIDÊNCIA DO ESTADO DE MINAS GERAIS - FFP - MG;1.50.0 - SECRETARIA DE ESTADO DE PLANEJAMENTO E GESTÃO - SEPLAG;2041 - LOTERIA DO ESTADO DE MINAS GERAIS;;;1776827,00;2;4711
4.71.1 - FUNDO FINANCEIRO DE PREVIDÊNCIA DO ESTADO DE MINAS GERAIS - FFP - MG;1.50.0 - SECRETARIA DE ESTADO DE PLANEJAMENTO E GESTÃO - SEPLAG;2071 - FUNDAÇÃO DE AMPARO À PESQUISA DO ESTADO DE MINAS GERAIS;;;16838,00;2;4711
4.71.1 - FUNDO FINANCEIRO DE PREVIDÊNCIA DO ESTADO DE MINAS GERAIS - FFP - MG;1.50.0 - SECRETARIA DE ESTADO DE PLANEJAMENTO E GESTÃO - SEPLAG;2091 - FUNDAÇÃO ESTADUAL DO MEIO AMBIENTE;;;4859876,00;2;4711
4.71.1 - FUNDO FINANCEIRO DE PREVIDÊNCIA DO ESTADO DE MINAS GERAIS - FFP - MG;1.50.0 - SECRETARIA DE ESTADO DE PLANEJAMENTO E GESTÃO - SEPLAG;2121 - INSTITUTO DE PREVIDÊNCIA DOS SERVIDORES MILITARES DO ESTADO DE MINAS GERAIS;;;884722,00;2;4711
4.71.1 - FUNDO FINANCEIRO DE PREVIDÊNCIA DO ESTADO DE MINAS GERAIS - FFP - MG;1.50.0 - SECRETARIA DE ESTADO DE PLANEJAMENTO E GESTÃO - SEPLAG;2251 - JUNTA COMERCIAL DO ESTADO DE MINAS GERAIS;;;4207639,00;2;4711
4.71.1 - FUNDO FINANCEIRO DE PREVIDÊNCIA DO ESTADO DE MINAS GERAIS - FFP - MG;1.50.0 - SECRETARIA DE ESTADO DE PLANEJAMENTO E GESTÃO - SEPLAG;2261 - FUNDAÇÃO EZEQUIEL DIAS;;;32737210,00;2;4711
4.71.1 - FUNDO FINANCEIRO DE PREVIDÊNCIA DO ESTADO DE MINAS GERAIS - FFP - MG;1.50.0 - SECRETARIA DE ESTADO DE PLANEJAMENTO E GESTÃO - SEPLAG;2271 - FUNDAÇÃO HOSPITALAR DO ESTADO DE MINAS GERAIS;;;235218509,00;2;4711
4.71.1 - FUNDO FINANCEIRO DE PREVIDÊNCIA DO ESTADO DE MINAS GERAIS - FFP - MG;1.50.0 - SECRETARIA DE ESTADO DE PLANEJAMENTO E GESTÃO - SEPLAG;2321 - FUNDAÇÃO CENTRO DE HEMATOLOGIA E HEMOTERAPIA DE MINAS GERAIS;;;27341045,00;2;4711
4.71.1 - FUNDO FINANCEIRO DE PREVIDÊNCIA DO ESTADO DE MINAS GERAIS - FFP - MG;1.50.0 - SECRETARIA DE ESTADO DE PLANEJAMENTO E GESTÃO - SEPLAG;SUBTOTAL 3;;;307042666,00;1;4711
4.71.1 - FUNDO FINANCEIRO DE PREVIDÊNCIA DO ESTADO DE MINAS GERAIS - FFP - MG;1.50.0 - SECRETARIA DE ESTADO DE PLANEJAMENTO E GESTÃO - SEPLAG;4. RECURSOS REPASSADOS A ÓRGÃOS E ENTIDADES DO ORÇAMENTO FISCAL;;;;1;4711
4.71.1 - FUNDO FINANCEIRO DE PREVIDÊNCIA DO ESTADO DE MINAS GERAIS - FFP - MG;1.50.0 - SECRETARIA DE ESTADO DE PLANEJAMENTO E GESTÃO - SEPLAG;1011 - ASSEMBLEIA LEGISLATIVA DO ESTADO DE MINAS GERAIS;;;238400000,00;2;4711
4.71.1 - FUNDO FINANCEIRO DE PREVIDÊNCIA DO ESTADO DE MINAS GERAIS - FFP - MG;1.50.0 - SECRETARIA DE ESTADO DE PLANEJAMENTO E GESTÃO - SEPLAG;1021 - TRIBUNAL DE CONTAS DO ESTADO DE MINAS GERAIS;;;223314249,00;2;4711
4.71.1 - FUNDO FINANCEIRO DE PREVIDÊNCIA DO ESTADO DE MINAS GERAIS - FFP - MG;1.50.0 - SECRETARIA DE ESTADO DE PLANEJAMENTO E GESTÃO - SEPLAG;1031 - TRIBUNAL DE JUSTIÇA DO ESTADO DE MINAS GERAIS;;;1973383804,00;2;4711
4.71.1 - FUNDO FINANCEIRO DE PREVIDÊNCIA DO ESTADO DE MINAS GERAIS - FFP - MG;1.50.0 - SECRETARIA DE ESTADO DE PLANEJAMENTO E GESTÃO - SEPLAG;1051 - TRIBUNAL DE JUSTIÇA MILITAR DO ESTADO DE MINAS GERAIS;;;19517310,00;2;4711
4.71.1 - FUNDO FINANCEIRO DE PREVIDÊNCIA DO ESTADO DE MINAS GERAIS - FFP - MG;1.50.0 - SECRETARIA DE ESTADO DE PLANEJAMENTO E GESTÃO - SEPLAG;1091 - PROCURADORIA GERAL DE JUSTIÇA;;;651831618,00;2;4711
4.71.1 - FUNDO FINANCEIRO DE PREVIDÊNCIA DO ESTADO DE MINAS GERAIS - FFP - MG;1.50.0 - SECRETARIA DE ESTADO DE PLANEJAMENTO E GESTÃO - SEPLAG;1441 - DEFENSORIA PUBLICA DO ESTADO DE MINAS GERAIS;;;169188982,00;2;4711
4.71.1 - FUNDO FINANCEIRO DE PREVIDÊNCIA DO ESTADO DE MINAS GERAIS - FFP - MG;1.50.0 - SECRETARIA DE ESTADO DE PLANEJAMENTO E GESTÃO - SEPLAG;SUBTOTAL 4;;;3275635963,00;1;4711
4.71.1 - FUNDO FINANCEIRO DE PREVIDÊNCIA DO ESTADO DE MINAS GERAIS - FFP - MG;1.50.0 - SECRETARIA DE ESTADO DE PLANEJAMENTO E GESTÃO - SEPLAG;5. RECEITA TOTAL (1 + 2 + 3);;;23654214119,00;1;4711
4.71.1 - FUNDO FINANCEIRO DE PREVIDÊNCIA DO ESTADO DE MINAS GERAIS - FFP - MG;1.50.0 - SECRETARIA DE ESTADO DE PLANEJAMENTO E GESTÃO - SEPLAG;6. RECEITA DISPONÍVEL (5 - 4);;;20378578156,00;1;4711
4.72.1 - FUNDO ESTADUAL DE PREVIDÊNCIA DO ESTADO DE MINAS GERAIS - FEPREMG;1.19.0 - SECRETARIA DE ESTADO DE FAZENDA - SEF;2. RECURSOS REPASSADOS PELO TESOURO ESTADUAL;;;;1;4721
4.72.1 - FUNDO ESTADUAL DE PREVIDÊNCIA DO ESTADO DE MINAS GERAIS - FEPREMG;1.19.0 - SECRETARIA DE ESTADO DE FAZENDA - SEF;DESPESAS CORRENTES;1000,00;0,00;1000,00;2;4721
4.72.1 - FUNDO ESTADUAL DE PREVIDÊNCIA DO ESTADO DE MINAS GERAIS - FEPREMG;1.19.0 - SECRETARIA DE ESTADO DE FAZENDA - SEF;SUBTOTAL 2;1000,00;0,00;1000,00;1;4721
4.72.1 - FUNDO ESTADUAL DE PREVIDÊNCIA DO ESTADO DE MINAS GERAIS - FEPREMG;1.19.0 - SECRETARIA DE ESTADO DE FAZENDA - SEF;3. RECURSOS RECEBIDOS DE ÓRGÃOS E ENTIDADES DO ORÇAMENTO FISCAL;;;;1;4721
4.72.1 - FUNDO ESTADUAL DE PREVIDÊNCIA DO ESTADO DE MINAS GERAIS - FEPREMG;1.19.0 - SECRETARIA DE ESTADO DE FAZENDA - SEF;SUBTOTAL 3;;;;1;4721
4.72.1 - FUNDO ESTADUAL DE PREVIDÊNCIA DO ESTADO DE MINAS GERAIS - FEPREMG;1.19.0 - SECRETARIA DE ESTADO DE FAZENDA - SEF;4. RECURSOS REPASSADOS A ÓRGÃOS E ENTIDADES DO ORÇAMENTO FISCAL;;;;1;4721
4.72.1 - FUNDO ESTADUAL DE PREVIDÊNCIA DO ESTADO DE MINAS GERAIS - FEPREMG;1.19.0 - SECRETARIA DE ESTADO DE FAZENDA - SEF;SUBTOTAL 4;;;;1;4721
4.72.1 - FUNDO ESTADUAL DE PREVIDÊNCIA DO ESTADO DE MINAS GERAIS - FEPREMG;1.19.0 - SECRETARIA DE ESTADO DE FAZENDA - SEF;5. RECEITA TOTAL (1 + 2 + 3);;;1000,00;1;4721
4.72.1 - FUNDO ESTADUAL DE PREVIDÊNCIA DO ESTADO DE MINAS GERAIS - FEPREMG;1.19.0 - SECRETARIA DE ESTADO DE FAZENDA - SEF;6. RECEITA DISPONÍVEL (5 - 4);;;1000,00;1;4721
4.73.1 - FUNDO DE DESENVOLVIMENTO DO MINISTÉRIO PÚBLICO - FDMP;1.09.0 - MINISTÉRIO PÚBLICO DO ESTADO DE MINAS GERAIS - MPMG;2. RECURSOS REPASSADOS PELO TESOURO ESTADUAL;;;;1;4731
4.73.1 - FUNDO DE DESENVOLVIMENTO DO MINISTÉRIO PÚBLICO - FDMP;1.09.0 - MINISTÉRIO PÚBLICO DO ESTADO DE MINAS GERAIS - MPMG;SUBTOTAL 2;;;;1;4731
4.73.1 - FUNDO DE DESENVOLVIMENTO DO MINISTÉRIO PÚBLICO - FDMP;1.09.0 - MINISTÉRIO PÚBLICO DO ESTADO DE MINAS GERAIS - MPMG;3. RECURSOS RECEBIDOS DE ÓRGÃOS E ENTIDADES DO ORÇAMENTO FISCAL;;;;1;4731
4.73.1 - FUNDO DE DESENVOLVIMENTO DO MINISTÉRIO PÚBLICO - FDMP;1.09.0 - MINISTÉRIO PÚBLICO DO ESTADO DE MINAS GERAIS - MPMG;SUBTOTAL 3;;;;1;4731
4.73.1 - FUNDO DE DESENVOLVIMENTO DO MINISTÉRIO PÚBLICO - FDMP;1.09.0 - MINISTÉRIO PÚBLICO DO ESTADO DE MINAS GERAIS - MPMG;4. RECURSOS REPASSADOS A ÓRGÃOS E ENTIDADES DO ORÇAMENTO FISCAL;;;;1;4731
4.73.1 - FUNDO DE DESENVOLVIMENTO DO MINISTÉRIO PÚBLICO - FDMP;1.09.0 - MINISTÉRIO PÚBLICO DO ESTADO DE MINAS GERAIS - MPMG;SUBTOTAL 4;;;;1;4731
4.73.1 - FUNDO DE DESENVOLVIMENTO DO MINISTÉRIO PÚBLICO - FDMP;1.09.0 - MINISTÉRIO PÚBLICO DO ESTADO DE MINAS GERAIS - MPMG;5. RECEITA TOTAL (1 + 2 + 3);;;90000000,00;1;4731
4.73.1 - FUNDO DE DESENVOLVIMENTO DO MINISTÉRIO PÚBLICO - FDMP;1.09.0 - MINISTÉRIO PÚBLICO DO ESTADO DE MINAS GERAIS - MPMG;6. RECEITA DISPONÍVEL (5 - 4);;;90000000,00;1;4731
4.74.1 - FUNDO ESPECIAL DE GARANTIA DE ACESSO À JUSTIÇA - FEGAJ;1.44.0 - DEFENSORIA PUBLICA DO ESTADO DE MINAS GERAIS - DEF PUB;2. RECURSOS REPASSADOS PELO TESOURO ESTADUAL;;;;1;4741
4.74.1 - FUNDO ESPECIAL DE GARANTIA DE ACESSO À JUSTIÇA - FEGAJ;1.44.0 - DEFENSORIA PUBLICA DO ESTADO DE MINAS GERAIS - DEF PUB;SUBTOTAL 2;;;;1;4741
4.74.1 - FUNDO ESPECIAL DE GARANTIA DE ACESSO À JUSTIÇA - FEGAJ;1.44.0 - DEFENSORIA PUBLICA DO ESTADO DE MINAS GERAIS - DEF PUB;3. RECURSOS RECEBIDOS DE ÓRGÃOS E ENTIDADES DO ORÇAMENTO FISCAL;;;;1;4741
4.74.1 - FUNDO ESPECIAL DE GARANTIA DE ACESSO À JUSTIÇA - FEGAJ;1.44.0 - DEFENSORIA PUBLICA DO ESTADO DE MINAS GERAIS - DEF PUB;SUBTOTAL 3;;;;1;4741
4.74.1 - FUNDO ESPECIAL DE GARANTIA DE ACESSO À JUSTIÇA - FEGAJ;1.44.0 - DEFENSORIA PUBLICA DO ESTADO DE MINAS GERAIS - DEF PUB;4. RECURSOS REPASSADOS A ÓRGÃOS E ENTIDADES DO ORÇAMENTO FISCAL;;;;1;4741
4.74.1 - FUNDO ESPECIAL DE GARANTIA DE ACESSO À JUSTIÇA - FEGAJ;1.44.0 - DEFENSORIA PUBLICA DO ESTADO DE MINAS GERAIS - DEF PUB;SUBTOTAL 4;;;;1;4741
4.74.1 - FUNDO ESPECIAL DE GARANTIA DE ACESSO À JUSTIÇA - FEGAJ;1.44.0 - DEFENSORIA PUBLICA DO ESTADO DE MINAS GERAIS - DEF PUB;5. RECEITA TOTAL (1 + 2 + 3);;;105000000,00;1;4741
4.74.1 - FUNDO ESPECIAL DE GARANTIA DE ACESSO À JUSTIÇA - FEGAJ;1.44.0 - DEFENSORIA PUBLICA DO ESTADO DE MINAS GERAIS - DEF PUB;6. RECEITA DISPONÍVEL (5 - 4);;;105000000,00;1;4741
4.75.1 - FUNDO ESPECIAL DA ADVOCACIA-GERAL DO ESTADO - FEAGE;1.08.0 - ADVOCACIA GERAL DO ESTADO - AGE;2. RECURSOS REPASSADOS PELO TESOURO ESTADUAL;;;;1;4751
4.75.1 - FUNDO ESPECIAL DA ADVOCACIA-GERAL DO ESTADO - FEAGE;1.08.0 - ADVOCACIA GERAL DO ESTADO - AGE;SUBTOTAL 2;;;;1;4751
4.75.1 - FUNDO ESPECIAL DA ADVOCACIA-GERAL DO ESTADO - FEAGE;1.08.0 - ADVOCACIA GERAL DO ESTADO - AGE;3. RECURSOS RECEBIDOS DE ÓRGÃOS E ENTIDADES DO ORÇAMENTO FISCAL;;;;1;4751
4.75.1 - FUNDO ESPECIAL DA ADVOCACIA-GERAL DO ESTADO - FEAGE;1.08.0 - ADVOCACIA GERAL DO ESTADO - AGE;SUBTOTAL 3;;;;1;4751
4.75.1 - FUNDO ESPECIAL DA ADVOCACIA-GERAL DO ESTADO - FEAGE;1.08.0 - ADVOCACIA GERAL DO ESTADO - AGE;4. RECURSOS REPASSADOS A ÓRGÃOS E ENTIDADES DO ORÇAMENTO FISCAL;;;;1;4751
4.75.1 - FUNDO ESPECIAL DA ADVOCACIA-GERAL DO ESTADO - FEAGE;1.08.0 - ADVOCACIA GERAL DO ESTADO - AGE;SUBTOTAL 4;;;;1;4751
4.75.1 - FUNDO ESPECIAL DA ADVOCACIA-GERAL DO ESTADO - FEAGE;1.08.0 - ADVOCACIA GERAL DO ESTADO - AGE;5. RECEITA TOTAL (1 + 2 + 3);;;6000000,00;1;4751
4.75.1 - FUNDO ESPECIAL DA ADVOCACIA-GERAL DO ESTADO - FEAGE;1.08.0 - ADVOCACIA GERAL DO ESTADO - AGE;6. RECEITA DISPONÍVEL (5 - 4);;;6000000,00;1;4751
