codigo;nivel;especificacao;fonte;valor
1000.00.0.0.00.000;1;RECEITAS CORRENTES;;171721812594,00
1100.00.0.0.00.000;2;IMPOSTOS, TAXAS E CONTRIBUIÇÕES DE MELHORIA;;124207911061,00
1110.00.0.0.00.000;3;IMPOSTOS;;118579204512,00
1112.00.0.0.00.000;4;IMPOSTOS SOBRE O PATRIMÔNIO;;16759444870,00
1112.51.0.0.00.000;5;IMPOSTO SOBRE A PROPRIEDADE DE VEÍCULOS AUTOMOTORES;;14387407099,00
1112.51.0.1.00.000;7;IPVA - PRINCIPAL;;13177428728,00
1112.51.0.1.01.000;8;IPVA - PRINC. - COTA PARTE DO ESTADO;10;5270971491,00
1112.51.0.1.02.000;8;IPVA - PRINC. - COTA PARTE DOS MUNICÍPIOS;20;6588714364,00
1112.51.0.1.03.000;8;IPVA - PRINC. - COTA PARTE DO ESTADO PARA O FUNDEB;23;1317742873,00
1112.51.0.2.00.000;7;IPVA - MULTAS E JUROS DE MORA;;857980454,00
1112.51.0.2.01.000;8;IPVA - MJM - COTA PARTE DO ESTADO;10;343192182,00
1112.51.0.2.02.000;8;IPVA - MJM - COTA PARTE DOS MUNICÍPIOS;20;428990227,00
1112.51.0.2.03.000;8;IPVA - MJM - COTA PARTE DO ESTADO PARA O FUNDEB;23;85798045,00
1112.51.0.3.00.000;7;IPVA - DÍVIDA ATIVA;;351997917,00
1112.51.0.3.01.000;8;IPVA - DA - COTA PARTE DO ESTADO;10;140799167,00
1112.51.0.3.02.000;8;IPVA - DA - COTA PARTE DOS MUNICÍPIOS;20;175998958,00
1112.51.0.3.03.000;8;IPVA - DA - COTA PARTE DO ESTADO PARA O FUNDEB;23;35199792,00
1112.52.0.0.00.000;5;IMPOSTO SOBRE TRANSMISSÃO “CAUSA MORTIS” E DOAÇÃO DE BENS E DIREITOS;;2372037771,00
1112.52.0.1.00.000;7;ITCD - PRINCIPAL;;2164143438,00
1112.52.0.1.01.000;8;ITCD - PRINC. - COTA PARTE DO ESTADO;10;1731314750,00
1112.52.0.1.02.000;8;ITCD - PRINC. - COTA PARTE DO FUNDEB;23;432828688,00
1112.52.0.2.00.000;7;ITCD - MULTAS E JUROS DE MORA;;178253076,00
1112.52.0.2.01.000;8;ITCD - MJM - COTA PARTE DO ESTADO;10;142602461,00
1112.52.0.2.02.000;8;ITCD - MJM - COTA PARTE DO FUNDEB;23;35650615,00
1112.52.0.3.00.000;7;ITCD - DÍVIDA ATIVA;;29641257,00
1112.52.0.3.01.000;8;ITCD - DA - COTA PARTE DO ESTADO;10;23713006,00
1112.52.0.3.02.000;8;ITCD - DA - COTA PARTE DO FUNDEB;23;5928251,00
1113.00.0.0.00.000;4;IMPOSTOS SOBRE A RENDA E PROVENTOS DE QUALQUER NATUREZA;;8380623258,00
1113.03.0.0.00.000;5;IMPOSTO SOBRE A RENDA - RETIDO NA FONTE;;8380623258,00
1113.03.1.0.00.000;6;IMPOSTO SOBRE A RENDA - RETIDO NA FONTE - TRABALHO;;7779369976,00
1113.03.1.1.00.000;7;IR - RETIDO FONTE - TRABALHO - PRINCIPAL;;7779369976,00
1113.03.1.1.01.000;8;IR - RETIDO FONTE - TRABALHO - PRINC.;10;7779369976,00
1113.03.4.0.00.000;6;IMPOSTO SOBRE A RENDA - RETIDO NA FONTE - OUTROS RENDIMENTOS;;601253282,00
1113.03.4.1.00.000;7;IR - RETIDO FONTE - OUTROS RENDIMENTOS - PRINCIPAL;;601253282,00
1113.03.4.1.01.000;8;IR - RETIDO FONTE - OUTROS RENDIMENTOS - PRINC.;10;601253282,00
1114.00.0.0.00.000;4;IMPOSTOS SOBRE A PRODUÇÃO E CIRCULAÇÃO DE MERCADORIAS E SERVIÇOS;;93439136384,00
1114.50.0.0.00.000;5;IMPOSTOS SOBRE A PRODUÇÃO E CIRCULAÇÃO DE MERCADORIAS E SERVIÇOS;;93439136384,00
1114.50.1.0.00.000;6;IMPOSTO SOBRE OPERAÇÕES RELATIVAS À CIRCULAÇÃO DE MERCADORIAS E SOBRE PRESTAÇÕES DE SERVIÇOS DE TRANSPORTE INTERESTADUAL E INTERMUNICIPAL E DE COMUNICAÇÃO;;92428494173,00
1114.50.1.1.00.000;7;ICMS - PRINCIPAL;;90798907353,00
1114.50.1.1.01.000;8;ICMS - PRINC. - COTA PARTE DO ESTADO;;54479344412,00
1114.50.1.1.01.001;9;ICMS - PRINC. - COTA PARTE ESTADO;10;54478703209,00
1114.50.1.1.01.002;9;ICMS - PRINC. - COTA PARTE ESTADO - CESSÃO DE DIREITOS CREDITÓRIOS - LEI ESTADUAL N\degree 19.266/10;10;641203,00
1114.50.1.1.02.000;8;ICMS - PRINC. - COTA PARTE DOS MUNICÍPIOS;20;22699726838,00
1114.50.1.1.03.000;8;ICMS - PRINC. - COTA PARTE DO ESTADO PARA O FUNDEB;23;13619836103,00
1114.50.1.2.00.000;7;ICMS - MULTAS E JUROS DE MORA;;897056869,00
1114.50.1.2.01.000;8;ICMS - MJM - COTA PARTE DO ESTADO;;538234122,00
1114.50.1.2.01.001;9;ICMS - MJM - COTA PARTE ESTADO;10;537000643,00
1114.50.1.2.01.002;9;ICMS - MJM - COTA PARTE ESTADO - CESSÃO DE DIREITOS CREDITÓRIOS - LEI ESTADUAL N\degree 19.266/10;10;1233479,00
1114.50.1.2.02.000;8;ICMS - MJM - COTA PARTE DOS MUNICÍPIOS;20;224264217,00
1114.50.1.2.03.000;8;ICMS - MJM - COTA PARTE DO ESTADO PARA O FUNDEB;23;134558530,00
1114.50.1.3.00.000;7;ICMS - DÍVIDA ATIVA;;732529951,00
1114.50.1.3.01.000;8;ICMS - DA - COTA PARTE DO ESTADO;;439517971,00
1114.50.1.3.01.001;9;ICMS - DA - COTA PARTE ESTADO;10;431188259,00
1114.50.1.3.01.002;9;ICMS - DA - COTA PARTE ESTADO - CESSÃO DE DIREITOS CREDITÓRIOS - LEI ESTADUAL N\degree 19.266/10;10;8329712,00
1114.50.1.3.02.000;8;ICMS - DA - COTA PARTE DOS MUNICÍPIOS;20;183132488,00
1114.50.1.3.03.000;8;ICMS - DA - COTA PARTE DO ESTADO PARA O FUNDEB;23;109879492,00
1114.50.2.0.00.000;6;ADICIONAL ICMS - FUNDO ESTADUAL DE COMBATE À POBREZA;;1010642211,00
1114.50.2.1.00.000;7;ADICIONAL ICMS - FUNDO ESTADUAL COMBATE POBREZA - FUNDO DE ERRADICAÇÃO DA MISÉRIA - FEM - PRINCIPAL;;1001989604,00
1114.50.2.1.01.000;8;ADICIONAL ICMS - FEM - PRINC. - COTA PARTE DO ESTADO;11;240477505,00
1114.50.2.1.01.000;8;ADICIONAL ICMS - FEM - PRINC. - COTA PARTE DO ESTADO;71;561114178,00
1114.50.2.1.02.000;8;ADICIONAL ICMS - FEM - PRINC. - COTA PARTE DO FUNDEB;23;200397921,00
1114.50.2.2.00.000;7;ADICIONAL ICMS - FUNDO ESTADUAL COMBATE POBREZA - FUNDO DE ERRADICAÇÃO DA MISÉRIA - FEM - MULTAS E JUROS DE MORA;;4109788,00
1114.50.2.2.01.000;8;ADICIONAL ICMS - FEM - MJM - COTA PARTE DO ESTADO;11;986349,00
1114.50.2.2.01.000;8;ADICIONAL ICMS - FEM - MJM - COTA PARTE DO ESTADO;71;2301481,00
1114.50.2.2.02.000;8;ADICIONAL ICMS - FEM - MJM - COTA PARTE DO FUNDEB;23;821958,00
1114.50.2.3.00.000;7;ADICIONAL ICMS - FUNDO ESTADUAL COMBATE POBREZA - FUNDO DE ERRADICAÇÃO DA MISÉRIA - FEM - DÍVIDA ATIVA;;2884548,00
1114.50.2.3.01.000;8;ADICIONAL ICMS - FEM - DA - COTA PARTE DO ESTADO;11;692292,00
1114.50.2.3.01.000;8;ADICIONAL ICMS - FEM - DA - COTA PARTE DO ESTADO;71;1615346,00
1114.50.2.3.02.000;8;ADICIONAL ICMS - FEM - DA - COTA PARTE DO FUNDEB;23;576910,00
1114.50.2.4.00.000;7;ADICIONAL ICMS - FUNDO ESTADUAL COMBATE POBREZA - FUNDO DE ERRADICAÇÃO DA MISÉRIA - FEM - DÍVIDA ATIVA - MULTAS E JUROS DE MORA;;1658271,00
1114.50.2.4.01.000;8;ADICIONAL ICMS - FEM - DA-MJM - COTA PARTE DO ESTADO;11;397985,00
1114.50.2.4.01.000;8;ADICIONAL ICMS - FEM - DA-MJM - COTA PARTE DO ESTADO;71;928632,00
1114.50.2.4.02.000;8;ADICIONAL ICMS - FEM - DA-MJM - COTA PARTE DO FUNDEB;23;331654,00
1120.00.0.0.00.000;3;TAXAS;;5628706549,00
1121.00.0.0.00.000;4;TAXAS PELO EXERCÍCIO DO PODER DE POLÍCIA;;4723440981,00
1121.01.0.0.00.000;5;TAXAS DE INSPEÇÃO, CONTROLE E FISCALIZAÇÃO;;3766129958,00
1121.01.0.1.00.000;7;TX. INSP. CONTR. FISC. - PRINCIPAL;;3726993711,00
1121.01.0.1.01.000;8;TX. INSP. CONTR. FISC. - PRINC. - TAXA DE SEGURANÇA PÚBLICA;;1789951589,00
1121.01.0.1.01.001;9;TX. INSP. CONTR. FISC. - PRINC. - TX. SEGURANÇA PÚBLICA - POLÍCIA CIVIL DO ESTADO DE MINAS GERAIS - PCMG E COORDENADORIA ESTADUAL DE GESTÃO DO TRÂNSITO - CET;11;401471626,00
1121.01.0.1.01.001;9;TX. INSP. CONTR. FISC. - PRINC. - TX. SEGURANÇA PÚBLICA - POLÍCIA CIVIL DO ESTADO DE MINAS GERAIS - PCMG E COORDENADORIA ESTADUAL DE GESTÃO DO TRÂNSITO - CET;27;936767126,00
1121.01.0.1.01.002;9;TX. INSP. CONTR. FISC. - PRINC. - TX. SEGURANÇA PÚBLICA - CORPO DE BOMBEIROS MILITAR DO ESTADO DE MINAS GERAIS - CBMMG;11;4711235,00
1121.01.0.1.01.002;9;TX. INSP. CONTR. FISC. - PRINC. - TX. SEGURANÇA PÚBLICA - CORPO DE BOMBEIROS MILITAR DO ESTADO DE MINAS GERAIS - CBMMG;27;10992881,00
1121.01.0.1.01.003;9;TX. INSP. CONTR. FISC. - PRINC. - TX. SEGURANÇA PÚBLICA - POLÍCIA MILITAR DO ESTADO DE MINAS GERAIS - PMMG;11;100760,00
1121.01.0.1.01.003;9;TX. INSP. CONTR. FISC. - PRINC. - TX. SEGURANÇA PÚBLICA - POLÍCIA MILITAR DO ESTADO DE MINAS GERAIS - PMMG;27;235107,00
1121.01.0.1.01.004;9;TX. INSP. CONTR. FISC. - PRINC. - TX. SEGURANÇA PÚBLICA - TAXA DE RENOVAÇÃO DE LICENCIAMENTO ANUAL DE VEÍCULO;11;127291569,00
1121.01.0.1.01.004;9;TX. INSP. CONTR. FISC. - PRINC. - TX. SEGURANÇA PÚBLICA - TAXA DE RENOVAÇÃO DE LICENCIAMENTO ANUAL DE VEÍCULO;27;297013661,00
1121.01.0.1.01.006;9;TX. INSP. CONTR. FISC. - PRINC. - TX. SEGURANÇA PÚBLICA - DEPARTAMENTO DE EDIFICAÇÕES E ESTRADAS DE RODAGEM DO ESTADO DE MINAS GERAIS - DERMG;11;3410287,00
1121.01.0.1.01.006;9;TX. INSP. CONTR. FISC. - PRINC. - TX. SEGURANÇA PÚBLICA - DEPARTAMENTO DE EDIFICAÇÕES E ESTRADAS DE RODAGEM DO ESTADO DE MINAS GERAIS - DERMG;27;7957337,00
1121.01.0.1.02.000;8;TX. INSP. CONTR. FISC. - PRINC. - TAXA DE FISCALIZAÇÃO JUDICIÁRIA;77;1862473175,00
1121.01.0.1.03.000;8;TX. INSP. CONTR. FISC. - PRINC. - TAXA DE LICENCIAMENTO PARA USO OU OCUPAÇÃO DA FAIXA DE DOMÍNIO DAS RODOVIAS;11;2717233,00
1121.01.0.1.03.000;8;TX. INSP. CONTR. FISC. - PRINC. - TAXA DE LICENCIAMENTO PARA USO OU OCUPAÇÃO DA FAIXA DE DOMÍNIO DAS RODOVIAS;54;6340211,00
1121.01.0.1.04.000;8;TX. INSP. CONTR. FISC. - PRINC. - TAXA DE FISCALIZAÇÃO SOBRE SERVIÇOS PÚBLICOS DE ABASTECIMENTO DE ÁGUA E SANEAMENTO;11;19653451,00
1121.01.0.1.04.000;8;TX. INSP. CONTR. FISC. - PRINC. - TAXA DE FISCALIZAÇÃO SOBRE SERVIÇOS PÚBLICOS DE ABASTECIMENTO DE ÁGUA E SANEAMENTO;59;45858052,00
1121.01.0.2.00.000;7;TX. INSP. CONTR. FISC. - MULTAS E JUROS DE MORA;;38261400,00
1121.01.0.2.01.000;8;TX. INSP. CONTR. FISC. - MJM - TAXA DE SEGURANÇA PÚBLICA;;36357477,00
1121.01.0.2.01.001;9;TX. INSP. CONTR. FISC. - MJM - TX. SEGURANÇA PÚBLICA - POLÍCIA CIVIL DO ESTADO DE MINAS GERAIS - PCMG E COORDENADORIA ESTADUAL DE GESTÃO DO TRÂNSITO - CET;11;1166,00
1121.01.0.2.01.001;9;TX. INSP. CONTR. FISC. - MJM - TX. SEGURANÇA PÚBLICA - POLÍCIA CIVIL DO ESTADO DE MINAS GERAIS - PCMG E COORDENADORIA ESTADUAL DE GESTÃO DO TRÂNSITO - CET;27;2721,00
1121.01.0.2.01.004;9;TX. INSP. CONTR. FISC. - MJM - TX. SEGURANÇA PÚBLICA - TAXA DE RENOVAÇÃO DE LICENCIAMENTO ANUAL DE VEÍCULO;11;10906077,00
1121.01.0.2.01.004;9;TX. INSP. CONTR. FISC. - MJM - TX. SEGURANÇA PÚBLICA - TAXA DE RENOVAÇÃO DE LICENCIAMENTO ANUAL DE VEÍCULO;27;25447513,00
1121.01.0.2.02.000;8;TX. INSP. CONTR. FISC. - MJM - TAXA DE FISCALIZAÇÃO JUDICIÁRIA;77;1400636,00
1121.01.0.2.03.000;8;TX. INSP. CONTR. FISC. - MJM - TAXA DE LICENCIAMENTO PARA USO OU OCUPAÇÃO DA FAIXA DE DOMÍNIO DAS RODOVIAS;11;146700,00
1121.01.0.2.03.000;8;TX. INSP. CONTR. FISC. - MJM - TAXA DE LICENCIAMENTO PARA USO OU OCUPAÇÃO DA FAIXA DE DOMÍNIO DAS RODOVIAS;54;342301,00
1121.01.0.2.04.000;8;TX. INSP. CONTR. FISC. - MJM - TAXA DE FISCALIZAÇÃO SOBRE SERVIÇOS PÚBLICOS DE ABASTECIMENTO DE ÁGUA E SANEAMENTO;11;4286,00
1121.01.0.2.04.000;8;TX. INSP. CONTR. FISC. - MJM - TAXA DE FISCALIZAÇÃO SOBRE SERVIÇOS PÚBLICOS DE ABASTECIMENTO DE ÁGUA E SANEAMENTO;59;10000,00
1121.01.0.3.00.000;7;TX. INSP. CONTR. FISC. - DÍVIDA ATIVA;;379614,00
1121.01.0.3.01.000;8;TX. INSP. CONTR. FISC. - DA - TAXA DE SEGURANÇA PÚBLICA;;2144,00
1121.01.0.3.01.003;9;TX. INSP. CONTR. FISC. - DA - TX. SEGURANÇA PÚBLICA - POLÍCIA MILITAR DO ESTADO DE MINAS GERAIS - PMMG;11;643,00
1121.01.0.3.01.003;9;TX. INSP. CONTR. FISC. - DA - TX. SEGURANÇA PÚBLICA - POLÍCIA MILITAR DO ESTADO DE MINAS GERAIS - PMMG;27;1501,00
1121.01.0.3.02.000;8;TX. INSP. CONTR. FISC. - DA - TAXA DE FISCALIZAÇÃO JUDICIÁRIA;77;377470,00
1121.01.0.4.00.000;7;TX. INSP. CONTR. FISC. - DÍVIDA ATIVA - MULTAS E JUROS DE MORA;;495233,00
1121.01.0.4.01.000;8;TX. INSP. CONTR. FISC. - DA-MJM - TAXA DE SEGURANÇA PÚBLICA;;8841,00
1121.01.0.4.01.003;9;TX. INSP. CONTR. FISC. - DA-MJM - TX. SEGURANÇA PÚBLICA - POLÍCIA MILITAR DO ESTADO DE MINAS GERAIS - PMMG;11;2652,00
1121.01.0.4.01.003;9;TX. INSP. CONTR. FISC. - DA-MJM - TX. SEGURANÇA PÚBLICA - POLÍCIA MILITAR DO ESTADO DE MINAS GERAIS - PMMG;27;6189,00
1121.01.0.4.02.000;8;TX. INSP. CONTR. FISC. - DA-MJM - TAXA DE FISCALIZAÇÃO JUDICIÁRIA;77;486392,00
1121.04.0.0.00.000;5;TAXA DE CONTROLE E FISCALIZAÇÃO AMBIENTAL;;957311023,00
1121.04.0.1.00.000;7;TX. CONTR. FISC. AMBIENT. - PRINCIPAL;;931316473,00
1121.04.0.1.01.000;8;TX. CONTR. FISC. AMBIENT. - PRINC. - TAXA FLORESTAL;11;50504579,00
1121.04.0.1.01.000;8;TX. CONTR. FISC. AMBIENT. - PRINC. - TAXA FLORESTAL;26;107128444,00
1121.04.0.1.01.000;8;TX. CONTR. FISC. AMBIENT. - PRINC. - TAXA FLORESTAL;94;10715576,00
1121.04.0.1.02.000;8;TX. CONTR. FISC. AMBIENT. - PRINC. - TAXA DE FISCALIZAÇÃO DE RECURSOS MINERÁRIOS;11;191916388,00
1121.04.0.1.02.000;8;TX. CONTR. FISC. AMBIENT. - PRINC. - TAXA DE FISCALIZAÇÃO DE RECURSOS MINERÁRIOS;72;447804905,00
1121.04.0.1.03.000;8;TX. CONTR. FISC. AMBIENT. - PRINC. - TAXA DE CONTROLE E FISCALIZAÇÃO AMBIENTAL;11;18471429,00
1121.04.0.1.03.000;8;TX. CONTR. FISC. AMBIENT. - PRINC. - TAXA DE CONTROLE E FISCALIZAÇÃO AMBIENTAL;52;43100000,00
1121.04.0.1.04.000;8;TX. CONTR. FISC. AMBIENT. - PRINC. - TAXA DE REGULARIZAÇÃO AMBIENTAL;11;9030000,00
1121.04.0.1.04.000;8;TX. CONTR. FISC. AMBIENT. - PRINC. - TAXA DE REGULARIZAÇÃO AMBIENTAL;91;21070000,00
1121.04.0.1.05.000;8;TX. CONTR. FISC. AMBIENT. - PRINC. - TAXA DA LEI DA PESCA;11;1242857,00
1121.04.0.1.05.000;8;TX. CONTR. FISC. AMBIENT. - PRINC. - TAXA DA LEI DA PESCA;91;2900000,00
1121.04.0.1.06.000;8;TX. CONTR. FISC. AMBIENT. - PRINC. - TAXA DE LIBERAÇÃO E MANEJO DA FAUNA E FLORA;11;171429,00
1121.04.0.1.06.000;8;TX. CONTR. FISC. AMBIENT. - PRINC. - TAXA DE LIBERAÇÃO E MANEJO DA FAUNA E FLORA;91;400000,00
1121.04.0.1.07.000;8;TX. CONTR. FISC. AMBIENT. - PRINC. - TAXA DA LEI DE POLÍTICA FLORESTAL;11;7629059,00
1121.04.0.1.07.000;8;TX. CONTR. FISC. AMBIENT. - PRINC. - TAXA DA LEI DE POLÍTICA FLORESTAL;29;379,00
1121.04.0.1.07.000;8;TX. CONTR. FISC. AMBIENT. - PRINC. - TAXA DA LEI DE POLÍTICA FLORESTAL;91;17800000,00
1121.04.0.1.08.000;8;TX. CONTR. FISC. AMBIENT. - PRINC. - TAXA DE CADASTRO PERFURAÇÃO DE POÇOS TUBULARES;11;857,00
1121.04.0.1.08.000;8;TX. CONTR. FISC. AMBIENT. - PRINC. - TAXA DE CADASTRO PERFURAÇÃO DE POÇOS TUBULARES;91;2000,00
1121.04.0.1.09.000;8;TX. CONTR. FISC. AMBIENT. - PRINC. - TAXA DE REPROGRAFIA, CERTIDÕES E JULGAMENTO DE CONTENCIOSO;11;428571,00
1121.04.0.1.09.000;8;TX. CONTR. FISC. AMBIENT. - PRINC. - TAXA DE REPROGRAFIA, CERTIDÕES E JULGAMENTO DE CONTENCIOSO;91;1000000,00
1121.04.0.2.00.000;7;TX. CONTR. FISC. AMBIENT. - MULTAS E JUROS DE MORA;;5975579,00
1121.04.0.2.01.000;8;TX. CONTR. FISC. AMBIENT. - MJM - TAXA FLORESTAL;11;429,00
1121.04.0.2.01.000;8;TX. CONTR. FISC. AMBIENT. - MJM - TAXA FLORESTAL;26;1000,00
1121.04.0.2.02.000;8;TX. CONTR. FISC. AMBIENT. - MJM - TAXA DE FISCALIZAÇÃO DE RECURSOS MINERÁRIOS;11;575102,00
1121.04.0.2.02.000;8;TX. CONTR. FISC. AMBIENT. - MJM - TAXA DE FISCALIZAÇÃO DE RECURSOS MINERÁRIOS;72;1341905,00
1121.04.0.2.03.000;8;TX. CONTR. FISC. AMBIENT. - MJM - TAXA DE CONTROLE E FISCALIZAÇÃO AMBIENTAL;11;1217143,00
1121.04.0.2.03.000;8;TX. CONTR. FISC. AMBIENT. - MJM - TAXA DE CONTROLE E FISCALIZAÇÃO AMBIENTAL;52;2840000,00
1121.04.0.3.00.000;7;TX. CONTR. FISC. AMBIENT. - DÍVIDA ATIVA;;5613227,00
1121.04.0.3.01.000;8;TX. CONTR. FISC. AMBIENT. - DA - TAXA FLORESTAL;26;1000,00
1121.04.0.3.02.000;8;TX. CONTR. FISC. AMBIENT. - DA - TAXA DE FISCALIZAÇÃO DE RECURSOS MINERÁRIOS;11;1344668,00
1121.04.0.3.02.000;8;TX. CONTR. FISC. AMBIENT. - DA - TAXA DE FISCALIZAÇÃO DE RECURSOS MINERÁRIOS;72;3137559,00
1121.04.0.3.03.000;8;TX. CONTR. FISC. AMBIENT. - DA - TAXA DE CONTROLE E FISCALIZAÇÃO AMBIENTAL;11;339000,00
1121.04.0.3.03.000;8;TX. CONTR. FISC. AMBIENT. - DA - TAXA DE CONTROLE E FISCALIZAÇÃO AMBIENTAL;52;791000,00
1121.04.0.4.00.000;7;TX. CONTR. FISC. AMBIENT. - DÍVIDA ATIVA - MULTAS E JUROS DE MORA;;14405744,00
1121.04.0.4.02.000;8;TX. CONTR. FISC. AMBIENT. - DA-MJM - TAXA DE FISCALIZAÇÃO DE RECURSOS MINERÁRIOS;11;1921723,00
1121.04.0.4.02.000;8;TX. CONTR. FISC. AMBIENT. - DA-MJM - TAXA DE FISCALIZAÇÃO DE RECURSOS MINERÁRIOS;72;4484021,00
1121.04.0.4.03.000;8;TX. CONTR. FISC. AMBIENT. - DA-MJM - TAXA DE CONTROLE E FISCALIZAÇÃO AMBIENTAL;11;2400000,00
1121.04.0.4.03.000;8;TX. CONTR. FISC. AMBIENT. - DA-MJM - TAXA DE CONTROLE E FISCALIZAÇÃO AMBIENTAL;52;5600000,00
1122.00.0.0.00.000;4;TAXAS PELA PRESTAÇÃO DE SERVIÇOS;;905265568,00
1122.01.0.0.00.000;5;TAXAS PELA PRESTAÇÃO DE SERVIÇOS EM GERAL;;172383431,00
1122.01.0.1.00.000;7;TX. PREST. SERV. G. - PRINCIPAL;;172086276,00
1122.01.0.1.01.000;8;TX. PREST. SERV. G. - PRINC. - TAXA DE EXPEDIENTE;;172030225,00
1122.01.0.1.01.001;9;TX. PREST. SERV. G. - PRINC. - TX. EXP. - DEPARTAMENTO DE EDIFICAÇÕES E ESTRADAS DE RODAGEM DO ESTADO DE MINAS GERAIS - DERMG;11;2215849,00
1122.01.0.1.01.001;9;TX. PREST. SERV. G. - PRINC. - TX. EXP. - DEPARTAMENTO DE EDIFICAÇÕES E ESTRADAS DE RODAGEM DO ESTADO DE MINAS GERAIS - DERMG;91;5170314,00
1122.01.0.1.01.002;9;TX. PREST. SERV. G. - PRINC. - TX. EXP. - ATOS DA SECRETARIA DE ESTADO DA FAZENDA - SEF;11;11676460,00
1122.01.0.1.01.002;9;TX. PREST. SERV. G. - PRINC. - TX. EXP. - ATOS DA SECRETARIA DE ESTADO DA FAZENDA - SEF;29;27245073,00
1122.01.0.1.01.003;9;TX. PREST. SERV. G. - PRINC. - TX. EXP. - INSTITUTO MINEIRO DE AGROPECUÁRIA - IMA;11;27007727,00
1122.01.0.1.01.003;9;TX. PREST. SERV. G. - PRINC. - TX. EXP. - INSTITUTO MINEIRO DE AGROPECUÁRIA - IMA;91;63018030,00
1122.01.0.1.01.004;9;TX. PREST. SERV. G. - PRINC. - TX. EXP. - ATOS DA SECRETARIA DE ESTADO DE SAÚDE - SES;11;133573,00
1122.01.0.1.01.004;9;TX. PREST. SERV. G. - PRINC. - TX. EXP. - ATOS DA SECRETARIA DE ESTADO DE SAÚDE - SES;29;311670,00
1122.01.0.1.01.011;9;TX. PREST. SERV. G. - PRINC. - TX. EXP. - ATOS DE AUTORIDADE ADMINISTRATIVA DO SISTEMA ESTADUAL DE MEIO AMBIENTE E RECURSOS HÍDRICOS - SISEMA;11;10555182,00
1122.01.0.1.01.011;9;TX. PREST. SERV. G. - PRINC. - TX. EXP. - ATOS DE AUTORIDADE ADMINISTRATIVA DO SISTEMA ESTADUAL DE MEIO AMBIENTE E RECURSOS HÍDRICOS - SISEMA;29;2222852,00
1122.01.0.1.01.011;9;TX. PREST. SERV. G. - PRINC. - TX. EXP. - ATOS DE AUTORIDADE ADMINISTRATIVA DO SISTEMA ESTADUAL DE MEIO AMBIENTE E RECURSOS HÍDRICOS - SISEMA;91;22405906,00
1122.01.0.1.01.999;9;TX. PREST. SERV. G. - PRINC. - TX. EXP. - OUTROS;15;67589,00
1122.01.0.1.04.000;8;TX. PREST. SERV. G. - PRINC. - TAXA DE GERENCIAMENTO DO SISTEMA TRANSPORTE RODOVIÁRIO INTERMUNICIPAL - DEPARTAMENTO DE EDIFICAÇÕES E ESTRADAS DE RODAGEM DO ESTADO DE MINAS GERAIS - DERMG;11;16815,00
1122.01.0.1.04.000;8;TX. PREST. SERV. G. - PRINC. - TAXA DE GERENCIAMENTO DO SISTEMA TRANSPORTE RODOVIÁRIO INTERMUNICIPAL - DEPARTAMENTO DE EDIFICAÇÕES E ESTRADAS DE RODAGEM DO ESTADO DE MINAS GERAIS - DERMG;91;39236,00
1122.01.0.2.00.000;7;TX. PREST. SERV. G. - MULTAS E JUROS DE MORA;;159868,00
1122.01.0.2.01.000;8;TX. PREST. SERV. G. - MJM - TAXA DE EXPEDIENTE;;159868,00
1122.01.0.2.01.002;9;TX. PREST. SERV. G. - MJM - TX. EXP. - ATOS DA SECRETARIA DE ESTADO DA FAZENDA - SEF;11;35425,00
1122.01.0.2.01.002;9;TX. PREST. SERV. G. - MJM - TX. EXP. - ATOS DA SECRETARIA DE ESTADO DA FAZENDA - SEF;29;82659,00
1122.01.0.2.01.004;9;TX. PREST. SERV. G. - MJM - TX. EXP. - ATOS DA SECRETARIA DE ESTADO DE SAÚDE - SES;11;11312,00
1122.01.0.2.01.004;9;TX. PREST. SERV. G. - MJM - TX. EXP. - ATOS DA SECRETARIA DE ESTADO DE SAÚDE - SES;29;26394,00
1122.01.0.2.01.999;9;TX. PREST. SERV. G. - MJM - TX. EXP. - OUTROS;15;4078,00
1122.01.0.3.00.000;7;TX. PREST. SERV. G. - DÍVIDA ATIVA;;34988,00
1122.01.0.3.01.000;8;TX. PREST. SERV. G. - DA - TAXA DE EXPEDIENTE;;34988,00
1122.01.0.3.01.999;9;TX. PREST. SERV. G. - DA - TX. EXP. - OUTROS;15;34988,00
1122.01.0.4.00.000;7;TX. PREST. SERV. G. - DÍVIDA ATIVA - MULTAS E JUROS DE MORA;;102299,00
1122.01.0.4.01.000;8;TX. PREST. SERV. G. - DA-MJM - TAXA DE EXPEDIENTE;;102299,00
1122.01.0.4.01.999;9;TX. PREST. SERV. G. - DA-MJM - TX. EXP. - OUTROS;15;102299,00
1122.02.0.0.00.000;5;EMOLUMENTOS E CUSTAS JUDICIAIS;;732882137,00
1122.02.0.1.00.000;7;EMOLUMENTOS CUSTAS JUDICIAIS - PRINCIPAL;;712549158,00
1122.02.0.1.01.000;8;EMOLUMENTOS CUSTAS JUDICIAIS - PRINC. - CUSTAS JUDICIAIS - JUSTIÇA COMUM;77;309070454,00
1122.02.0.1.02.000;8;EMOLUMENTOS CUSTAS JUDICIAIS - PRINC. - CUSTAS JUDICIAIS - JUIZADO ESPECIAL;77;24204951,00
1122.02.0.1.03.000;8;EMOLUMENTOS CUSTAS JUDICIAIS - PRINC. - TAXA JUDICIÁRIA;77;194123753,00
1122.02.0.1.04.000;8;EMOLUMENTOS CUSTAS JUDICIAIS - PRINC. - EMOLUMENTOS;59;185150000,00
1122.02.0.2.00.000;7;EMOLUMENTOS CUSTAS JUDICIAIS - MULTAS E JUROS DE MORA;;2945418,00
1122.02.0.2.01.000;8;EMOLUMENTOS CUSTAS JUDICIAIS - MJM - CUSTAS JUDICIAIS - JUSTIÇA COMUM;77;1496434,00
1122.02.0.2.02.000;8;EMOLUMENTOS CUSTAS JUDICIAIS - MJM - CUSTAS JUDICIAIS - JUIZADO ESPECIAL;77;147255,00
1122.02.0.2.03.000;8;EMOLUMENTOS CUSTAS JUDICIAIS - MJM - TAXA JUDICIÁRIA;77;786729,00
1122.02.0.2.04.000;8;EMOLUMENTOS CUSTAS JUDICIAIS - MJM - EMOLUMENTOS;59;515000,00
1122.02.0.3.00.000;7;EMOLUMENTOS CUSTAS JUDICIAIS - DÍVIDA ATIVA;;16150706,00
1122.02.0.3.01.000;8;EMOLUMENTOS CUSTAS JUDICIAIS - DA - CUSTAS JUDICIAIS - JUSTIÇA COMUM;77;9544019,00
1122.02.0.3.02.000;8;EMOLUMENTOS CUSTAS JUDICIAIS - DA - CUSTAS JUDICIAIS - JUIZADO ESPECIAL;77;1638663,00
1122.02.0.3.03.000;8;EMOLUMENTOS CUSTAS JUDICIAIS - DA - TAXA JUDICIÁRIA;77;4708024,00
1122.02.0.3.04.000;8;EMOLUMENTOS CUSTAS JUDICIAIS - DA - EMOLUMENTOS;59;260000,00
1122.02.0.4.00.000;7;EMOLUMENTOS CUSTAS JUDICIAIS - DÍVIDA ATIVA - MULTAS E JUROS DE MORA;;1236855,00
1122.02.0.4.01.000;8;EMOLUMENTOS CUSTAS JUDICIAIS - DA-MJM - CUSTAS JUDICIAIS - JUSTIÇA COMUM;77;654519,00
1122.02.0.4.02.000;8;EMOLUMENTOS CUSTAS JUDICIAIS - DA-MJM - CUSTAS JUDICIAIS - JUIZADO ESPECIAL;77;204042,00
1122.02.0.4.03.000;8;EMOLUMENTOS CUSTAS JUDICIAIS - DA-MJM - TAXA JUDICIÁRIA;77;303294,00
1122.02.0.4.04.000;8;EMOLUMENTOS CUSTAS JUDICIAIS - DA-MJM - EMOLUMENTOS;59;75000,00
1200.00.0.0.00.000;2;CONTRIBUIÇÕES;;6834221505,00
1210.00.0.0.00.000;3;CONTRIBUIÇÕES SOCIAIS;;6834221505,00
1215.00.0.0.00.000;4;CONTRIBUIÇÕES PARA REGIMES PRÓPRIOS DE PREVIDÊNCIA E SISTEMA DE PROTEÇÃO SOCIAL;;3941300432,00
1215.01.0.0.00.000;5;CONTRIBUIÇÃO DO SERVIDOR CIVIL;;3941300432,00
1215.01.1.0.00.000;6;CONTRIBUIÇÃO DO SERVIDOR CIVIL ATIVO;;2392009224,00
1215.01.1.1.00.000;7;CONTRIB. SERV. CIVIL ATIVO - PRINCIPAL;;2392009224,00
1215.01.1.1.01.000;8;CONTRIB. SERV. CIVIL ATIVO - PRINC. - PODER EXECUTIVO;43;1360823215,00
1215.01.1.1.02.000;8;CONTRIB. SERV. CIVIL ATIVO - PRINC. - ASSEMBLEIA LEGISLATIVA DO ESTADO DE MINAS GERAIS - ALMG;43;55160000,00
1215.01.1.1.03.000;8;CONTRIB. SERV. CIVIL ATIVO - PRINC. - TRIBUNAL DE CONTAS DO ESTADO DE MINAS GERAIS - TCEMG;43;53280538,00
1215.01.1.1.04.000;8;CONTRIB. SERV. CIVIL ATIVO - PRINC. - TRIBUNAL DE JUSTIÇA DO ESTADO DE MINAS GERAIS - TJMG;43;652750262,00
1215.01.1.1.05.000;8;CONTRIB. SERV. CIVIL ATIVO - PRINC. - TRIBUNAL DE JUSTIÇA MILITAR DO ESTADO DE MINAS GERAIS - TJMMG;43;6303752,00
1215.01.1.1.06.000;8;CONTRIB. SERV. CIVIL ATIVO - PRINC. - MINISTÉRIO PÚBLICO DO ESTADO DE MINAS GERAIS - MPMG;43;195533850,00
1215.01.1.1.07.000;8;CONTRIB. SERV. CIVIL ATIVO - PRINC. - DEFENSORIA PÚBLICA DO ESTADO DE MINAS GERAIS - DEFPUB;43;50599427,00
1215.01.1.1.99.000;8;CONTRIB. SERV. CIVIL ATIVO - PRINC. - DEMAIS;;17558180,00
1215.01.1.1.99.001;9;CONTRIB. SERV. CIVIL ATIVO - PRINC. - DEMAIS - PESSOAL LICENCIADO/À DISPOSIÇÃO;43;17558180,00
1215.01.2.0.00.000;6;CONTRIBUIÇÃO DO SERVIDOR CIVIL INATIVO;;1292730038,00
1215.01.2.1.00.000;7;CONTRIB. SERV. CIVIL INATIVO - PRINCIPAL;;1292730038,00
1215.01.2.1.01.000;8;CONTRIB. SERV. CIVIL INATIVO - PRINC. - PODER EXECUTIVO;43;874433459,00
1215.01.2.1.02.000;8;CONTRIB. SERV. CIVIL INATIVO - PRINC. - ASSEMBLEIA LEGISLATIVA DO ESTADO DE MINAS GERAIS - ALMG;43;71000000,00
1215.01.2.1.03.000;8;CONTRIB. SERV. CIVIL INATIVO - PRINC. - TRIBUNAL DE CONTAS DO ESTADO DE MINAS GERAIS - TCEMG;43;65626216,00
1215.01.2.1.04.000;8;CONTRIB. SERV. CIVIL INATIVO - PRINC. - TRIBUNAL DE JUSTIÇA DO ESTADO DE MINAS GERAIS - TJMG;43;209681278,00
1215.01.2.1.05.000;8;CONTRIB. SERV. CIVIL INATIVO - PRINC. - TRIBUNAL DE JUSTIÇA MILITAR DO ESTADO DE MINAS GERAIS - TJMMG;43;2834852,00
1215.01.2.1.06.000;8;CONTRIB. SERV. CIVIL INATIVO - PRINC. - MINISTÉRIO PÚBLICO DO ESTADO DE MINAS GERAIS - MPMG;43;51775013,00
1215.01.2.1.07.000;8;CONTRIB. SERV. CIVIL INATIVO - PRINC. - DEFENSORIA PÚBLICA DO ESTADO DE MINAS GERAIS - DEFPUB;43;17379220,00
1215.01.3.0.00.000;6;CONTRIBUIÇÃO DO SERVIDOR CIVIL - PENSIONISTAS;;222636309,00
1215.01.3.1.00.000;7;CONTRIB. SERV. CIVIL - PENSIONISTAS - PRINCIPAL;;222636309,00
1215.01.3.1.01.000;8;CONTRIB. SERV. CIVIL - PENSIONISTAS - PRINC. - PODER EXECUTIVO;43;179291028,00
1215.01.3.1.02.000;8;CONTRIB. SERV. CIVIL - PENSIONISTAS - PRINC. - ASSEMBLEIA LEGISLATIVA DO ESTADO DE MINAS GERAIS - ALMG;43;240000,00
1215.01.3.1.04.000;8;CONTRIB. SERV. CIVIL - PENSIONISTAS - PRINC. - TRIBUNAL DE JUSTIÇA DO ESTADO DE MINAS GERAIS - TJMG;43;29138490,00
1215.01.3.1.05.000;8;CONTRIB. SERV. CIVIL - PENSIONISTAS - PRINC. - TRIBUNAL DE JUSTIÇA MILITAR DO ESTADO DE MINAS GERAIS - TJMMG;43;526763,00
1215.01.3.1.06.000;8;CONTRIB. SERV. CIVIL - PENSIONISTAS - PRINC. - MINISTÉRIO PÚBLICO DO ESTADO DE MINAS GERAIS - MPMG;43;13440028,00
1215.01.4.0.00.000;6;CONTRIBUIÇÃO ORIUNDA DE SENTENÇAS JUDICIAIS - SERVIDOR CIVIL ATIVO;;16980525,00
1215.01.4.1.00.000;7;CONTRIB. ORIUNDA SENT. JUDIC. - SERV. CIVIL ATIVO - PRINCIPAL;;16980525,00
1215.01.4.1.01.000;8;CONTRIB. ORIUNDA SENT. JUDIC. - SERV. CIVIL ATIVO - PRINC.;43;16980525,00
1215.01.5.0.00.000;6;CONTRIBUIÇÃO ORIUNDA DE SENTENÇAS JUDICIAIS - SERVIDOR CIVIL INATIVO;;16944336,00
1215.01.5.1.00.000;7;CONTRIB. ORIUNDA SENT. JUDIC. - SERV. CIVIL INATIVO - PRINCIPAL;;16944336,00
1215.01.5.1.01.000;8;CONTRIB. ORIUNDA SENT. JUDIC. - SERV. CIVIL INATIVO - PRINC.;43;16944336,00
1219.00.0.0.00.000;4;OUTRAS CONTRIBUIÇÕES SOCIAIS;;2892921073,00
1219.99.0.0.00.000;5;DEMAIS CONTRIBUIÇÕES SOCIAIS;;2892921073,00
1219.99.1.0.00.000;6;DEMAIS CONTRIBUIÇÕES SOCIAIS NÃO ARRECADADAS E NÃO PROJETADAS PELA RFB;;2892921073,00
1219.99.1.1.00.000;7;DEMAIS CONTRIB. SOC. - PRINCIPAL;;2877096217,00
1219.99.1.1.01.000;8;DEMAIS CONTRIB. SOC. - PRINC. - CONTRIB. PATRONAL DO CIVIL PARA A SAÚDE;;1612816,00
1219.99.1.1.01.001;9;DEMAIS CONTRIB. SOC. - PRINC. - CONTRIB. PATRON. CIVIL SAÚDE - SERVIDOR ATIVO;60;1457500,00
1219.99.1.1.01.008;9;DEMAIS CONTRIB. SOC. - PRINC. - CONTRIB. PATRON. CIVIL SAÚDE - MUNICÍPIOS;49;155316,00
1219.99.1.1.02.000;8;DEMAIS CONTRIB. SOC. - PRINC. - CONTRIB. DO CIVIL PARA A SAÚDE;;1526601096,00
1219.99.1.1.02.001;9;DEMAIS CONTRIB. SOC. - PRINC. - CONTRIB. CIVIL SAÚDE - ATIVO;50;399289053,00
1219.99.1.1.02.002;9;DEMAIS CONTRIB. SOC. - PRINC. - CONTRIB. CIVIL SAÚDE - INATIVO;50;460563095,00
1219.99.1.1.02.003;9;DEMAIS CONTRIB. SOC. - PRINC. - CONTRIB. CIVIL SAÚDE - PENSIONISTA;50;69910242,00
1219.99.1.1.02.004;9;DEMAIS CONTRIB. SOC. - PRINC. - CONTRIB. CIVIL SAÚDE - CONTRATO ADMINISTRATIVO;50;39430882,00
1219.99.1.1.02.005;9;DEMAIS CONTRIB. SOC. - PRINC. - CONTRIB. CIVIL SAÚDE - ESTADO - DEPENDENTES;50;367494841,00
1219.99.1.1.02.006;9;DEMAIS CONTRIB. SOC. - PRINC. - CONTRIB. CIVIL SAÚDE - ESTADO - DEPENDENTES - FILHOS;50;188464823,00
1219.99.1.1.02.007;9;DEMAIS CONTRIB. SOC. - PRINC. - CONTRIB. CIVIL SAÚDE - USUÁRIO FACULTATIVO;50;161616,00
1219.99.1.1.02.008;9;DEMAIS CONTRIB. SOC. - PRINC. - CONTRIB. CIVIL SAÚDE - MUNICÍPIOS;50;350268,00
1219.99.1.1.02.009;9;DEMAIS CONTRIB. SOC. - PRINC. - CONTRIB. CIVIL SAÚDE - DEMAIS - SERVIDOR;50;602724,00
1219.99.1.1.02.010;9;DEMAIS CONTRIB. SOC. - PRINC. - CONTRIB. CIVIL SAÚDE - DEMAIS - DEPENDENTES;50;206712,00
1219.99.1.1.02.011;9;DEMAIS CONTRIB. SOC. - PRINC. - CONTRIB. CIVIL SAÚDE - DEMAIS - DEPENDENTES - FILHOS;50;126840,00
1219.99.1.1.03.000;8;DEMAIS CONTRIB. SOC. - PRINC. - INSTITUTO DE PREVIDÊNCIA DO SERVIDOR MILITAR - IPSM;;1092355402,00
1219.99.1.1.03.002;9;DEMAIS CONTRIB. SOC. - PRINC. - IPSM - CONTRIB. DO SERVIDOR CIVIL - INATIVO;50;212729,00
1219.99.1.1.03.003;9;DEMAIS CONTRIB. SOC. - PRINC. - IPSM - CONTRIB. MILITAR PARA A SAÚDE - ATIVO;50;88563452,00
1219.99.1.1.03.004;9;DEMAIS CONTRIB. SOC. - PRINC. - IPSM - CONTRIB. MILITAR PARA A SAÚDE - INATIVO;50;151614775,00
1219.99.1.1.03.005;9;DEMAIS CONTRIB. SOC. - PRINC. - IPSM - CONTRIB. MILITAR PARA A PREVIDÊNCIA - ATIVO;50;313997693,00
1219.99.1.1.03.006;9;DEMAIS CONTRIB. SOC. - PRINC. - IPSM - CONTRIB. MILITAR PARA A PREVIDÊNCIA - INATIVO;50;537541295,00
1219.99.1.1.03.052;9;DEMAIS CONTRIB. SOC. - PRINC. - IPSM - CONTRIB. PATRONAL - INATIVO CIVIL;49;425458,00
1219.99.1.1.04.000;8;DEMAIS CONTRIB. SOC. - PRINC. - INSTITUTO DE PREVIDÊNCIA DO LEGISLATIVO DO ESTADO DE MINAS GERAIS - IPLEMG;;6233500,00
1219.99.1.1.04.002;9;DEMAIS CONTRIB. SOC. - PRINC. - IPLEMG - CONTRIB. DO SEGURADO - INATIVO;60;2572500,00
1219.99.1.1.04.003;9;DEMAIS CONTRIB. SOC. - PRINC. - IPLEMG - CONTRIB. DO SEGURADO - PENSIONISTA;60;2275000,00
1219.99.1.1.04.052;9;DEMAIS CONTRIB. SOC. - PRINC. - IPLEMG - CONTRIB. PATRONAL - EXERCENTE DE MANDATO ELETIVO FEDERAL OU MUNICIPAL;60;1386000,00
1219.99.1.1.06.000;8;DEMAIS CONTRIB. SOC. - PRINC. - PECÚLIO;59;61387074,00
1219.99.1.1.07.000;8;DEMAIS CONTRIB. SOC. - PRINC. - SEGURO COLETIVO;59;29475771,00
1219.99.1.1.08.000;8;DEMAIS CONTRIB. SOC. - PRINC. - SEGURO DO CÔNJUGE;59;1228157,00
1219.99.1.1.10.000;8;DEMAIS CONTRIB. SOC. - PRINC. - CONTRIBUIÇÃO MILITAR PARA A APOSENTADORIA;;158202401,00
1219.99.1.1.10.001;9;DEMAIS CONTRIB. SOC. - PRINC. - CONTRIB. MILITAR APOSENTADORIA - ATIVO;30;158202401,00
1219.99.1.3.00.000;7;DEMAIS CONTRIB. SOC. - DÍVIDA ATIVA;;6836621,00
1219.99.1.3.99.000;8;DEMAIS CONTRIB. SOC. - DA - DEMAIS;60;2623965,00
1219.99.1.3.99.000;8;DEMAIS CONTRIB. SOC. - DA - DEMAIS;61;4212656,00
1219.99.1.4.00.000;7;DEMAIS CONTRIB. SOC. - DÍVIDA ATIVA - MULTAS E JUROS DE MORA;;8988235,00
1219.99.1.4.99.000;8;DEMAIS CONTRIB. SOC. - DA-MJM - DEMAIS;60;3540005,00
1219.99.1.4.99.000;8;DEMAIS CONTRIB. SOC. - DA-MJM - DEMAIS;61;5448230,00
1300.00.0.0.00.000;2;RECEITA PATRIMONIAL;;8195024510,00
1310.00.0.0.00.000;3;EXPLORAÇÃO DO PATRIMÔNIO IMOBILIÁRIO DO ESTADO;;13967719,00
1311.00.0.0.00.000;4;EXPLORAÇÃO DO PATRIMÔNIO IMOBILIÁRIO DO ESTADO;;13967719,00
1311.01.0.0.00.000;5;ALUGUÉIS, ARRENDAMENTOS, FOROS, LAUDÊMIOS, TARIFAS DE OCUPAÇÃO;;7858365,00
1311.01.1.0.00.000;6;ALUGUÉIS E ARRENDAMENTOS;;7616698,00
1311.01.1.1.00.000;7;ALUGUÉIS ARRENDAMENTOS - PRINCIPAL;;7579155,00
1311.01.1.1.01.000;8;ALUGUÉIS ARRENDAMENTOS - PRINC. - ALUGUÉIS;15;453218,00
1311.01.1.1.01.000;8;ALUGUÉIS ARRENDAMENTOS - PRINC. - ALUGUÉIS;60;6890629,00
1311.01.1.1.02.000;8;ALUGUÉIS ARRENDAMENTOS - PRINC. - ARRENDAMENTOS;60;235308,00
1311.01.1.2.00.000;7;ALUGUÉIS ARRENDAMENTOS - MULTAS E JUROS DE MORA;;37543,00
1311.01.1.2.01.000;8;ALUGUÉIS ARRENDAMENTOS - MJM - ALUGUÉIS;60;37371,00
1311.01.1.2.02.000;8;ALUGUÉIS ARRENDAMENTOS - MJM - ARRENDAMENTOS;60;172,00
1311.01.2.0.00.000;6;FOROS, LAUDÊMIOS E TARIFAS DE OCUPAÇÃO;;241667,00
1311.01.2.1.00.000;7;FOROS LAUDÊMIOS TARIFAS OCUPAÇÃO - PRINCIPAL;;241667,00
1311.01.2.1.01.000;8;FOROS LAUDÊMIOS TARIFAS OCUPAÇÃO - PRINC. - TARIFA DE OCUPAÇÃO DE IMÓVEIS;60;241667,00
1311.02.0.0.00.000;5;CONCESSÃO, PERMISSÃO, AUTORIZAÇÃO OU CESSÃO DO DIREITO DE USO DE BENS IMÓVEIS PÚBLICOS;;6109354,00
1311.02.0.1.00.000;7;CONC. PERM. AUTOR. CESSÃO DIR. USO BENS IMÓV. PÚB. - PRINCIPAL;;6109354,00
1311.02.0.1.01.000;8;CONC. PERM. AUTOR. CESSÃO DIR. USO BENS IMÓV. PÚB. - PRINC. - CONCESSÃO DE DIREITO REAL DE USO DE ÁREA PÚBLICA;60;3331476,00
1311.02.0.1.99.000;8;CONC. PERM. AUTOR. CESSÃO DIR. USO BENS IMÓV. PÚB. - PRINC. - DEMAIS;15;900526,00
1311.02.0.1.99.000;8;CONC. PERM. AUTOR. CESSÃO DIR. USO BENS IMÓV. PÚB. - PRINC. - DEMAIS;60;1877352,00
1320.00.0.0.00.000;3;VALORES MOBILIÁRIOS;;5386601935,00
1321.00.0.0.00.000;4;JUROS E CORREÇÕES MONETÁRIAS;;3783649238,00
1321.01.0.0.00.000;5;REMUNERAÇÃO DE DEPÓSITOS BANCÁRIOS;;2872317195,00
1321.01.0.1.00.000;7;REMUNERAÇÃO DEPÓSITOS BANCÁRIOS - PRINCIPAL;;2872317195,00
1321.01.0.1.01.000;8;REMUNERAÇÃO DEPÓSITOS BANCÁRIOS - PRINC.;1;331649,00
1321.01.0.1.01.000;8;REMUNERAÇÃO DEPÓSITOS BANCÁRIOS - PRINC.;2;364700,00
1321.01.0.1.01.000;8;REMUNERAÇÃO DEPÓSITOS BANCÁRIOS - PRINC.;3;1000,00
1321.01.0.1.01.000;8;REMUNERAÇÃO DEPÓSITOS BANCÁRIOS - PRINC.;5;1000,00
1321.01.0.1.01.000;8;REMUNERAÇÃO DEPÓSITOS BANCÁRIOS - PRINC.;6;1000,00
1321.01.0.1.01.000;8;REMUNERAÇÃO DEPÓSITOS BANCÁRIOS - PRINC.;9;1012527,00
1321.01.0.1.01.000;8;REMUNERAÇÃO DEPÓSITOS BANCÁRIOS - PRINC.;10;3375706,00
1321.01.0.1.01.000;8;REMUNERAÇÃO DEPÓSITOS BANCÁRIOS - PRINC.;15;952425102,00
1321.01.0.1.01.000;8;REMUNERAÇÃO DEPÓSITOS BANCÁRIOS - PRINC.;16;1000,00
1321.01.0.1.01.000;8;REMUNERAÇÃO DEPÓSITOS BANCÁRIOS - PRINC.;21;24035000,00
1321.01.0.1.01.000;8;REMUNERAÇÃO DEPÓSITOS BANCÁRIOS - PRINC.;23;209000000,00
1321.01.0.1.01.000;8;REMUNERAÇÃO DEPÓSITOS BANCÁRIOS - PRINC.;24;9650831,00
1321.01.0.1.01.000;8;REMUNERAÇÃO DEPÓSITOS BANCÁRIOS - PRINC.;25;20453288,00
1321.01.0.1.01.000;8;REMUNERAÇÃO DEPÓSITOS BANCÁRIOS - PRINC.;31;32263,00
1321.01.0.1.01.000;8;REMUNERAÇÃO DEPÓSITOS BANCÁRIOS - PRINC.;36;954677,00
1321.01.0.1.01.000;8;REMUNERAÇÃO DEPÓSITOS BANCÁRIOS - PRINC.;37;850000,00
1321.01.0.1.01.000;8;REMUNERAÇÃO DEPÓSITOS BANCÁRIOS - PRINC.;45;449555,00
1321.01.0.1.01.000;8;REMUNERAÇÃO DEPÓSITOS BANCÁRIOS - PRINC.;46;2072,00
1321.01.0.1.01.000;8;REMUNERAÇÃO DEPÓSITOS BANCÁRIOS - PRINC.;47;500000,00
1321.01.0.1.01.000;8;REMUNERAÇÃO DEPÓSITOS BANCÁRIOS - PRINC.;51;7711906,00
1321.01.0.1.01.000;8;REMUNERAÇÃO DEPÓSITOS BANCÁRIOS - PRINC.;53;985,00
1321.01.0.1.01.000;8;REMUNERAÇÃO DEPÓSITOS BANCÁRIOS - PRINC.;56;1049276,00
1321.01.0.1.01.000;8;REMUNERAÇÃO DEPÓSITOS BANCÁRIOS - PRINC.;57;13970000,00
1321.01.0.1.01.000;8;REMUNERAÇÃO DEPÓSITOS BANCÁRIOS - PRINC.;59;3500000,00
1321.01.0.1.01.000;8;REMUNERAÇÃO DEPÓSITOS BANCÁRIOS - PRINC.;60;1561874443,00
1321.01.0.1.01.000;8;REMUNERAÇÃO DEPÓSITOS BANCÁRIOS - PRINC.;62;1522920,00
1321.01.0.1.01.000;8;REMUNERAÇÃO DEPÓSITOS BANCÁRIOS - PRINC.;63;495112,00
1321.01.0.1.01.000;8;REMUNERAÇÃO DEPÓSITOS BANCÁRIOS - PRINC.;64;25000,00
1321.01.0.1.01.000;8;REMUNERAÇÃO DEPÓSITOS BANCÁRIOS - PRINC.;65;3500,00
1321.01.0.1.01.000;8;REMUNERAÇÃO DEPÓSITOS BANCÁRIOS - PRINC.;66;21000,00
1321.01.0.1.01.000;8;REMUNERAÇÃO DEPÓSITOS BANCÁRIOS - PRINC.;68;1409669,00
1321.01.0.1.01.000;8;REMUNERAÇÃO DEPÓSITOS BANCÁRIOS - PRINC.;69;1231500,00
1321.01.0.1.01.000;8;REMUNERAÇÃO DEPÓSITOS BANCÁRIOS - PRINC.;70;6281212,00
1321.01.0.1.01.000;8;REMUNERAÇÃO DEPÓSITOS BANCÁRIOS - PRINC.;71;184057,00
1321.01.0.1.01.000;8;REMUNERAÇÃO DEPÓSITOS BANCÁRIOS - PRINC.;72;117941,00
1321.01.0.1.01.000;8;REMUNERAÇÃO DEPÓSITOS BANCÁRIOS - PRINC.;73;4530486,00
1321.01.0.1.01.000;8;REMUNERAÇÃO DEPÓSITOS BANCÁRIOS - PRINC.;74;4807100,00
1321.01.0.1.01.000;8;REMUNERAÇÃO DEPÓSITOS BANCÁRIOS - PRINC.;91;1631,00
1321.01.0.1.01.000;8;REMUNERAÇÃO DEPÓSITOS BANCÁRIOS - PRINC.;92;39493087,00
1321.01.0.1.01.000;8;REMUNERAÇÃO DEPÓSITOS BANCÁRIOS - PRINC.;93;644000,00
1321.01.0.1.01.000;8;REMUNERAÇÃO DEPÓSITOS BANCÁRIOS - PRINC.;98;1000,00
1321.02.0.0.00.000;5;REMUNERAÇÃO DE DEPÓSITOS ESPECIAIS;;40331990,00
1321.02.0.1.00.000;7;REMUNERAÇÃO DEPÓSITOS ESPECIAIS - PRINCIPAL;;40331990,00
1321.02.0.1.01.000;8;REMUNERAÇÃO DEPÓSITOS ESPECIAIS - PRINC.;15;40331990,00
1321.04.0.0.00.000;5;REMUNERAÇÃO DOS RECURSOS DO REGIME PRÓPRIO DE PREVIDÊNCIA SOCIAL - RPPS;;55463500,00
1321.04.0.1.00.000;7;REMUNERAÇÃO RECURSOS RPPS - PRINCIPAL;;55463500,00
1321.04.0.1.01.000;8;REMUNERAÇÃO RECURSOS RPPS - PRINC. - RENDA FIXA;61;55000000,00
1321.04.0.1.02.000;8;REMUNERAÇÃO RECURSOS RPPS - PRINC. - RENDA VARIÁVEL;61;463500,00
1321.05.0.0.00.000;5;JUROS DE TÍTULOS DE RENDA;;15000000,00
1321.05.0.1.00.000;7;JUROS TÍTULOS RENDA - PRINCIPAL;;15000000,00
1321.05.0.1.01.000;8;JUROS TÍTULOS RENDA - PRINC. - RENDIMENTO DE APLICAÇÃO FINANCEIRA - TÍTULOS DE CRÉDITO;60;15000000,00
1321.06.0.0.00.000;5;JUROS SOBRE O CAPITAL PRÓPRIO;;800536553,00
1321.06.0.1.00.000;7;JUROS CAPITAL PRÓPRIO - PRINCIPAL;;800536553,00
1321.06.0.1.01.000;8;JUROS CAPITAL PRÓPRIO - PRINC. - EMPRESAS ESTATAIS;15;800530895,00
1321.06.0.1.01.000;8;JUROS CAPITAL PRÓPRIO - PRINC. - EMPRESAS ESTATAIS;60;1362,00
1321.06.0.1.02.000;8;JUROS CAPITAL PRÓPRIO - PRINC. - EMPRESAS NÃO ESTATAIS;15;1380,00
1321.06.0.1.02.000;8;JUROS CAPITAL PRÓPRIO - PRINC. - EMPRESAS NÃO ESTATAIS;60;2916,00
1322.00.0.0.00.000;4;DIVIDENDOS;;1598952522,00
1322.01.0.0.00.000;5;DIVIDENDOS;;1598952522,00
1322.01.0.1.00.000;7;DIVIDENDOS - PRINCIPAL;;1598952522,00
1322.01.0.1.01.000;8;DIVIDENDOS - PRINC. - EMPRESAS ESTATAIS;15;1598824447,00
1322.01.0.1.01.000;8;DIVIDENDOS - PRINC. - EMPRESAS ESTATAIS;60;8388,00
1322.01.0.1.02.000;8;DIVIDENDOS - PRINC. - EMPRESAS NÃO ESTATAIS;15;1243,00
1322.01.0.1.02.000;8;DIVIDENDOS - PRINC. - EMPRESAS NÃO ESTATAIS;60;118444,00
1329.00.0.0.00.000;4;OUTROS VALORES MOBILIÁRIOS;;4000175,00
1329.99.0.0.00.000;5;OUTROS VALORES MOBILIÁRIOS;;4000175,00
1329.99.0.1.00.000;7;OUTROS VALORES MOBILIÁRIOS - PRINCIPAL;;4000175,00
1329.99.0.1.02.000;8;OUTROS VALORES MOBILIÁRIOS - PRINC. - FUNDOS DE INVESTIMENTO;60;4000175,00
1330.00.0.0.00.000;3;DELEGAÇÃO DE SERVIÇOS PÚBLICOS MEDIANTE CONCESSÃO, PERMISSÃO, AUTORIZAÇÃO OU LICENÇA;;223988961,00
1331.00.0.0.00.000;4;DELEGAÇÃO PARA A PRESTAÇÃO DOS SERVIÇOS DE TRANSPORTE;;113616786,00
1331.01.0.0.00.000;5;DELEGAÇÃO PARA A PRESTAÇÃO DOS SERVIÇOS DE TRANSPORTE RODOVIÁRIO;;113616786,00
1331.01.0.1.00.000;7;DELEG. PREST. SERV. TRANSP. RODOVIÁRIO - PRINCIPAL;;113616786,00
1331.01.0.1.01.000;8;DELEG. PREST. SERV. TRANSP. RODOVIÁRIO - PRINC. - FUNDO ESTADUAL DE DESENVOLVIMENTO DE TRANSPORTES - FUNTRANS;;113616786,00
1331.01.0.1.01.002;9;DELEG. PREST. SERV. TRANSP. RODOVIÁRIO - PRINC. - FUNTRANS - INTERMUNICIPAL;60;113616786,00
1332.00.0.0.00.000;4;DELEGAÇÃO DOS SERVIÇOS DE INFRAESTRUTURA;;110372175,00
1332.01.0.0.00.000;5;DELEGAÇÃO PARA EXPLORAÇÃO DA INFRAESTRUTURA DE TRANSPORTE RODOVIÁRIO;;110372175,00
1332.01.1.0.00.000;6;DELEGAÇÃO PARA EXPLORAÇÃO DA INFRAESTRUTURA DE TRANSPORTE RODOVIÁRIO PARA O SETOR PRIVADO;;110372175,00
1332.01.1.1.00.000;7;DELEG. EXPLOR. INFRA. TRANSP. RODOVIÁRIO SETOR PRIVADO - PRINCIPAL;;110372175,00
1332.01.1.1.01.000;8;DELEG. EXPLOR. INFRA. TRANSP. RODOVIÁRIO SETOR PRIVADO - PRINC. - FUNDO ESTADUAL DE DESENVOLVIMENTO DE TRANSPORTES - FUNTRANS;60;110372175,00
1340.00.0.0.00.000;3;EXPLORAÇÃO DE RECURSOS NATURAIS;;237215763,00
1345.00.0.0.00.000;4;EXPLORAÇÃO DE RECURSOS HÍDRICOS;;152599400,00
1345.01.0.0.00.000;5;OUTORGA DE DIREITOS DE USO DE RECURSOS HÍDRICOS;;152599400,00
1345.01.0.1.00.000;7;OUTORGA DIR. USO RECURSOS HÍDRICOS - PRINCIPAL;;152099400,00
1345.01.0.1.01.000;8;OUTORGA DIR. USO RECURSOS HÍDRICOS - PRINC.;61;152099400,00
1345.01.0.3.00.000;7;OUTORGA DIR. USO RECURSOS HÍDRICOS - DÍVIDA ATIVA;;500000,00
1345.01.0.3.01.000;8;OUTORGA DIR. USO RECURSOS HÍDRICOS - DA;61;500000,00
1349.00.0.0.00.000;4;EXPLORAÇÃO DE OUTROS RECURSOS NATURAIS;;84616363,00
1349.01.0.0.00.000;5;COMPENSAÇÕES AMBIENTAIS;;84616363,00
1349.01.0.1.00.000;7;COMPENSAÇÕES AMBIENTAIS - PRINCIPAL;;84616363,00
1349.01.0.1.01.000;8;COMPENSAÇÕES AMBIENTAIS - PRINC. - REPOSIÇÃO FLORESTAL;11;13114286,00
1349.01.0.1.01.000;8;COMPENSAÇÕES AMBIENTAIS - PRINC. - REPOSIÇÃO FLORESTAL;61;30600000,00
1349.01.0.1.02.000;8;COMPENSAÇÕES AMBIENTAIS - PRINC. - REPOSIÇÃO DA PESCA;11;2143,00
1349.01.0.1.02.000;8;COMPENSAÇÕES AMBIENTAIS - PRINC. - REPOSIÇÃO DA PESCA;61;5000,00
1349.01.0.1.03.000;8;COMPENSAÇÕES AMBIENTAIS - PRINC. - SUPRESSÃO DO PEQUI;11;4768480,00
1349.01.0.1.03.000;8;COMPENSAÇÕES AMBIENTAIS - PRINC. - SUPRESSÃO DO PEQUI;59;11126454,00
1349.01.0.1.99.000;8;COMPENSAÇÕES AMBIENTAIS - PRINC. - DEMAIS;11;7500000,00
1349.01.0.1.99.000;8;COMPENSAÇÕES AMBIENTAIS - PRINC. - DEMAIS;61;17500000,00
1350.00.0.0.00.000;3;EXPLORAÇÃO DO PATRIMÔNIO INTANGÍVEL;;82911,00
1351.00.0.0.00.000;4;EXPLORAÇÃO DO PATRIMÔNIO INTANGÍVEL;;82911,00
1351.01.0.0.00.000;5;OUTORGA DE DIREITO DE USO OU DE EXPLORAÇÃO DE CRIAÇÃO PROTEGIDA - INSTITUIÇÃO CIENTÍFICA E TECNOLÓGICA;;82911,00
1351.01.0.1.00.000;7;OUTORGA DIR. USO EXPLORAÇÃO CRIAÇÃO PROTEGIDA - INSTITUIÇÃO CIENTÍFICA TECNOLÓGICA - PRINCIPAL;;82911,00
1351.01.0.1.01.000;8;OUTORGA DIR. USO EXPLORAÇÃO CRIAÇÃO PROTEGIDA - INSTITUIÇÃO CIENTÍFICA TECNOLÓGICA - PRINC.;60;82911,00
1360.00.0.0.00.000;3;CESSÃO DE DIREITOS;;2332955000,00
1361.00.0.0.00.000;4;CESSÃO DE DIREITOS;;2332955000,00
1361.01.0.0.00.000;5;CESSÃO DO DIREITO DE OPERACIONALIZAÇÃO DE PAGAMENTOS;;2332955000,00
1361.01.1.0.00.000;6;CESSÃO DO DIREITO DE OPERACIONALIZAÇÃO DE PAGAMENTOS - PODERES EXECUTIVO E LEGISLATIVO;;2332753000,00
1361.01.1.1.00.000;7;CESSÃO DIR. OPERAC. PAG. - PODERES EXECUTIVO LEGISLATIVO - PRINCIPAL;;2332753000,00
1361.01.1.1.01.000;8;CESSÃO DIR. OPERAC. PAG. - PODERES EXECUTIVO LEGISLATIVO - PRINC. - FOLHA DE PESSOAL;15;2257063000,00
1361.01.1.1.01.000;8;CESSÃO DIR. OPERAC. PAG. - PODERES EXECUTIVO LEGISLATIVO - PRINC. - FOLHA DE PESSOAL;60;75690000,00
1361.01.2.0.00.000;6;CESSÃO DO DIREITO DE OPERACIONALIZAÇÃO DE PAGAMENTOS - PODER JUDICIÁRIO;;202000,00
1361.01.2.1.00.000;7;CESSÃO DIR. OPERAC. PAG. - PODER JUDICIÁRIO - PRINCIPAL;;202000,00
1361.01.2.1.01.000;8;CESSÃO DIR. OPERAC. PAG. - PODER JUDICIÁRIO - PRINC. - FOLHA DE PESSOAL;60;202000,00
1390.00.0.0.00.000;3;DEMAIS RECEITAS PATRIMONIAIS;;212221,00
1399.00.0.0.00.000;4;OUTRAS RECEITAS PATRIMONIAIS;;212221,00
1399.99.0.0.00.000;5;OUTRAS RECEITAS PATRIMONIAIS;;212221,00
1399.99.0.1.00.000;7;OUTRAS REC. PATRIMONIAIS - PRINCIPAL;;212221,00
1399.99.0.1.01.000;8;OUTRAS REC. PATRIMONIAIS - PRINC.;15;212221,00
1400.00.0.0.00.000;2;RECEITA AGROPECUÁRIA;;13939043,00
1410.00.0.0.00.000;3;RECEITA AGROPECUÁRIA;;13939043,00
1411.00.0.0.00.000;4;RECEITA AGROPECUÁRIA;;13939043,00
1411.01.0.0.00.000;5;RECEITA AGROPECUÁRIA;;13939043,00
1411.01.0.1.00.000;7;REC. AGROPECUÁRIA - PRINCIPAL;;13939043,00
1411.01.0.1.01.000;8;REC. AGROPECUÁRIA - PRINC. - PRODUÇÃO VEGETAL;60;8881024,00
1411.01.0.1.02.000;8;REC. AGROPECUÁRIA - PRINC. - PRODUÇÃO ANIMAL E DERIVADOS;;5057019,00
1411.01.0.1.02.001;9;REC. AGROPECUÁRIA - PRINC. - PRODUÇÃO ANIMAL DERIVADOS - UNIDADES PENAIS;61;1000,00
1411.01.0.1.02.999;9;REC. AGROPECUÁRIA - PRINC. - PRODUÇÃO ANIMAL DERIVADOS - OUTROS;60;5056019,00
1411.01.0.1.99.000;8;REC. AGROPECUÁRIA - PRINC. - DEMAIS;60;1000,00
1500.00.0.0.00.000;2;RECEITA INDUSTRIAL;;396902303,00
1510.00.0.0.00.000;3;RECEITA INDUSTRIAL;;396902303,00
1511.00.0.0.00.000;4;RECEITA INDUSTRIAL;;396902303,00
1511.01.0.0.00.000;5;RECEITA INDUSTRIAL;;396902303,00
1511.01.0.1.00.000;7;REC. INDUSTRIAL - PRINCIPAL;;396902303,00
1511.01.0.1.01.000;8;REC. INDUSTRIAL - PRINC. - INDÚSTRIA DE TRANSFORMAÇÃO;;373677719,00
1511.01.0.1.01.002;9;REC. INDUSTRIAL - PRINC. - INDÚSTRIA TRANSFORMAÇÃO - INDÚSTRIA QUÍMICA;60;672,00
1511.01.0.1.01.003;9;REC. INDUSTRIAL - PRINC. - INDÚSTRIA TRANSFORMAÇÃO - INDÚSTRIA DE PRODUTOS FARMACÊUTICOS E VETERINÁRIOS;60;372651061,00
1511.01.0.1.01.004;9;REC. INDUSTRIAL - PRINC. - INDÚSTRIA TRANSFORMAÇÃO - INDÚSTRIA DE PRODUTOS ALIMENTARES;60;940272,00
1511.01.0.1.01.005;9;REC. INDUSTRIAL - PRINC. - INDÚSTRIA TRANSFORMAÇÃO - INDÚSTRIAS DIVERSAS - UNIDADES PENAIS;11;25714,00
1511.01.0.1.01.005;9;REC. INDUSTRIAL - PRINC. - INDÚSTRIA TRANSFORMAÇÃO - INDÚSTRIAS DIVERSAS - UNIDADES PENAIS;61;60000,00
1511.01.0.1.02.000;8;REC. INDUSTRIAL - PRINC. - INDÚSTRIA EDITORIAL E GRÁFICA;;23224584,00
1511.01.0.1.02.001;9;REC. INDUSTRIAL - PRINC. - INDÚSTRIA EDITORIAL GRÁFICA - RECEITA DE PUBLICAÇÕES;15;23224584,00
1600.00.0.0.00.000;2;RECEITA DE SERVIÇOS;;1583980866,00
1610.00.0.0.00.000;3;SERVIÇOS ADMINISTRATIVOS E COMERCIAIS GERAIS;;1037663530,00
1611.00.0.0.00.000;4;SERVIÇOS ADMINISTRATIVOS E COMERCIAIS GERAIS;;1037663530,00
1611.01.0.0.00.000;5;SERVIÇOS ADMINISTRATIVOS E COMERCIAIS GERAIS;;844045363,00
1611.01.0.1.00.000;7;SERVIÇOS ADM. COMERC. GER. - PRINCIPAL;;840796252,00
1611.01.0.1.01.000;8;SERVIÇOS ADM. COMERC. GER. - PRINC. - ADMINISTRAÇÃO DE DEPÓSITOS JUDICIAIS;60;624709821,00
1611.01.0.1.03.000;8;SERVIÇOS ADM. COMERC. GER. - PRINC. - COMERCIALIZAÇÃO DE LIVROS, PERIÓDICOS, MATERIAIS ESCOLARES E PUBLICIDADE;60;1500,00
1611.01.0.1.06.000;8;SERVIÇOS ADM. COMERC. GER. - PRINC. - RESERVA DE PLACA ESPECIAL;15;9222882,00
1611.01.0.1.07.000;8;SERVIÇOS ADM. COMERC. GER. - PRINC. - COMUNICAÇÃO;60;3941000,00
1611.01.0.1.11.000;8;SERVIÇOS ADM. COMERC. GER. - PRINC. - SEGURANÇA PÚBLICA;60;1188,00
1611.01.0.1.13.000;8;SERVIÇOS ADM. COMERC. GER. - PRINC. - FOTOCÓPIAS E CÓPIAS HELIOGRÁFICAS;60;6100,00
1611.01.0.1.16.000;8;SERVIÇOS ADM. COMERC. GER. - PRINC. - MEIO AMBIENTE;60;1000,00
1611.01.0.1.18.000;8;SERVIÇOS ADM. COMERC. GER. - PRINC. - VISITAÇÃO DAS UNIDADES DE CONSERVAÇÃO DA NATUREZA;11;107143,00
1611.01.0.1.18.000;8;SERVIÇOS ADM. COMERC. GER. - PRINC. - VISITAÇÃO DAS UNIDADES DE CONSERVAÇÃO DA NATUREZA;61;250000,00
1611.01.0.1.19.000;8;SERVIÇOS ADM. COMERC. GER. - PRINC. - REGULARIZAÇÃO FUNDIÁRIA;15;683246,00
1611.01.0.1.19.000;8;SERVIÇOS ADM. COMERC. GER. - PRINC. - REGULARIZAÇÃO FUNDIÁRIA;60;1500,00
1611.01.0.1.20.000;8;SERVIÇOS ADM. COMERC. GER. - PRINC. - ADMINISTRAÇÃO DE FUNDO DE PECÚLIO;60;1374936,00
1611.01.0.1.21.000;8;SERVIÇOS ADM. COMERC. GER. - PRINC. - GESTÃO DE CRIADORES DE PASSEIFORMES SILVESTRES;60;6100000,00
1611.01.0.1.23.000;8;SERVIÇOS ADM. COMERC. GER. - PRINC. - PODER JUDICIÁRIO;;125742157,00
1611.01.0.1.23.002;9;SERVIÇOS ADM. COMERC. GER. - PRINC. - PODER JUDIC. - DESPESAS PROCESSUAIS;60;42404153,00
1611.01.0.1.23.003;9;SERVIÇOS ADM. COMERC. GER. - PRINC. - PODER JUDIC. - VERBA INDENIZATÓRIA DE TRANSPORTE CUSTEADA PELAS PARTES;61;83338004,00
1611.01.0.1.24.000;8;SERVIÇOS ADM. COMERC. GER. - PRINC. - EDUCACIONAIS E CAPACITAÇÃO;60;2270000,00
1611.01.0.1.25.000;8;SERVIÇOS ADM. COMERC. GER. - PRINC. - AGROPECUÁRIOS;60;367002,00
1611.01.0.1.27.000;8;SERVIÇOS ADM. COMERC. GER. - PRINC. - RECREATIVOS E CULTURAIS;60;450624,00
1611.01.0.1.28.000;8;SERVIÇOS ADM. COMERC. GER. - PRINC. - CONSULTORIA, ASSISTÊNCIA TÉCNICA E ANÁLISE DE PROJETOS;60;52704000,00
1611.01.0.1.30.000;8;SERVIÇOS ADM. COMERC. GER. - PRINC. - ESTUDOS E PESQUISA;60;9507470,00
1611.01.0.1.99.000;8;SERVIÇOS ADM. COMERC. GER. - PRINC. - DEMAIS;;3354683,00
1611.01.0.1.99.001;9;SERVIÇOS ADM. COMERC. GER. - PRINC. - DEMAIS - SERVIÇOS ADMINISTRATIVOS;60;3354683,00
1611.01.0.2.00.000;7;SERVIÇOS ADM. COMERC. GER. - MULTAS E JUROS DE MORA;;409793,00
1611.01.0.2.23.000;8;SERVIÇOS ADM. COMERC. GER. - MJM - PODER JUDICIÁRIO;;409793,00
1611.01.0.2.23.002;9;SERVIÇOS ADM. COMERC. GER. - MJM - PODER JUDIC. - DESPESAS PROCESSUAIS;60;409793,00
1611.01.0.3.00.000;7;SERVIÇOS ADM. COMERC. GER. - DÍVIDA ATIVA;;2646338,00
1611.01.0.3.23.000;8;SERVIÇOS ADM. COMERC. GER. - DA - PODER JUDICIÁRIO;;2646338,00
1611.01.0.3.23.002;9;SERVIÇOS ADM. COMERC. GER. - DA - PODER JUDIC. - DESPESAS PROCESSUAIS;60;2646338,00
1611.01.0.4.00.000;7;SERVIÇOS ADM. COMERC. GER. - DA-MULTAS E JUROS DE MORA;;192980,00
1611.01.0.4.23.000;8;SERVIÇOS ADM. COMERC. GER. - DA-MJM - PODER JUDICIÁRIO;;192980,00
1611.01.0.4.23.002;9;SERVIÇOS ADM. COMERC. GER. - DA-MJM - PODER JUDIC. - DESPESAS PROCESSUAIS;60;192980,00
1611.02.0.0.00.000;5;INSCRIÇÃO EM CONCURSOS E PROCESSOS SELETIVOS;;10476435,00
1611.02.0.1.00.000;7;INSCRIÇÃO CONCURSOS PROCESSOS SELETIVOS - PRINCIPAL;;10476435,00
1611.02.0.1.01.000;8;INSCRIÇÃO CONCURSOS PROCESSOS SELETIVOS - PRINC.;60;10476435,00
1611.03.0.0.00.000;5;SERVIÇOS DE REGISTRO, CERTIFICAÇÃO E FISCALIZAÇÃO;;170798673,00
1611.03.0.1.00.000;7;SERVIÇOS REG. CERTIF. FISCALIZ. - PRINCIPAL;;170798673,00
1611.03.0.1.04.000;8;SERVIÇOS REG. CERTIF. FISCALIZ. - PRINC. - EXPEDIÇÃO DE CERTIFICADOS;60;902666,00
1611.03.0.1.05.000;8;SERVIÇOS REG. CERTIF. FISCALIZ. - PRINC. - INSPEÇÃO E FISCALIZAÇÃO;60;48446294,00
1611.03.0.1.06.000;8;SERVIÇOS REG. CERTIF. FISCALIZ. - PRINC. - REGISTRO DO COMÉRCIO;60;94439226,00
1611.03.0.1.99.000;8;SERVIÇOS REG. CERTIF. FISCALIZ. - PRINC. - DEMAIS;60;27010487,00
1611.04.0.0.00.000;5;SERVIÇOS DE INFORMAÇÃO E TECNOLOGIA;;12343059,00
1611.04.0.1.00.000;7;SERVIÇOS INFORMAÇÃO TECNOLOGIA - PRINCIPAL;;12343059,00
1611.04.0.1.01.000;8;SERVIÇOS INFORMAÇÃO TECNOLOGIA - PRINC. - PROCESSAMENTO DE DADOS;60;3313370,00
1611.04.0.1.02.000;8;SERVIÇOS INFORMAÇÃO TECNOLOGIA - PRINC. - INFORMAÇÕES CIENTÍFICAS E TECNOLÓGICAS;60;84820,00
1611.04.0.1.03.000;8;SERVIÇOS INFORMAÇÃO TECNOLOGIA - PRINC. - FORNECIMENTO DE DADOS FISCAIS;15;216231,00
1611.04.0.1.05.000;8;SERVIÇOS INFORMAÇÃO TECNOLOGIA - PRINC. - PROCESSAMENTO DAS CONSIGNAÇÕES DA FOLHA DE PESSOAL;15;5957753,00
1611.04.0.1.05.000;8;SERVIÇOS INFORMAÇÃO TECNOLOGIA - PRINC. - PROCESSAMENTO DAS CONSIGNAÇÕES DA FOLHA DE PESSOAL;60;2755920,00
1611.04.0.1.99.000;8;SERVIÇOS INFORMAÇÃO TECNOLOGIA - PRINC. - DEMAIS SERVIÇOS TECNOLÓGICOS;60;14965,00
1630.00.0.0.00.000;3;SERVIÇOS E ATIVIDADES REFERENTES À SAÚDE;;483148908,00
1631.00.0.0.00.000;4;SERVIÇOS DE ATENDIMENTO À SAÚDE;;483148908,00
1631.50.0.0.00.000;5;SERVIÇOS HOSPITALARES;;248618214,00
1631.50.0.1.00.000;7;SERVIÇOS HOSPITALARES - PRINCIPAL;;248617964,00
1631.50.0.1.01.000;8;SERVIÇOS HOSPITALARES - PRINC.;60;248617964,00
1631.50.0.2.00.000;7;SERVIÇOS HOSPITALARES - MULTAS E JUROS DE MORA;;250,00
1631.50.0.2.01.000;8;SERVIÇOS HOSPITALARES - MJM;60;250,00
1631.53.0.0.00.000;5;SERVIÇOS AMBULATORIAIS;;1440000,00
1631.53.0.1.00.000;7;SERVIÇOS AMBULATORIAIS - PRINCIPAL;;1440000,00
1631.53.0.1.01.000;8;SERVIÇOS AMBULATORIAIS - PRINC.;60;1440000,00
1631.99.0.0.00.000;5;OUTROS SERVIÇOS DE ATENDIMENTO À SAÚDE;;233090694,00
1631.99.0.1.00.000;7;OUTROS SERV. ATEND. SAÚDE - PRINCIPAL;;233024619,00
1631.99.0.1.02.000;8;OUTROS SERV. ATEND. SAÚDE - PRINC. - SERVIÇOS DE COLETA, PROCESSAMENTO E ARMAZENAMENTO DE CÉLULAS E TECIDOS BIOLÓGICOS;60;1320000,00
1631.99.0.1.04.000;8;OUTROS SERV. ATEND. SAÚDE - PRINC. - SERVIÇOS DE SAÚDE PRESTADOS A PARTICULARES;60;14400000,00
1631.99.0.1.05.000;8;OUTROS SERV. ATEND. SAÚDE - PRINC. - COPARTICIPAÇÃO DOS SEGURADOS;;206667407,00
1631.99.0.1.05.001;9;OUTROS SERV. ATEND. SAÚDE - PRINC. - COPARTICIP. SEGURADOS - SERVIÇOS HOSPITALARES;60;108518905,00
1631.99.0.1.05.001;9;OUTROS SERV. ATEND. SAÚDE - PRINC. - COPARTICIP. SEGURADOS - SERVIÇOS HOSPITALARES;61;75515186,00
1631.99.0.1.05.002;9;OUTROS SERV. ATEND. SAÚDE - PRINC. - COPARTICIP. SEGURADOS - SERVIÇOS ODONTOLÓGICOS;60;16969915,00
1631.99.0.1.05.002;9;OUTROS SERV. ATEND. SAÚDE - PRINC. - COPARTICIP. SEGURADOS - SERVIÇOS ODONTOLÓGICOS;61;5663401,00
1631.99.0.1.99.000;8;OUTROS SERV. ATEND. SAÚDE - PRINC. - DEMAIS;60;10637212,00
1631.99.0.2.00.000;7;OUTROS SERV. ATEND. SAÚDE - MULTAS E JUROS DE MORA;;66075,00
1631.99.0.2.02.000;8;OUTROS SERV. ATEND. SAÚDE - MJM - SERVIÇOS DE COLETA, PROCESSAMENTO E ARMAZENAMENTO DE CÉLULAS E TECIDOS BIOLÓGICOS;60;2625,00
1631.99.0.2.04.000;8;OUTROS SERV. ATEND. SAÚDE - MJM - SERVIÇOS DE SAÚDE PRESTADOS A PARTICULARES;60;63450,00
1640.00.0.0.00.000;3;SERVIÇOS E ATIVIDADES FINANCEIRAS;;5365120,00
1641.00.0.0.00.000;4;SERVIÇOS E ATIVIDADES FINANCEIRAS;;5365120,00
1641.01.0.0.00.000;5;RETORNO DE OPERAÇÕES, JUROS E ENCARGOS FINANCEIROS;;5365120,00
1641.01.0.1.00.000;7;RETORNO OPER. JUROS ENCARG. FINANCEIROS - PRINCIPAL;;5365120,00
1641.01.0.1.01.000;8;RETORNO OPER. JUROS ENCARG. FINANCEIROS - PRINC. - JUROS DE EMPRÉSTIMOS;40;60648,00
1641.01.0.1.01.000;8;RETORNO OPER. JUROS ENCARG. FINANCEIROS - PRINC. - JUROS DE EMPRÉSTIMOS;60;5073222,00
1641.01.0.1.01.000;8;RETORNO OPER. JUROS ENCARG. FINANCEIROS - PRINC. - JUROS DE EMPRÉSTIMOS;61;100000,00
1641.01.0.1.99.000;8;RETORNO OPER. JUROS ENCARG. FINANCEIROS - PRINC. - DEMAIS;60;131250,00
1690.00.0.0.00.000;3;OUTROS SERVIÇOS;;57803308,00
1699.00.0.0.00.000;4;OUTROS SERVIÇOS;;57803308,00
1699.99.0.0.00.000;5;OUTROS SERVIÇOS;;57803308,00
1699.99.0.1.00.000;7;OUTROS SERVIÇOS - PRINCIPAL;;4184693,00
1699.99.0.1.01.000;8;OUTROS SERVIÇOS - PRINC.;60;4184693,00
1699.99.0.3.00.000;7;OUTROS SERVIÇOS - DÍVIDA ATIVA;;53618615,00
1699.99.0.3.01.000;8;OUTROS SERVIÇOS - DA;15;39018615,00
1699.99.0.3.01.000;8;OUTROS SERVIÇOS - DA;60;14600000,00
1700.00.0.0.00.000;2;TRANSFERÊNCIAS CORRENTES;;28466146753,00
1710.00.0.0.00.000;3;TRANSFERÊNCIAS DA UNIÃO E DE SUAS ENTIDADES;;14761618592,00
1711.00.0.0.00.000;4;TRANSFERÊNCIAS DECORRENTES DE PARTICIPAÇÃO NA RECEITA DA UNIÃO;;11620342521,00
1711.50.0.0.00.000;5;COTA-PARTE DO FUNDO DE PARTICIPAÇÃO DOS ESTADOS E DO DISTRITO FEDERAL - FPE;;10210359074,00
1711.50.0.1.00.000;7;COTA-PARTE FPE - PRINCIPAL;;10210359074,00
1711.50.0.1.01.000;8;COTA-PARTE FPE - PRINC. - ESTADO;10;8168287259,00
1711.50.0.1.02.000;8;COTA-PARTE FPE - PRINC. - FUNDEB;23;2042071815,00
1711.53.0.0.00.000;5;COTA-PARTE DO IMPOSTO SOBRE PRODUTOS INDUSTRIALIZADOS - ESTADOS EXPORTADORES DE PRODUTOS INDUSTRIALIZADOS;;1268112884,00
1711.53.0.1.00.000;7;COTA-PARTE IPI - ESTADOS EXPORT. PROD. INDUST. - PRINC.;;1268112884,00
1711.53.0.1.01.000;8;COTA-PARTE IPI - ESTADOS EXPORT. PROD. INDUST. - PRINC. - ESTADO;10;760867730,00
1711.53.0.1.02.000;8;COTA-PARTE IPI - ESTADOS EXPORT. PROD. INDUST. - PRINC. - MUNICÍPIOS;20;317028221,00
1711.53.0.1.03.000;8;COTA-PARTE IPI - ESTADOS EXPORT. PROD. INDUST. - PRINC. - FUNDEB;23;190216933,00
1711.54.0.0.00.000;5;COTA-PARTE DA CONTRIBUIÇÃO DE INTERVENÇÃO NO DOMÍNIO ECONÔMICO;;141776805,00
1711.54.0.1.00.000;7;COTA-PARTE CIDE - PRINCIPAL;;141776805,00
1711.54.0.1.01.000;8;COTA-PARTE CIDE - PRINC. - ESTADO;51;106342335,00
1711.54.0.1.02.000;8;COTA-PARTE CIDE - PRINC. - MUNICÍPIOS;51;35434470,00
1711.55.0.0.00.000;5;COTA-PARTE DO IMPOSTO SOBRE OPERAÇÕES DE CRÉDITO, CÂMBIO E SEGURO, OU RELATIVAS A TÍTULOS OU VALORES MOBILIÁRIOS - COMERCIALIZAÇÃO DO OURO;;93758,00
1711.55.0.1.00.000;7;COTA-PARTE IOF-OURO - PRINCIPAL;;93758,00
1711.55.0.1.01.000;8;COTA-PARTE IOF-OURO - PRINC.;10;93758,00
1712.00.0.0.00.000;4;TRANSFERÊNCIAS DAS COMPENSAÇÕES FINANCEIRAS PELA EXPLORAÇÃO DE RECURSOS NATURAIS;;706698275,00
1712.50.0.0.00.000;5;COTA-PARTE DA COMPENSAÇÃO FINANCEIRA PELA EXPLORAÇÃO DE RECURSOS HÍDRICOS;;109992950,00
1712.50.0.1.00.000;7;COTA-PARTE COMPENSAÇÃO FINANCEIRA RECURSOS HÍDRICOS - PRINCIPAL;;109992950,00
1712.50.0.1.01.000;8;COTA-PARTE COMPENSAÇÃO FINANCEIRA RECURSOS HÍDRICOS - PRINC.;11;32997885,00
1712.50.0.1.01.000;8;COTA-PARTE COMPENSAÇÃO FINANCEIRA RECURSOS HÍDRICOS - PRINC.;31;76995065,00
1712.51.0.0.00.000;5;COTA-PARTE DA COMPENSAÇÃO FINANCEIRA PELA EXPLORAÇÃO DE RECURSOS MINERAIS - CFEM;;543718409,00
1712.51.0.1.00.000;7;COTA-PARTE CFEM - PRINCIPAL;;543718409,00
1712.51.0.1.01.000;8;COTA-PARTE CFEM - PRINC.;11;163115523,00
1712.51.0.1.01.000;8;COTA-PARTE CFEM - PRINC.;32;380602886,00
1712.52.0.0.00.000;5;COTA-PARTE DA COMPENSAÇÃO FINANCEIRA PELA PRODUÇÃO DE PETRÓLEO;;52986916,00
1712.52.1.0.00.000;6;COTA-PARTE DA COMPENSAÇÃO FINANCEIRA PELA PRODUÇÃO DE PETRÓLEO - LEI N\degree 7.990/89;;52986916,00
1712.52.1.1.00.000;7;COTA-PARTE COMPENSAÇÃO FINANCEIRA PRODUÇÃO PETRÓLEO - LEI FEDERAL N\degree 7.990/89 - PRINCIPAL;;52986916,00
1712.52.1.1.01.000;8;COTA-PARTE COMPENSAÇÃO FINANCEIRA PRODUÇÃO PETRÓLEO - LEI FEDERAL N\degree 7.990/89 - PRINC.;11;15896075,00
1712.52.1.1.01.000;8;COTA-PARTE COMPENSAÇÃO FINANCEIRA PRODUÇÃO PETRÓLEO - LEI FEDERAL N\degree 7.990/89 - PRINC.;33;37090841,00
1713.00.0.0.00.000;4;TRANSFERÊNCIAS DE RECURSOS DO SISTEMA ÚNICO DE SAÚDE - SUS;;504749124,00
1713.50.0.0.00.000;5;TRANSFERÊNCIAS DE RECURSOS DO SISTEMA ÚNICO DE SAÚDE - SUS - REPASSES FUNDO A FUNDO - BLOCO DE MANUTENÇÃO DAS AÇÕES E SERVIÇOS PÚBLICOS DE SAÚDE;;504749124,00
1713.50.1.0.00.000;6;TRANSFERÊNCIAS DE RECURSOS DO BLOCO DE MANUTENÇÃO DAS AÇÕES E SERVIÇOS PÚBLICOS DE SAÚDE - ATENÇÃO PRIMÁRIA;;172500,00
1713.50.1.1.00.000;7;TRANSF. BLOCO MANUT. ASPS - ATENÇÃO PRIMÁRIA - PRINCIPAL;;172500,00
1713.50.1.1.04.000;8;TRANSF. BLOCO MANUT. ASPS - ATENÇÃO PRIMÁRIA - IMP. DA SEG. AL. E NUT. NA SAÚDE;92;172500,00
1713.50.2.0.00.000;6;TRANSFERÊNCIAS DE RECURSOS DO BLOCO DE MANUTENÇÃO DAS AÇÕES E SERVIÇOS PÚBLICOS DE SAÚDE - ATENÇÃO ESPECIALIZADA;;254161609,00
1713.50.2.1.00.000;7;TRANSF. BLOCO MANUT. ASPS - ATENÇÃO ESPECIALIZADA - PRINCIPAL;;254161609,00
1713.50.2.1.01.000;8;TRANSF. BLOCO MANUT. ASPS - ATENÇÃO ESPECIALIZADA - PRINC. - ATENÇÃO DE MÉDIA E ALTA COMPLEXIDADE;;254161609,00
1713.50.2.1.01.001;9;TRANSF. BLOCO MANUT. ASPS - ATENÇÃO ESPECIALIZADA - PRINC. - ATENÇÃO MAC - PRESTADORES AMBULATORIAIS E HOSPITALARES;92;47711564,00
1713.50.2.1.01.002;9;TRANSF. BLOCO MANUT. ASPS - ATENÇÃO ESPECIALIZADA - PRINC. - ATENÇÃO MAC - SAMU;92;192210077,00
1713.50.2.1.01.003;9;TRANSF. BLOCO MANUT. ASPS - ATENÇÃO ESPECIALIZADA - PRINC. - ATENÇÃO MAC - TRANSPLANTES;92;2760000,00
1713.50.2.1.01.004;9;TRANSF. BLOCO MANUT. ASPS - ATENÇÃO ESPECIALIZADA - PRINC. - ATENÇÃO MAC - FUNDO DE AÇÕES ESTRATÉGICAS E COMPENSAÇÃO - FAEC;92;1000000,00
1713.50.2.1.01.999;9;TRANSF. BLOCO MANUT. ASPS - ATENÇÃO ESPECIALIZADA - PRINC. - ATENÇÃO MAC - OUTROS PROGRAMAS;62;8476080,00
1713.50.2.1.01.999;9;TRANSF. BLOCO MANUT. ASPS - ATENÇÃO ESPECIALIZADA - PRINC. - ATENÇÃO MAC - OUTROS PROGRAMAS;63;2003888,00
1713.50.3.0.00.000;6;TRANSFERÊNCIAS DE RECURSOS DO BLOCO DE MANUTENÇÃO DAS AÇÕES E SERVIÇOS PÚBLICOS DE SAÚDE - VIGILÂNCIA EM SAÚDE;;53169409,00
1713.50.3.1.00.000;7;TRANSF. BLOCO MANUT. ASPS - VIGILÂNCIA SAÚDE - PRINCIPAL;;53169409,00
1713.50.3.1.01.000;8;TRANSF. BLOCO MANUT. ASPS - VIGILÂNCIA SAÚDE - PRINC. - VIGILÂNCIA EPIDEMIOLÓGICA;92;42237821,00
1713.50.3.1.02.000;8;TRANSF. BLOCO MANUT. ASPS - VIGILÂNCIA SAÚDE - PRINC. - HIV-AIDS;92;2708000,00
1713.50.3.1.03.000;8;TRANSF. BLOCO MANUT. ASPS - VIGILÂNCIA SAÚDE - PRINC. - VIGILÂNCIA SANITÁRIA;92;8223588,00
1713.50.4.0.00.000;6;TRANSFERÊNCIAS DE RECURSOS DO BLOCO DE MANUTENÇÃO DAS AÇÕES E SERVIÇOS PÚBLICOS DE SAÚDE - ASSISTÊNCIA FARMACÊUTICA;;125338913,00
1713.50.4.1.00.000;7;TRANSF. BLOCO MANUT. ASPS - ASSISTÊNCIA FARMACÊUTICA - PRINCIPAL;;125338913,00
1713.50.4.1.01.000;8;TRANSF. BLOCO MANUT. ASPS - ASSISTÊNCIA FARMACÊUTICA - PRINC. - MEDICAMENTOS BÁSICOS;92;1102617,00
1713.50.4.1.02.000;8;TRANSF. BLOCO MANUT. ASPS - ASSISTÊNCIA FARMACÊUTICA - PRINC. - MEDICAMENTOS EXCEPCIONAIS;92;124236296,00
1713.50.5.0.00.000;6;TRANSFERÊNCIAS DE RECURSOS DO BLOCO DE MANUTENÇÃO DAS AÇÕES E SERVIÇOS PÚBLICOS DE SAÚDE - GESTÃO DO SUS;;71906693,00
1713.50.5.1.00.000;7;TRANSF. BLOCO MANUT. ASPS - GESTÃO SUS - PRINCIPAL;;71906693,00
1713.50.5.1.04.000;8;TRANSF. BLOCO MANUT. ASPS - GESTÃO SUS - PRINC. - PISO DA ENFERMAGEM;57;71906693,00
1714.00.0.0.00.000;4;TRANSFERÊNCIAS DE RECURSOS DO FUNDO NACIONAL DO DESENVOLVIMENTO DA EDUCAÇÃO - FNDE;;1032280443,00
1714.50.0.0.00.000;5;TRANSFERÊNCIAS DO SALÁRIO-EDUCAÇÃO;;871007500,00
1714.50.0.1.00.000;7;TRANSF. SALÁRIO-EDUCAÇÃO - PRINCIPAL;;871007500,00
1714.50.0.1.01.000;8;TRANSFERÊNCIAS DO SALÁRIO-EDUCAÇÃO - PRINC.;21;871007500,00
1714.52.0.0.00.000;5;TRANSFERÊNCIAS REFERENTES AO PROGRAMA NACIONAL DE ALIMENTAÇÃO ESCOLAR - PNAE;;59988305,00
1714.52.0.1.00.000;7;TRANSF. REF. PNAE - PRINCIPAL;;59988305,00
1714.52.0.1.01.000;8;TRANSF. REF. PNAE - PRINC.;36;59988305,00
1714.56.0.0.00.000;5;TRANSFERÊNCIAS REFERENTES AO PROGRAMA DE APOIO AOS SISTEMAS DE ENSINO PARA ATENDIMENTO À EDUCAÇÃO DE JOVENS E ADULTOS - PEJA;;5639071,00
1714.56.0.1.00.000;7;TRANSF. REF. PEJA - PRINCIPAL;;5639071,00
1714.56.0.1.01.000;8;TRANSF. REF. PEJA - PRINC.;3;5639071,00
1714.99.0.0.00.000;5;OUTRAS TRANSFERÊNCIAS DIRETAS DO FUNDO NACIONAL DO DESENVOLVIMENTO DA EDUCAÇÃO - FNDE;;95645567,00
1714.99.0.1.00.000;7;OUTRAS TRANSF. DIRETAS FNDE - PRINCIPAL;;95645567,00
1714.99.0.1.02.000;8;OUTRAS TRANSF. DIRETAS FNDE - PRINC. - PRONATEC;36;52641092,00
1714.99.0.1.06.000;8;OUTRAS TRANSF. DIRETAS FNDE - PRINC. - PROGRAMA DE FOMENTO ÀS ESCOLAS DE ENSINO MÉDIO EM TEMPO INTEGRAL;36;32825166,00
1714.99.0.1.99.000;8;OUTRAS TRANSF. DIRETAS FNDE - PRINC. - DEMAIS;3;274607,00
1714.99.0.1.99.000;8;OUTRAS TRANSF. DIRETAS FNDE - PRINC. - DEMAIS;36;9904702,00
1716.00.0.0.00.000;4;TRANSFERÊNCIAS DE RECURSOS DO FUNDO NACIONAL DE ASSISTÊNCIA SOCIAL - FNAS;;7441682,00
1716.50.0.0.00.000;5;TRANSFERÊNCIAS DE RECURSOS DO FUNDO NACIONAL DE ASSISTÊNCIA SOCIAL - FNAS;;7441682,00
1716.50.0.1.00.000;7;TRANSF. RECURSOS FNAS - PRINCIPAL;;7441682,00
1716.50.0.1.02.000;8;TRANSF. RECURSOS FNAS - PRINC. - IGDE;56;1923282,00
1716.50.0.1.99.000;8;TRANSF. RECURSOS FNAS - PRINC. - DEMAIS;56;5518400,00
1717.00.0.0.00.000;4;TRANSFERÊNCIAS DE CONVÊNIOS DA UNIÃO E DE SUAS ENTIDADES;;211968445,00
1717.50.0.0.00.000;5;TRANSFERÊNCIAS DE CONVÊNIOS DA UNIÃO PARA O SISTEMA ÚNICO DE SAÚDE - SUS;;578886,00
1717.50.0.1.00.000;7;TRANSF. CONVÊNIOS UNIÃO SUS-SAÚDE - PRINCIPAL;;578886,00
1717.50.0.1.01.000;8;SUS-SAÚDE - MINISTÉRIO DA SAÚDE;24;578886,00
1717.51.0.0.00.000;5;TRANSFERÊNCIAS DE CONVÊNIOS DA UNIÃO DESTINADAS A PROGRAMAS DE EDUCAÇÃO;;23415982,00
1717.51.0.1.00.000;7;TRANSF. CONVÊNIOS UNIÃO EDUCAÇÃO - PRINCIPAL;;23415982,00
1717.51.0.1.04.000;8;EDUCAÇÃO - COORDENAÇÃO DE APERFEIÇOAMENTO DE PESSOAL DE NÍVEL SUPERIOR - CAPES;24;22265734,00
1717.51.0.1.08.000;8;EDUCAÇÃO - MINISTÉRIO DA EDUCAÇÃO;1;369292,00
1717.51.0.1.10.000;8;EDUCAÇÃO - INSTITUTO FEDERAL DO NORTE DE MINAS GERAIS - IFNMG;24;780956,00
1717.99.0.0.00.000;5;OUTRAS TRANSFERÊNCIAS DE CONVÊNIOS DA UNIÃO E DE SUAS ENTIDADES;;187973577,00
1717.99.0.1.00.000;7;OUTRAS TRANSF. CONVÊNIOS UNIÃO ENTIDADES - PRINCIPAL;;187973577,00
1717.99.0.1.05.000;8;OUTRAS TRANSF. CONVÊNIOS UNIÃO ENTIDADES - PRINC. - AGROPECUÁRIA;;34974345,00
1717.99.0.1.05.002;9;AGROPECUÁRIA - MINISTÉRIO DA AGRICULTURA, PECUÁRIA E ABASTECIMENTO;1;764000,00
1717.99.0.1.05.003;9;AGROPECUÁRIA - COMPANHIA DE DESENVOLVIMENTO DOS VALES DO SÃO FRANCISCO E DO PARNAÍBA - CODEVASF;24;17104267,00
1717.99.0.1.05.005;9;AGROPECUÁRIA - MINISTÉRIO DO DESENVOLVIMENTO REGIONAL;24;7922498,00
1717.99.0.1.05.006;9;AGROPECUÁRIA - EMPRESA BRASILEIRA DE PESQUISA AGROPECUÁRIA - EMBRAPA;24;1107353,00
1717.99.0.1.05.007;9;AGROPECUÁRIA - MINISTÉRIO DO DESENVOLVIMENTO AGRÁRIO E AGRICULTURA FAMILIAR;1;286500,00
1717.99.0.1.05.007;9;AGROPECUÁRIA - MINISTÉRIO DO DESENVOLVIMENTO AGRÁRIO E AGRICULTURA FAMILIAR;2;6380409,00
1717.99.0.1.05.007;9;AGROPECUÁRIA - MINISTÉRIO DO DESENVOLVIMENTO AGRÁRIO E AGRICULTURA FAMILIAR;24;1000000,00
1717.99.0.1.05.009;9;AGROPECUÁRIA - BANCO DO NORDESTE - BNB;24;409318,00
1717.99.0.1.06.000;8;OUTRAS TRANSF. CONVÊNIOS UNIÃO ENTIDADES - PRINC. - CIÊNCIA E TECNOLOGIA;;43659300,00
1717.99.0.1.06.001;9;CIÊNCIA TECNOLOGIA - INSTITUTO NACIONAL DE METROLOGIA, QUALIDADE E TECNOLOGIA - INMETRO;73;42750000,00
1717.99.0.1.06.003;9;CIÊNCIA TECNOLOGIA - FINANCIADORA DE ESTUDOS E PROJETOS - FINEP;24;909300,00
1717.99.0.1.09.000;8;OUTRAS TRANSF. CONVÊNIOS UNIÃO ENTIDADES - PRINC. - CULTURA;;1393638,00
1717.99.0.1.09.002;9;CULTURA - INSTITUTO DO PATRIMÔNIO HISTÓRICO E ARTÍSTICO NACIONAL - IPHAN;24;343000,00
1717.99.0.1.09.005;9;CULTURA - MINISTÉRIO DA CULTURA;24;490038,00
1717.99.0.1.09.006;9;CULTURA - MINISTÉRIO DA JUSTIÇA E SEGURANÇA PÚBLICA;24;560600,00
1717.99.0.1.10.000;8;OUTRAS TRANSF. CONVÊNIOS UNIÃO ENTIDADES - PRINC. - DESPORTO E LAZER;;290379,00
1717.99.0.1.10.003;9;DESPORTO LAZER - MINISTÉRIO DO ESPORTE;2;290379,00
1717.99.0.1.11.000;8;OUTRAS TRANSF. CONVÊNIOS UNIÃO ENTIDADES - PRINC. - DIREITOS HUMANOS E DE CIDADANIA;;7612803,00
1717.99.0.1.11.001;9;DIR. HUMANOS CIDADANIA - MINISTÉRIO DA JUSTIÇA E SEGURANÇA PÚBLICA;24;962803,00
1717.99.0.1.11.003;9;DIR. HUMANOS CIDADANIA - MINISTÉRIO DOS DIREITOS HUMANOS E CIDADANIA;24;6650000,00
1717.99.0.1.15.000;8;OUTRAS TRANSF. CONVÊNIOS UNIÃO ENTIDADES - PRINC. - INFRAESTRUTURA EM TRANSPORTE;;750000,00
1717.99.0.1.15.002;9;TRANSPORTE - SECRETARIA NACIONAL DE AVIAÇÃO CIVIL;73;750000,00
1717.99.0.1.16.000;8;OUTRAS TRANSF. CONVÊNIOS UNIÃO ENTIDADES - PRINC. - MEIO AMBIENTE;;5356127,00
1717.99.0.1.16.001;9;MEIO AMBIENTE - MINISTÉRIO DO MEIO AMBIENTE;24;542272,00
1717.99.0.1.16.002;9;MEIO AMBIENTE - AGÊNCIA NACIONAL DE ÁGUAS E SANEAMENTO - ANA;73;4305000,00
1717.99.0.1.16.005;9;MEIO AMBIENTE - MINISTÉRIO DA JUSTIÇA E SEGURANÇA PÚBLICA;24;508855,00
1717.99.0.1.20.000;8;OUTRAS TRANSF. CONVÊNIOS UNIÃO ENTIDADES - PRINC. - SEGURANÇA PÚBLICA;;80304978,00
1717.99.0.1.20.002;9;SEGURANÇA PÚBLICA - CENTRAIS DE ABASTECIMENTO DE MINAS GERAIS - CEASAMINAS;24;4000306,00
1717.99.0.1.20.003;9;SEGURANÇA PÚBLICA - DEPARTAMENTO DE POLÍCIA RODOVIÁRIA FEDERAL - PRF;73;28342500,00
1717.99.0.1.20.004;9;SEGURANÇA PÚBLICA - TRIBUNAL REGIONAL ELEITORAL DE MINAS GERAIS - TREMG;24;3000000,00
1717.99.0.1.20.005;9;SEGURANÇA PÚBLICA - MINISTÉRIO DA JUSTIÇA E SEGURANÇA PÚBLICA;1;4200000,00
1717.99.0.1.20.005;9;SEGURANÇA PÚBLICA - MINISTÉRIO DA JUSTIÇA E SEGURANÇA PÚBLICA;2;9122381,00
1717.99.0.1.20.005;9;SEGURANÇA PÚBLICA - MINISTÉRIO DA JUSTIÇA E SEGURANÇA PÚBLICA;24;29811459,00
1717.99.0.1.20.010;9;SEGURANÇA PÚBLICA - TRIBUNAL REGIONAL DO TRABALHO DA 3 REGIÃO - TRT3;24;1828332,00
1717.99.0.1.22.000;8;OUTRAS TRANSF. CONVÊNIOS UNIÃO ENTIDADES - PRINC. - URBANISMO;;13632007,00
1717.99.0.1.22.001;9;URBANISMO - MINISTÉRIO DAS CIDADES;24;13632007,00
1719.00.0.0.00.000;4;OUTRAS TRANSFERÊNCIAS DE RECURSOS DA UNIÃO E DE SUAS ENTIDADES;;678138102,00
1719.55.0.0.00.000;5;OUTRAS TRANSFERÊNCIAS PARA SEGURANÇA PÚBLICA;;53636092,00
1719.55.0.1.00.000;7;OUTRAS TRANSF. SEGURANÇA PÚBLICA - PRINCIPAL;;53636092,00
1719.55.0.1.01.000;8;SEGURANÇA PÚBLICA - MINISTÉRIO DO DESENVOLVIMENTO REGIONAL;57;5000000,00
1719.55.0.1.02.000;8;SEGURANÇA PÚBLICA - MINISTÉRIO DA JUSTIÇA E SEGURANÇA PÚBLICA;57;48636092,00
1719.57.0.0.00.000;5;TRANSFERÊNCIA ESPECIAL DA UNIÃO;;752964,00
1719.57.0.1.00.000;7;TRANSF. ESPECIAL UNIÃO - PRINCIPAL;;752964,00
1719.57.0.1.01.000;8;TRANSF. ESPECIAL UNIÃO - PRINC. - EMENDAS PARLAMENTARES INDIVIDUAIS;98;752964,00
1719.58.0.0.00.000;5;TRANSFERÊNCIA OBRIGATÓRIA DECORRENTE DA LEI COMPLEMENTAR N\degree 176/20;;418250595,00
1719.58.0.1.00.000;7;TRANSF. OBRIGATÓRIA DECORRENTE LC FEDERAL N\degree 176/20 - PRINCIPAL;;418250595,00
1719.58.0.1.01.000;8;TRANSF. OBRIGATÓRIA DECORRENTE LC FEDERAL N\degree 176/20 - PRINC.;15;418250595,00
1719.99.0.0.00.000;5;OUTRAS TRANSFERÊNCIAS DE RECURSOS DA UNIÃO E DE SUAS ENTIDADES;;205498451,00
1719.99.0.1.00.000;7;OUTRAS TRANSF. UNIÃO ENTIDADES - PRINCIPAL;;205498451,00
1719.99.0.1.14.000;8;OUTRAS TRANSF. UNIÃO ENTIDADES - CULTURA;;170000000,00
1719.99.0.1.14.001;9;CULTURA - MINISTÉRIO DA CULTURA;16;170000000,00
1719.99.0.1.15.000;8;OUTRAS TRANSF. UNIÃO ENTIDADES - DESPORTO E LAZER;;21695420,00
1719.99.0.1.15.001;9;DESPORTO LAZER - MINISTÉRIO DO ESPORTE;38;21695420,00
1719.99.0.1.25.000;8;OUTRAS TRANSF. UNIÃO ENTIDADES - TRABALHO;;11888031,00
1719.99.0.1.25.002;9;TRABALHO - MINISTÉRIO DA ECONOMIA;57;5592203,00
1719.99.0.1.25.003;9;TRABALHO - MINISTÉRIO DO TRABALHO E EMPREGO;57;6295828,00
1719.99.0.1.99.000;8;OUTRAS TRANSF. UNIÃO ENTIDADES - PRINC. - DEMAIS;;1915000,00
1719.99.0.1.99.999;9;OUTRAS TRANSF. UNIÃO ENTIDADES - PRINC. - DEMAIS - OUTROS;24;1915000,00
1720.00.0.0.00.000;3;TRANSFERÊNCIAS DOS ESTADOS E DO DISTRITO FEDERAL E DE SUAS ENTIDADES;;16046078,00
1724.00.0.0.00.000;4;TRANSFERÊNCIAS DE CONVÊNIOS DOS ESTADOS E DF E DE SUAS ENTIDADES;;16046078,00
1724.99.0.0.00.000;5;OUTRAS TRANSFERÊNCIAS DE CONVÊNIOS DOS ESTADOS E DF E DE SUAS ENTIDADES;;16046078,00
1724.99.0.1.00.000;7;OUTRAS TRANSF. CONVÊNIOS ESTADOS DF ENTIDADES - PRINCIPAL;;16046078,00
1724.99.0.1.08.000;8;OUTRAS TRANSF. CONVÊNIOS ESTADOS DF ENTIDADES - PRINC. - AGROPECUÁRIA;;5024873,00
1724.99.0.1.08.001;9;AGROPECUÁRIA - COMPANHIA DE DESENVOLVIMENTO DE MINAS GERAIS - CODEMGE;69;5024873,00
1724.99.0.1.23.000;8;OUTRAS TRANSF. CONVÊNIOS ESTADOS DF ENTIDADES - PRINC. - SEGURANÇA PÚBLICA;;11021205,00
1724.99.0.1.23.001;9;SEGURANÇA PÚBLICA - COMPANHIA DE SANEAMENTO DE MINAS GERAIS - COPASA;69;9781734,00
1724.99.0.1.23.002;9;SEGURANÇA PÚBLICA - CORPO DE BOMBEIROS MILITAR DO ESTADO DO ESPÍRITO SANTO - CBMES;66;4594,00
1724.99.0.1.23.004;9;SEGURANÇA PÚBLICA - CORPO DE BOMBEIROS DO ESTADO DE RIO GRANDE DO NORTE - CBMRN;66;24272,00
1724.99.0.1.23.006;9;SEGURANÇA PÚBLICA - COMPANHIA ENERGÉTICA DE MINAS GERAIS - CEMIG;69;1210605,00
1730.00.0.0.00.000;3;TRANSFERÊNCIAS DOS MUNICÍPIOS E DE SUAS ENTIDADES;;178445853,00
1732.00.0.0.00.000;4;TRANSFERÊNCIAS DE CONVÊNIOS DOS MUNICÍPIOS E DE SUAS ENTIDADES;;174681173,00
1732.50.0.0.00.000;5;TRANSFERÊNCIAS DE CONVÊNIOS DOS MUNICÍPIOS PARA O SISTEMA ÚNICO DE SAÚDE - SUS;;27615611,00
1732.50.0.1.00.000;7;TRANSF. CONVÊNIOS MUNICÍPIOS - SUS-SAÚDE - PRINCIPAL;;27615611,00
1732.50.0.1.01.000;8;SUS-SAÚDE - DIVERSOS MUNICÍPIOS;70;27615611,00
1732.99.0.0.00.000;5;OUTRAS TRANSFERÊNCIAS DE CONVÊNIOS DOS MUNICÍPIOS E DE SUAS ENTIDADES;;147065562,00
1732.99.0.1.00.000;7;OUTRAS TRANSF. CONVÊNIOS MUNICÍPIOS ENTIDADES - PRINCIPAL;;147065562,00
1732.99.0.1.05.000;8;OUTRAS TRANSF. CONVÊNIOS MUNICÍPIOS ENTIDADES - PRINC. - AÇÕES JUDICIÁRIAS;;1140000,00
1732.99.0.1.05.001;9;AÇÕES JUDICIÁRIAS - DIVERSOS MUNICÍPIOS;70;1140000,00
1732.99.0.1.08.000;8;OUTRAS TRANSF. CONVÊNIOS MUNICÍPIOS ENTIDADES - PRINC. - AGROPECUÁRIA;;105885239,00
1732.99.0.1.08.001;9;AGROPECUÁRIA - DIVERSOS MUNICÍPIOS;67;105800000,00
1732.99.0.1.08.001;9;AGROPECUÁRIA - DIVERSOS MUNICÍPIOS;70;85239,00
1732.99.0.1.23.000;8;OUTRAS TRANSF. CONVÊNIOS MUNICÍPIOS ENTIDADES - PRINC. - SEGURANÇA PÚBLICA;;40040323,00
1732.99.0.1.23.001;9;SEGURANÇA PÚBLICA - DIVERSOS MUNICÍPIOS;70;40040323,00
1739.00.0.0.00.000;4;OUTRAS TRANSFERÊNCIAS DOS MUNICÍPIOS;;3764680,00
1739.99.0.0.00.000;5;OUTRAS TRANSFERÊNCIAS DOS MUNICÍPIOS;;3764680,00
1739.99.0.1.00.000;7;OUTRAS TRANSF. MUNICÍPIOS - PRINCIPAL;;3764680,00
1739.99.0.1.26.000;8;OUTRAS TRANSF. MUNICÍPIOS - PRINC. - URBANISMO;;3764680,00
1739.99.0.1.26.001;9;URBANISMO - DIVERSOS MUNICÍPIOS;59;3764680,00
1740.00.0.0.00.000;3;TRANSFERÊNCIAS DE INSTITUIÇÕES PRIVADAS;;19638947,00
1741.00.0.0.00.000;4;TRANSFERÊNCIAS DE INSTITUIÇÕES PRIVADAS;;19638947,00
1741.50.0.0.00.000;5;TRANSFERÊNCIAS DE CONVÊNIOS DE INSTITUIÇÕES PRIVADAS PARA PROGRAMAS DE SAÚDE;;7036777,00
1741.50.0.1.00.000;7;TRANSF. CONVÊNIOS INSTIT. PRIVADAS - SUS-SAÚDE - PRINCIPAL;;7036777,00
1741.50.0.1.99.000;8;SUS-SAÚDE - OUTROS;68;7036777,00
1741.99.0.0.00.000;5;OUTRAS TRANSFERÊNCIAS DE INSTITUIÇÕES PRIVADAS;;12602170,00
1741.99.0.1.00.000;7;OUTRAS TRANSF. INSTIT. PRIVADAS - PRINCIPAL;;12602170,00
1741.99.0.1.09.000;8;OUTRAS TRANSF. INSTIT. PRIVADAS - PRINC. - CONVÊNIOS - CIÊNCIA E TECNOLOGIA;;203712,00
1741.99.0.1.09.002;9;CIÊNCIA TECNOLOGIA - FUNDAÇÃO RENOVA;68;203712,00
1741.99.0.1.23.000;8;OUTRAS TRANSF. INSTIT. PRIVADAS - PRINC. - CONVÊNIOS - SEGURANÇA PÚBLICA;;1677872,00
1741.99.0.1.23.999;9;SEGURANÇA PÚBLICA - OUTROS;68;1677872,00
1741.99.0.1.33.000;8;OUTRAS TRANSF. INSTIT. PRIVADAS - PRINC. - DEMAIS - AÇÕES ESSENCIAIS À JUSTIÇA;;270000,00
1741.99.0.1.33.999;9;AÇÕES ESSENCIAIS JUSTIÇA - OUTROS;9;250000,00
1741.99.0.1.33.999;9;AÇÕES ESSENCIAIS JUSTIÇA - OUTROS;60;20000,00
1741.99.0.1.34.000;8;OUTRAS TRANSF. INSTIT. PRIVADAS - PRINC. - DEMAIS - ADMINISTRAÇÃO E ATIVIDADE FISCAL;;1000,00
1741.99.0.1.34.999;9;ADM. ATIV. FISCAL - OUTROS;9;1000,00
1741.99.0.1.40.000;8;OUTRAS TRANSF. INSTIT. PRIVADAS - PRINC. - DEMAIS - DESPORTO E LAZER;;4879000,00
1741.99.0.1.40.001;9;DESPORTO E LAZER - OUTROS;11;1463700,00
1741.99.0.1.40.001;9;DESPORTO E LAZER - OUTROS;59;3415300,00
1741.99.0.1.41.000;8;OUTRAS TRANSF. INSTIT. PRIVADAS - PRINC. - DEMAIS - DIREITOS HUMANOS E DE CIDADANIA;;783703,00
1741.99.0.1.41.999;9;DIR. HUMANOS CIDADANIA - OUTROS;45;783703,00
1741.99.0.1.46.000;8;OUTRAS TRANSF. INSTIT. PRIVADAS - PRINC. - DEMAIS - MEIO AMBIENTE;;1803443,00
1741.99.0.1.46.999;9;MEIO AMBIENTE - OUTROS;9;3443,00
1741.99.0.1.46.999;9;MEIO AMBIENTE - OUTROS;68;1800000,00
1741.99.0.1.50.000;8;OUTRAS TRANSF. INSTIT. PRIVADAS - PRINC. - DEMAIS - SEGURANÇA PÚBLICA;;2983440,00
1741.99.0.1.50.999;9;SEGURANÇA PÚBLICA - OUTROS;9;2837655,00
1741.99.0.1.50.999;9;SEGURANÇA PÚBLICA - OUTROS;45;145785,00
1750.00.0.0.00.000;3;TRANSFERÊNCIAS DE OUTRAS INSTITUIÇÕES PÚBLICAS;;13490396315,00
1751.00.0.0.00.000;4;TRANSFERÊNCIAS DE RECURSOS DO FUNDO DE MANUTENÇÃO E DESENVOLVIMENTO DA EDUCAÇÃO BÁSICA E DE VALORIZAÇÃO DOS PROFISSIONAIS DA EDUCAÇÃO - FUNDEB;;13490396315,00
1751.50.0.0.00.000;5;TRANSFERÊNCIAS DE RECURSOS DO FUNDO DE MANUTENÇÃO E DESENVOLVIMENTO DA EDUCAÇÃO BÁSICA E DE VALORIZAÇÃO DOS PROFISSIONAIS DA EDUCAÇÃO - FUNDEB;;13490396315,00
1751.50.0.1.00.000;7;TRANSF. RECURSOS FUNDEB - PRINCIPAL;;13490396315,00
1751.50.0.1.01.000;8;TRANSF. RECURSOS FUNDEB - PRINC. - PARCELA FPM;23;2759131170,00
1751.50.0.1.03.000;8;TRANSF. RECURSOS FUNDEB - PRINC. - PARCELA ICMS;;8120705164,00
1751.50.0.1.03.001;9;TRANSF. RECURSOS FUNDEB - PRINC. - PARCELA ICMS - PRINC.;23;7976831428,00
1751.50.0.1.03.002;9;TRANSF. RECURSOS FUNDEB - PRINC. - PARCELA ICMS - MULTAS E JUROS;23;79141474,00
1751.50.0.1.03.003;9;TRANSF. RECURSOS FUNDEB - PRINC. - PARCELA ICMS - DA;23;64732262,00
1751.50.0.1.04.000;8;TRANSF. RECURSOS FUNDEB - PRINC. - PARCELA IPI;;111473188,00
1751.50.0.1.04.001;9;TRANSF. RECURSOS FUNDEB - PRINC. - PARCELA IPI - PRINC.;23;111473188,00
1751.50.0.1.05.000;8;TRANSF. RECURSOS FUNDEB - PRINC. - PARCELA FPE;;897539401,00
1751.50.0.1.05.001;9;TRANSF. RECURSOS FUNDEB - PRINC. - PARCELA FPE - PRINC.;23;897539401,00
1751.50.0.1.06.000;8;TRANSF. RECURSOS FUNDEB - PRINC. - PARCELA ITR;;9675725,00
1751.50.0.1.06.001;9;TRANSF. RECURSOS FUNDEB - PRINC. - PARCELA ITR - PRINC.;23;9675725,00
1751.50.0.1.07.000;8;TRANSF. RECURSOS FUNDEB - PRINC. - PARCELA IPVA;;1264721903,00
1751.50.0.1.07.001;9;TRANSF. RECURSOS FUNDEB - PRINC. - PARCELA IPVA - PRINC.;23;1158359016,00
1751.50.0.1.07.002;9;TRANSF. RECURSOS FUNDEB - PRINC. - PARCELA IPVA - MULTAS E JUROS;23;75420586,00
1751.50.0.1.07.003;9;TRANSF. RECURSOS FUNDEB - PRINC. - PARCELA IPVA - DA;23;30942301,00
1751.50.0.1.08.000;8;TRANSF. RECURSOS FUNDEB - PRINC. - PARCELA ITCD;;208513466,00
1751.50.0.1.08.001;9;TRANSF. RECURSOS FUNDEB - PRINC. - PARCELA ITCD - PRINC.;23;190238560,00
1751.50.0.1.08.002;9;TRANSF. RECURSOS FUNDEB - PRINC. - PARCELA ITCD - MULTAS E JUROS;23;15669298,00
1751.50.0.1.08.003;9;TRANSF. RECURSOS FUNDEB - PRINC. - PARCELA ITCD - DA;23;2605608,00
1751.50.0.1.09.000;8;TRANSF. RECURSOS FUNDEB - PRINC. - PARCELA ADICIONAL ICMS - FUNDO DE ERRADICAÇÃO DA MISÉRIA - FEM;;118636298,00
1751.50.0.1.09.001;9;TRANSF. RECURSOS FUNDEB - PRINC. - PARCELA ADICIONAL ICMS - FEM - PRINC.;23;93763950,00
1751.50.0.1.09.005;9;TRANSF. RECURSOS FUNDEB - PRINC. - PARCELA ADICIONAL ICMS - FEM - EXERCÍCIOS ANTERIORES;23;24872348,00
1790.00.0.0.00.000;3;DEMAIS TRANSFERÊNCIAS CORRENTES;;968,00
1791.00.0.0.00.000;4;TRANSFERÊNCIAS DE PESSOAS FÍSICAS;;968,00
1791.99.0.0.00.000;5;OUTRAS TRANSFERÊNCIAS DE PESSOAS FÍSICAS;;968,00
1791.99.0.1.00.000;7;OUTRAS TRANSFERÊNCIAS DE PESSOAS FÍSICAS - PRINCIPAL;;968,00
1791.99.0.1.14.000;8;OUTRAS TRANSF. PESSOAS FÍSICAS - PRINC. - DIREITOS HUMANOS E DE CIDADANIA;45;468,00
1791.99.0.1.23.000;8;OUTRAS TRANSF. PESSOAS FÍSICAS - PRINC. - SEGURANÇA PÚBLICA;45;500,00
1900.00.0.0.00.000;2;OUTRAS RECEITAS CORRENTES;;2023686553,00
1910.00.0.0.00.000;3;MULTAS ADMINISTRATIVAS, CONTRATUAIS E JUDICIAIS;;868380829,00
1911.00.0.0.00.000;4;MULTAS ADMINISTRATIVAS, CONTRATUAIS E JUDICIAIS;;868380829,00
1911.01.0.0.00.000;5;MULTAS PREVISTAS EM LEGISLAÇÃO ESPECÍFICA;;628682834,00
1911.01.0.1.00.000;7;MULTAS LEGISL. ESPECÍFICA - PRINCIPAL;;570904050,00
1911.01.0.1.01.000;8;MULTAS LEGISL. ESPECÍFICA - PRINC. - LEGISLAÇÃO SANITÁRIA;15;297947,00
1911.01.0.1.03.000;8;MULTAS LEGISL. ESPECÍFICA - PRINC. - LEGISLAÇÃO DE TRÂNSITO;;514284625,00
1911.01.0.1.03.001;9;MULTAS LEGISL. ESPECÍFICA - PRINC. - LEGISL. TRÂNSITO - COTA PARTE DO ESTADO;11;58496825,00
1911.01.0.1.03.001;9;MULTAS LEGISL. ESPECÍFICA - PRINC. - LEGISL. TRÂNSITO - COTA PARTE DO ESTADO;82;136492593,00
1911.01.0.1.03.002;9;MULTAS LEGISL. ESPECÍFICA - PRINC. - LEGISL. TRÂNSITO - COTA PARTE DO DEPARTAMENTO DE EDIFICAÇÕES E ESTRADAS DE RODAGEM DO ESTADO DE MINAS GERAIS - DERMG;11;88074292,00
1911.01.0.1.03.002;9;MULTAS LEGISL. ESPECÍFICA - PRINC. - LEGISL. TRÂNSITO - COTA PARTE DO DEPARTAMENTO DE EDIFICAÇÕES E ESTRADAS DE RODAGEM DO ESTADO DE MINAS GERAIS - DERMG;83;205506683,00
1911.01.0.1.03.003;9;MULTAS LEGISL. ESPECÍFICA - PRINC. - LEGISL. TRÂNSITO - COTA PARTE DO FUNDO NACIONAL DE SEGURANÇA E EDUCAÇÃO NO TRÂNSITO - FUNSET;83;15451631,00
1911.01.0.1.03.004;9;MULTAS LEGISL. ESPECÍFICA - PRINC. - LEGISL. TRÂNSITO - COTA PARTE DO FUNDO NACIONAL DE SEGURANÇA E EDUCAÇÃO NO TRÂNSITO - FUNSET - ESTADO;82;10262601,00
1911.01.0.1.04.000;8;MULTAS LEGISL. ESPECÍFICA - PRINC. - MULTA ISOLADA POR INFRAÇÃO A OBRIGAÇÃO ACESSÓRIA;;52218538,00
1911.01.0.1.04.999;9;MULTAS LEGISL. ESPECÍFICA - PRINC. - MULTA ISOLADA OBRIG. ACESSÓRIA - OUTROS;15;52218538,00
1911.01.0.1.06.000;8;MULTAS LEGISL. ESPECÍFICA - PRINC. - INFRAÇÃO À LEGISLAÇÃO DE PREVENÇÃO DE INCÊNDIO E PÂNICO;60;1792315,00
1911.01.0.1.08.000;8;MULTAS LEGISL. ESPECÍFICA - PRINC. - MULTA ADMINISTRATIVA DISCIPLINAR - NOTÁRIOS E REGISTRADORES;;1506427,00
1911.01.0.1.08.001;9;MULTAS LEGISL. ESPECÍFICA - PRINC. - MULTA ADM. DISCIPLINAR - NOTÁRIOS REGISTRADORES - PRINC.;60;1489056,00
1911.01.0.1.08.002;9;MULTAS LEGISL. ESPECÍFICA - PRINC. - MULTA ADM. DISCIPLINAR - NOTÁRIOS REGISTRADORES - CORREÇÃO MONETÁRIA;60;17371,00
1911.01.0.1.11.000;8;MULTAS LEGISL. ESPECÍFICA - PRINC. - INFRAÇÃO À LEGISLAÇÃO SOBRE PRÁTICAS DE COMPETÊNCIA DO CBMMG POR INSTITUIÇÕES CIVIS;60;104198,00
1911.01.0.1.12.000;8;MULTAS LEGISL. ESPECÍFICA - PRINC. - INFRAÇÃO À LEGISLAÇÃO DE ABASTECIMENTO DE ÁGUA E ESGOTAMENTO SANITÁRIO;11;120000,00
1911.01.0.1.12.000;8;MULTAS LEGISL. ESPECÍFICA - PRINC. - INFRAÇÃO À LEGISLAÇÃO DE ABASTECIMENTO DE ÁGUA E ESGOTAMENTO SANITÁRIO;60;300000,00
1911.01.0.1.12.000;8;MULTAS LEGISL. ESPECÍFICA - PRINC. - INFRAÇÃO À LEGISLAÇÃO DE ABASTECIMENTO DE ÁGUA E ESGOTAMENTO SANITÁRIO;61;280000,00
1911.01.0.2.00.000;7;MULTAS LEGISL. ESPECÍFICA - MULTAS E JUROS DE MORA;;45559,00
1911.01.0.2.04.000;8;MULTAS LEGISL. ESPECÍFICA - MJM - MULTA ISOLADA POR INFRAÇÃO A OBRIGAÇÃO ACESSÓRIA;;33409,00
1911.01.0.2.04.999;9;MULTAS LEGISL. ESPECÍFICA - MJM - MULTA ISOLADA OBRIG. ACESSÓRIA - OUTROS;15;33409,00
1911.01.0.2.08.000;8;MULTAS LEGISL. ESPECÍFICA - MJM - MULTA ADMINISTRATIVA DISCIPLINAR - NOTÁRIOS E REGISTRADORES;;12150,00
1911.01.0.2.08.001;9;MULTAS LEGISL. ESPECÍFICA - MJM - MULTA ADM. DISCIPLINAR - NOTÁRIOS REGISTRADORES - PRINC.;60;12150,00
1911.01.0.3.00.000;7;MULTAS LEGISL. ESPECÍFICA - DÍVIDA ATIVA;;57699143,00
1911.01.0.3.04.000;8;MULTAS LEGISL. ESPECÍFICA - DA - MULTA ISOLADA POR INFRAÇÃO A OBRIGAÇÃO ACESSÓRIA;;57665002,00
1911.01.0.3.04.999;9;MULTAS LEGISL. ESPECÍFICA - DA - MULTA ISOLADA OBRIG. ACESSÓRIA - OUTROS;15;57665002,00
1911.01.0.3.08.000;8;MULTAS LEGISL. ESPECÍFICA - DA - MULTA ADMINISTRATIVA DISCIPLINAR - NOTÁRIOS E REGISTRADORES;;34141,00
1911.01.0.3.08.001;9;MULTAS LEGISL. ESPECÍFICA - DA - MULTA ADM. DISCIPLINAR - NOTÁRIOS REGISTRADORES - PRINC.;60;34141,00
1911.01.0.4.00.000;7;MULTAS LEGISL. ESPECÍFICA - DÍVIDA ATIVDA - MULTAS E JUROS DE MORA;;34082,00
1911.01.0.4.04.000;8;MULTAS LEGISL. ESPECÍFICA - DA-MJM - MULTA ISOLADA POR INFRAÇÃO A OBRIGAÇÃO ACESSÓRIA;;34082,00
1911.01.0.4.04.999;9;MULTAS LEGISL. ESPECÍFICA - DA-MJM - MULTA ISOLADA OBRIG. ACESSÓRIA - OUTROS;15;34082,00
1911.04.0.0.00.000;5;MULTAS PREVISTAS NA LEGISLAÇÃO SOBRE DEFESA DOS DIREITOS DIFUSOS;;102099000,00
1911.04.0.1.00.000;7;MULTAS LEGISL. DEFESA DIR. DIFUSOS - PRINCIPAL;;102099000,00
1911.04.0.1.02.000;8;MULTAS LEGISL. DEFESA DIR. DIFUSOS - PRINC. - APLICADAS PELO PROCON-MG;60;53900000,00
1911.04.0.1.03.000;8;MULTAS LEGISL. DEFESA DIR. DIFUSOS - PRINC. - TERMO DE AJUSTAMENTO DE CONDUTA - TAC;60;48199000,00
1911.06.0.0.00.000;5;MULTAS POR DANOS AMBIENTAIS;;113171522,00
1911.06.1.0.00.000;6;MULTAS ADMINISTRATIVAS POR DANOS AMBIENTAIS;;113171522,00
1911.06.1.1.00.000;7;MULTAS ADM. DANOS AMBIENTAIS - PRINCIPAL;;112571522,00
1911.06.1.1.01.000;8;MULTAS ADM. DANOS AMBIENTAIS - PRINC.;15;88255864,00
1911.06.1.1.01.000;8;MULTAS ADM. DANOS AMBIENTAIS - PRINC.;60;16550000,00
1911.06.1.1.01.000;8;MULTAS ADM. DANOS AMBIENTAIS - PRINC.;79;7765658,00
1911.06.1.2.00.000;7;MULTAS ADM. DANOS AMBIENTAIS - MULTAS E JUROS DE MORA;;600000,00
1911.06.1.2.01.000;8;MULTAS ADM. DANOS AMBIENTAIS - MJM;60;600000,00
1911.08.0.0.00.000;5;MULTAS DECORRENTES DE SENTENÇAS JUDICIAIS;;19184940,00
1911.08.0.1.00.000;7;MULTAS SENTENÇAS JUDICIAIS - PRINCIPAL;;18969618,00
1911.08.0.1.01.000;8;MULTAS SENTENÇAS JUDICIAIS - PRINC. - MULTAS PECUNIÁRIAS E JUROS DE MORA;39;15674399,00
1911.08.0.1.01.000;8;MULTAS SENTENÇAS JUDICIAIS - PRINC. - MULTAS PECUNIÁRIAS E JUROS DE MORA;77;3295219,00
1911.08.0.3.00.000;7;MULTAS SENTENÇAS JUDICIAIS - DÍVIDA ATIVA;;175422,00
1911.08.0.3.01.000;8;MULTAS SENTENÇAS JUDICIAIS - DA - MULTAS PECUNIÁRIAS E JUROS DE MORA;77;175422,00
1911.08.0.4.00.000;7;MULTAS SENTENÇAS JUDICIAIS - DÍVIDA ATIVA - MULTAS E JUROS DE MORA;;39900,00
1911.08.0.4.01.000;8;MULTAS SENTENÇAS JUDICIAIS - DA-MJM - MULTAS PECUNIÁRIAS E JUROS DE MORA;77;39900,00
1911.09.0.0.00.000;5;MULTAS E JUROS PREVISTOS EM CONTRATOS;;5241533,00
1911.09.0.1.00.000;7;MULTAS JUROS PREVISTOS CONTRATOS - PRINCIPAL;;4081413,00
1911.09.0.1.99.000;8;MULTAS JUROS PREVISTOS CONTRATOS - PRINC. - DEMAIS;10;1000,00
1911.09.0.1.99.000;8;MULTAS JUROS PREVISTOS CONTRATOS - PRINC. - DEMAIS;15;484381,00
1911.09.0.1.99.000;8;MULTAS JUROS PREVISTOS CONTRATOS - PRINC. - DEMAIS;60;3595532,00
1911.09.0.1.99.000;8;MULTAS JUROS PREVISTOS CONTRATOS - PRINC. - DEMAIS;77;500,00
1911.09.0.2.00.000;7;MULTAS JUROS PREVISTOS CONTRATO - MULTAS E JUROS DE MORA;;5826,00
1911.09.0.2.99.000;8;MULTAS JUROS PREVISTOS CONTRATO - MJM - DEMAIS;60;5826,00
1911.09.0.3.00.000;7;MULTAS JUROS PREVISTOS CONTRATOS - DÍVIDA ATIVA;;1020664,00
1911.09.0.3.99.000;8;MULTAS JUROS PREVISTOS CONTRATOS - DA - DEMAIS;60;1020164,00
1911.09.0.3.99.000;8;MULTAS JUROS PREVISTOS CONTRATOS - DA - DEMAIS;77;500,00
1911.09.0.4.00.000;7;MULTAS JUROS PREVISTOS CONTRATOS - DÍVIDA ATIVA - MULTAS E JUROS DE MORA;;133630,00
1911.09.0.4.99.000;8;MULTAS JUROS PREVISTOS CONTRATOS - DA-MJM - DEMAIS;60;133130,00
1911.09.0.4.99.000;8;MULTAS JUROS PREVISTOS CONTRATOS - DA-MJM - DEMAIS;77;500,00
1911.13.0.0.00.000;5;MULTAS PREVISTAS NA LEGISLAÇÃO ANTICORRUPÇÃO;;1000,00
1911.13.2.0.00.000;6;MULTAS DA LEGISLAÇÃO ANTICORRUPÇÃO ORIUNDAS DE ACORDOS DE LENIÊNCIA;;1000,00
1911.13.2.1.00.000;7;MULTAS LEGISLAÇÃO ANTICORRUPÇÃO ACORDOS LENIÊNCIA - PRINCIPAL;;1000,00
1911.13.2.1.01.000;8;MULTAS LEGISLAÇÃO ANTICORRUPÇÃO ACORDOS LENIÊNCIA - PRINC.;15;1000,00
1920.00.0.0.00.000;3;INDENIZAÇÕES, RESTITUIÇÕES E RESSARCIMENTOS;;477994952,00
1921.00.0.0.00.000;4;INDENIZAÇÕES;;9495328,00
1921.99.0.0.00.000;5;OUTRAS INDENIZAÇÕES;;9495328,00
1921.99.0.1.01.000;8;OUTRAS INDENIZAÇÕES - PRINC. - IMPACTOS E DANOS AMBIENTAIS;11;2400000,00
1921.99.0.1.01.000;8;OUTRAS INDENIZAÇÕES - PRINC. - IMPACTOS E DANOS AMBIENTAIS;59;5600000,00
1921.99.0.1.99.000;8;OUTRAS INDENIZAÇÕES - PRINC. - DEMAIS;15;1207604,00
1921.99.0.1.99.000;8;OUTRAS INDENIZAÇÕES - PRINC. - DEMAIS;60;281724,00
1921.99.0.1.99.000;8;OUTRAS INDENIZAÇÕES - PRINC. - DEMAIS;77;6000,00
1922.00.0.0.00.000;4;RESTITUIÇÕES;;460471387,00
1922.01.0.0.00.000;5;RESTITUIÇÃO DE CONVÊNIOS;;60137059,00
1922.01.1.0.00.000;6;RESTITUIÇÃO DE CONVÊNIOS - PRIMÁRIAS;;60137059,00
1922.01.1.1.00.000;7;RESTITUIÇÃO CONVÊNIOS - PRIMÁRIAS - PRINCIPAL;;60137059,00
1922.01.1.1.01.000;8;RESTITUIÇÃO CONVÊNIOS - PRIMÁRIAS - PRINC.;10;28243641,00
1922.01.1.1.01.000;8;RESTITUIÇÃO CONVÊNIOS - PRIMÁRIAS - PRINC.;31;926418,00
1922.01.1.1.01.000;8;RESTITUIÇÃO CONVÊNIOS - PRIMÁRIAS - PRINC.;60;30966000,00
1922.01.1.1.01.000;8;RESTITUIÇÃO CONVÊNIOS - PRIMÁRIAS - PRINC.;72;1000,00
1922.06.0.0.00.000;5;RESTITUIÇÃO DE DESPESAS DE EXERCÍCIOS ANTERIORES;;1557937,00
1922.06.3.0.00.000;6;RESTITUIÇÃO DE DESPESAS PRIMÁRIAS DE EXERCÍCIOS ANTERIORES;;1557937,00
1922.06.3.1.00.000;7;RESTITUIÇÃO DESPESAS PRIMÁRIAS EXERCÍCIOS ANTERIORES - PRINCIPAL;;1557937,00
1922.06.3.1.99.000;8;RESTITUIÇÃO DESPESAS PRIMÁRIAS EXERCÍCIOS ANTERIORES - PRINC. - DEMAIS;10;1200090,00
1922.06.3.1.99.000;8;RESTITUIÇÃO DESPESAS PRIMÁRIAS EXERCÍCIOS ANTERIORES - PRINC. - DEMAIS;60;357847,00
1922.51.0.0.00.000;5;RESTITUIÇÕES DE RECURSOS DO FUNDEB;;98230000,00
1922.51.0.1.00.000;7;RESTITUIÇÕES RECURSOS FUNDEB - PRINCIPAL;;98230000,00
1922.51.0.1.01.000;8;RESTITUIÇÕES RECURSOS FUNDEB - PRINC.;13;2090000,00
1922.51.0.1.01.000;8;RESTITUIÇÕES RECURSOS FUNDEB - PRINC.;23;96140000,00
1922.52.0.0.00.000;5;RESTITUIÇÃO DE REMUNERAÇÃO DE FOLHA DE PAGAMENTO - PESSOAL ATIVO;;87554800,00
1922.52.0.1.00.000;7;RESTITUIÇÃO REMUNERAÇÃO FOLHA PAGAMENTO - PESSOAL ATIVO - PRINCIPAL;;87554800,00
1922.52.0.1.01.000;8;RESTITUIÇÃO REMUNERAÇÃO FOLHA PAGAMENTO - PESSOAL ATIVO - PRINC.;10;7000000,00
1922.52.0.1.01.000;8;RESTITUIÇÃO REMUNERAÇÃO FOLHA PAGAMENTO - PESSOAL ATIVO - PRINC.;15;50000,00
1922.52.0.1.01.000;8;RESTITUIÇÃO REMUNERAÇÃO FOLHA PAGAMENTO - PESSOAL ATIVO - PRINC.;23;80000000,00
1922.52.0.1.01.000;8;RESTITUIÇÃO REMUNERAÇÃO FOLHA PAGAMENTO - PESSOAL ATIVO - PRINC.;26;100000,00
1922.52.0.1.01.000;8;RESTITUIÇÃO REMUNERAÇÃO FOLHA PAGAMENTO - PESSOAL ATIVO - PRINC.;27;2000,00
1922.52.0.1.01.000;8;RESTITUIÇÃO REMUNERAÇÃO FOLHA PAGAMENTO - PESSOAL ATIVO - PRINC.;49;30000,00
1922.52.0.1.01.000;8;RESTITUIÇÃO REMUNERAÇÃO FOLHA PAGAMENTO - PESSOAL ATIVO - PRINC.;50;2000,00
1922.52.0.1.01.000;8;RESTITUIÇÃO REMUNERAÇÃO FOLHA PAGAMENTO - PESSOAL ATIVO - PRINC.;52;3000,00
1922.52.0.1.01.000;8;RESTITUIÇÃO REMUNERAÇÃO FOLHA PAGAMENTO - PESSOAL ATIVO - PRINC.;57;500,00
1922.52.0.1.01.000;8;RESTITUIÇÃO REMUNERAÇÃO FOLHA PAGAMENTO - PESSOAL ATIVO - PRINC.;59;10000,00
1922.52.0.1.01.000;8;RESTITUIÇÃO REMUNERAÇÃO FOLHA PAGAMENTO - PESSOAL ATIVO - PRINC.;60;27300,00
1922.52.0.1.01.000;8;RESTITUIÇÃO REMUNERAÇÃO FOLHA PAGAMENTO - PESSOAL ATIVO - PRINC.;71;250000,00
1922.52.0.1.01.000;8;RESTITUIÇÃO REMUNERAÇÃO FOLHA PAGAMENTO - PESSOAL ATIVO - PRINC.;72;20000,00
1922.52.0.1.01.000;8;RESTITUIÇÃO REMUNERAÇÃO FOLHA PAGAMENTO - PESSOAL ATIVO - PRINC.;73;10000,00
1922.52.0.1.01.000;8;RESTITUIÇÃO REMUNERAÇÃO FOLHA PAGAMENTO - PESSOAL ATIVO - PRINC.;91;50000,00
1922.99.0.0.00.000;5;OUTRAS RESTITUIÇÕES;;212991591,00
1922.99.0.1.00.000;7;OUTRAS RESTITUIÇÕES - PRINCIPAL;;212991591,00
1922.99.0.1.01.000;8;OUTRAS RESTITUIÇÕES - PRINC. - RECURSOS ORIGINÁRIOS DO FUNDO ESTADUAL DE SAÚDE - FES;10;11542408,00
1922.99.0.1.01.000;8;OUTRAS RESTITUIÇÕES - PRINC. - RECURSOS ORIGINÁRIOS DO FUNDO ESTADUAL DE SAÚDE - FES;60;44669,00
1922.99.0.1.04.000;8;OUTRAS RESTITUIÇÕES - PRINC. - CONTRIB. DO SALÁRIO-EDUCAÇÃO;21;5225000,00
1922.99.0.1.99.000;8;OUTRAS RESTITUIÇÕES - PRINC. - DEMAIS;1;179591,00
1922.99.0.1.99.000;8;OUTRAS RESTITUIÇÕES - PRINC. - DEMAIS;2;1504830,00
1922.99.0.1.99.000;8;OUTRAS RESTITUIÇÕES - PRINC. - DEMAIS;3;1000,00
1922.99.0.1.99.000;8;OUTRAS RESTITUIÇÕES - PRINC. - DEMAIS;5;1000,00
1922.99.0.1.99.000;8;OUTRAS RESTITUIÇÕES - PRINC. - DEMAIS;6;1000,00
1922.99.0.1.99.000;8;OUTRAS RESTITUIÇÕES - PRINC. - DEMAIS;9;4500,00
1922.99.0.1.99.000;8;OUTRAS RESTITUIÇÕES - PRINC. - DEMAIS;10;170553967,00
1922.99.0.1.99.000;8;OUTRAS RESTITUIÇÕES - PRINC. - DEMAIS;12;444,00
1922.99.0.1.99.000;8;OUTRAS RESTITUIÇÕES - PRINC. - DEMAIS;13;104500,00
1922.99.0.1.99.000;8;OUTRAS RESTITUIÇÕES - PRINC. - DEMAIS;15;109657,00
1922.99.0.1.99.000;8;OUTRAS RESTITUIÇÕES - PRINC. - DEMAIS;16;1000,00
1922.99.0.1.99.000;8;OUTRAS RESTITUIÇÕES - PRINC. - DEMAIS;23;10000000,00
1922.99.0.1.99.000;8;OUTRAS RESTITUIÇÕES - PRINC. - DEMAIS;24;226100,00
1922.99.0.1.99.000;8;OUTRAS RESTITUIÇÕES - PRINC. - DEMAIS;26;110000,00
1922.99.0.1.99.000;8;OUTRAS RESTITUIÇÕES - PRINC. - DEMAIS;27;2011,00
1922.99.0.1.99.000;8;OUTRAS RESTITUIÇÕES - PRINC. - DEMAIS;31;17341,00
1922.99.0.1.99.000;8;OUTRAS RESTITUIÇÕES - PRINC. - DEMAIS;36;1600,00
1922.99.0.1.99.000;8;OUTRAS RESTITUIÇÕES - PRINC. - DEMAIS;37;250000,00
1922.99.0.1.99.000;8;OUTRAS RESTITUIÇÕES - PRINC. - DEMAIS;49;38556,00
1922.99.0.1.99.000;8;OUTRAS RESTITUIÇÕES - PRINC. - DEMAIS;50;6156,00
1922.99.0.1.99.000;8;OUTRAS RESTITUIÇÕES - PRINC. - DEMAIS;52;6332,00
1922.99.0.1.99.000;8;OUTRAS RESTITUIÇÕES - PRINC. - DEMAIS;53;615,00
1922.99.0.1.99.000;8;OUTRAS RESTITUIÇÕES - PRINC. - DEMAIS;56;1000,00
1922.99.0.1.99.000;8;OUTRAS RESTITUIÇÕES - PRINC. - DEMAIS;57;22500,00
1922.99.0.1.99.000;8;OUTRAS RESTITUIÇÕES - PRINC. - DEMAIS;59;10000,00
1922.99.0.1.99.000;8;OUTRAS RESTITUIÇÕES - PRINC. - DEMAIS;60;9100947,00
1922.99.0.1.99.000;8;OUTRAS RESTITUIÇÕES - PRINC. - DEMAIS;61;2646028,00
1922.99.0.1.99.000;8;OUTRAS RESTITUIÇÕES - PRINC. - DEMAIS;62;1000,00
1922.99.0.1.99.000;8;OUTRAS RESTITUIÇÕES - PRINC. - DEMAIS;63;1000,00
1922.99.0.1.99.000;8;OUTRAS RESTITUIÇÕES - PRINC. - DEMAIS;64;1000,00
1922.99.0.1.99.000;8;OUTRAS RESTITUIÇÕES - PRINC. - DEMAIS;65;1000,00
1922.99.0.1.99.000;8;OUTRAS RESTITUIÇÕES - PRINC. - DEMAIS;66;1000,00
1922.99.0.1.99.000;8;OUTRAS RESTITUIÇÕES - PRINC. - DEMAIS;68;205100,00
1922.99.0.1.99.000;8;OUTRAS RESTITUIÇÕES - PRINC. - DEMAIS;69;203120,00
1922.99.0.1.99.000;8;OUTRAS RESTITUIÇÕES - PRINC. - DEMAIS;70;8700,00
1922.99.0.1.99.000;8;OUTRAS RESTITUIÇÕES - PRINC. - DEMAIS;71;401909,00
1922.99.0.1.99.000;8;OUTRAS RESTITUIÇÕES - PRINC. - DEMAIS;72;14207,00
1922.99.0.1.99.000;8;OUTRAS RESTITUIÇÕES - PRINC. - DEMAIS;73;261184,00
1922.99.0.1.99.000;8;OUTRAS RESTITUIÇÕES - PRINC. - DEMAIS;74;3000,00
1922.99.0.1.99.000;8;OUTRAS RESTITUIÇÕES - PRINC. - DEMAIS;77;2240,00
1922.99.0.1.99.000;8;OUTRAS RESTITUIÇÕES - PRINC. - DEMAIS;83;8197,00
1922.99.0.1.99.000;8;OUTRAS RESTITUIÇÕES - PRINC. - DEMAIS;91;64182,00
1922.99.0.1.99.000;8;OUTRAS RESTITUIÇÕES - PRINC. - DEMAIS;92;100000,00
1922.99.0.1.99.000;8;OUTRAS RESTITUIÇÕES - PRINC. - DEMAIS;93;1000,00
1922.99.0.1.99.000;8;OUTRAS RESTITUIÇÕES - PRINC. - DEMAIS;95;1000,00
1923.00.0.0.00.000;4;RESSARCIMENTOS;;8028237,00
1923.03.0.0.00.000;5;REVERSÃO DE GARANTIAS;;1000,00
1923.03.0.1.00.000;7;REVERSÃO GARANTIAS - PRINCIPAL;;1000,00
1923.03.0.1.01.000;8;REVERSÃO GARANTIAS - PRINC.;15;1000,00
1923.99.0.0.00.000;5;OUTROS RESSARCIMENTOS;;8027237,00
1923.99.0.1.00.000;7;OUTROS RESSARCIMENTOS - PRINCIPAL;;8027237,00
1923.99.0.1.01.000;8;OUTROS RESSARCIMENTOS - PRINC. - RETENÇÃO SOBRE PAGAMENTO FOLHA DE SENTENCIADO;60;8027237,00
1930.00.0.0.00.000;3;BENS, DIREITOS E VALORES INCORPORADOS AO PATRIMÔNIO PÚBLICO;;496024,00
1931.00.0.0.00.000;4;BENS, DIREITOS E VALORES INCORPORADOS AO PATRIMÔNIO PÚBLICO;;496024,00
1931.06.0.0.00.000;5;BENS, DIREITOS E VALORES OBJETO DE RENÚNCIA VOLUNTÁRIA EM ACORDO DE NÃO PERSECUÇÃO PENAL;;496024,00
1931.06.0.1.00.000;7;BENS DIREITOS VALORES RENÚNCIA VOLUNTÁRIA ACORDO NÃO PERSECUÇÃO PENAL - PRINCIPAL;;496024,00
1931.06.0.1.01.000;8;BENS DIREITOS VALORES RENÚNCIA VOLUNTÁRIA ACORDO NÃO PERSECUÇÃO PENAL - PRINC.;15;496024,00
1990.00.0.0.00.000;3;DEMAIS RECEITAS CORRENTES;;676814748,00
1999.00.0.0.00.000;4;OUTRAS RECEITAS CORRENTES;;676814748,00
1999.03.0.0.00.000;5;COMPENSAÇÕES FINANCEIRAS ENTRE O REGIME GERAL E OS REGIMES PRÓPRIOS DE PREVIDÊNCIA E SISTEMA DE PROTEÇÃO SOCIAL;;81000000,00
1999.03.0.1.00.000;7;COMPENSAÇÕES FINANCEIRAS RGPS RPPS SIST. PROTEÇÃO SOCIAL - PRINCIPAL;;81000000,00
1999.03.0.1.01.000;8;COMPENSAÇÕES FINANCEIRAS RGPS RPPS SIST. PROTEÇÃO SOCIAL - PRINC.;44;81000000,00
1999.12.0.0.00.000;5;ENCARGOS LEGAIS PELA INSCRIÇÃO EM DÍVIDA ATIVA E RECEITAS DE ÔNUS DE SUCUMBÊNCIA;;15000000,00
1999.12.2.0.00.000;6;ÔNUS DE SUCUMBÊNCIA;;15000000,00
1999.12.2.1.00.000;7;ÔNUS SUCUMBÊNCIA - PRINC.;;15000000,00
1999.12.2.1.01.000;8;ÔNUS SUCUMBÊNCIA - PRINC. - HONORÁRIOS;60;15000000,00
1999.99.0.0.00.000;5;OUTRAS RECEITAS;;580814748,00
1999.99.2.0.00.000;6;OUTRAS RECEITAS NÃO ARRECADADAS E NÃO PROJETADAS PELA RFB - PRIMÁRIAS;;580814748,00
1999.99.2.1.00.000;7;OUTRAS REC. - PRIMÁRIAS - PRINCIPAL;;561817856,00
1999.99.2.1.02.000;8;OUTRAS REC. - PRIMÁRIAS - PRINC. - RENDAS DE LOTERIA INSTANTÂNEA;60;4400000,00
1999.99.2.1.03.000;8;OUTRAS REC. - PRIMÁRIAS - PRINC. - RENDAS DE LOTERIA ONLINE;60;12500000,00
1999.99.2.1.08.000;8;OUTRAS REC. - PRIMÁRIAS - PRINC. - RECEITAS ADICIONAIS À CONCESSÃO - PARCERIA PÚBLICO-PRIVADA;;5201236,00
1999.99.2.1.08.001;9;OUTRAS REC. - PRIMÁRIAS - PRINC. - RECEITAS ADICIONAIS À CONCESSÃO - PPP - AEROPORTUÁRIA;15;4210976,00
1999.99.2.1.08.001;9;OUTRAS REC. - PRIMÁRIAS - PRINC. - RECEITAS ADICIONAIS À CONCESSÃO - PPP - AEROPORTUÁRIA;59;872264,00
1999.99.2.1.08.999;9;OUTRAS REC. - PRIMÁRIAS - PRINC. - RECEITAS ADICIONAIS À CONCESSÃO - PPP - OUTROS;15;117996,00
1999.99.2.1.09.000;8;OUTRAS REC. - PRIMÁRIAS - PRINC. - EXCEDENTE AO TETO DOS INTERINOS - NOTÁRIOS REGISTRADORES;;267183691,00
1999.99.2.1.09.001;9;OUTRAS REC. - PRIMÁRIAS - PRINC. - EXCEDENTE TETO INTERINOS - PRINC.;60;267149987,00
1999.99.2.1.09.002;9;OUTRAS REC. - PRIMÁRIAS - PRINC. - EXCEDENTE TETO INTERINOS - CORREÇÃO MONETÁRIA;60;33704,00
1999.99.2.1.11.000;8;OUTRAS REC. - PRIMÁRIAS - PRINC. - BANCO DO ESTADO DE MINAS GERAIS - BEMGE;15;2827953,00
1999.99.2.1.15.000;8;OUTRAS REC. - PRIMÁRIAS - PRINC. - GESTÃO DE VEÍCULOS APREENDIDOS E REMOVIDOS;15;156415810,00
1999.99.2.1.16.000;8;OUTRAS REC. - PRIMÁRIAS - PRINC. - RENDAS DE LOTERIA CONVENCIONAL;60;312500,00
1999.99.2.1.99.000;8;OUTRAS REC. - PRIMÁRIAS - PRINC. - DEMAIS;11;13302857,00
1999.99.2.1.99.000;8;OUTRAS REC. - PRIMÁRIAS - PRINC. - DEMAIS;15;44323774,00
1999.99.2.1.99.000;8;OUTRAS REC. - PRIMÁRIAS - PRINC. - DEMAIS;59;31040000,00
1999.99.2.1.99.000;8;OUTRAS REC. - PRIMÁRIAS - PRINC. - DEMAIS;60;24309493,00
1999.99.2.1.99.000;8;OUTRAS REC. - PRIMÁRIAS - PRINC. - DEMAIS;77;542,00
1999.99.2.2.00.000;7;OUTRAS REC. - PRIMÁRIAS - MULTAS E JUROS DE MORA;;18807891,00
1999.99.2.2.09.000;8;OUTRAS REC. - PRIMÁRIAS - MJM - EXCEDENTE AO TETO DOS INTERINOS - NOTÁRIOS REGISTRADORES;;53586,00
1999.99.2.2.09.001;9;OUTRAS REC. - PRIMÁRIAS - MJM - EXCEDENTE TETO INTERINOS - PRINC.;60;53586,00
1999.99.2.2.99.000;8;OUTRAS REC. - PRIMÁRIAS - MJM - DEMAIS;15;408878,00
1999.99.2.2.99.000;8;OUTRAS REC. - PRIMÁRIAS - MJM - DEMAIS;59;150000,00
1999.99.2.2.99.000;8;OUTRAS REC. - PRIMÁRIAS - MJM - DEMAIS;60;18195427,00
1999.99.2.4.00.000;7;OUTRAS REC. - PRIMÁRIAS - DÍVIDA ATIVA - MULTAS E JUROS DE MORA;;189001,00
1999.99.2.4.99.000;8;OUTRAS REC. - PRIMÁRIAS - DA-MJM - DEMAIS;15;189001,00
2000.00.0.0.00.000;1;RECEITAS DE CAPITAL;;4324690575,00
2200.00.0.0.00.000;2;ALIENAÇÃO DE BENS;;45417954,00
2210.00.0.0.00.000;3;ALIENAÇÃO DE BENS MÓVEIS;;15873458,00
2211.00.0.0.00.000;4;ALIENAÇÃO DE TÍTULOS, VALORES MOBILIÁRIOS E APLICAÇÕES CONGÊNERES;;100000,00
2211.02.0.0.00.000;5;ALIENAÇÃO DE TÍTULOS, VALORES MOBILIÁRIOS E APLICAÇÕES CONGÊNERES PERMANENTES;;100000,00
2211.02.0.1.00.000;7;ALIEN. TÍTULOS VALORES MOBIL. APLIC. CONGÊN. PERMANENTES - PRINCIPAL;;100000,00
2211.02.0.1.99.000;8;ALIEN. TÍTULOS VALORES MOBIL. APLIC. CONGÊN. PERMANENTES - PRINC. - DEMAIS;47;100000,00
2213.00.0.0.00.000;4;ALIENAÇÃO DE BENS MÓVEIS E SEMOVENTES;;15773458,00
2213.01.0.0.00.000;5;ALIENAÇÃO DE BENS MÓVEIS E SEMOVENTES;;15773458,00
2213.01.0.1.00.000;7;ALIENAÇÃO BENS MÓVEIS SEMOVENTES - PRINCIPAL;;15773458,00
2213.01.0.1.01.000;8;ALIENAÇÃO BENS MÓVEIS SEMOVENTES - PRINC.;47;7142832,00
2213.01.0.1.01.000;8;ALIENAÇÃO BENS MÓVEIS SEMOVENTES - PRINC.;48;8620626,00
2213.01.0.1.01.000;8;ALIENAÇÃO BENS MÓVEIS SEMOVENTES - PRINC.;60;10000,00
2220.00.0.0.00.000;3;ALIENAÇÃO DE BENS IMÓVEIS;;29544496,00
2221.00.0.0.00.000;4;ALIENAÇÃO DE BENS IMÓVEIS;;29544496,00
2221.01.0.0.00.000;5;ALIENAÇÃO DE BENS IMÓVEIS;;29544496,00
2221.01.0.1.00.000;7;ALIENAÇÃO BENS IMÓVEIS - PRINCIPAL;;29544496,00
2221.01.0.1.01.000;8;ALIENAÇÃO BENS IMÓVEIS - PRINC.;47;20944496,00
2221.01.0.1.01.000;8;ALIENAÇÃO BENS IMÓVEIS - PRINC.;48;8600000,00
2300.00.0.0.00.000;2;AMORTIZAÇÃO DE EMPRÉSTIMOS;;74612465,00
2310.00.0.0.00.000;3;AMORTIZAÇÃO DE EMPRÉSTIMOS;;74612465,00
2311.00.0.0.00.000;4;AMORTIZAÇÃO DE EMPRÉSTIMOS;;74612465,00
2311.06.0.0.00.000;5;AMORTIZAÇÃO DE EMPRÉSTIMOS CONTRATUAIS;;31711054,00
2311.06.0.1.00.000;7;AMORTIZAÇÃO EMPRÉSTIMOS CONTRATUAIS - PRINCIPAL;;31711054,00
2311.06.0.1.01.000;8;AMORTIZAÇÃO EMPRÉSTIMOS CONTRATUAIS - PRINC.;15;897991,00
2311.06.0.1.01.000;8;AMORTIZAÇÃO EMPRÉSTIMOS CONTRATUAIS - PRINC.;60;30813063,00
2311.07.0.0.00.000;5;AMORTIZAÇÃO DE FINANCIAMENTOS;;42901411,00
2311.07.1.0.00.000;6;AMORTIZAÇÃO DE FINANCIAMENTOS EM GERAL;;42901411,00
2311.07.1.1.00.000;7;AMORTIZAÇÃO FINANCIAMENTOS GERAL - PRINCIPAL;;42901411,00
2311.07.1.1.99.000;8;AMORTIZAÇÃO FINANCIAMENTOS GERAL - PRINC. - DEMAIS;40;331411,00
2311.07.1.1.99.000;8;AMORTIZAÇÃO FINANCIAMENTOS GERAL - PRINC. - DEMAIS;60;42470000,00
2311.07.1.1.99.000;8;AMORTIZAÇÃO FINANCIAMENTOS GERAL - PRINC. - DEMAIS;61;100000,00
2400.00.0.0.00.000;2;TRANSFERÊNCIAS DE CAPITAL;;1948103643,00
2410.00.0.0.00.000;3;TRANSFERÊNCIAS DA UNIÃO E DE SUAS ENTIDADES;;1195161817,00
2411.00.0.0.00.000;4;TRANSFERÊNCIAS DE RECURSOS DO SISTEMA ÚNICO DE SAÚDE - SUS;;153900000,00
2411.51.0.0.00.000;5;TRANSFERÊNCIAS DE RECURSOS DO SISTEMA ÚNICO DE SAÚDE - SUS - FUNDO A FUNDO - BLOCO DE ESTRUTURAÇÃO DA REDE DE SERVIÇOS PÚBLICOS DE SAÚDE;;153900000,00
2411.51.2.0.00.000;6;TRANSFERÊNCIAS DE RECURSOS DO BLOCO DE ESTRUTURAÇÃO DA REDE DE SERVIÇOS PÚBLICOS DE SAÚDE - ATENÇÃO ESPECIALIZADA;;153900000,00
2411.51.2.1.00.000;7;TRANSF. BLOCO ESTRUT. REDE SERV. SAÚDE - ATENÇÃO ESPECIALIZADA - PRINCIPAL;;153900000,00
2411.51.2.1.02.000;8;TRANSF. BLOCO ESTRUT. REDE SERV. SAÚDE - ATENÇÃO ESPECIALIZADA - PRINC. - AMBULATORIAL, HOSPITALAR E QUALIDADE DO SANGUE;65;900000,00
2411.51.2.1.03.000;8;TRANSF. BLOCO ESTRUT. REDE SERV. SAÚDE - ATENÇÃO ESPECIALIZADA - PRINC. - PARTO E NASCIMENTO;24;153000000,00
2412.00.0.0.00.000;4;TRANSFERÊNCIAS DE RECURSOS DO FUNDO NACIONAL DO DESENVOLVIMENTO DA EDUCAÇÃO - FNDE;;253724691,00
2412.50.0.0.00.000;5;TRANSFERÊNCIAS DE RECURSOS DESTINADOS A PROGRAMAS DE EDUCAÇÃO;;253724691,00
2412.50.9.0.00.000;6;OUTRAS TRANSFERÊNCIAS DESTINADAS A PROGRAMAS DE EDUCAÇÃO;;253724691,00
2412.50.9.1.00.000;7;OUTRAS TRANSF. EDUCAÇÃO - PRINCIPAL;;253724691,00
2412.50.9.1.02.000;8;EDUCAÇÃO - FNDE - CONSTRUÇÃO DE QUADRAS POLIESPORTIVAS;36;181457872,00
2412.50.9.1.03.000;8;EDUCAÇÃO - FNDE - AQUISIÇÃO DE EQUIPAMENTOS DE MATERIAL PERMANENTE;3;2971060,00
2412.50.9.1.03.000;8;EDUCAÇÃO - FNDE - AQUISIÇÃO DE EQUIPAMENTOS DE MATERIAL PERMANENTE;36;667075,00
2412.50.9.1.04.000;8;EDUCAÇÃO - FNDE - PLANO TODOS PELA EDUCAÇÃO;24;17547336,00
2412.50.9.1.04.000;8;EDUCAÇÃO - FNDE - PLANO TODOS PELA EDUCAÇÃO;36;1251816,00
2412.50.9.1.05.000;8;EDUCAÇÃO - FNDE - PROGRAMA DE FOMENTO ÀS ESCOLAS DE ENSINO MÉDIO EM TEMPO INTEGRAL;36;49571830,00
2412.50.9.1.99.000;8;EDUCAÇÃO - FNDE - DEMAIS;3;250000,00
2412.50.9.1.99.000;8;EDUCAÇÃO - FNDE - DEMAIS;36;7702,00
2413.00.0.0.00.000;4;TRANSFERÊNCIAS DE RECURSOS DO FUNDO NACIONAL DE ASSISTÊNCIA SOCIAL - FNAS;;196000,00
2413.50.0.0.00.000;5;TRANSFERÊNCIAS DE RECURSOS DO FUNDO NACIONAL DE ASSISTÊNCIA SOCIAL - FNAS;;196000,00
2413.50.0.1.00.000;7;TRANSF. RECURSOS FNAS - PRINCIPAL;;196000,00
2413.50.0.1.99.000;8;ASSISTÊNCIA SOCIAL - FNAS - DEMAIS;5;98000,00
2413.50.0.1.99.000;8;ASSISTÊNCIA SOCIAL - FNAS - DEMAIS;6;98000,00
2414.00.0.0.00.000;4;TRANSFERÊNCIAS DE CONVÊNIOS DA UNIÃO E DE SUAS ENTIDADES;;714268456,00
2414.50.0.0.00.000;5;TRANSFERÊNCIAS DE CONVÊNIOS DA UNIÃO PARA O SISTEMA ÚNICO DE SAÚDE - SUS;;6498837,00
2414.50.0.1.00.000;7;TRANSF. CONVÊNIOS UNIÃO SUS-SAÚDE - PRINCIPAL;;6498837,00
2414.50.0.1.01.000;8;SUS-SAÚDE - MINISTÉRIO DA SAÚDE;1;260310,00
2414.50.0.1.01.000;8;SUS-SAÚDE - MINISTÉRIO DA SAÚDE;24;6238527,00
2414.51.0.0.00.000;5;TRANSFERÊNCIAS DE CONVÊNIOS DA UNIÃO DESTINADAS A PROGRAMAS DE EDUCAÇÃO;;895024,00
2414.51.0.1.00.000;7;TRANSF. CONVÊNIOS UNIÃO EDUCAÇÃO - PRINCIPAL;;895024,00
2414.51.0.1.03.000;8;EDUCAÇÃO - MINISTÉRIO DA EDUCAÇÃO;1;95725,00
2414.51.0.1.03.000;8;EDUCAÇÃO - MINISTÉRIO DA EDUCAÇÃO;24;600000,00
2414.51.0.1.06.000;8;EDUCAÇÃO - MINISTÉRIO DA SAÚDE;1;199299,00
2414.52.0.0.00.000;5;TRANSFERÊNCIAS DE CONVÊNIOS DA UNIÃO DESTINADAS A PROGRAMAS DE SANEAMENTO BÁSICO;;75993115,00
2414.52.0.1.00.000;7;TRANSF. CONVÊNIOS UNIÃO SANEAMENTO - PRINCIPAL;;75993115,00
2414.52.0.1.01.000;8;SANEAMENTO - MINISTÉRIO DO DESENVOLVIMENTO REGIONAL;24;14005520,00
2414.52.0.1.02.000;8;SANEAMENTO - MINISTÉRIO DAS CIDADES;24;61987595,00
2414.54.0.0.00.000;5;TRANSFERÊNCIAS DE CONVÊNIOS DA UNIÃO DESTINADAS A PROGRAMAS DE INFRAESTRUTURA EM TRANSPORTE;;191526758,00
2414.54.0.1.00.000;7;TRANSF. CONVÊNIOS UNIÃO TRANSPORTE - PRINCIPAL;;191526758,00
2414.54.0.1.02.000;8;TRANSPORTE - MINISTÉRIO DAS CIDADES;24;126496473,00
2414.54.0.1.03.000;8;TRANSPORTE - MINISTÉRIO DO DESENVOLVIMENTO REGIONAL;24;37765440,00
2414.54.0.1.04.000;8;TRANSPORTE - MINISTÉRIO DA AGRICULTURA, PECUÁRIA E ABASTECIMENTO;24;27264845,00
2414.99.0.0.00.000;5;OUTRAS TRANSFERÊNCIAS DE CONVÊNIOS DA UNIÃO E DE SUAS ENTIDADES;;439354722,00
2414.99.0.1.00.000;7;OUTRAS TRANSF. CONVÊNIOS UNIÃO - PRINCIPAL;;439354722,00
2414.99.0.1.07.000;8;OUTRAS TRANSF. CONVÊNIOS UNIÃO - PRINC. - AGROPECUÁRIA;;125607944,00
2414.99.0.1.07.001;9;AGROPECUÁRIA - MINISTÉRIO DA AGRICULTURA, PECUÁRIA E ABASTECIMENTO;2;2320149,00
2414.99.0.1.07.001;9;AGROPECUÁRIA - MINISTÉRIO DA AGRICULTURA, PECUÁRIA E ABASTECIMENTO;24;2000000,00
2414.99.0.1.07.002;9;AGROPECUÁRIA - MINISTÉRIO DO DESENVOLVIMENTO REGIONAL;24;6760019,00
2414.99.0.1.07.004;9;AGROPECUÁRIA - COMPANHIA DE DESENVOLVIMENTO DOS VALES DO SÃO FRANCISCO E DO PARNAÍBA - CODEVASF;24;111892093,00
2414.99.0.1.07.007;9;AGROPECUÁRIA - MINISTÉRIO DO DESENVOLVIMENTO AGRÁRIO E AGRICULTURA FAMILIAR;1;257850,00
2414.99.0.1.07.007;9;AGROPECUÁRIA - MINISTÉRIO DO DESENVOLVIMENTO AGRÁRIO E AGRICULTURA FAMILIAR;2;580037,00
2414.99.0.1.07.007;9;AGROPECUÁRIA - MINISTÉRIO DO DESENVOLVIMENTO AGRÁRIO E AGRICULTURA FAMILIAR;24;1666994,00
2414.99.0.1.07.009;9;AGROPECUÁRIA - BANCO DO NORDESTE - BNB;24;130802,00
2414.99.0.1.08.000;8;OUTRAS TRANSF. CONVÊNIOS UNIÃO - PRINC. - CIÊNCIA E TECNOLOGIA;;1150000,00
2414.99.0.1.08.001;9;CIÊNCIA TECNOLOGIA - INSTITUTO NACIONAL DE METROLOGIA, QUALIDADE E TECNOLOGIA - INMETRO;73;1150000,00
2414.99.0.1.11.000;8;OUTRAS TRANSF. CONVÊNIOS UNIÃO - PRINC. - CULTURA;;37971398,00
2414.99.0.1.11.001;9;CULTURA - MINISTÉRIO DA CULTURA;24;30090594,00
2414.99.0.1.11.004;9;CULTURA - INSTITUTO DO PATRIMÔNIO HISTÓRICO E ARTÍSTICO NACIONAL - IPHAN;1;250000,00
2414.99.0.1.11.004;9;CULTURA - INSTITUTO DO PATRIMÔNIO HISTÓRICO E ARTÍSTICO NACIONAL - IPHAN;24;2530804,00
2414.99.0.1.11.005;9;CULTURA - BANCO NACIONAL DE DESENVOLVIMENTO ECONÔMICO E SOCIAL - BNDES;24;3100000,00
2414.99.0.1.11.007;9;CULTURA - FUNDO NACIONAL DE SAÚDE - FNS;24;2000000,00
2414.99.0.1.13.000;8;OUTRAS TRANSF. CONVÊNIOS UNIÃO - PRINC. - DIREITOS HUMANOS E DE CIDADANIA;;1516942,00
2414.99.0.1.13.001;9;DIR. HUMANOS CIDADANIA - MINISTÉRIO DA JUSTIÇA;24;1516942,00
2414.99.0.1.20.000;8;OUTRAS TRANSF. CONVÊNIOS UNIÃO - PRINC. - SEGURANÇA PÚBLICA;;273108438,00
2414.99.0.1.20.001;9;SEGURANÇA PÚBLICA - CENTRAIS DE ABASTECIMENTO DE MINAS GERAIS - CEASAMINAS;24;1195130,00
2414.99.0.1.20.002;9;SEGURANÇA PÚBLICA - DEPARTAMENTO DE POLÍCIA RODOVIÁRIA FEDERAL - PRF;73;41186607,00
2414.99.0.1.20.004;9;SEGURANÇA PÚBLICA - MINISTÉRIO DA JUSTIÇA E SEGURANÇA PÚBLICA;1;43603775,00
2414.99.0.1.20.004;9;SEGURANÇA PÚBLICA - MINISTÉRIO DA JUSTIÇA E SEGURANÇA PÚBLICA;2;65817864,00
2414.99.0.1.20.004;9;SEGURANÇA PÚBLICA - MINISTÉRIO DA JUSTIÇA E SEGURANÇA PÚBLICA;24;88076558,00
2414.99.0.1.20.009;9;SEGURANÇA PÚBLICA - TRIBUNAL REGIONAL DO TRABALHO DA 3$^a$ REGIÃO - TRT3;24;3728504,00
2414.99.0.1.20.011;9;SEGURANÇA PÚBLICA - MINISTÉRIO DA MULHER, DA FAMÍLIA E DOS DIREITOS HUMANOS;24;29500000,00
2419.00.0.0.00.000;4;OUTRAS TRANSFERÊNCIAS DE RECURSOS DA UNIÃO E DE SUAS ENTIDADES;;73072670,00
2419.51.0.0.00.000;5;TRANSFERÊNCIA ESPECIAL DA UNIÃO;;49357037,00
2419.51.0.1.00.000;7;TRANSF. ESPECIAL UNIÃO - PRINCIPAL;;49357037,00
2419.51.0.1.01.000;8;TRANSF. ESPECIAL UNIÃO - PRINC. - EMENDAS PARLAMENTARES INDIVIDUAIS;98;49357037,00
2419.99.0.0.00.000;5;OUTRAS TRANSFERÊNCIAS DE RECURSOS DA UNIÃO E DE SUAS ENTIDADES;;23715633,00
2419.99.0.1.00.000;7;OUTRAS TRANSF. RECURSOS UNIÃO ENTIDADES - PRINCIPAL;;23715633,00
2419.99.0.1.13.000;8;OUTRAS TRANSF. UNIÃO ENTIDADES - DESPORTO E LAZER;;2500000,00
2419.99.0.1.13.001;9;DESPORTO LAZER - MINISTÉRIO DO ESPORTE;38;2500000,00
2419.99.0.1.23.000;8;OUTRAS TRANSF. UNIÃO ENTIDADES - SEGURANÇA PÚBLICA;;21215633,00
2419.99.0.1.23.001;9;SEGURANÇA PÚBLICA - FUNDO PENITENCIÁRIO NACIONAL;57;21215633,00
2420.00.0.0.00.000;3;TRANSFERÊNCIAS DOS ESTADOS E DO DISTRITO FEDERAL E DE SUAS ENTIDADES;;7206198,00
2422.00.0.0.00.000;4;TRANSFERÊNCIAS DE CONVÊNIOS DOS ESTADOS E DF E DE SUAS ENTIDADES;;7206198,00
2422.99.0.0.00.000;5;OUTRAS TRANSFERÊNCIAS DE CONVÊNIOS DOS ESTADOS E DF E DE SUAS ENTIDADES;;7206198,00
2422.99.0.1.00.000;7;OUTRAS TRANSF. CONVÊNIO ESTADOS DF ENTIDADES - PRINCIPAL;;7206198,00
2422.99.0.1.11.000;8;OUTRAS TRANSF. CONVÊNIOS ESTADOS DF ENTIDADES - PRINC. - CULTURA;;1486073,00
2422.99.0.1.11.001;9;CULTURA - COMPANHIA DE DESENVOLVIMENTO ECONÔMICO DO ESTADO DE MINAS GERAIS - CODEMIG;69;1486073,00
2422.99.0.1.20.000;8;OUTRAS TRANSF. CONVÊNIOS ESTADOS DF ENTIDADES - PRINC. - SEGURANÇA PÚBLICA;;5720125,00
2422.99.0.1.20.002;9;SEGURANÇA PÚBLICA - COMPANHIA DE SANEAMENTO DE MINAS GERAIS - COPASA;69;5695000,00
2422.99.0.1.20.004;9;SEGURANÇA PÚBLICA - CORPO DE BOMBEIROS DO ESTADO DE RIO GRANDE DO NORTE - CBMRN;66;25125,00
2430.00.0.0.00.000;3;TRANSFERÊNCIAS DOS MUNICÍPIOS E DE SUAS ENTIDADES;;57570283,00
2432.00.0.0.00.000;4;TRANSFERÊNCIAS DE CONVÊNIOS DOS MUNICÍPIOS E DE SUAS ENTIDADES;;57570283,00
2432.50.0.0.00.000;5;TRANSFERÊNCIAS DE CONVÊNIOS DOS MUNICÍPIOS DESTINADOS A PROGRAMAS DE SAÚDE;;4477736,00
2432.50.0.1.00.000;7;TRANSF. CONVÊNIOS MUNICÍPIOS SUS-SAÚDE - PRINCIPAL;;4477736,00
2432.50.0.1.01.000;8;SUS-SAÚDE - DIVERSOS MUNICÍPIOS;70;4477736,00
2432.99.0.0.00.000;5;OUTRAS TRANSFERÊNCIAS DE CONVÊNIOS DOS MUNICÍPIOS E DE SUAS ENTIDADES;;53092547,00
2432.99.0.1.00.000;7;OUTRAS TRANSF. CONVÊNIOS MUNICÍPIOS ENTIDADES - PRINCIPAL;;53092547,00
2432.99.0.1.05.000;8;OUTRAS TRANSF. CONVÊNIOS MUNICÍPIOS ENTIDADES - PRINC. - AÇÕES ESSENCIAIS À JUSTIÇA;;4500000,00
2432.99.0.1.05.001;9;AÇÕES ESSENCIAIS JUSTIÇA - DIVERSOS MUNICÍPIOS;70;4500000,00
2432.99.0.1.07.000;8;OUTRAS TRANSF. CONVÊNIOS MUNICÍPIOS ENTIDADES - PRINC. - AGROPECUÁRIA;;23001,00
2432.99.0.1.07.001;9;AGROPECUÁRIA - DIVERSOS MUNICÍPIOS;70;23001,00
2432.99.0.1.17.000;8;OUTRAS TRANSF. CONVÊNIOS MUNICÍPIOS ENTIDADES - PRINC. - INFRAESTRUTURA EM TRANSPORTE;;18000000,00
2432.99.0.1.17.001;9;TRANSPORTE - DIVERSOS MUNICÍPIOS;70;18000000,00
2432.99.0.1.22.000;8;OUTRAS TRANSF. CONVÊNIOS MUNICÍPIOS ENTIDADES - PRINC. - SEGURANÇA PÚBLICA;;30569546,00
2432.99.0.1.22.001;9;SEGURANÇA PÚBLICA - DIVERSOS MUNICÍPIOS;70;30569546,00
2440.00.0.0.00.000;3;TRANSFERÊNCIAS DE INSTITUIÇÕES PRIVADAS;;688153213,00
2441.00.0.0.00.000;4;TRANSFERÊNCIAS DE INSTITUIÇÕES PRIVADAS;;688153213,00
2441.52.0.0.00.000;5;TRANSFERENCIAS DO FEF - LC N° 212/2025;;622052000,00
2441.52.0.1.00.000;7;TRANSF. FEF - LC N° 212/2025 - PRINCIPAL;;622052000,00
2441.52.0.1.01.000;8;TRANSF. FEF - LC N° 212/2025 - PRINC.;89;622052000,00
2441.99.0.0.00.000;5;OUTRAS TRANSFERÊNCIAS DE INSTITUIÇÕES PRIVADAS;;66101213,00
2441.99.0.1.00.000;7;OUTRAS TRANSF. INSTIT. PRIVADAS - PRINCIPAL;;66101213,00
2441.99.0.1.07.000;8;OUTRAS TRANSF. INSTIT. PRIVADAS - PRINC. - CONVÊNIOS - ADMINISTRAÇÃO E ATIVIDADE FISCAL;;20200000,00
2441.99.0.1.07.001;9;ADM. ATIV. FISCAL - EMPRESAS DO SETOR SUCROENERGÉTICO;74;20200000,00
2441.99.0.1.09.000;8;OUTRAS TRANSF. INSTIT. PRIVADAS - PRINC. - CONVÊNIOS - CIÊNCIA E TECNOLOGIA;;203712,00
2441.99.0.1.09.001;9;CIÊNCIA TECNOLOGIA - FUNDAÇÃO RENOVA;68;203712,00
2441.99.0.1.18.000;8;OUTRAS TRANSF. INSTIT. PRIVADAS - PRINC. - CONVÊNIOS - INFRAESTRUTURA EM TRANSPORTE;;32915420,00
2441.99.0.1.18.001;9;TRANSPORTE - ANGLO AMERICAN MINÉRIO DE FERRO BRASIL;68;2915420,00
2441.99.0.1.18.002;9;TRANSPORTE - EMPRESAS DO SETOR SUCROENERGÉTICO;74;20000000,00
2441.99.0.1.18.003;9;TRANSPORTE - TAQUARIL MINERAÇÃO;68;10000000,00
2441.99.0.1.23.000;8;OUTRAS TRANSF. INSTIT. PRIVADAS - PRINC. - CONVÊNIOS - SEGURANÇA PÚBLICA;;843036,00
2441.99.0.1.23.007;9;SEGURANÇA PÚBLICA - CONCESSIONÁRIA DE RODOVIAS ESTADUAIS;68;72000,00
2441.99.0.1.23.999;9;SEGURANÇA PÚBLICA - OUTROS;45;500,00
2441.99.0.1.23.999;9;SEGURANÇA PÚBLICA - OUTROS;68;770536,00
2441.99.0.1.30.000;8;OUTRAS TRANSF. INSTITUIÇÕES PRIVADAS - SANEAMENTO BÁSICO;;8148603,00
2441.99.0.1.30.999;9;SANEAMENTO - OUTROS;9;8148603,00
2441.99.0.1.33.000;8;OUTRAS TRANSF. INSTITUIÇÕES PRIVADAS - AÇÕES ESSENCIAIS À JUSTIÇA;;750000,00
2441.99.0.1.33.999;9;AÇÕES ESSENCIAIS JUSTIÇA - OUTROS;9;750000,00
2441.99.0.1.41.000;8;OUTRAS TRANSF. INSTITUIÇÕES PRIVADAS - DIREITOS HUMANOS E DE CIDADANIA;;783703,00
2441.99.0.1.41.999;9;DIR. HUMANOS CIDADANIA - OUTROS;45;783703,00
2441.99.0.1.46.000;8;OUTRAS TRANSF. INSTITUIÇÕES PRIVADAS - MEIO AMBIENTE;;906364,00
2441.99.0.1.46.999;9;MEIO AMBIENTE - OUTROS;9;906364,00
2441.99.0.1.50.000;8;OUTRAS TRANSF. INSTITUIÇÕES PRIVADAS - SEGURANÇA PÚBLICA;;1350375,00
2441.99.0.1.50.999;9;SEGURANÇA PÚBLICA - OUTROS;9;1216138,00
2441.99.0.1.50.999;9;SEGURANÇA PÚBLICA - OUTROS;45;134237,00
2490.00.0.0.00.000;3;DEMAIS TRANSFERÊNCIAS DE CAPITAL;;12132,00
2491.00.0.0.00.000;4;TRANSFERÊNCIAS DE PESSOAS FÍSICAS;;12132,00
2491.99.0.0.00.000;5;OUTRAS TRANSFERÊNCIAS DE PESSOAS FÍSICAS;;12132,00
2491.99.0.1.00.000;7;OUTRAS TRANSF. PESSOAS FÍSICAS - PRINCIPAL;;12132,00
2491.99.0.1.14.000;8;OUTRAS TRANSF. PESSOAS FÍSICAS - PRINC. - DIREITOS HUMANOS E DE CIDADANIA;45;468,00
2491.99.0.1.23.000;8;OUTRAS TRANSF. PESSOAS FÍSICAS - PRINC. - SEGURANÇA PÚBLICA;45;11664,00
2900.00.0.0.00.000;2;OUTRAS RECEITAS DE CAPITAL;;2256556513,00
2990.00.0.0.00.000;3;DEMAIS RECEITAS DE CAPITAL;;2256556513,00
2999.00.0.0.00.000;4;OUTRAS RECEITAS DE CAPITAL;;2256556513,00
2999.99.0.0.00.000;5;OUTRAS RECEITAS DE CAPITAL;;2256556513,00
2999.99.0.1.00.000;7;DEMAIS REC. CAPITAL - PRINC.;;2256556513,00
2999.99.0.1.01.000;8;DEMAIS REC. CAPITAL - PRINC. - RESERVA ATUARIAL;60;23000000,00
2999.99.0.1.02.000;8;DEMAIS REC. CAPITAL - PRINC. - ROMPIMENTO DA BARRAGEM DA MINA DO CÓRREGO DO FEIJÃO EM BRUMADINHO;95;1082768258,00
2999.99.0.1.04.000;8;DEMAIS REC. CAPITAL - PRINC. - ROMPIMENTO DA BARRAGEM DE FUNDÃO EM MARIANA - ACORDO JUDICIAL DE REPARAÇÃO INTEGRAL E DEFINITIVA;80;1141788255,00
2999.99.0.1.99.000;8;DEMAIS REC. CAPITAL - PRINC. - DEMAIS;60;9000000,00
7000.00.0.0.00.000;1;RECEITA INTRAORÇAMENTÁRIA;;14605690616,00
7200.00.0.0.00.000;2;REC. INTRA. - CONTRIBUIÇÕES;;10708228000,00
7210.00.0.0.00.000;3;REC. INTRA. - CONTRIBUIÇÕES SOCIAIS;;10708228000,00
7215.00.0.0.00.000;4;REC. INTRA. - CONTRIBUIÇÕES PARA REGIMES PRÓPRIOS DE PREVIDÊNCIA E SISTEMA DE PROTEÇÃO SOCIAL;;7218864598,00
7215.02.0.0.00.000;5;REC. INTRA. - CONTRIBUIÇÃO PATRONAL - SERVIDOR CIVIL;;7218864598,00
7215.02.1.0.00.000;6;REC. INTRA. - CONTRIBUIÇÃO PATRONAL - SERVIDOR CIVIL ATIVO;;7218864598,00
7215.02.1.1.00.000;7;REC. INTRA. - CONTRIB. PATRON. - SERV. CIVIL ATIVO - PRINCIPAL;;7218864598,00
7215.02.1.1.01.000;8;REC. INTRA. - CONTRIB. PATRON. - SERV. CIVIL ATIVO - PRINC. - PODER EXECUTIVO;;5418498324,00
7215.02.1.1.01.001;9;REC. INTRA. - CONTRIB. PATRON. - SERV. CIVIL ATIVO - PRINC. - EXECUTIVO - CONTRIB. ORDINÁRIA;42;2915172021,00
7215.02.1.1.01.002;9;REC. INTRA. - CONTRIB. PATRON. - SERV. CIVIL ATIVO - PRINC. - EXECUTIVO - CONTRIB. SUPLEMENTAR;42;2503326303,00
7215.02.1.1.02.000;8;REC. INTRA. - CONTRIB. PATRON. - SERV. CIVIL ATIVO - PRINC. - ASSEMBLEIA LEGISLATIVA DO ESTADO DE MINAS GERAIS - ALMG;;112000000,00
7215.02.1.1.02.001;9;REC. INTRA. - CONTRIB. PATRON. - SERV. CIVIL ATIVO - PRINC. - ALMG - CONTRIB. ORDINÁRIA;42;112000000,00
7215.02.1.1.03.000;8;REC. INTRA. - CONTRIB. PATRON. - SERV. CIVIL ATIVO - PRINC. - TRIBUNAL DE CONTAS DO ESTADO DE MINAS GERAIS - TCEMG;;104407495,00
7215.02.1.1.03.001;9;REC. INTRA. - CONTRIB. PATRON. - SERV. CIVIL ATIVO - PRINC. - TCEMG - CONTRIB. ORDINÁRIA;42;104407495,00
7215.02.1.1.04.000;8;REC. INTRA. - CONTRIB. PATRON. - SERV. CIVIL ATIVO - PRINC. - TRIBUNAL DE JUSTIÇA DO ESTADO DE MINAS GERAIS - TJMG;;1081813774,00
7215.02.1.1.04.001;9;REC. INTRA. - CONTRIB. PATRON. - SERV. CIVIL ATIVO - PRINC. - TJMG - CONTRIB. ORDINÁRIA;42;1081813774,00
7215.02.1.1.05.000;8;REC. INTRA. - CONTRIB. PATRON. - SERV. CIVIL ATIVO - PRINC. - TRIBUNAL DE JUSTIÇA MILITAR DO ESTADO DE MINAS GERAIS - TJMMG;;9851943,00
7215.02.1.1.05.001;9;REC. INTRA. - CONTRIB. PATRON. - SERV. CIVIL ATIVO - PRINC. - TJMMG - CONTRIB. ORDINÁRIA;42;9851943,00
7215.02.1.1.06.000;8;REC. INTRA. - CONTRIB. PATRON. - SERV. CIVIL ATIVO - PRINC. - MINISTÉRIO PÚBLICO DO ESTADO DE MINAS GERAIS - MPMG;;391082727,00
7215.02.1.1.06.001;9;REC. INTRA. - CONTRIB. PATRON. - SERV. CIVIL ATIVO - PRINC. - MPMG - CONTRIB. ORDINÁRIA;42;391082727,00
7215.02.1.1.07.000;8;REC. INTRA. - CONTRIB. PATRON. - SERV. CIVIL ATIVO - PRINC. - DEFENSORIA PÚBLICA DO ESTADO DE MINAS GERAIS - DEFPUB;;101210335,00
7215.02.1.1.07.001;9;REC. INTRA. - CONTRIB. PATRON. - SERV. CIVIL ATIVO - PRINC. - DEFPUB - CONTRIB. ORDINÁRIA;42;101210335,00
7219.00.0.0.00.000;4;REC. INTRA. - OUTRAS CONTRIBUIÇÕES SOCIAIS;;3489363402,00
7219.99.0.0.00.000;5;REC. INTRA. - DEMAIS CONTRIBUIÇÕES SOCIAIS;;3489363402,00
7219.99.1.0.00.000;6;REC. INTRA. - DEMAIS CONTRIBUIÇÕES SOCIAIS NÃO ARRECADADAS E NÃO PROJETADAS PELA RFB;;3489363402,00
7219.99.1.1.00.000;7;REC. INTRA. - DEMAIS CONTRIB. SOC. - PRINCIPAL;;3411997529,00
7219.99.1.1.01.000;8;REC. INTRA. - DEMAIS CONTRIB. SOC. - PRINC. - CONTRIB. PATRONAL DO CIVIL PARA A SAÚDE;;645180190,00
7219.99.1.1.01.001;9;REC. INTRA. - DEMAIS CONTRIB. SOC. - PRINC. - CONTRIB. PATRON. CIVIL SAÚDE - SERVIDOR ATIVO;49;179703350,00
7219.99.1.1.01.002;9;REC. INTRA. - DEMAIS CONTRIB. SOC. - PRINC. - CONTRIB. PATRON. CIVIL SAÚDE - SERVIDOR INATIVO;49;177410754,00
7219.99.1.1.01.003;9;REC. INTRA. - DEMAIS CONTRIB. SOC. - PRINC. - CONTRIB. PATRON. CIVIL SAÚDE - PENSIONISTA;49;29475043,00
7219.99.1.1.01.004;9;REC. INTRA. - DEMAIS CONTRIB. SOC. - PRINC. - CONTRIB. PATRON. CIVIL SAÚDE - CONTRATO ADMINISTRATIVO;49;16882958,00
7219.99.1.1.01.005;9;REC. INTRA. - DEMAIS CONTRIB. SOC. - PRINC. - CONTRIB. PATRON. CIVIL SAÚDE - ESTADO - DEPENDENTES;49;147227580,00
7219.99.1.1.01.006;9;REC. INTRA. - DEMAIS CONTRIB. SOC. - PRINC. - CONTRIB. PATRON. CIVIL SAÚDE - ESTADO - DEPENDENTES - FILHOS;49;94399333,00
7219.99.1.1.01.007;9;REC. INTRA. - DEMAIS CONTRIB. SOC. - PRINC. - CONTRIB. PATRON. CIVIL SAÚDE - USUÁRIO FACULTATIVO;49;81172,00
7219.99.1.1.03.000;8;REC. INTRA. - DEMAIS CONTRIB. SOC. - PRINC. - INSTITUTO DE PREVIDÊNCIA DO SERVIDOR MILITAR - IPSM;;2183438428,00
7219.99.1.1.03.053;9;REC. INTRA. - DEMAIS CONTRIB. SOC. - PRINC. - IPSM - CONTRIB. PATRONAL MILITAR PARA A SAÚDE - ATIVO;49;177126904,00
7219.99.1.1.03.054;9;REC. INTRA. - DEMAIS CONTRIB. SOC. - PRINC. - IPSM - CONTRIB. PATRONAL MILITAR PARA A SAÚDE - INATIVO;49;303229550,00
7219.99.1.1.03.055;9;REC. INTRA. - DEMAIS CONTRIB. SOC. - PRINC. - IPSM - CONTRIB. PATRONAL MILITAR PARA A PREVIDÊNCIA - ATIVO;49;627995386,00
7219.99.1.1.03.056;9;REC. INTRA. - DEMAIS CONTRIB. SOC. - PRINC. - IPSM - CONTRIB. PATRONAL MILITAR PARA A PREVIDÊNCIA - INATIVO;49;1075086588,00
7219.99.1.1.04.000;8;REC. INTRA. - DEMAIS CONTRIB. SOC. - PRINC. - INSTITUTO DE PREVIDÊNCIA DO LEGISLATIVO DO ESTADO DE MINAS GERAIS - IPLEMG;;3084000,00
7219.99.1.1.04.051;9;REC. INTRA. - DEMAIS CONTRIB. SOC. - PRINC. - IPLEMG - CONTRIB. PATRONAL - EXERCENTE DE MANDATO ESTADUAL;60;3084000,00
7219.99.1.1.10.000;8;REC. INTRA. - DEMAIS CONTRIB. SOC. - PRINC. - CONTRIBUIÇÃO PATRONAL MILITAR PARA A APOSENTADORIA;;580294911,00
7219.99.1.1.10.051;9;REC. INTRA. - DEMAIS CONTRIB. SOC. - PRINC. - CONTRIB. PATRONAL MILITAR APOSENTADORIA - ATIVO;75;211479204,00
7219.99.1.1.10.052;9;REC. INTRA. - DEMAIS CONTRIB. SOC. - PRINC. - CONTRIB. PATRONAL MILITAR APOSENTADORIA - INATIVO;75;368815707,00
7219.99.1.2.00.000;7;REC. INTRA. - DEMAIS CONTRIB. SOC. - MULTAS E JUROS DE MORA;;77365873,00
7219.99.1.2.05.000;8;REC. INTRA. - DEMAIS CONTRIB. SOC. - MJM - RENEGOCIAÇÃO DE OBRIGAÇÕES PREVIDENCIÁRIAS;60;77365873,00
7300.00.0.0.00.000;2;REC. INTRA. - RECEITA PATRIMONIAL;;7521460,00
7310.00.0.0.00.000;3;REC. INTRA. - EXPLORAÇÃO DO PATRIMÔNIO IMOBILIÁRIO DO ESTADO;;7521460,00
7311.00.0.0.00.000;4;REC. INTRA. - EXPLORAÇÃO DO PATRIMÔNIO IMOBILIÁRIO DO ESTADO;;7521460,00
7311.01.0.0.00.000;5;REC. INTRA. - ALUGUÉIS, ARRENDAMENTOS, FOROS, LAUDÊMIOS, TARIFAS DE OCUPAÇÃO;;2991992,00
7311.01.1.0.00.000;6;REC. INTRA. - ALUGUÉIS E ARRENDAMENTOS;;2991992,00
7311.01.1.1.00.000;7;REC. INTRA. - ALUGUÉIS ARRENDAMENTOS - PRINCIPAL;;2991992,00
7311.01.1.1.01.000;8;REC. INTRA. - ALUGUÉIS ARRENDAMENTOS - PRINC. - ALUGUÉIS;60;2991992,00
7311.02.0.0.00.000;5;REC. INTRA. - CONCESSÃO, PERMISSÃO, AUTORIZAÇÃO OU CESSÃO DO DIREITO DE USO DE BENS IMÓVEIS PÚBLICOS;;4529468,00
7311.02.0.1.00.000;7;REC. INTRA. - CONC. PERM. AUTOR. CESSÃO DIR. USO BENS IMÓV. PÚB. - PRINCIPAL;;4529468,00
7311.02.0.1.01.000;8;REC. INTRA. - CONC. PERM. AUTOR. CESSÃO DIR. USO BENS IMÓV. PÚB. - PRINC. - CONCESSÃO DE DIREITO REAL DE USO DE ÁREA PÚBLICA;60;4529468,00
7400.00.0.0.00.000;2;REC. INTRA. - RECEITA AGROPECUÁRIA;;660084,00
7410.00.0.0.00.000;3;REC. INTRA. - RECEITA AGROPECUÁRIA;;660084,00
7411.00.0.0.00.000;4;REC. INTRA. - RECEITA AGROPECUÁRIA;;660084,00
7411.01.0.0.00.000;5;REC. INTRA. - RECEITA AGROPECUÁRIA;;660084,00
7411.01.0.1.00.000;7;REC. INTRA. - REC. AGROPECUÁRIA - PRINCIPAL;;660084,00
7411.01.0.1.01.000;8;REC. INTRA. - REC. AGROPECUÁRIA - PRINC. - PRODUÇÃO VEGETAL;60;660084,00
7600.00.0.0.00.000;2;REC. INTRA. - RECEITA DE SERVIÇOS;;145100984,00
7610.00.0.0.00.000;3;REC. INTRA. - SERVIÇOS ADMINISTRATIVOS E COMERCIAIS GERAIS;;83144508,00
7611.00.0.0.00.000;4;REC. INTRA. - SERVIÇOS ADMINISTRATIVOS E COMERCIAIS GERAIS;;83144508,00
7611.01.0.0.00.000;5;REC. INTRA. - SERVIÇOS ADMINISTRATIVOS E COMERCIAIS GERAIS;;83126508,00
7611.01.0.1.00.000;7;REC. INTRA. - SERVIÇOS ADM. COMERC. GER. - PRINCIPAL;;83126508,00
7611.01.0.1.01.000;8;REC. INTRA. - SERVIÇOS ADM. COMERC. GER. - PRINC. - ADMINISTRAÇÃO DE DEPÓSITOS JUDICIAIS;60;83126508,00
7611.03.0.0.00.000;5;REC. INTRA. - SERVIÇOS DE REGISTRO, CERTIFICAÇÃO E FISCALIZAÇÃO;;18000,00
7611.03.0.1.00.000;7;REC. INTRA. - SERVIÇOS REG. CERTIF. FISCALIZ. - PRINCIPAL;;18000,00
7611.03.0.1.06.000;8;REC. INTRA. - SERVIÇOS REG. CERTIF. FISCALIZ. - PRINC. - REGISTRO DO COMÉRCIO;60;18000,00
7630.00.0.0.00.000;3;REC. INTRA. - SERVIÇOS E ATIVIDADES REFERENTES À SAÚDE;;61956476,00
7631.00.0.0.00.000;4;REC. INTRA. - SERVIÇOS DE ATENDIMENTO À SAÚDE;;61956476,00
7631.52.0.0.00.000;5;REC. INTRA. - SERVIÇOS RADIOLÓGICOS E LABORATORIAIS;;1371012,00
7631.52.0.1.00.000;7;REC. INTRA. - SERVIÇOS RADIOLÓGICOS LABORATORIAIS - PRINCIPAL;;1371012,00
7631.52.0.1.01.000;8;REC. INTRA. - SERVIÇOS RADIOLÓGICOS LABORATORIAIS - PRINC.;60;1371012,00
7631.99.0.0.00.000;5;REC. INTRA. - OUTROS SERVIÇOS DE ATENDIMENTO À SAÚDE;;60585464,00
7631.99.0.1.00.000;7;REC. INTRA. - OUTROS SERV. ATEND. SAÚDE - PRINCIPAL;;60580464,00
7631.99.0.1.03.000;8;REC. INTRA. - OUTROS SERV. ATEND. SAÚDE - PRINC. - SERVIÇOS DE SAÚDE PRESTADOS AO SIA/SUS;60;60340464,00
7631.99.0.1.04.000;8;REC. INTRA. - OUTROS SERV. ATEND. SAÚDE - PRINC. - SERVIÇOS DE SAÚDE PRESTADOS A PARTICULARES;60;240000,00
7631.99.0.2.00.000;7;REC. INTRA. - OUTROS SERV. ATEND. SAÚDE - MULTAS E JUROS DE MORA;;5000,00
7631.99.0.2.04.000;8;REC. INTRA. - OUTROS SERV. ATEND. SAÚDE - MJM - SERVIÇOS DE SAÚDE PRESTADOS A PARTICULARES;60;5000,00
7700.00.0.0.00.000;2;REC. INTRA. - TRANSFERÊNCIAS CORRENTES;;3732226088,00
7720.00.0.0.00.000;3;REC. INTRA. - TRANSFERÊNCIAS DOS ESTADOS E DO DISTRITO FEDERAL E DE SUAS ENTIDADES;;3732226088,00
7729.00.0.0.00.000;4;REC. INTRA. - OUTRAS TRANSFERÊNCIAS DOS ESTADOS E DISTRITO FEDERAL;;3732226088,00
7729.99.0.0.00.000;5;REC. INTRA. - OUTRAS TRANSFERÊNCIAS DOS ESTADOS E DF;;3732226088,00
7729.99.0.1.00.000;7;REC. INTRA. - OUTRAS TRANSF. ESTADOS DF - PRINCIPAL;;3732226088,00
7729.99.0.1.25.000;8;REC. INTRA. - OUTRAS TRANSF. ESTADOS DF - PRINC. - REPASSE DO FUNDO ESTADUAL DE SAÚDE - FES - LC FEDERAL N\degree 141/12;10;3732226088,00
7900.00.0.0.00.000;2;REC. INTRA. - OUTRAS RECEITAS CORRENTES;;11954000,00
7920.00.0.0.00.000;3;REC. INTRA. - INDENIZAÇÕES, RESTITUIÇÕES E RESSARCIMENTOS;;1000,00
7922.00.0.0.00.000;4;REC. INTRA. - RESTITUIÇÕES;;1000,00
7922.99.0.0.00.000;5;REC. INTRA. - OUTRAS RESTITUIÇÕES;;1000,00
7922.99.0.1.00.000;7;REC. INTRA. - OUTRAS RESTITUIÇÕES - PRINCIPAL;;1000,00
7922.99.0.1.99.000;8;REC. INTRA. - OUTRAS RESTITUIÇÕES - PRINC. - DEMAIS;10;1000,00
7990.00.0.0.00.000;3;REC. INTRA. - DEMAIS RECEITAS CORRENTES;;11953000,00
7999.00.0.0.00.000;4;REC. INTRA. - OUTRAS RECEITAS CORRENTES;;11953000,00
7999.99.0.0.00.000;5;REC. INTRA. - OUTRAS RECEITAS;;11953000,00
7999.99.2.0.00.000;6;REC. INTRA. - OUTRAS RECEITAS NÃO ARRECADADAS E NÃO PROJETADAS PELA RFB - PRIMÁRIAS;;11953000,00
7999.99.2.1.00.000;7;REC. INTRA. - OUTRAS REC. - PRIMÁRIAS - PRINCIPAL;;11953000,00
7999.99.2.1.05.000;8;REC. INTRA. - OUTRAS REC. - PRIMÁRIAS - PRINC. - RESERVA TÉCNICA OBRIGATÓRIA - EQUILÍBRIO ATUARIAL;60;11953000,00
9000.00.0.0.00.000;1;DEDUÇÃO DAS RECEITAS;;-48901047989,00
9100.00.0.0.00.000;2;DEDUÇÃO REC. - IMPOSTOS, TAXAS E CONTRIBUIÇÕES DE MELHORIA;;-46290582318,00
9110.00.0.0.00.000;3;DEDUÇÃO REC. - IMPOSTOS;;-46290582318,00
9112.00.0.0.00.000;4;DEDUÇÃO REC. - IMPOSTO SOBRE O PATRIMÔNIO;;-9106851813,00
9112.51.0.0.00.000;5;DEDUÇÃO REC. - IMPOSTO SOBRE A PROPRIEDADE DE VEÍCULOS AUTOMOTORES;;-8632444259,00
9112.51.0.1.00.000;7;DEDUÇÃO REC. - IPVA - PRINCIPAL;;-7906457237,00
9112.51.0.1.02.000;8;DEDUÇÃO REC. - IPVA - PRINC. - COTA PARTE DOS MUNICÍPIOS;20;-6588714364,00
9112.51.0.1.03.000;8;DEDUÇÃO REC. - IPVA - PRINC. - COTA PARTE DO ESTADO PARA O FUNDEB;23;-1317742873,00
9112.51.0.2.00.000;7;DEDUÇÃO REC. - IPVA - MULTAS E JUROS DE MORA;;-514788272,00
9112.51.0.2.02.000;8;DEDUÇÃO REC. - IPVA - MJM - COTA PARTE DOS MUNICÍPIOS;20;-428990227,00
9112.51.0.2.03.000;8;DEDUÇÃO REC. - IPVA - MJM - COTA PARTE DO ESTADO PARA O FUNDEB;23;-85798045,00
9112.51.0.3.00.000;7;DEDUÇÃO REC. - IPVA - DÍVIDA ATIVA;;-211198750,00
9112.51.0.3.02.000;8;DEDUÇÃO REC. - IPVA - DA - COTA PARTE DOS MUNICÍPIOS;20;-175998958,00
9112.51.0.3.03.000;8;DEDUÇÃO REC. - IPVA - DA - COTA PARTE DO ESTADO PARA O FUNDEB;23;-35199792,00
9112.52.0.0.00.000;5;DEDUÇÃO REC. - IMPOSTO SOBRE TRANSMISSÃO “CAUSA MORTIS” E DOAÇÃO DE BENS E DIREITOS;;-474407554,00
9112.52.0.1.00.000;7;DEDUÇÃO REC. - ITCD - PRINCIPAL;;-432828688,00
9112.52.0.1.02.000;8;DEDUÇÃO REC. - ITCD - PRINC. - COTA PARTE DO ESTADO PARA O FUNDEB;23;-432828688,00
9112.52.0.2.00.000;7;DEDUÇÃO REC. - ITCD - MULTAS E JUROS DE MORA;;-35650615,00
9112.52.0.2.02.000;8;DEDUÇÃO REC. - ITCD - MJM - COTA PARTE DO ESTADO PARA O FUNDEB;23;-35650615,00
9112.52.0.3.00.000;7;DEDUÇÃO REC. - ITCD - DÍVIDA ATIVA;;-5928251,00
9112.52.0.3.02.000;8;DEDUÇÃO REC. - ITCD - DA - COTA PARTE DO ESTADO PARA O FUNDEB;23;-5928251,00
9114.00.0.0.00.000;4;DEDUÇÃO REC. - IMPOSTOS SOBRE A PRODUÇÃO E CIRCULAÇÃO DE MERCADORIAS E SERVIÇOS;;-37183730505,00
9114.50.0.0.00.000;5;DEDUÇÃO REC. - IMPOSTOS SOBRE A PRODUÇÃO E CIRCULAÇÃO DE MERCADORIAS E SERVIÇOS;;-37183730505,00
9114.50.1.0.00.000;6;DEDUÇÃO REC. - IMPOSTO SOBRE OPERAÇÕES RELATIVAS À CIRCULAÇÃO DE MERCADORIAS E SOBRE PRESTAÇÕES DE SERVIÇOS DE TRANSPORTE INTERESTADUAL E INTERMUNICIPAL E DE COMUNICAÇÃO;;-36981602062,00
9114.50.1.1.00.000;7;DEDUÇÃO REC. - ICMS - PRINCIPAL;;-36320204144,00
9114.50.1.1.01.000;8;DEDUÇÃO REC. - ICMS - PRINC. - COTA PARTE DO ESTADO;;-641203,00
9114.50.1.1.01.002;9;DEDUÇÃO REC. - ICMS - PRINC. - COTA PARTE DO ESTADO - CESSÃO DE DIREITOS CREDITÓRIOS - LEI ESTADUAL N\degree 19.266/10;10;-641203,00
9114.50.1.1.02.000;8;DEDUÇÃO REC. - ICMS - PRINC. - COTA PARTE DOS MUNICÍPIOS;20;-22699726838,00
9114.50.1.1.03.000;8;DEDUÇÃO REC. - ICMS - PRINC. - COTA PARTE DO ESTADO PARA O FUNDEB;23;-13619836103,00
9114.50.1.2.00.000;7;DEDUÇÃO REC. - ICMS - MULTAS E JUROS DE MORA;;-360056226,00
9114.50.1.2.01.000;8;DEDUÇÃO REC. - ICMS - MJM - COTA PARTE DO ESTADO;;-1233479,00
9114.50.1.2.01.002;9;DEDUÇÃO REC. - ICMS - MJM - COTA PARTE DO ESTADO - CESSÃO DE DIREITOS CREDITÓRIOS - LEI ESTADUAL N\degree 19.266/10;10;-1233479,00
9114.50.1.2.02.000;8;DEDUÇÃO REC. - ICMS - MJM - COTA PARTE DOS MUNICÍPIOS;20;-224264217,00
9114.50.1.2.03.000;8;DEDUÇÃO REC. - ICMS - MJM - COTA PARTE DO ESTADO PARA O FUNDEB;23;-134558530,00
9114.50.1.3.00.000;7;DEDUÇÃO REC. - ICMS - DÍVIDA ATIVA;;-301341692,00
9114.50.1.3.01.000;8;DEDUÇÃO REC. - ICMS - DA - COTA PARTE DO ESTADO;;-8329712,00
9114.50.1.3.01.002;9;DEDUÇÃO REC. - ICMS - DA - COTA PARTE DO ESTADO - CESSÃO DE DIREITOS CREDITÓRIOS - LEI ESTADUAL N\degree 19.266/10;10;-8329712,00
9114.50.1.3.02.000;8;DEDUÇÃO REC. - ICMS - DA - COTA PARTE DOS MUNICÍPIOS;20;-183132488,00
9114.50.1.3.03.000;8;DEDUÇÃO REC. - ICMS - DA - COTA PARTE DO ESTADO PARA O FUNDEB;23;-109879492,00
9114.50.2.0.00.000;6;DEDUÇÃO REC. - ADICIONAL ICMS - FUNDO ESTADUAL DE COMBATE À POBREZA;;-202128443,00
9114.50.2.1.00.000;7;DEDUÇÃO REC. - ADICIONAL ICMS - FUNDO ESTADUAL COMBATE POBREZA - FUNDO DE ERRADICAÇÃO DA MISÉRIA - FEM - PRINCIPAL;;-200397921,00
9114.50.2.1.02.000;8;DEDUÇÃO REC. - ADICIONAL ICMS - FEM - PRINC. - COTA PARTE DO FUNDEB;23;-200397921,00
9114.50.2.2.00.000;7;DEDUÇÃO REC. - ADICIONAL ICMS - FUNDO ESTADUAL COMBATE POBREZA - FUNDO DE ERRADICAÇÃO DA MISÉRIA - FEM - MULTAS E JUROS DE MORA;;-821958,00
9114.50.2.2.02.000;8;DEDUÇÃO REC. - ADICIONAL ICMS - FEM - MJM - COTA PARTE DO FUNDEB;23;-821958,00
9114.50.2.3.00.000;7;DEDUÇÃO REC. - ADICIONAL ICMS - FUNDO ESTADUAL COMBATE POBREZA - FUNDO DE ERRADICAÇÃO DA MISÉRIA - FEM - DÍVIDA ATIVA;;-576910,00
9114.50.2.3.02.000;8;DEDUÇÃO REC. - ADICIONAL ICMS - FEM - DA - COTA PARTE DO FUNDEB;23;-576910,00
9114.50.2.4.00.000;7;DEDUÇÃO REC. - ADICIONAL ICMS - FUNDO ESTADUAL COMBATE POBREZA - FUNDO DE ERRADICAÇÃO DA MISÉRIA - FEM - DÍVIDA ATIVA - MULTAS E JUROS DE MORA;;-331654,00
9114.50.2.4.02.000;8;DEDUÇÃO REC. - ADICIONAL ICMS - FEM - DA-MJM - COTA PARTE DO FUNDEB;23;-331654,00
9700.00.0.0.00.000;2;DEDUÇÃO REC. - TRANSFERÊNCIAS CORRENTES;;-2584751439,00
9710.00.0.0.00.000;3;DEDUÇÃO REC. - TRANSFERÊNCIAS DA UNIÃO E DE SUAS ENTIDADES;;-2584751439,00
9711.00.0.0.00.000;4;DEDUÇÃO REC. - TRANSFERÊNCIAS DECORRENTES DE PARTICIPAÇÃO NA RECEITA DA UNIÃO;;-2584751439,00
9711.50.0.0.00.000;5;DEDUÇÃO REC. - COTA-PARTE DO FUNDO DE PARTICIPAÇÃO DOS ESTADOS E DO DISTRITO FEDERAL - FPE;;-2042071815,00
9711.50.0.1.00.000;7;DEDUÇÃO REC. - COTA-PARTE FPE - PRINCIPAL;;-2042071815,00
9711.50.0.1.02.000;8;DEDUÇÃO REC. - COTA-PARTE FPE - PRINC. - FUNDEB;23;-2042071815,00
9711.53.0.0.00.000;5;DEDUÇÃO REC. - COTA-PARTE DO IMPOSTO SOBRE PRODUTOS INDUSTRIALIZADOS - ESTADOS EXPORTADORES DE PRODUTOS INDUSTRIALIZADOS;;-507245154,00
9711.53.0.1.00.000;7;DEDUÇÃO REC. - COTA-PARTE IPI - ESTADOS EXPORT. PROD. INDUST. - PRINC.;;-507245154,00
9711.53.0.1.02.000;8;DEDUÇÃO REC. - COTA-PARTE IPI - ESTADOS EXPORT. PROD. INDUST. - PRINC. - MUNICÍPIOS;20;-317028221,00
9711.53.0.1.03.000;8;DEDUÇÃO REC. - COTA-PARTE IPI - ESTADOS EXPORT. PROD. INDUST. - PRINC. - FUNDEB;23;-190216933,00
9711.54.0.0.00.000;5;DEDUÇÃO REC. - COTA-PARTE DA CONTRIBUIÇÃO DE INTERVENÇÃO NO DOMÍNIO ECONÔMICO;;-35434470,00
9711.54.0.1.00.000;7;DEDUÇÃO REC. - COTA-PARTE CIDE - PRINCIPAL;;-35434470,00
9711.54.0.1.02.000;8;DEDUÇÃO REC. - COTA-PARTE CIDE - PRINC. - MUNICÍPIOS;51;-35434470,00
9900.00.0.0.00.000;2;DEDUÇÃO REC. - OUTRAS RECEITAS CORRENTES;;-25714232,00
9910.00.0.0.00.000;3;DEDUÇÃO REC. - MULTAS ADMINISTRATIVAS, CONTRATUAIS E JUDICIAIS;;-25714232,00
9911.00.0.0.00.000;4;DEDUÇÃO REC. - MULTAS ADMINISTRATIVAS, CONTRATUAIS E JUDICIAIS;;-25714232,00
9911.01.0.0.00.000;5;DEDUÇÃO REC. - MULTAS PREVISTAS EM LEGISLAÇÃO ESPECÍFICA;;-25714232,00
9911.01.0.1.00.000;7;DEDUÇÃO REC. - MULTAS LEGISL. ESPECÍFICA - PRINCIPAL;;-25714232,00
9911.01.0.1.03.000;8;DEDUÇÃO REC. - MULTAS LEGISL. ESPECÍFICA - PRINC. - LEGISLAÇÃO DE TRÂNSITO;;-25714232,00
9911.01.0.1.03.003;9;DEDUÇÃO REC. - MULTAS LEGISL. ESPECÍFICA - PRINC. - LEGISL. TRÂNSITO - COTA PARTE DO FUNDO NACIONAL DE SEGURANÇA E EDUCAÇÃO NO TRÂNSITO - FUNSET;83;-15451631,00
9911.01.0.1.03.004;9;DEDUÇÃO REC. - MULTAS LEGISL. ESPECÍFICA - PRINC. - LEGISL. TRÂNSITO - COTA PARTE DO FUNDO NACIONAL DE SEGURANÇA E EDUCAÇÃO NO TRÂNSITO - FUNSET - ESTADO;82;-10262601,00
