orgao_nome;uo_nome;codigo;nivel;fonte;especificacao;valor
ASSEMBLEIA LEGISLATIVA DO ESTADO DE MINAS GERAIS - ALMG;ASSEMBLEIA LEGISLATIVA DO ESTADO DE MINAS GERAIS - ALMG;1000.00.0.0.00.000;1;;RECEITAS CORRENTES;25000000,00
ASSEMBLEIA LEGISLATIVA DO ESTADO DE MINAS GERAIS - ALMG;ASSEMBLEIA LEGISLATIVA DO ESTADO DE MINAS GERAIS - ALMG;1300.00.0.0.00.000;2;;RECEITA PATRIMONIAL;23640000,00
ASSEMBLEIA LEGISLATIVA DO ESTADO DE MINAS GERAIS - ALMG;ASSEMBLEIA LEGISLATIVA DO ESTADO DE MINAS GERAIS - ALMG;1320.00.0.0.00.000;3;;VALORES MOBILIÁRIOS;22800000,00
ASSEMBLEIA LEGISLATIVA DO ESTADO DE MINAS GERAIS - ALMG;ASSEMBLEIA LEGISLATIVA DO ESTADO DE MINAS GERAIS - ALMG;1321.00.0.0.00.000;4;;JUROS E CORREÇÕES MONETÁRIAS;22800000,00
ASSEMBLEIA LEGISLATIVA DO ESTADO DE MINAS GERAIS - ALMG;ASSEMBLEIA LEGISLATIVA DO ESTADO DE MINAS GERAIS - ALMG;1321.01.0.0.00.000;5;;REMUNERAÇÃO DE DEPÓSITOS BANCÁRIOS;22800000,00
ASSEMBLEIA LEGISLATIVA DO ESTADO DE MINAS GERAIS - ALMG;ASSEMBLEIA LEGISLATIVA DO ESTADO DE MINAS GERAIS - ALMG;1321.01.0.1.00.000;7;;REMUNERAÇÃO DEPÓSITOS BANCÁRIOS - PRINCIPAL;22800000,00
ASSEMBLEIA LEGISLATIVA DO ESTADO DE MINAS GERAIS - ALMG;ASSEMBLEIA LEGISLATIVA DO ESTADO DE MINAS GERAIS - ALMG;1321.01.0.1.01.000;8;60;REMUNERAÇÃO DEPÓSITOS BANCÁRIOS - PRINC.;22800000,00
ASSEMBLEIA LEGISLATIVA DO ESTADO DE MINAS GERAIS - ALMG;ASSEMBLEIA LEGISLATIVA DO ESTADO DE MINAS GERAIS - ALMG;1360.00.0.0.00.000;3;;CESSÃO DE DIREITOS;840000,00
ASSEMBLEIA LEGISLATIVA DO ESTADO DE MINAS GERAIS - ALMG;ASSEMBLEIA LEGISLATIVA DO ESTADO DE MINAS GERAIS - ALMG;1361.00.0.0.00.000;4;;CESSÃO DE DIREITOS;840000,00
ASSEMBLEIA LEGISLATIVA DO ESTADO DE MINAS GERAIS - ALMG;ASSEMBLEIA LEGISLATIVA DO ESTADO DE MINAS GERAIS - ALMG;1361.01.0.0.00.000;5;;CESSÃO DO DIREITO DE OPERACIONALIZAÇÃO DE PAGAMENTOS;840000,00
ASSEMBLEIA LEGISLATIVA DO ESTADO DE MINAS GERAIS - ALMG;ASSEMBLEIA LEGISLATIVA DO ESTADO DE MINAS GERAIS - ALMG;1361.01.1.0.00.000;6;;CESSÃO DO DIREITO DE OPERACIONALIZAÇÃO DE PAGAMENTOS - PODERES EXECUTIVO E LEGISLATIVO;840000,00
ASSEMBLEIA LEGISLATIVA DO ESTADO DE MINAS GERAIS - ALMG;ASSEMBLEIA LEGISLATIVA DO ESTADO DE MINAS GERAIS - ALMG;1361.01.1.1.00.000;7;;CESSÃO DIR. OPERAC. PAG. - PODERES EXECUTIVO LEGISLATIVO - PRINCIPAL;840000,00
ASSEMBLEIA LEGISLATIVA DO ESTADO DE MINAS GERAIS - ALMG;ASSEMBLEIA LEGISLATIVA DO ESTADO DE MINAS GERAIS - ALMG;1361.01.1.1.01.000;8;60;CESSÃO DIR. OPERAC. PAG. - PODERES EXECUTIVO LEGISLATIVO - PRINC. - FOLHA DE PESSOAL;840000,00
ASSEMBLEIA LEGISLATIVA DO ESTADO DE MINAS GERAIS - ALMG;ASSEMBLEIA LEGISLATIVA DO ESTADO DE MINAS GERAIS - ALMG;1900.00.0.0.00.000;2;;OUTRAS RECEITAS CORRENTES;1360000,00
ASSEMBLEIA LEGISLATIVA DO ESTADO DE MINAS GERAIS - ALMG;ASSEMBLEIA LEGISLATIVA DO ESTADO DE MINAS GERAIS - ALMG;1920.00.0.0.00.000;3;;INDENIZAÇÕES, RESTITUIÇÕES E RESSARCIMENTOS;760000,00
ASSEMBLEIA LEGISLATIVA DO ESTADO DE MINAS GERAIS - ALMG;ASSEMBLEIA LEGISLATIVA DO ESTADO DE MINAS GERAIS - ALMG;1922.00.0.0.00.000;4;;RESTITUIÇÕES;760000,00
ASSEMBLEIA LEGISLATIVA DO ESTADO DE MINAS GERAIS - ALMG;ASSEMBLEIA LEGISLATIVA DO ESTADO DE MINAS GERAIS - ALMG;1922.99.0.0.00.000;5;;OUTRAS RESTITUIÇÕES;760000,00
ASSEMBLEIA LEGISLATIVA DO ESTADO DE MINAS GERAIS - ALMG;ASSEMBLEIA LEGISLATIVA DO ESTADO DE MINAS GERAIS - ALMG;1922.99.0.1.00.000;7;;OUTRAS RESTITUIÇÕES - PRINCIPAL;760000,00
ASSEMBLEIA LEGISLATIVA DO ESTADO DE MINAS GERAIS - ALMG;ASSEMBLEIA LEGISLATIVA DO ESTADO DE MINAS GERAIS - ALMG;1922.99.0.1.99.000;8;60;OUTRAS RESTITUIÇÕES - PRINC. - DEMAIS;760000,00
ASSEMBLEIA LEGISLATIVA DO ESTADO DE MINAS GERAIS - ALMG;ASSEMBLEIA LEGISLATIVA DO ESTADO DE MINAS GERAIS - ALMG;1990.00.0.0.00.000;3;;DEMAIS RECEITAS CORRENTES;600000,00
ASSEMBLEIA LEGISLATIVA DO ESTADO DE MINAS GERAIS - ALMG;ASSEMBLEIA LEGISLATIVA DO ESTADO DE MINAS GERAIS - ALMG;1999.00.0.0.00.000;4;;OUTRAS RECEITAS CORRENTES;600000,00
ASSEMBLEIA LEGISLATIVA DO ESTADO DE MINAS GERAIS - ALMG;ASSEMBLEIA LEGISLATIVA DO ESTADO DE MINAS GERAIS - ALMG;1999.99.0.0.00.000;5;;OUTRAS RECEITAS;600000,00
ASSEMBLEIA LEGISLATIVA DO ESTADO DE MINAS GERAIS - ALMG;ASSEMBLEIA LEGISLATIVA DO ESTADO DE MINAS GERAIS - ALMG;1999.99.2.0.00.000;6;;OUTRAS RECEITAS NÃO ARRECADADAS E NÃO PROJETADAS PELA RFB - PRIMÁRIAS;600000,00
ASSEMBLEIA LEGISLATIVA DO ESTADO DE MINAS GERAIS - ALMG;ASSEMBLEIA LEGISLATIVA DO ESTADO DE MINAS GERAIS - ALMG;1999.99.2.1.00.000;7;;OUTRAS REC. - PRIMÁRIAS - PRINCIPAL;600000,00
ASSEMBLEIA LEGISLATIVA DO ESTADO DE MINAS GERAIS - ALMG;ASSEMBLEIA LEGISLATIVA DO ESTADO DE MINAS GERAIS - ALMG;1999.99.2.1.99.000;8;60;OUTRAS REC. - PRIMÁRIAS - PRINC. - DEMAIS;600000,00
TRIBUNAL DE CONTAS DO ESTADO DE MINAS GERAIS - TCEMG;TRIBUNAL DE CONTAS DO ESTADO DE MINAS GERAIS - TCEMG;1000.00.0.0.00.000;1;;RECEITAS CORRENTES;65745000,00
TRIBUNAL DE CONTAS DO ESTADO DE MINAS GERAIS - TCEMG;TRIBUNAL DE CONTAS DO ESTADO DE MINAS GERAIS - TCEMG;1300.00.0.0.00.000;2;;RECEITA PATRIMONIAL;65576000,00
TRIBUNAL DE CONTAS DO ESTADO DE MINAS GERAIS - TCEMG;TRIBUNAL DE CONTAS DO ESTADO DE MINAS GERAIS - TCEMG;1320.00.0.0.00.000;3;;VALORES MOBILIÁRIOS;48576000,00
TRIBUNAL DE CONTAS DO ESTADO DE MINAS GERAIS - TCEMG;TRIBUNAL DE CONTAS DO ESTADO DE MINAS GERAIS - TCEMG;1321.00.0.0.00.000;4;;JUROS E CORREÇÕES MONETÁRIAS;48576000,00
TRIBUNAL DE CONTAS DO ESTADO DE MINAS GERAIS - TCEMG;TRIBUNAL DE CONTAS DO ESTADO DE MINAS GERAIS - TCEMG;1321.01.0.0.00.000;5;;REMUNERAÇÃO DE DEPÓSITOS BANCÁRIOS;48576000,00
TRIBUNAL DE CONTAS DO ESTADO DE MINAS GERAIS - TCEMG;TRIBUNAL DE CONTAS DO ESTADO DE MINAS GERAIS - TCEMG;1321.01.0.1.00.000;7;;REMUNERAÇÃO DEPÓSITOS BANCÁRIOS - PRINCIPAL;48576000,00
TRIBUNAL DE CONTAS DO ESTADO DE MINAS GERAIS - TCEMG;TRIBUNAL DE CONTAS DO ESTADO DE MINAS GERAIS - TCEMG;1321.01.0.1.01.000;8;60;REMUNERAÇÃO DEPÓSITOS BANCÁRIOS - PRINC.;48576000,00
TRIBUNAL DE CONTAS DO ESTADO DE MINAS GERAIS - TCEMG;TRIBUNAL DE CONTAS DO ESTADO DE MINAS GERAIS - TCEMG;1360.00.0.0.00.000;3;;CESSÃO DE DIREITOS;17000000,00
TRIBUNAL DE CONTAS DO ESTADO DE MINAS GERAIS - TCEMG;TRIBUNAL DE CONTAS DO ESTADO DE MINAS GERAIS - TCEMG;1361.00.0.0.00.000;4;;CESSÃO DE DIREITOS;17000000,00
TRIBUNAL DE CONTAS DO ESTADO DE MINAS GERAIS - TCEMG;TRIBUNAL DE CONTAS DO ESTADO DE MINAS GERAIS - TCEMG;1361.01.0.0.00.000;5;;CESSÃO DO DIREITO DE OPERACIONALIZAÇÃO DE PAGAMENTOS;17000000,00
TRIBUNAL DE CONTAS DO ESTADO DE MINAS GERAIS - TCEMG;TRIBUNAL DE CONTAS DO ESTADO DE MINAS GERAIS - TCEMG;1361.01.1.0.00.000;6;;CESSÃO DO DIREITO DE OPERACIONALIZAÇÃO DE PAGAMENTOS - PODERES EXECUTIVO E LEGISLATIVO;17000000,00
TRIBUNAL DE CONTAS DO ESTADO DE MINAS GERAIS - TCEMG;TRIBUNAL DE CONTAS DO ESTADO DE MINAS GERAIS - TCEMG;1361.01.1.1.00.000;7;;CESSÃO DIR. OPERAC. PAG. - PODERES EXECUTIVO LEGISLATIVO - PRINCIPAL;17000000,00
TRIBUNAL DE CONTAS DO ESTADO DE MINAS GERAIS - TCEMG;TRIBUNAL DE CONTAS DO ESTADO DE MINAS GERAIS - TCEMG;1361.01.1.1.01.000;8;60;CESSÃO DIR. OPERAC. PAG. - PODERES EXECUTIVO LEGISLATIVO - PRINC. - FOLHA DE PESSOAL;17000000,00
TRIBUNAL DE CONTAS DO ESTADO DE MINAS GERAIS - TCEMG;TRIBUNAL DE CONTAS DO ESTADO DE MINAS GERAIS - TCEMG;1900.00.0.0.00.000;2;;OUTRAS RECEITAS CORRENTES;169000,00
TRIBUNAL DE CONTAS DO ESTADO DE MINAS GERAIS - TCEMG;TRIBUNAL DE CONTAS DO ESTADO DE MINAS GERAIS - TCEMG;1920.00.0.0.00.000;3;;INDENIZAÇÕES, RESTITUIÇÕES E RESSARCIMENTOS;168500,00
TRIBUNAL DE CONTAS DO ESTADO DE MINAS GERAIS - TCEMG;TRIBUNAL DE CONTAS DO ESTADO DE MINAS GERAIS - TCEMG;1922.00.0.0.00.000;4;;RESTITUIÇÕES;168500,00
TRIBUNAL DE CONTAS DO ESTADO DE MINAS GERAIS - TCEMG;TRIBUNAL DE CONTAS DO ESTADO DE MINAS GERAIS - TCEMG;1922.06.0.0.00.000;5;;RESTITUIÇÃO DE DESPESAS DE EXERCÍCIOS ANTERIORES;168000,00
TRIBUNAL DE CONTAS DO ESTADO DE MINAS GERAIS - TCEMG;TRIBUNAL DE CONTAS DO ESTADO DE MINAS GERAIS - TCEMG;1922.06.3.0.00.000;6;;RESTITUIÇÃO DE DESPESAS PRIMÁRIAS DE EXERCÍCIOS ANTERIORES;168000,00
TRIBUNAL DE CONTAS DO ESTADO DE MINAS GERAIS - TCEMG;TRIBUNAL DE CONTAS DO ESTADO DE MINAS GERAIS - TCEMG;1922.06.3.1.00.000;7;;RESTITUIÇÃO DESPESAS PRIMÁRIAS EXERCÍCIOS ANTERIORES - PRINCIPAL;168000,00
TRIBUNAL DE CONTAS DO ESTADO DE MINAS GERAIS - TCEMG;TRIBUNAL DE CONTAS DO ESTADO DE MINAS GERAIS - TCEMG;1922.06.3.1.99.000;8;60;RESTITUIÇÃO DESPESAS PRIMÁRIAS EXERCÍCIOS ANTERIORES - PRINC. - DEMAIS;168000,00
TRIBUNAL DE CONTAS DO ESTADO DE MINAS GERAIS - TCEMG;TRIBUNAL DE CONTAS DO ESTADO DE MINAS GERAIS - TCEMG;1922.99.0.0.00.000;5;;OUTRAS RESTITUIÇÕES;500,00
TRIBUNAL DE CONTAS DO ESTADO DE MINAS GERAIS - TCEMG;TRIBUNAL DE CONTAS DO ESTADO DE MINAS GERAIS - TCEMG;1922.99.0.1.00.000;7;;OUTRAS RESTITUIÇÕES - PRINCIPAL;500,00
TRIBUNAL DE CONTAS DO ESTADO DE MINAS GERAIS - TCEMG;TRIBUNAL DE CONTAS DO ESTADO DE MINAS GERAIS - TCEMG;1922.99.0.1.99.000;8;60;OUTRAS RESTITUIÇÕES - PRINC. - DEMAIS;500,00
TRIBUNAL DE CONTAS DO ESTADO DE MINAS GERAIS - TCEMG;TRIBUNAL DE CONTAS DO ESTADO DE MINAS GERAIS - TCEMG;1990.00.0.0.00.000;3;;DEMAIS RECEITAS CORRENTES;500,00
TRIBUNAL DE CONTAS DO ESTADO DE MINAS GERAIS - TCEMG;TRIBUNAL DE CONTAS DO ESTADO DE MINAS GERAIS - TCEMG;1999.00.0.0.00.000;4;;OUTRAS RECEITAS CORRENTES;500,00
TRIBUNAL DE CONTAS DO ESTADO DE MINAS GERAIS - TCEMG;TRIBUNAL DE CONTAS DO ESTADO DE MINAS GERAIS - TCEMG;1999.99.0.0.00.000;5;;OUTRAS RECEITAS;500,00
TRIBUNAL DE CONTAS DO ESTADO DE MINAS GERAIS - TCEMG;TRIBUNAL DE CONTAS DO ESTADO DE MINAS GERAIS - TCEMG;1999.99.2.0.00.000;6;;OUTRAS RECEITAS NÃO ARRECADADAS E NÃO PROJETADAS PELA RFB - PRIMÁRIAS;500,00
TRIBUNAL DE CONTAS DO ESTADO DE MINAS GERAIS - TCEMG;TRIBUNAL DE CONTAS DO ESTADO DE MINAS GERAIS - TCEMG;1999.99.2.2.00.000;7;;OUTRAS REC. - PRIMÁRIAS - MULTAS E JUROS DE MORA;500,00
TRIBUNAL DE CONTAS DO ESTADO DE MINAS GERAIS - TCEMG;TRIBUNAL DE CONTAS DO ESTADO DE MINAS GERAIS - TCEMG;1999.99.2.2.99.000;8;60;OUTRAS REC. - PRIMÁRIAS - MJM - DEMAIS;500,00
TRIBUNAL DE JUSTIÇA DO ESTADO DE MINAS GERAIS - TJMG;TRIBUNAL DE JUSTIÇA DO ESTADO DE MINAS GERAIS - TJMG;1000.00.0.0.00.000;1;;RECEITAS CORRENTES;226447611,00
TRIBUNAL DE JUSTIÇA DO ESTADO DE MINAS GERAIS - TJMG;TRIBUNAL DE JUSTIÇA DO ESTADO DE MINAS GERAIS - TJMG;1300.00.0.0.00.000;2;;RECEITA PATRIMONIAL;225974814,00
TRIBUNAL DE JUSTIÇA DO ESTADO DE MINAS GERAIS - TJMG;TRIBUNAL DE JUSTIÇA DO ESTADO DE MINAS GERAIS - TJMG;1320.00.0.0.00.000;3;;VALORES MOBILIÁRIOS;225974814,00
TRIBUNAL DE JUSTIÇA DO ESTADO DE MINAS GERAIS - TJMG;TRIBUNAL DE JUSTIÇA DO ESTADO DE MINAS GERAIS - TJMG;1321.00.0.0.00.000;4;;JUROS E CORREÇÕES MONETÁRIAS;225974814,00
TRIBUNAL DE JUSTIÇA DO ESTADO DE MINAS GERAIS - TJMG;TRIBUNAL DE JUSTIÇA DO ESTADO DE MINAS GERAIS - TJMG;1321.01.0.0.00.000;5;;REMUNERAÇÃO DE DEPÓSITOS BANCÁRIOS;225974814,00
TRIBUNAL DE JUSTIÇA DO ESTADO DE MINAS GERAIS - TJMG;TRIBUNAL DE JUSTIÇA DO ESTADO DE MINAS GERAIS - TJMG;1321.01.0.1.00.000;7;;REMUNERAÇÃO DEPÓSITOS BANCÁRIOS - PRINCIPAL;225974814,00
TRIBUNAL DE JUSTIÇA DO ESTADO DE MINAS GERAIS - TJMG;TRIBUNAL DE JUSTIÇA DO ESTADO DE MINAS GERAIS - TJMG;1321.01.0.1.01.000;8;60;REMUNERAÇÃO DEPÓSITOS BANCÁRIOS - PRINC.;225974814,00
TRIBUNAL DE JUSTIÇA DO ESTADO DE MINAS GERAIS - TJMG;TRIBUNAL DE JUSTIÇA DO ESTADO DE MINAS GERAIS - TJMG;1900.00.0.0.00.000;2;;OUTRAS RECEITAS CORRENTES;472797,00
TRIBUNAL DE JUSTIÇA DO ESTADO DE MINAS GERAIS - TJMG;TRIBUNAL DE JUSTIÇA DO ESTADO DE MINAS GERAIS - TJMG;1920.00.0.0.00.000;3;;INDENIZAÇÕES, RESTITUIÇÕES E RESSARCIMENTOS;460725,00
TRIBUNAL DE JUSTIÇA DO ESTADO DE MINAS GERAIS - TJMG;TRIBUNAL DE JUSTIÇA DO ESTADO DE MINAS GERAIS - TJMG;1922.00.0.0.00.000;4;;RESTITUIÇÕES;460725,00
TRIBUNAL DE JUSTIÇA DO ESTADO DE MINAS GERAIS - TJMG;TRIBUNAL DE JUSTIÇA DO ESTADO DE MINAS GERAIS - TJMG;1922.99.0.0.00.000;5;;OUTRAS RESTITUIÇÕES;460725,00
TRIBUNAL DE JUSTIÇA DO ESTADO DE MINAS GERAIS - TJMG;TRIBUNAL DE JUSTIÇA DO ESTADO DE MINAS GERAIS - TJMG;1922.99.0.1.00.000;7;;OUTRAS RESTITUIÇÕES - PRINCIPAL;460725,00
TRIBUNAL DE JUSTIÇA DO ESTADO DE MINAS GERAIS - TJMG;TRIBUNAL DE JUSTIÇA DO ESTADO DE MINAS GERAIS - TJMG;1922.99.0.1.99.000;8;60;OUTRAS RESTITUIÇÕES - PRINC. - DEMAIS;460725,00
TRIBUNAL DE JUSTIÇA DO ESTADO DE MINAS GERAIS - TJMG;TRIBUNAL DE JUSTIÇA DO ESTADO DE MINAS GERAIS - TJMG;1990.00.0.0.00.000;3;;DEMAIS RECEITAS CORRENTES;12072,00
TRIBUNAL DE JUSTIÇA DO ESTADO DE MINAS GERAIS - TJMG;TRIBUNAL DE JUSTIÇA DO ESTADO DE MINAS GERAIS - TJMG;1999.00.0.0.00.000;4;;OUTRAS RECEITAS CORRENTES;12072,00
TRIBUNAL DE JUSTIÇA DO ESTADO DE MINAS GERAIS - TJMG;TRIBUNAL DE JUSTIÇA DO ESTADO DE MINAS GERAIS - TJMG;1999.99.0.0.00.000;5;;OUTRAS RECEITAS;12072,00
TRIBUNAL DE JUSTIÇA DO ESTADO DE MINAS GERAIS - TJMG;TRIBUNAL DE JUSTIÇA DO ESTADO DE MINAS GERAIS - TJMG;1999.99.2.0.00.000;6;;OUTRAS RECEITAS NÃO ARRECADADAS E NÃO PROJETADAS PELA RFB - PRIMÁRIAS;12072,00
TRIBUNAL DE JUSTIÇA DO ESTADO DE MINAS GERAIS - TJMG;TRIBUNAL DE JUSTIÇA DO ESTADO DE MINAS GERAIS - TJMG;1999.99.2.1.00.000;7;;OUTRAS REC. - PRIMÁRIAS - PRINCIPAL;12072,00
TRIBUNAL DE JUSTIÇA DO ESTADO DE MINAS GERAIS - TJMG;TRIBUNAL DE JUSTIÇA DO ESTADO DE MINAS GERAIS - TJMG;1999.99.2.1.99.000;8;60;OUTRAS REC. - PRIMÁRIAS - PRINC. - DEMAIS;12072,00
TRIBUNAL DE JUSTIÇA MILITAR DO ESTADO DE MINAS GERAIS - TJMMG;TRIBUNAL DE JUSTIÇA MILITAR DO ESTADO DE MINAS GERAIS - TJMMG;1000.00.0.0.00.000;1;;RECEITAS CORRENTES;2200000,00
TRIBUNAL DE JUSTIÇA MILITAR DO ESTADO DE MINAS GERAIS - TJMMG;TRIBUNAL DE JUSTIÇA MILITAR DO ESTADO DE MINAS GERAIS - TJMMG;1300.00.0.0.00.000;2;;RECEITA PATRIMONIAL;2194000,00
TRIBUNAL DE JUSTIÇA MILITAR DO ESTADO DE MINAS GERAIS - TJMMG;TRIBUNAL DE JUSTIÇA MILITAR DO ESTADO DE MINAS GERAIS - TJMMG;1320.00.0.0.00.000;3;;VALORES MOBILIÁRIOS;1992000,00
TRIBUNAL DE JUSTIÇA MILITAR DO ESTADO DE MINAS GERAIS - TJMMG;TRIBUNAL DE JUSTIÇA MILITAR DO ESTADO DE MINAS GERAIS - TJMMG;1321.00.0.0.00.000;4;;JUROS E CORREÇÕES MONETÁRIAS;1992000,00
TRIBUNAL DE JUSTIÇA MILITAR DO ESTADO DE MINAS GERAIS - TJMMG;TRIBUNAL DE JUSTIÇA MILITAR DO ESTADO DE MINAS GERAIS - TJMMG;1321.01.0.0.00.000;5;;REMUNERAÇÃO DE DEPÓSITOS BANCÁRIOS;1992000,00
TRIBUNAL DE JUSTIÇA MILITAR DO ESTADO DE MINAS GERAIS - TJMMG;TRIBUNAL DE JUSTIÇA MILITAR DO ESTADO DE MINAS GERAIS - TJMMG;1321.01.0.1.00.000;7;;REMUNERAÇÃO DEPÓSITOS BANCÁRIOS - PRINCIPAL;1992000,00
TRIBUNAL DE JUSTIÇA MILITAR DO ESTADO DE MINAS GERAIS - TJMMG;TRIBUNAL DE JUSTIÇA MILITAR DO ESTADO DE MINAS GERAIS - TJMMG;1321.01.0.1.01.000;8;60;REMUNERAÇÃO DEPÓSITOS BANCÁRIOS - PRINC.;1992000,00
TRIBUNAL DE JUSTIÇA MILITAR DO ESTADO DE MINAS GERAIS - TJMMG;TRIBUNAL DE JUSTIÇA MILITAR DO ESTADO DE MINAS GERAIS - TJMMG;1360.00.0.0.00.000;3;;CESSÃO DE DIREITOS;202000,00
TRIBUNAL DE JUSTIÇA MILITAR DO ESTADO DE MINAS GERAIS - TJMMG;TRIBUNAL DE JUSTIÇA MILITAR DO ESTADO DE MINAS GERAIS - TJMMG;1361.00.0.0.00.000;4;;CESSÃO DE DIREITOS;202000,00
TRIBUNAL DE JUSTIÇA MILITAR DO ESTADO DE MINAS GERAIS - TJMMG;TRIBUNAL DE JUSTIÇA MILITAR DO ESTADO DE MINAS GERAIS - TJMMG;1361.01.0.0.00.000;5;;CESSÃO DO DIREITO DE OPERACIONALIZAÇÃO DE PAGAMENTOS;202000,00
TRIBUNAL DE JUSTIÇA MILITAR DO ESTADO DE MINAS GERAIS - TJMMG;TRIBUNAL DE JUSTIÇA MILITAR DO ESTADO DE MINAS GERAIS - TJMMG;1361.01.2.0.00.000;6;;CESSÃO DO DIREITO DE OPERACIONALIZAÇÃO DE PAGAMENTOS - PODER JUDICIÁRIO;202000,00
TRIBUNAL DE JUSTIÇA MILITAR DO ESTADO DE MINAS GERAIS - TJMMG;TRIBUNAL DE JUSTIÇA MILITAR DO ESTADO DE MINAS GERAIS - TJMMG;1361.01.2.1.00.000;7;;CESSÃO DIR. OPERAC. PAG. - PODER JUDICIÁRIO - PRINCIPAL;202000,00
TRIBUNAL DE JUSTIÇA MILITAR DO ESTADO DE MINAS GERAIS - TJMMG;TRIBUNAL DE JUSTIÇA MILITAR DO ESTADO DE MINAS GERAIS - TJMMG;1361.01.2.1.01.000;8;60;CESSÃO DIR. OPERAC. PAG. - PODER JUDICIÁRIO - PRINC. - FOLHA DE PESSOAL;202000,00
TRIBUNAL DE JUSTIÇA MILITAR DO ESTADO DE MINAS GERAIS - TJMMG;TRIBUNAL DE JUSTIÇA MILITAR DO ESTADO DE MINAS GERAIS - TJMMG;1600.00.0.0.00.000;2;;RECEITA DE SERVIÇOS;1476,00
TRIBUNAL DE JUSTIÇA MILITAR DO ESTADO DE MINAS GERAIS - TJMMG;TRIBUNAL DE JUSTIÇA MILITAR DO ESTADO DE MINAS GERAIS - TJMMG;1610.00.0.0.00.000;3;;SERVIÇOS ADMINISTRATIVOS E COMERCIAIS GERAIS;1476,00
TRIBUNAL DE JUSTIÇA MILITAR DO ESTADO DE MINAS GERAIS - TJMMG;TRIBUNAL DE JUSTIÇA MILITAR DO ESTADO DE MINAS GERAIS - TJMMG;1611.00.0.0.00.000;4;;SERVIÇOS ADMINISTRATIVOS E COMERCIAIS GERAIS;1476,00
TRIBUNAL DE JUSTIÇA MILITAR DO ESTADO DE MINAS GERAIS - TJMMG;TRIBUNAL DE JUSTIÇA MILITAR DO ESTADO DE MINAS GERAIS - TJMMG;1611.01.0.0.00.000;5;;SERVIÇOS ADMINISTRATIVOS E COMERCIAIS GERAIS;1452,00
TRIBUNAL DE JUSTIÇA MILITAR DO ESTADO DE MINAS GERAIS - TJMMG;TRIBUNAL DE JUSTIÇA MILITAR DO ESTADO DE MINAS GERAIS - TJMMG;1611.01.0.1.00.000;7;;SERVIÇOS ADM. COMERC. GER. - PRINCIPAL;1452,00
TRIBUNAL DE JUSTIÇA MILITAR DO ESTADO DE MINAS GERAIS - TJMMG;TRIBUNAL DE JUSTIÇA MILITAR DO ESTADO DE MINAS GERAIS - TJMMG;1611.01.0.1.13.000;8;60;SERVIÇOS ADM. COMERC. GER. - PRINC. - FOTOCÓPIAS E CÓPIAS HELIOGRÁFICAS;100,00
TRIBUNAL DE JUSTIÇA MILITAR DO ESTADO DE MINAS GERAIS - TJMMG;TRIBUNAL DE JUSTIÇA MILITAR DO ESTADO DE MINAS GERAIS - TJMMG;1611.01.0.1.99.000;8;;SERVIÇOS ADM. COMERC. GER. - PRINC. - DEMAIS;1352,00
TRIBUNAL DE JUSTIÇA MILITAR DO ESTADO DE MINAS GERAIS - TJMMG;TRIBUNAL DE JUSTIÇA MILITAR DO ESTADO DE MINAS GERAIS - TJMMG;1611.01.0.1.99.001;9;60;SERVIÇOS ADM. COMERC. GER. - PRINC. - DEMAIS - SERVIÇOS ADMINISTRATIVOS;1352,00
TRIBUNAL DE JUSTIÇA MILITAR DO ESTADO DE MINAS GERAIS - TJMMG;TRIBUNAL DE JUSTIÇA MILITAR DO ESTADO DE MINAS GERAIS - TJMMG;1611.03.0.0.00.000;5;;SERVIÇOS DE REGISTRO, CERTIFICAÇÃO E FISCALIZAÇÃO;24,00
TRIBUNAL DE JUSTIÇA MILITAR DO ESTADO DE MINAS GERAIS - TJMMG;TRIBUNAL DE JUSTIÇA MILITAR DO ESTADO DE MINAS GERAIS - TJMMG;1611.03.0.1.00.000;7;;SERVIÇOS REG. CERTIF. FISCALIZ. - PRINCIPAL;24,00
TRIBUNAL DE JUSTIÇA MILITAR DO ESTADO DE MINAS GERAIS - TJMMG;TRIBUNAL DE JUSTIÇA MILITAR DO ESTADO DE MINAS GERAIS - TJMMG;1611.03.0.1.04.000;8;60;SERVIÇOS REG. CERTIF. FISCALIZ. - PRINC. - EXPEDIÇÃO DE CERTIFICADOS;24,00
TRIBUNAL DE JUSTIÇA MILITAR DO ESTADO DE MINAS GERAIS - TJMMG;TRIBUNAL DE JUSTIÇA MILITAR DO ESTADO DE MINAS GERAIS - TJMMG;1900.00.0.0.00.000;2;;OUTRAS RECEITAS CORRENTES;4524,00
TRIBUNAL DE JUSTIÇA MILITAR DO ESTADO DE MINAS GERAIS - TJMMG;TRIBUNAL DE JUSTIÇA MILITAR DO ESTADO DE MINAS GERAIS - TJMMG;1920.00.0.0.00.000;3;;INDENIZAÇÕES, RESTITUIÇÕES E RESSARCIMENTOS;4524,00
TRIBUNAL DE JUSTIÇA MILITAR DO ESTADO DE MINAS GERAIS - TJMMG;TRIBUNAL DE JUSTIÇA MILITAR DO ESTADO DE MINAS GERAIS - TJMMG;1922.00.0.0.00.000;4;;RESTITUIÇÕES;4524,00
TRIBUNAL DE JUSTIÇA MILITAR DO ESTADO DE MINAS GERAIS - TJMMG;TRIBUNAL DE JUSTIÇA MILITAR DO ESTADO DE MINAS GERAIS - TJMMG;1922.99.0.0.00.000;5;;OUTRAS RESTITUIÇÕES;4524,00
TRIBUNAL DE JUSTIÇA MILITAR DO ESTADO DE MINAS GERAIS - TJMMG;TRIBUNAL DE JUSTIÇA MILITAR DO ESTADO DE MINAS GERAIS - TJMMG;1922.99.0.1.00.000;7;;OUTRAS RESTITUIÇÕES - PRINCIPAL;4524,00
TRIBUNAL DE JUSTIÇA MILITAR DO ESTADO DE MINAS GERAIS - TJMMG;TRIBUNAL DE JUSTIÇA MILITAR DO ESTADO DE MINAS GERAIS - TJMMG;1922.99.0.1.99.000;8;60;OUTRAS RESTITUIÇÕES - PRINC. - DEMAIS;4524,00
GABINETE MILITAR DO GOVERNADOR DO ESTADO DE MINAS GERAIS - GMG;GABINETE MILITAR DO GOVERNADOR DO ESTADO DE MINAS GERAIS - GABINETE MILITAR;1000.00.0.0.00.000;1;;RECEITAS CORRENTES;5002000,00
GABINETE MILITAR DO GOVERNADOR DO ESTADO DE MINAS GERAIS - GMG;GABINETE MILITAR DO GOVERNADOR DO ESTADO DE MINAS GERAIS - GABINETE MILITAR;1300.00.0.0.00.000;2;;RECEITA PATRIMONIAL;1000,00
GABINETE MILITAR DO GOVERNADOR DO ESTADO DE MINAS GERAIS - GMG;GABINETE MILITAR DO GOVERNADOR DO ESTADO DE MINAS GERAIS - GABINETE MILITAR;1320.00.0.0.00.000;3;;VALORES MOBILIÁRIOS;1000,00
GABINETE MILITAR DO GOVERNADOR DO ESTADO DE MINAS GERAIS - GMG;GABINETE MILITAR DO GOVERNADOR DO ESTADO DE MINAS GERAIS - GABINETE MILITAR;1321.00.0.0.00.000;4;;JUROS E CORREÇÕES MONETÁRIAS;1000,00
GABINETE MILITAR DO GOVERNADOR DO ESTADO DE MINAS GERAIS - GMG;GABINETE MILITAR DO GOVERNADOR DO ESTADO DE MINAS GERAIS - GABINETE MILITAR;1321.01.0.0.00.000;5;;REMUNERAÇÃO DE DEPÓSITOS BANCÁRIOS;1000,00
GABINETE MILITAR DO GOVERNADOR DO ESTADO DE MINAS GERAIS - GMG;GABINETE MILITAR DO GOVERNADOR DO ESTADO DE MINAS GERAIS - GABINETE MILITAR;1321.01.0.1.00.000;7;;REMUNERAÇÃO DEPÓSITOS BANCÁRIOS - PRINCIPAL;1000,00
GABINETE MILITAR DO GOVERNADOR DO ESTADO DE MINAS GERAIS - GMG;GABINETE MILITAR DO GOVERNADOR DO ESTADO DE MINAS GERAIS - GABINETE MILITAR;1321.01.0.1.01.000;8;57;REMUNERAÇÃO DEPÓSITOS BANCÁRIOS - PRINC.;1000,00
GABINETE MILITAR DO GOVERNADOR DO ESTADO DE MINAS GERAIS - GMG;GABINETE MILITAR DO GOVERNADOR DO ESTADO DE MINAS GERAIS - GABINETE MILITAR;1700.00.0.0.00.000;2;;TRANSFERÊNCIAS CORRENTES;5000000,00
GABINETE MILITAR DO GOVERNADOR DO ESTADO DE MINAS GERAIS - GMG;GABINETE MILITAR DO GOVERNADOR DO ESTADO DE MINAS GERAIS - GABINETE MILITAR;1710.00.0.0.00.000;3;;TRANSFERÊNCIAS DA UNIÃO E DE SUAS ENTIDADES;5000000,00
GABINETE MILITAR DO GOVERNADOR DO ESTADO DE MINAS GERAIS - GMG;GABINETE MILITAR DO GOVERNADOR DO ESTADO DE MINAS GERAIS - GABINETE MILITAR;1719.00.0.0.00.000;4;;OUTRAS TRANSFERÊNCIAS DE RECURSOS DA UNIÃO E DE SUAS ENTIDADES;5000000,00
GABINETE MILITAR DO GOVERNADOR DO ESTADO DE MINAS GERAIS - GMG;GABINETE MILITAR DO GOVERNADOR DO ESTADO DE MINAS GERAIS - GABINETE MILITAR;1719.55.0.0.00.000;5;;OUTRAS TRANSFERÊNCIAS PARA SEGURANÇA PÚBLICA;5000000,00
GABINETE MILITAR DO GOVERNADOR DO ESTADO DE MINAS GERAIS - GMG;GABINETE MILITAR DO GOVERNADOR DO ESTADO DE MINAS GERAIS - GABINETE MILITAR;1719.55.0.1.00.000;7;;OUTRAS TRANSF. SEGURANÇA PÚBLICA - PRINCIPAL;5000000,00
GABINETE MILITAR DO GOVERNADOR DO ESTADO DE MINAS GERAIS - GMG;GABINETE MILITAR DO GOVERNADOR DO ESTADO DE MINAS GERAIS - GABINETE MILITAR;1719.55.0.1.01.000;8;57;SEGURANÇA PÚBLICA - MINISTÉRIO DO DESENVOLVIMENTO REGIONAL;5000000,00
GABINETE MILITAR DO GOVERNADOR DO ESTADO DE MINAS GERAIS - GMG;GABINETE MILITAR DO GOVERNADOR DO ESTADO DE MINAS GERAIS - GABINETE MILITAR;1900.00.0.0.00.000;2;;OUTRAS RECEITAS CORRENTES;1000,00
GABINETE MILITAR DO GOVERNADOR DO ESTADO DE MINAS GERAIS - GMG;GABINETE MILITAR DO GOVERNADOR DO ESTADO DE MINAS GERAIS - GABINETE MILITAR;1920.00.0.0.00.000;3;;INDENIZAÇÕES, RESTITUIÇÕES E RESSARCIMENTOS;1000,00
GABINETE MILITAR DO GOVERNADOR DO ESTADO DE MINAS GERAIS - GMG;GABINETE MILITAR DO GOVERNADOR DO ESTADO DE MINAS GERAIS - GABINETE MILITAR;1922.00.0.0.00.000;4;;RESTITUIÇÕES;1000,00
GABINETE MILITAR DO GOVERNADOR DO ESTADO DE MINAS GERAIS - GMG;GABINETE MILITAR DO GOVERNADOR DO ESTADO DE MINAS GERAIS - GABINETE MILITAR;1922.99.0.0.00.000;5;;OUTRAS RESTITUIÇÕES;1000,00
GABINETE MILITAR DO GOVERNADOR DO ESTADO DE MINAS GERAIS - GMG;GABINETE MILITAR DO GOVERNADOR DO ESTADO DE MINAS GERAIS - GABINETE MILITAR;1922.99.0.1.00.000;7;;OUTRAS RESTITUIÇÕES - PRINCIPAL;1000,00
GABINETE MILITAR DO GOVERNADOR DO ESTADO DE MINAS GERAIS - GMG;GABINETE MILITAR DO GOVERNADOR DO ESTADO DE MINAS GERAIS - GABINETE MILITAR;1922.99.0.1.99.000;8;57;OUTRAS RESTITUIÇÕES - PRINC. - DEMAIS;1000,00
ADVOCACIA GERAL DO ESTADO - AGE;ADVOCACIA GERAL DO ESTADO - AGE;1000.00.0.0.00.000;1;;RECEITAS CORRENTES;351000,00
ADVOCACIA GERAL DO ESTADO - AGE;ADVOCACIA GERAL DO ESTADO - AGE;1300.00.0.0.00.000;2;;RECEITA PATRIMONIAL;100000,00
ADVOCACIA GERAL DO ESTADO - AGE;ADVOCACIA GERAL DO ESTADO - AGE;1320.00.0.0.00.000;3;;VALORES MOBILIÁRIOS;100000,00
ADVOCACIA GERAL DO ESTADO - AGE;ADVOCACIA GERAL DO ESTADO - AGE;1321.00.0.0.00.000;4;;JUROS E CORREÇÕES MONETÁRIAS;100000,00
ADVOCACIA GERAL DO ESTADO - AGE;ADVOCACIA GERAL DO ESTADO - AGE;1321.01.0.0.00.000;5;;REMUNERAÇÃO DE DEPÓSITOS BANCÁRIOS;100000,00
ADVOCACIA GERAL DO ESTADO - AGE;ADVOCACIA GERAL DO ESTADO - AGE;1321.01.0.1.00.000;7;;REMUNERAÇÃO DEPÓSITOS BANCÁRIOS - PRINCIPAL;100000,00
ADVOCACIA GERAL DO ESTADO - AGE;ADVOCACIA GERAL DO ESTADO - AGE;1321.01.0.1.01.000;8;9;REMUNERAÇÃO DEPÓSITOS BANCÁRIOS - PRINC.;100000,00
ADVOCACIA GERAL DO ESTADO - AGE;ADVOCACIA GERAL DO ESTADO - AGE;1700.00.0.0.00.000;2;;TRANSFERÊNCIAS CORRENTES;250000,00
ADVOCACIA GERAL DO ESTADO - AGE;ADVOCACIA GERAL DO ESTADO - AGE;1740.00.0.0.00.000;3;;TRANSFERÊNCIAS DE INSTITUIÇÕES PRIVADAS;250000,00
ADVOCACIA GERAL DO ESTADO - AGE;ADVOCACIA GERAL DO ESTADO - AGE;1741.00.0.0.00.000;4;;TRANSFERÊNCIAS DE INSTITUIÇÕES PRIVADAS;250000,00
ADVOCACIA GERAL DO ESTADO - AGE;ADVOCACIA GERAL DO ESTADO - AGE;1741.99.0.0.00.000;5;;OUTRAS TRANSFERÊNCIAS DE INSTITUIÇÕES PRIVADAS;250000,00
ADVOCACIA GERAL DO ESTADO - AGE;ADVOCACIA GERAL DO ESTADO - AGE;1741.99.0.1.00.000;7;;OUTRAS TRANSF. INSTIT. PRIVADAS - PRINCIPAL;250000,00
ADVOCACIA GERAL DO ESTADO - AGE;ADVOCACIA GERAL DO ESTADO - AGE;1741.99.0.1.33.000;8;;OUTRAS TRANSF. INSTIT. PRIVADAS - PRINC. - DEMAIS - AÇÕES ESSENCIAIS À JUSTIÇA;250000,00
ADVOCACIA GERAL DO ESTADO - AGE;ADVOCACIA GERAL DO ESTADO - AGE;1741.99.0.1.33.999;9;9;AÇÕES ESSENCIAIS JUSTIÇA - OUTROS;250000,00
ADVOCACIA GERAL DO ESTADO - AGE;ADVOCACIA GERAL DO ESTADO - AGE;1900.00.0.0.00.000;2;;OUTRAS RECEITAS CORRENTES;1000,00
ADVOCACIA GERAL DO ESTADO - AGE;ADVOCACIA GERAL DO ESTADO - AGE;1920.00.0.0.00.000;3;;INDENIZAÇÕES, RESTITUIÇÕES E RESSARCIMENTOS;1000,00
ADVOCACIA GERAL DO ESTADO - AGE;ADVOCACIA GERAL DO ESTADO - AGE;1922.00.0.0.00.000;4;;RESTITUIÇÕES;1000,00
ADVOCACIA GERAL DO ESTADO - AGE;ADVOCACIA GERAL DO ESTADO - AGE;1922.99.0.0.00.000;5;;OUTRAS RESTITUIÇÕES;1000,00
ADVOCACIA GERAL DO ESTADO - AGE;ADVOCACIA GERAL DO ESTADO - AGE;1922.99.0.1.00.000;7;;OUTRAS RESTITUIÇÕES - PRINCIPAL;1000,00
ADVOCACIA GERAL DO ESTADO - AGE;ADVOCACIA GERAL DO ESTADO - AGE;1922.99.0.1.99.000;8;9;OUTRAS RESTITUIÇÕES - PRINC. - DEMAIS;1000,00
ADVOCACIA GERAL DO ESTADO - AGE;ADVOCACIA GERAL DO ESTADO - AGE;2000.00.0.0.00.000;1;;RECEITAS DE CAPITAL;750000,00
ADVOCACIA GERAL DO ESTADO - AGE;ADVOCACIA GERAL DO ESTADO - AGE;2400.00.0.0.00.000;2;;TRANSFERÊNCIAS DE CAPITAL;750000,00
ADVOCACIA GERAL DO ESTADO - AGE;ADVOCACIA GERAL DO ESTADO - AGE;2440.00.0.0.00.000;3;;TRANSFERÊNCIAS DE INSTITUIÇÕES PRIVADAS;750000,00
ADVOCACIA GERAL DO ESTADO - AGE;ADVOCACIA GERAL DO ESTADO - AGE;2441.00.0.0.00.000;4;;TRANSFERÊNCIAS DE INSTITUIÇÕES PRIVADAS;750000,00
ADVOCACIA GERAL DO ESTADO - AGE;ADVOCACIA GERAL DO ESTADO - AGE;2441.99.0.0.00.000;5;;OUTRAS TRANSFERÊNCIAS DE INSTITUIÇÕES PRIVADAS;750000,00
ADVOCACIA GERAL DO ESTADO - AGE;ADVOCACIA GERAL DO ESTADO - AGE;2441.99.0.1.00.000;7;;OUTRAS TRANSF. INSTIT. PRIVADAS - PRINCIPAL;750000,00
ADVOCACIA GERAL DO ESTADO - AGE;ADVOCACIA GERAL DO ESTADO - AGE;2441.99.0.1.33.000;8;;OUTRAS TRANSF. INSTITUIÇÕES PRIVADAS - AÇÕES ESSENCIAIS À JUSTIÇA;750000,00
ADVOCACIA GERAL DO ESTADO - AGE;ADVOCACIA GERAL DO ESTADO - AGE;2441.99.0.1.33.999;9;9;AÇÕES ESSENCIAIS JUSTIÇA - OUTROS;750000,00
MINISTÉRIO PÚBLICO DO ESTADO DE MINAS GERAIS - MPMG;PROCURADORIA GERAL DE JUSTIÇA - PGJ;1000.00.0.0.00.000;1;;RECEITAS CORRENTES;121671000,00
MINISTÉRIO PÚBLICO DO ESTADO DE MINAS GERAIS - MPMG;PROCURADORIA GERAL DE JUSTIÇA - PGJ;1300.00.0.0.00.000;2;;RECEITA PATRIMONIAL;117521000,00
MINISTÉRIO PÚBLICO DO ESTADO DE MINAS GERAIS - MPMG;PROCURADORIA GERAL DE JUSTIÇA - PGJ;1310.00.0.0.00.000;3;;EXPLORAÇÃO DO PATRIMÔNIO IMOBILIÁRIO DO ESTADO;21000,00
MINISTÉRIO PÚBLICO DO ESTADO DE MINAS GERAIS - MPMG;PROCURADORIA GERAL DE JUSTIÇA - PGJ;1311.00.0.0.00.000;4;;EXPLORAÇÃO DO PATRIMÔNIO IMOBILIÁRIO DO ESTADO;21000,00
MINISTÉRIO PÚBLICO DO ESTADO DE MINAS GERAIS - MPMG;PROCURADORIA GERAL DE JUSTIÇA - PGJ;1311.01.0.0.00.000;5;;ALUGUÉIS, ARRENDAMENTOS, FOROS, LAUDÊMIOS, TARIFAS DE OCUPAÇÃO;21000,00
MINISTÉRIO PÚBLICO DO ESTADO DE MINAS GERAIS - MPMG;PROCURADORIA GERAL DE JUSTIÇA - PGJ;1311.01.1.0.00.000;6;;ALUGUÉIS E ARRENDAMENTOS;21000,00
MINISTÉRIO PÚBLICO DO ESTADO DE MINAS GERAIS - MPMG;PROCURADORIA GERAL DE JUSTIÇA - PGJ;1311.01.1.1.00.000;7;;ALUGUÉIS ARRENDAMENTOS - PRINCIPAL;21000,00
MINISTÉRIO PÚBLICO DO ESTADO DE MINAS GERAIS - MPMG;PROCURADORIA GERAL DE JUSTIÇA - PGJ;1311.01.1.1.02.000;8;60;ALUGUÉIS ARRENDAMENTOS - PRINC. - ARRENDAMENTOS;21000,00
MINISTÉRIO PÚBLICO DO ESTADO DE MINAS GERAIS - MPMG;PROCURADORIA GERAL DE JUSTIÇA - PGJ;1320.00.0.0.00.000;3;;VALORES MOBILIÁRIOS;60500000,00
MINISTÉRIO PÚBLICO DO ESTADO DE MINAS GERAIS - MPMG;PROCURADORIA GERAL DE JUSTIÇA - PGJ;1321.00.0.0.00.000;4;;JUROS E CORREÇÕES MONETÁRIAS;60500000,00
MINISTÉRIO PÚBLICO DO ESTADO DE MINAS GERAIS - MPMG;PROCURADORIA GERAL DE JUSTIÇA - PGJ;1321.01.0.0.00.000;5;;REMUNERAÇÃO DE DEPÓSITOS BANCÁRIOS;60500000,00
MINISTÉRIO PÚBLICO DO ESTADO DE MINAS GERAIS - MPMG;PROCURADORIA GERAL DE JUSTIÇA - PGJ;1321.01.0.1.00.000;7;;REMUNERAÇÃO DEPÓSITOS BANCÁRIOS - PRINCIPAL;60500000,00
MINISTÉRIO PÚBLICO DO ESTADO DE MINAS GERAIS - MPMG;PROCURADORIA GERAL DE JUSTIÇA - PGJ;1321.01.0.1.01.000;8;47;REMUNERAÇÃO DEPÓSITOS BANCÁRIOS - PRINC.;500000,00
MINISTÉRIO PÚBLICO DO ESTADO DE MINAS GERAIS - MPMG;PROCURADORIA GERAL DE JUSTIÇA - PGJ;1321.01.0.1.01.000;8;60;REMUNERAÇÃO DEPÓSITOS BANCÁRIOS - PRINC.;60000000,00
MINISTÉRIO PÚBLICO DO ESTADO DE MINAS GERAIS - MPMG;PROCURADORIA GERAL DE JUSTIÇA - PGJ;1360.00.0.0.00.000;3;;CESSÃO DE DIREITOS;57000000,00
MINISTÉRIO PÚBLICO DO ESTADO DE MINAS GERAIS - MPMG;PROCURADORIA GERAL DE JUSTIÇA - PGJ;1361.00.0.0.00.000;4;;CESSÃO DE DIREITOS;57000000,00
MINISTÉRIO PÚBLICO DO ESTADO DE MINAS GERAIS - MPMG;PROCURADORIA GERAL DE JUSTIÇA - PGJ;1361.01.0.0.00.000;5;;CESSÃO DO DIREITO DE OPERACIONALIZAÇÃO DE PAGAMENTOS;57000000,00
MINISTÉRIO PÚBLICO DO ESTADO DE MINAS GERAIS - MPMG;PROCURADORIA GERAL DE JUSTIÇA - PGJ;1361.01.1.0.00.000;6;;CESSÃO DO DIREITO DE OPERACIONALIZAÇÃO DE PAGAMENTOS - PODERES EXECUTIVO E LEGISLATIVO;57000000,00
MINISTÉRIO PÚBLICO DO ESTADO DE MINAS GERAIS - MPMG;PROCURADORIA GERAL DE JUSTIÇA - PGJ;1361.01.1.1.00.000;7;;CESSÃO DIR. OPERAC. PAG. - PODERES EXECUTIVO LEGISLATIVO - PRINCIPAL;57000000,00
MINISTÉRIO PÚBLICO DO ESTADO DE MINAS GERAIS - MPMG;PROCURADORIA GERAL DE JUSTIÇA - PGJ;1361.01.1.1.01.000;8;60;CESSÃO DIR. OPERAC. PAG. - PODERES EXECUTIVO LEGISLATIVO - PRINC. - FOLHA DE PESSOAL;57000000,00
MINISTÉRIO PÚBLICO DO ESTADO DE MINAS GERAIS - MPMG;PROCURADORIA GERAL DE JUSTIÇA - PGJ;1600.00.0.0.00.000;2;;RECEITA DE SERVIÇOS;1995000,00
MINISTÉRIO PÚBLICO DO ESTADO DE MINAS GERAIS - MPMG;PROCURADORIA GERAL DE JUSTIÇA - PGJ;1610.00.0.0.00.000;3;;SERVIÇOS ADMINISTRATIVOS E COMERCIAIS GERAIS;1995000,00
MINISTÉRIO PÚBLICO DO ESTADO DE MINAS GERAIS - MPMG;PROCURADORIA GERAL DE JUSTIÇA - PGJ;1611.00.0.0.00.000;4;;SERVIÇOS ADMINISTRATIVOS E COMERCIAIS GERAIS;1995000,00
MINISTÉRIO PÚBLICO DO ESTADO DE MINAS GERAIS - MPMG;PROCURADORIA GERAL DE JUSTIÇA - PGJ;1611.02.0.0.00.000;5;;INSCRIÇÃO EM CONCURSOS E PROCESSOS SELETIVOS;1995000,00
MINISTÉRIO PÚBLICO DO ESTADO DE MINAS GERAIS - MPMG;PROCURADORIA GERAL DE JUSTIÇA - PGJ;1611.02.0.1.00.000;7;;INSCRIÇÃO CONCURSOS PROCESSOS SELETIVOS - PRINCIPAL;1995000,00
MINISTÉRIO PÚBLICO DO ESTADO DE MINAS GERAIS - MPMG;PROCURADORIA GERAL DE JUSTIÇA - PGJ;1611.02.0.1.01.000;8;60;INSCRIÇÃO CONCURSOS PROCESSOS SELETIVOS - PRINC.;1995000,00
MINISTÉRIO PÚBLICO DO ESTADO DE MINAS GERAIS - MPMG;PROCURADORIA GERAL DE JUSTIÇA - PGJ;1700.00.0.0.00.000;2;;TRANSFERÊNCIAS CORRENTES;1935000,00
MINISTÉRIO PÚBLICO DO ESTADO DE MINAS GERAIS - MPMG;PROCURADORIA GERAL DE JUSTIÇA - PGJ;1710.00.0.0.00.000;3;;TRANSFERÊNCIAS DA UNIÃO E DE SUAS ENTIDADES;1915000,00
MINISTÉRIO PÚBLICO DO ESTADO DE MINAS GERAIS - MPMG;PROCURADORIA GERAL DE JUSTIÇA - PGJ;1719.00.0.0.00.000;4;;OUTRAS TRANSFERÊNCIAS DE RECURSOS DA UNIÃO E DE SUAS ENTIDADES;1915000,00
MINISTÉRIO PÚBLICO DO ESTADO DE MINAS GERAIS - MPMG;PROCURADORIA GERAL DE JUSTIÇA - PGJ;1719.99.0.0.00.000;5;;OUTRAS TRANSFERÊNCIAS DE RECURSOS DA UNIÃO E DE SUAS ENTIDADES;1915000,00
MINISTÉRIO PÚBLICO DO ESTADO DE MINAS GERAIS - MPMG;PROCURADORIA GERAL DE JUSTIÇA - PGJ;1719.99.0.1.00.000;7;;OUTRAS TRANSF. UNIÃO ENTIDADES - PRINCIPAL;1915000,00
MINISTÉRIO PÚBLICO DO ESTADO DE MINAS GERAIS - MPMG;PROCURADORIA GERAL DE JUSTIÇA - PGJ;1719.99.0.1.99.000;8;;OUTRAS TRANSF. UNIÃO ENTIDADES - PRINC. - DEMAIS;1915000,00
MINISTÉRIO PÚBLICO DO ESTADO DE MINAS GERAIS - MPMG;PROCURADORIA GERAL DE JUSTIÇA - PGJ;1719.99.0.1.99.999;9;24;OUTRAS TRANSF. UNIÃO ENTIDADES - PRINC. - DEMAIS - OUTROS;1915000,00
MINISTÉRIO PÚBLICO DO ESTADO DE MINAS GERAIS - MPMG;PROCURADORIA GERAL DE JUSTIÇA - PGJ;1740.00.0.0.00.000;3;;TRANSFERÊNCIAS DE INSTITUIÇÕES PRIVADAS;20000,00
MINISTÉRIO PÚBLICO DO ESTADO DE MINAS GERAIS - MPMG;PROCURADORIA GERAL DE JUSTIÇA - PGJ;1741.00.0.0.00.000;4;;TRANSFERÊNCIAS DE INSTITUIÇÕES PRIVADAS;20000,00
MINISTÉRIO PÚBLICO DO ESTADO DE MINAS GERAIS - MPMG;PROCURADORIA GERAL DE JUSTIÇA - PGJ;1741.99.0.0.00.000;5;;OUTRAS TRANSFERÊNCIAS DE INSTITUIÇÕES PRIVADAS;20000,00
MINISTÉRIO PÚBLICO DO ESTADO DE MINAS GERAIS - MPMG;PROCURADORIA GERAL DE JUSTIÇA - PGJ;1741.99.0.1.00.000;7;;OUTRAS TRANSF. INSTIT. PRIVADAS - PRINCIPAL;20000,00
MINISTÉRIO PÚBLICO DO ESTADO DE MINAS GERAIS - MPMG;PROCURADORIA GERAL DE JUSTIÇA - PGJ;1741.99.0.1.33.000;8;;OUTRAS TRANSF. INSTIT. PRIVADAS - PRINC. - DEMAIS - AÇÕES ESSENCIAIS À JUSTIÇA;20000,00
MINISTÉRIO PÚBLICO DO ESTADO DE MINAS GERAIS - MPMG;PROCURADORIA GERAL DE JUSTIÇA - PGJ;1741.99.0.1.33.999;9;60;AÇÕES ESSENCIAIS JUSTIÇA - OUTROS;20000,00
MINISTÉRIO PÚBLICO DO ESTADO DE MINAS GERAIS - MPMG;PROCURADORIA GERAL DE JUSTIÇA - PGJ;1900.00.0.0.00.000;2;;OUTRAS RECEITAS CORRENTES;220000,00
MINISTÉRIO PÚBLICO DO ESTADO DE MINAS GERAIS - MPMG;PROCURADORIA GERAL DE JUSTIÇA - PGJ;1910.00.0.0.00.000;3;;MULTAS ADMINISTRATIVAS, CONTRATUAIS E JUDICIAIS;20000,00
MINISTÉRIO PÚBLICO DO ESTADO DE MINAS GERAIS - MPMG;PROCURADORIA GERAL DE JUSTIÇA - PGJ;1911.00.0.0.00.000;4;;MULTAS ADMINISTRATIVAS, CONTRATUAIS E JUDICIAIS;20000,00
MINISTÉRIO PÚBLICO DO ESTADO DE MINAS GERAIS - MPMG;PROCURADORIA GERAL DE JUSTIÇA - PGJ;1911.09.0.0.00.000;5;;MULTAS E JUROS PREVISTOS EM CONTRATOS;20000,00
MINISTÉRIO PÚBLICO DO ESTADO DE MINAS GERAIS - MPMG;PROCURADORIA GERAL DE JUSTIÇA - PGJ;1911.09.0.1.00.000;7;;MULTAS JUROS PREVISTOS CONTRATOS - PRINCIPAL;20000,00
MINISTÉRIO PÚBLICO DO ESTADO DE MINAS GERAIS - MPMG;PROCURADORIA GERAL DE JUSTIÇA - PGJ;1911.09.0.1.99.000;8;60;MULTAS JUROS PREVISTOS CONTRATOS - PRINC. - DEMAIS;20000,00
MINISTÉRIO PÚBLICO DO ESTADO DE MINAS GERAIS - MPMG;PROCURADORIA GERAL DE JUSTIÇA - PGJ;1920.00.0.0.00.000;3;;INDENIZAÇÕES, RESTITUIÇÕES E RESSARCIMENTOS;200000,00
MINISTÉRIO PÚBLICO DO ESTADO DE MINAS GERAIS - MPMG;PROCURADORIA GERAL DE JUSTIÇA - PGJ;1922.00.0.0.00.000;4;;RESTITUIÇÕES;200000,00
MINISTÉRIO PÚBLICO DO ESTADO DE MINAS GERAIS - MPMG;PROCURADORIA GERAL DE JUSTIÇA - PGJ;1922.99.0.0.00.000;5;;OUTRAS RESTITUIÇÕES;200000,00
MINISTÉRIO PÚBLICO DO ESTADO DE MINAS GERAIS - MPMG;PROCURADORIA GERAL DE JUSTIÇA - PGJ;1922.99.0.1.00.000;7;;OUTRAS RESTITUIÇÕES - PRINCIPAL;200000,00
MINISTÉRIO PÚBLICO DO ESTADO DE MINAS GERAIS - MPMG;PROCURADORIA GERAL DE JUSTIÇA - PGJ;1922.99.0.1.99.000;8;60;OUTRAS RESTITUIÇÕES - PRINC. - DEMAIS;200000,00
MINISTÉRIO PÚBLICO DO ESTADO DE MINAS GERAIS - MPMG;PROCURADORIA GERAL DE JUSTIÇA - PGJ;2000.00.0.0.00.000;1;;RECEITAS DE CAPITAL;7080000,00
MINISTÉRIO PÚBLICO DO ESTADO DE MINAS GERAIS - MPMG;PROCURADORIA GERAL DE JUSTIÇA - PGJ;2200.00.0.0.00.000;2;;ALIENAÇÃO DE BENS;2580000,00
MINISTÉRIO PÚBLICO DO ESTADO DE MINAS GERAIS - MPMG;PROCURADORIA GERAL DE JUSTIÇA - PGJ;2210.00.0.0.00.000;3;;ALIENAÇÃO DE BENS MÓVEIS;2580000,00
MINISTÉRIO PÚBLICO DO ESTADO DE MINAS GERAIS - MPMG;PROCURADORIA GERAL DE JUSTIÇA - PGJ;2213.00.0.0.00.000;4;;ALIENAÇÃO DE BENS MÓVEIS E SEMOVENTES;2580000,00
MINISTÉRIO PÚBLICO DO ESTADO DE MINAS GERAIS - MPMG;PROCURADORIA GERAL DE JUSTIÇA - PGJ;2213.01.0.0.00.000;5;;ALIENAÇÃO DE BENS MÓVEIS E SEMOVENTES;2580000,00
MINISTÉRIO PÚBLICO DO ESTADO DE MINAS GERAIS - MPMG;PROCURADORIA GERAL DE JUSTIÇA - PGJ;2213.01.0.1.00.000;7;;ALIENAÇÃO BENS MÓVEIS SEMOVENTES - PRINCIPAL;2580000,00
MINISTÉRIO PÚBLICO DO ESTADO DE MINAS GERAIS - MPMG;PROCURADORIA GERAL DE JUSTIÇA - PGJ;2213.01.0.1.01.000;8;47;ALIENAÇÃO BENS MÓVEIS SEMOVENTES - PRINC.;2580000,00
MINISTÉRIO PÚBLICO DO ESTADO DE MINAS GERAIS - MPMG;PROCURADORIA GERAL DE JUSTIÇA - PGJ;2400.00.0.0.00.000;2;;TRANSFERÊNCIAS DE CAPITAL;4500000,00
MINISTÉRIO PÚBLICO DO ESTADO DE MINAS GERAIS - MPMG;PROCURADORIA GERAL DE JUSTIÇA - PGJ;2430.00.0.0.00.000;3;;TRANSFERÊNCIAS DOS MUNICÍPIOS E DE SUAS ENTIDADES;4500000,00
MINISTÉRIO PÚBLICO DO ESTADO DE MINAS GERAIS - MPMG;PROCURADORIA GERAL DE JUSTIÇA - PGJ;2432.00.0.0.00.000;4;;TRANSFERÊNCIAS DE CONVÊNIOS DOS MUNICÍPIOS E DE SUAS ENTIDADES;4500000,00
MINISTÉRIO PÚBLICO DO ESTADO DE MINAS GERAIS - MPMG;PROCURADORIA GERAL DE JUSTIÇA - PGJ;2432.99.0.0.00.000;5;;OUTRAS TRANSFERÊNCIAS DE CONVÊNIOS DOS MUNICÍPIOS E DE SUAS ENTIDADES;4500000,00
MINISTÉRIO PÚBLICO DO ESTADO DE MINAS GERAIS - MPMG;PROCURADORIA GERAL DE JUSTIÇA - PGJ;2432.99.0.1.00.000;7;;OUTRAS TRANSF. CONVÊNIOS MUNICÍPIOS ENTIDADES - PRINCIPAL;4500000,00
MINISTÉRIO PÚBLICO DO ESTADO DE MINAS GERAIS - MPMG;PROCURADORIA GERAL DE JUSTIÇA - PGJ;2432.99.0.1.05.000;8;;OUTRAS TRANSF. CONVÊNIOS MUNICÍPIOS ENTIDADES - PRINC. - AÇÕES ESSENCIAIS À JUSTIÇA;4500000,00
MINISTÉRIO PÚBLICO DO ESTADO DE MINAS GERAIS - MPMG;PROCURADORIA GERAL DE JUSTIÇA - PGJ;2432.99.0.1.05.001;9;70;AÇÕES ESSENCIAIS JUSTIÇA - DIVERSOS MUNICÍPIOS;4500000,00
SECRETARIA DE ESTADO DE FAZENDA - SEF;SECRETARIA DE ESTADO DE FAZENDA - SEF;1000.00.0.0.00.000;1;;RECEITAS CORRENTES;3606000,00
SECRETARIA DE ESTADO DE FAZENDA - SEF;SECRETARIA DE ESTADO DE FAZENDA - SEF;1300.00.0.0.00.000;2;;RECEITA PATRIMONIAL;3602000,00
SECRETARIA DE ESTADO DE FAZENDA - SEF;SECRETARIA DE ESTADO DE FAZENDA - SEF;1320.00.0.0.00.000;3;;VALORES MOBILIÁRIOS;3602000,00
SECRETARIA DE ESTADO DE FAZENDA - SEF;SECRETARIA DE ESTADO DE FAZENDA - SEF;1321.00.0.0.00.000;4;;JUROS E CORREÇÕES MONETÁRIAS;3602000,00
SECRETARIA DE ESTADO DE FAZENDA - SEF;SECRETARIA DE ESTADO DE FAZENDA - SEF;1321.01.0.0.00.000;5;;REMUNERAÇÃO DE DEPÓSITOS BANCÁRIOS;3602000,00
SECRETARIA DE ESTADO DE FAZENDA - SEF;SECRETARIA DE ESTADO DE FAZENDA - SEF;1321.01.0.1.00.000;7;;REMUNERAÇÃO DEPÓSITOS BANCÁRIOS - PRINCIPAL;3602000,00
SECRETARIA DE ESTADO DE FAZENDA - SEF;SECRETARIA DE ESTADO DE FAZENDA - SEF;1321.01.0.1.01.000;8;9;REMUNERAÇÃO DEPÓSITOS BANCÁRIOS - PRINC.;2000,00
SECRETARIA DE ESTADO DE FAZENDA - SEF;SECRETARIA DE ESTADO DE FAZENDA - SEF;1321.01.0.1.01.000;8;74;REMUNERAÇÃO DEPÓSITOS BANCÁRIOS - PRINC.;3600000,00
SECRETARIA DE ESTADO DE FAZENDA - SEF;SECRETARIA DE ESTADO DE FAZENDA - SEF;1700.00.0.0.00.000;2;;TRANSFERÊNCIAS CORRENTES;1000,00
SECRETARIA DE ESTADO DE FAZENDA - SEF;SECRETARIA DE ESTADO DE FAZENDA - SEF;1740.00.0.0.00.000;3;;TRANSFERÊNCIAS DE INSTITUIÇÕES PRIVADAS;1000,00
SECRETARIA DE ESTADO DE FAZENDA - SEF;SECRETARIA DE ESTADO DE FAZENDA - SEF;1741.00.0.0.00.000;4;;TRANSFERÊNCIAS DE INSTITUIÇÕES PRIVADAS;1000,00
SECRETARIA DE ESTADO DE FAZENDA - SEF;SECRETARIA DE ESTADO DE FAZENDA - SEF;1741.99.0.0.00.000;5;;OUTRAS TRANSFERÊNCIAS DE INSTITUIÇÕES PRIVADAS;1000,00
SECRETARIA DE ESTADO DE FAZENDA - SEF;SECRETARIA DE ESTADO DE FAZENDA - SEF;1741.99.0.1.00.000;7;;OUTRAS TRANSF. INSTIT. PRIVADAS - PRINCIPAL;1000,00
SECRETARIA DE ESTADO DE FAZENDA - SEF;SECRETARIA DE ESTADO DE FAZENDA - SEF;1741.99.0.1.34.000;8;;OUTRAS TRANSF. INSTIT. PRIVADAS - PRINC. - DEMAIS - ADMINISTRAÇÃO E ATIVIDADE FISCAL;1000,00
SECRETARIA DE ESTADO DE FAZENDA - SEF;SECRETARIA DE ESTADO DE FAZENDA - SEF;1741.99.0.1.34.999;9;9;ADM. ATIV. FISCAL - OUTROS;1000,00
SECRETARIA DE ESTADO DE FAZENDA - SEF;SECRETARIA DE ESTADO DE FAZENDA - SEF;1900.00.0.0.00.000;2;;OUTRAS RECEITAS CORRENTES;3000,00
SECRETARIA DE ESTADO DE FAZENDA - SEF;SECRETARIA DE ESTADO DE FAZENDA - SEF;1920.00.0.0.00.000;3;;INDENIZAÇÕES, RESTITUIÇÕES E RESSARCIMENTOS;3000,00
SECRETARIA DE ESTADO DE FAZENDA - SEF;SECRETARIA DE ESTADO DE FAZENDA - SEF;1922.00.0.0.00.000;4;;RESTITUIÇÕES;3000,00
SECRETARIA DE ESTADO DE FAZENDA - SEF;SECRETARIA DE ESTADO DE FAZENDA - SEF;1922.99.0.0.00.000;5;;OUTRAS RESTITUIÇÕES;3000,00
SECRETARIA DE ESTADO DE FAZENDA - SEF;SECRETARIA DE ESTADO DE FAZENDA - SEF;1922.99.0.1.00.000;7;;OUTRAS RESTITUIÇÕES - PRINCIPAL;3000,00
SECRETARIA DE ESTADO DE FAZENDA - SEF;SECRETARIA DE ESTADO DE FAZENDA - SEF;1922.99.0.1.99.000;8;9;OUTRAS RESTITUIÇÕES - PRINC. - DEMAIS;2000,00
SECRETARIA DE ESTADO DE FAZENDA - SEF;SECRETARIA DE ESTADO DE FAZENDA - SEF;1922.99.0.1.99.000;8;74;OUTRAS RESTITUIÇÕES - PRINC. - DEMAIS;1000,00
SECRETARIA DE ESTADO DE FAZENDA - SEF;SECRETARIA DE ESTADO DE FAZENDA - SEF;2000.00.0.0.00.000;1;;RECEITAS DE CAPITAL;20200000,00
SECRETARIA DE ESTADO DE FAZENDA - SEF;SECRETARIA DE ESTADO DE FAZENDA - SEF;2400.00.0.0.00.000;2;;TRANSFERÊNCIAS DE CAPITAL;20200000,00
SECRETARIA DE ESTADO DE FAZENDA - SEF;SECRETARIA DE ESTADO DE FAZENDA - SEF;2440.00.0.0.00.000;3;;TRANSFERÊNCIAS DE INSTITUIÇÕES PRIVADAS;20200000,00
SECRETARIA DE ESTADO DE FAZENDA - SEF;SECRETARIA DE ESTADO DE FAZENDA - SEF;2441.00.0.0.00.000;4;;TRANSFERÊNCIAS DE INSTITUIÇÕES PRIVADAS;20200000,00
SECRETARIA DE ESTADO DE FAZENDA - SEF;SECRETARIA DE ESTADO DE FAZENDA - SEF;2441.99.0.0.00.000;5;;OUTRAS TRANSFERÊNCIAS DE INSTITUIÇÕES PRIVADAS;20200000,00
SECRETARIA DE ESTADO DE FAZENDA - SEF;SECRETARIA DE ESTADO DE FAZENDA - SEF;2441.99.0.1.00.000;7;;OUTRAS TRANSF. INSTIT. PRIVADAS - PRINCIPAL;20200000,00
SECRETARIA DE ESTADO DE FAZENDA - SEF;SECRETARIA DE ESTADO DE FAZENDA - SEF;2441.99.0.1.07.000;8;;OUTRAS TRANSF. INSTIT. PRIVADAS - PRINC. - CONVÊNIOS - ADMINISTRAÇÃO E ATIVIDADE FISCAL;20200000,00
SECRETARIA DE ESTADO DE FAZENDA - SEF;SECRETARIA DE ESTADO DE FAZENDA - SEF;2441.99.0.1.07.001;9;74;ADM. ATIV. FISCAL - EMPRESAS DO SETOR SUCROENERGÉTICO;20200000,00
SECRETARIA DE ESTADO DE DESENVOLVIMENTO ECONÔMICO - SEDE;SECRETARIA DE ESTADO DE DESENVOLVIMENTO ECONÔMICO - SEDE;1000.00.0.0.00.000;1;;RECEITAS CORRENTES;313841,00
SECRETARIA DE ESTADO DE DESENVOLVIMENTO ECONÔMICO - SEDE;SECRETARIA DE ESTADO DE DESENVOLVIMENTO ECONÔMICO - SEDE;1300.00.0.0.00.000;2;;RECEITA PATRIMONIAL;5000,00
SECRETARIA DE ESTADO DE DESENVOLVIMENTO ECONÔMICO - SEDE;SECRETARIA DE ESTADO DE DESENVOLVIMENTO ECONÔMICO - SEDE;1320.00.0.0.00.000;3;;VALORES MOBILIÁRIOS;5000,00
SECRETARIA DE ESTADO DE DESENVOLVIMENTO ECONÔMICO - SEDE;SECRETARIA DE ESTADO DE DESENVOLVIMENTO ECONÔMICO - SEDE;1321.00.0.0.00.000;4;;JUROS E CORREÇÕES MONETÁRIAS;5000,00
SECRETARIA DE ESTADO DE DESENVOLVIMENTO ECONÔMICO - SEDE;SECRETARIA DE ESTADO DE DESENVOLVIMENTO ECONÔMICO - SEDE;1321.01.0.0.00.000;5;;REMUNERAÇÃO DE DEPÓSITOS BANCÁRIOS;5000,00
SECRETARIA DE ESTADO DE DESENVOLVIMENTO ECONÔMICO - SEDE;SECRETARIA DE ESTADO DE DESENVOLVIMENTO ECONÔMICO - SEDE;1321.01.0.1.00.000;7;;REMUNERAÇÃO DEPÓSITOS BANCÁRIOS - PRINCIPAL;5000,00
SECRETARIA DE ESTADO DE DESENVOLVIMENTO ECONÔMICO - SEDE;SECRETARIA DE ESTADO DE DESENVOLVIMENTO ECONÔMICO - SEDE;1321.01.0.1.01.000;8;24;REMUNERAÇÃO DEPÓSITOS BANCÁRIOS - PRINC.;4000,00
SECRETARIA DE ESTADO DE DESENVOLVIMENTO ECONÔMICO - SEDE;SECRETARIA DE ESTADO DE DESENVOLVIMENTO ECONÔMICO - SEDE;1321.01.0.1.01.000;8;98;REMUNERAÇÃO DEPÓSITOS BANCÁRIOS - PRINC.;1000,00
SECRETARIA DE ESTADO DE DESENVOLVIMENTO ECONÔMICO - SEDE;SECRETARIA DE ESTADO DE DESENVOLVIMENTO ECONÔMICO - SEDE;1600.00.0.0.00.000;2;;RECEITA DE SERVIÇOS;1500,00
SECRETARIA DE ESTADO DE DESENVOLVIMENTO ECONÔMICO - SEDE;SECRETARIA DE ESTADO DE DESENVOLVIMENTO ECONÔMICO - SEDE;1610.00.0.0.00.000;3;;SERVIÇOS ADMINISTRATIVOS E COMERCIAIS GERAIS;1500,00
SECRETARIA DE ESTADO DE DESENVOLVIMENTO ECONÔMICO - SEDE;SECRETARIA DE ESTADO DE DESENVOLVIMENTO ECONÔMICO - SEDE;1611.00.0.0.00.000;4;;SERVIÇOS ADMINISTRATIVOS E COMERCIAIS GERAIS;1500,00
SECRETARIA DE ESTADO DE DESENVOLVIMENTO ECONÔMICO - SEDE;SECRETARIA DE ESTADO DE DESENVOLVIMENTO ECONÔMICO - SEDE;1611.01.0.0.00.000;5;;SERVIÇOS ADMINISTRATIVOS E COMERCIAIS GERAIS;1500,00
SECRETARIA DE ESTADO DE DESENVOLVIMENTO ECONÔMICO - SEDE;SECRETARIA DE ESTADO DE DESENVOLVIMENTO ECONÔMICO - SEDE;1611.01.0.1.00.000;7;;SERVIÇOS ADM. COMERC. GER. - PRINCIPAL;1500,00
SECRETARIA DE ESTADO DE DESENVOLVIMENTO ECONÔMICO - SEDE;SECRETARIA DE ESTADO DE DESENVOLVIMENTO ECONÔMICO - SEDE;1611.01.0.1.19.000;8;60;SERVIÇOS ADM. COMERC. GER. - PRINC. - REGULARIZAÇÃO FUNDIÁRIA;1500,00
SECRETARIA DE ESTADO DE DESENVOLVIMENTO ECONÔMICO - SEDE;SECRETARIA DE ESTADO DE DESENVOLVIMENTO ECONÔMICO - SEDE;1700.00.0.0.00.000;2;;TRANSFERÊNCIAS CORRENTES;307341,00
SECRETARIA DE ESTADO DE DESENVOLVIMENTO ECONÔMICO - SEDE;SECRETARIA DE ESTADO DE DESENVOLVIMENTO ECONÔMICO - SEDE;1710.00.0.0.00.000;3;;TRANSFERÊNCIAS DA UNIÃO E DE SUAS ENTIDADES;307341,00
SECRETARIA DE ESTADO DE DESENVOLVIMENTO ECONÔMICO - SEDE;SECRETARIA DE ESTADO DE DESENVOLVIMENTO ECONÔMICO - SEDE;1719.00.0.0.00.000;4;;OUTRAS TRANSFERÊNCIAS DE RECURSOS DA UNIÃO E DE SUAS ENTIDADES;307341,00
SECRETARIA DE ESTADO DE DESENVOLVIMENTO ECONÔMICO - SEDE;SECRETARIA DE ESTADO DE DESENVOLVIMENTO ECONÔMICO - SEDE;1719.57.0.0.00.000;5;;TRANSFERÊNCIA ESPECIAL DA UNIÃO;307341,00
SECRETARIA DE ESTADO DE DESENVOLVIMENTO ECONÔMICO - SEDE;SECRETARIA DE ESTADO DE DESENVOLVIMENTO ECONÔMICO - SEDE;1719.57.0.1.00.000;7;;TRANSF. ESPECIAL UNIÃO - PRINCIPAL;307341,00
SECRETARIA DE ESTADO DE DESENVOLVIMENTO ECONÔMICO - SEDE;SECRETARIA DE ESTADO DE DESENVOLVIMENTO ECONÔMICO - SEDE;1719.57.0.1.01.000;8;98;TRANSF. ESPECIAL UNIÃO - PRINC. - EMENDAS PARLAMENTARES INDIVIDUAIS;307341,00
SECRETARIA DE ESTADO DE DESENVOLVIMENTO ECONÔMICO - SEDE;SECRETARIA DE ESTADO DE DESENVOLVIMENTO ECONÔMICO - SEDE;2000.00.0.0.00.000;1;;RECEITAS DE CAPITAL;3005520,00
SECRETARIA DE ESTADO DE DESENVOLVIMENTO ECONÔMICO - SEDE;SECRETARIA DE ESTADO DE DESENVOLVIMENTO ECONÔMICO - SEDE;2400.00.0.0.00.000;2;;TRANSFERÊNCIAS DE CAPITAL;3005520,00
SECRETARIA DE ESTADO DE DESENVOLVIMENTO ECONÔMICO - SEDE;SECRETARIA DE ESTADO DE DESENVOLVIMENTO ECONÔMICO - SEDE;2410.00.0.0.00.000;3;;TRANSFERÊNCIAS DA UNIÃO E DE SUAS ENTIDADES;3005520,00
SECRETARIA DE ESTADO DE DESENVOLVIMENTO ECONÔMICO - SEDE;SECRETARIA DE ESTADO DE DESENVOLVIMENTO ECONÔMICO - SEDE;2414.00.0.0.00.000;4;;TRANSFERÊNCIAS DE CONVÊNIOS DA UNIÃO E DE SUAS ENTIDADES;3005520,00
SECRETARIA DE ESTADO DE DESENVOLVIMENTO ECONÔMICO - SEDE;SECRETARIA DE ESTADO DE DESENVOLVIMENTO ECONÔMICO - SEDE;2414.52.0.0.00.000;5;;TRANSFERÊNCIAS DE CONVÊNIOS DA UNIÃO DESTINADAS A PROGRAMAS DE SANEAMENTO BÁSICO;3005520,00
SECRETARIA DE ESTADO DE DESENVOLVIMENTO ECONÔMICO - SEDE;SECRETARIA DE ESTADO DE DESENVOLVIMENTO ECONÔMICO - SEDE;2414.52.0.1.00.000;7;;TRANSF. CONVÊNIOS UNIÃO SANEAMENTO - PRINCIPAL;3005520,00
SECRETARIA DE ESTADO DE DESENVOLVIMENTO ECONÔMICO - SEDE;SECRETARIA DE ESTADO DE DESENVOLVIMENTO ECONÔMICO - SEDE;2414.52.0.1.01.000;8;24;SANEAMENTO - MINISTÉRIO DO DESENVOLVIMENTO REGIONAL;3005520,00
SECRETARIA DE ESTADO DE AGRICULTURA, PECUÁRIA E ABASTECIMENTO - SEAPA;SECRETARIA DE ESTADO DE AGRICULTURA, PECUÁRIA E ABASTECIMENTO - SEAPA;1000.00.0.0.00.000;1;;RECEITAS CORRENTES;24926129,00
SECRETARIA DE ESTADO DE AGRICULTURA, PECUÁRIA E ABASTECIMENTO - SEAPA;SECRETARIA DE ESTADO DE AGRICULTURA, PECUÁRIA E ABASTECIMENTO - SEAPA;1300.00.0.0.00.000;2;;RECEITA PATRIMONIAL;11318454,00
SECRETARIA DE ESTADO DE AGRICULTURA, PECUÁRIA E ABASTECIMENTO - SEAPA;SECRETARIA DE ESTADO DE AGRICULTURA, PECUÁRIA E ABASTECIMENTO - SEAPA;1320.00.0.0.00.000;3;;VALORES MOBILIÁRIOS;192000,00
SECRETARIA DE ESTADO DE AGRICULTURA, PECUÁRIA E ABASTECIMENTO - SEAPA;SECRETARIA DE ESTADO DE AGRICULTURA, PECUÁRIA E ABASTECIMENTO - SEAPA;1321.00.0.0.00.000;4;;JUROS E CORREÇÕES MONETÁRIAS;192000,00
SECRETARIA DE ESTADO DE AGRICULTURA, PECUÁRIA E ABASTECIMENTO - SEAPA;SECRETARIA DE ESTADO DE AGRICULTURA, PECUÁRIA E ABASTECIMENTO - SEAPA;1321.01.0.0.00.000;5;;REMUNERAÇÃO DE DEPÓSITOS BANCÁRIOS;192000,00
SECRETARIA DE ESTADO DE AGRICULTURA, PECUÁRIA E ABASTECIMENTO - SEAPA;SECRETARIA DE ESTADO DE AGRICULTURA, PECUÁRIA E ABASTECIMENTO - SEAPA;1321.01.0.1.00.000;7;;REMUNERAÇÃO DEPÓSITOS BANCÁRIOS - PRINCIPAL;192000,00
SECRETARIA DE ESTADO DE AGRICULTURA, PECUÁRIA E ABASTECIMENTO - SEAPA;SECRETARIA DE ESTADO DE AGRICULTURA, PECUÁRIA E ABASTECIMENTO - SEAPA;1321.01.0.1.01.000;8;1;REMUNERAÇÃO DEPÓSITOS BANCÁRIOS - PRINC.;1000,00
SECRETARIA DE ESTADO DE AGRICULTURA, PECUÁRIA E ABASTECIMENTO - SEAPA;SECRETARIA DE ESTADO DE AGRICULTURA, PECUÁRIA E ABASTECIMENTO - SEAPA;1321.01.0.1.01.000;8;24;REMUNERAÇÃO DEPÓSITOS BANCÁRIOS - PRINC.;11000,00
SECRETARIA DE ESTADO DE AGRICULTURA, PECUÁRIA E ABASTECIMENTO - SEAPA;SECRETARIA DE ESTADO DE AGRICULTURA, PECUÁRIA E ABASTECIMENTO - SEAPA;1321.01.0.1.01.000;8;69;REMUNERAÇÃO DEPÓSITOS BANCÁRIOS - PRINC.;180000,00
SECRETARIA DE ESTADO DE AGRICULTURA, PECUÁRIA E ABASTECIMENTO - SEAPA;SECRETARIA DE ESTADO DE AGRICULTURA, PECUÁRIA E ABASTECIMENTO - SEAPA;1340.00.0.0.00.000;3;;EXPLORAÇÃO DE RECURSOS NATURAIS;11126454,00
SECRETARIA DE ESTADO DE AGRICULTURA, PECUÁRIA E ABASTECIMENTO - SEAPA;SECRETARIA DE ESTADO DE AGRICULTURA, PECUÁRIA E ABASTECIMENTO - SEAPA;1349.00.0.0.00.000;4;;EXPLORAÇÃO DE OUTROS RECURSOS NATURAIS;11126454,00
SECRETARIA DE ESTADO DE AGRICULTURA, PECUÁRIA E ABASTECIMENTO - SEAPA;SECRETARIA DE ESTADO DE AGRICULTURA, PECUÁRIA E ABASTECIMENTO - SEAPA;1349.01.0.0.00.000;5;;COMPENSAÇÕES AMBIENTAIS;11126454,00
SECRETARIA DE ESTADO DE AGRICULTURA, PECUÁRIA E ABASTECIMENTO - SEAPA;SECRETARIA DE ESTADO DE AGRICULTURA, PECUÁRIA E ABASTECIMENTO - SEAPA;1349.01.0.1.00.000;7;;COMPENSAÇÕES AMBIENTAIS - PRINCIPAL;11126454,00
SECRETARIA DE ESTADO DE AGRICULTURA, PECUÁRIA E ABASTECIMENTO - SEAPA;SECRETARIA DE ESTADO DE AGRICULTURA, PECUÁRIA E ABASTECIMENTO - SEAPA;1349.01.0.1.03.000;8;59;COMPENSAÇÕES AMBIENTAIS - PRINC. - SUPRESSÃO DO PEQUI;11126454,00
SECRETARIA DE ESTADO DE AGRICULTURA, PECUÁRIA E ABASTECIMENTO - SEAPA;SECRETARIA DE ESTADO DE AGRICULTURA, PECUÁRIA E ABASTECIMENTO - SEAPA;1700.00.0.0.00.000;2;;TRANSFERÊNCIAS CORRENTES;13603675,00
SECRETARIA DE ESTADO DE AGRICULTURA, PECUÁRIA E ABASTECIMENTO - SEAPA;SECRETARIA DE ESTADO DE AGRICULTURA, PECUÁRIA E ABASTECIMENTO - SEAPA;1710.00.0.0.00.000;3;;TRANSFERÊNCIAS DA UNIÃO E DE SUAS ENTIDADES;8578802,00
SECRETARIA DE ESTADO DE AGRICULTURA, PECUÁRIA E ABASTECIMENTO - SEAPA;SECRETARIA DE ESTADO DE AGRICULTURA, PECUÁRIA E ABASTECIMENTO - SEAPA;1717.00.0.0.00.000;4;;TRANSFERÊNCIAS DE CONVÊNIOS DA UNIÃO E DE SUAS ENTIDADES;8399402,00
SECRETARIA DE ESTADO DE AGRICULTURA, PECUÁRIA E ABASTECIMENTO - SEAPA;SECRETARIA DE ESTADO DE AGRICULTURA, PECUÁRIA E ABASTECIMENTO - SEAPA;1717.99.0.0.00.000;5;;OUTRAS TRANSFERÊNCIAS DE CONVÊNIOS DA UNIÃO E DE SUAS ENTIDADES;8399402,00
SECRETARIA DE ESTADO DE AGRICULTURA, PECUÁRIA E ABASTECIMENTO - SEAPA;SECRETARIA DE ESTADO DE AGRICULTURA, PECUÁRIA E ABASTECIMENTO - SEAPA;1717.99.0.1.00.000;7;;OUTRAS TRANSF. CONVÊNIOS UNIÃO ENTIDADES - PRINCIPAL;8399402,00
SECRETARIA DE ESTADO DE AGRICULTURA, PECUÁRIA E ABASTECIMENTO - SEAPA;SECRETARIA DE ESTADO DE AGRICULTURA, PECUÁRIA E ABASTECIMENTO - SEAPA;1717.99.0.1.05.000;8;;OUTRAS TRANSF. CONVÊNIOS UNIÃO ENTIDADES - PRINC. - AGROPECUÁRIA;8399402,00
SECRETARIA DE ESTADO DE AGRICULTURA, PECUÁRIA E ABASTECIMENTO - SEAPA;SECRETARIA DE ESTADO DE AGRICULTURA, PECUÁRIA E ABASTECIMENTO - SEAPA;1717.99.0.1.05.002;9;1;AGROPECUÁRIA - MINISTÉRIO DA AGRICULTURA, PECUÁRIA E ABASTECIMENTO;764000,00
SECRETARIA DE ESTADO DE AGRICULTURA, PECUÁRIA E ABASTECIMENTO - SEAPA;SECRETARIA DE ESTADO DE AGRICULTURA, PECUÁRIA E ABASTECIMENTO - SEAPA;1717.99.0.1.05.005;9;24;AGROPECUÁRIA - MINISTÉRIO DO DESENVOLVIMENTO REGIONAL;7635402,00
SECRETARIA DE ESTADO DE AGRICULTURA, PECUÁRIA E ABASTECIMENTO - SEAPA;SECRETARIA DE ESTADO DE AGRICULTURA, PECUÁRIA E ABASTECIMENTO - SEAPA;1719.00.0.0.00.000;4;;OUTRAS TRANSFERÊNCIAS DE RECURSOS DA UNIÃO E DE SUAS ENTIDADES;179400,00
SECRETARIA DE ESTADO DE AGRICULTURA, PECUÁRIA E ABASTECIMENTO - SEAPA;SECRETARIA DE ESTADO DE AGRICULTURA, PECUÁRIA E ABASTECIMENTO - SEAPA;1719.57.0.0.00.000;5;;TRANSFERÊNCIA ESPECIAL DA UNIÃO;179400,00
SECRETARIA DE ESTADO DE AGRICULTURA, PECUÁRIA E ABASTECIMENTO - SEAPA;SECRETARIA DE ESTADO DE AGRICULTURA, PECUÁRIA E ABASTECIMENTO - SEAPA;1719.57.0.1.00.000;7;;TRANSF. ESPECIAL UNIÃO - PRINCIPAL;179400,00
SECRETARIA DE ESTADO DE AGRICULTURA, PECUÁRIA E ABASTECIMENTO - SEAPA;SECRETARIA DE ESTADO DE AGRICULTURA, PECUÁRIA E ABASTECIMENTO - SEAPA;1719.57.0.1.01.000;8;98;TRANSF. ESPECIAL UNIÃO - PRINC. - EMENDAS PARLAMENTARES INDIVIDUAIS;179400,00
SECRETARIA DE ESTADO DE AGRICULTURA, PECUÁRIA E ABASTECIMENTO - SEAPA;SECRETARIA DE ESTADO DE AGRICULTURA, PECUÁRIA E ABASTECIMENTO - SEAPA;1720.00.0.0.00.000;3;;TRANSFERÊNCIAS DOS ESTADOS E DO DISTRITO FEDERAL E DE SUAS ENTIDADES;5024873,00
SECRETARIA DE ESTADO DE AGRICULTURA, PECUÁRIA E ABASTECIMENTO - SEAPA;SECRETARIA DE ESTADO DE AGRICULTURA, PECUÁRIA E ABASTECIMENTO - SEAPA;1724.00.0.0.00.000;4;;TRANSFERÊNCIAS DE CONVÊNIOS DOS ESTADOS E DF E DE SUAS ENTIDADES;5024873,00
SECRETARIA DE ESTADO DE AGRICULTURA, PECUÁRIA E ABASTECIMENTO - SEAPA;SECRETARIA DE ESTADO DE AGRICULTURA, PECUÁRIA E ABASTECIMENTO - SEAPA;1724.99.0.0.00.000;5;;OUTRAS TRANSFERÊNCIAS DE CONVÊNIOS DOS ESTADOS E DF E DE SUAS ENTIDADES;5024873,00
SECRETARIA DE ESTADO DE AGRICULTURA, PECUÁRIA E ABASTECIMENTO - SEAPA;SECRETARIA DE ESTADO DE AGRICULTURA, PECUÁRIA E ABASTECIMENTO - SEAPA;1724.99.0.1.00.000;7;;OUTRAS TRANSF. CONVÊNIOS ESTADOS DF ENTIDADES - PRINCIPAL;5024873,00
SECRETARIA DE ESTADO DE AGRICULTURA, PECUÁRIA E ABASTECIMENTO - SEAPA;SECRETARIA DE ESTADO DE AGRICULTURA, PECUÁRIA E ABASTECIMENTO - SEAPA;1724.99.0.1.08.000;8;;OUTRAS TRANSF. CONVÊNIOS ESTADOS DF ENTIDADES - PRINC. - AGROPECUÁRIA;5024873,00
SECRETARIA DE ESTADO DE AGRICULTURA, PECUÁRIA E ABASTECIMENTO - SEAPA;SECRETARIA DE ESTADO DE AGRICULTURA, PECUÁRIA E ABASTECIMENTO - SEAPA;1724.99.0.1.08.001;9;69;AGROPECUÁRIA - COMPANHIA DE DESENVOLVIMENTO DE MINAS GERAIS - CODEMGE;5024873,00
SECRETARIA DE ESTADO DE AGRICULTURA, PECUÁRIA E ABASTECIMENTO - SEAPA;SECRETARIA DE ESTADO DE AGRICULTURA, PECUÁRIA E ABASTECIMENTO - SEAPA;1900.00.0.0.00.000;2;;OUTRAS RECEITAS CORRENTES;4000,00
SECRETARIA DE ESTADO DE AGRICULTURA, PECUÁRIA E ABASTECIMENTO - SEAPA;SECRETARIA DE ESTADO DE AGRICULTURA, PECUÁRIA E ABASTECIMENTO - SEAPA;1920.00.0.0.00.000;3;;INDENIZAÇÕES, RESTITUIÇÕES E RESSARCIMENTOS;4000,00
SECRETARIA DE ESTADO DE AGRICULTURA, PECUÁRIA E ABASTECIMENTO - SEAPA;SECRETARIA DE ESTADO DE AGRICULTURA, PECUÁRIA E ABASTECIMENTO - SEAPA;1922.00.0.0.00.000;4;;RESTITUIÇÕES;4000,00
SECRETARIA DE ESTADO DE AGRICULTURA, PECUÁRIA E ABASTECIMENTO - SEAPA;SECRETARIA DE ESTADO DE AGRICULTURA, PECUÁRIA E ABASTECIMENTO - SEAPA;1922.99.0.0.00.000;5;;OUTRAS RESTITUIÇÕES;4000,00
SECRETARIA DE ESTADO DE AGRICULTURA, PECUÁRIA E ABASTECIMENTO - SEAPA;SECRETARIA DE ESTADO DE AGRICULTURA, PECUÁRIA E ABASTECIMENTO - SEAPA;1922.99.0.1.00.000;7;;OUTRAS RESTITUIÇÕES - PRINCIPAL;4000,00
SECRETARIA DE ESTADO DE AGRICULTURA, PECUÁRIA E ABASTECIMENTO - SEAPA;SECRETARIA DE ESTADO DE AGRICULTURA, PECUÁRIA E ABASTECIMENTO - SEAPA;1922.99.0.1.99.000;8;1;OUTRAS RESTITUIÇÕES - PRINC. - DEMAIS;1000,00
SECRETARIA DE ESTADO DE AGRICULTURA, PECUÁRIA E ABASTECIMENTO - SEAPA;SECRETARIA DE ESTADO DE AGRICULTURA, PECUÁRIA E ABASTECIMENTO - SEAPA;1922.99.0.1.99.000;8;24;OUTRAS RESTITUIÇÕES - PRINC. - DEMAIS;2000,00
SECRETARIA DE ESTADO DE AGRICULTURA, PECUÁRIA E ABASTECIMENTO - SEAPA;SECRETARIA DE ESTADO DE AGRICULTURA, PECUÁRIA E ABASTECIMENTO - SEAPA;1922.99.0.1.99.000;8;69;OUTRAS RESTITUIÇÕES - PRINC. - DEMAIS;1000,00
SECRETARIA DE ESTADO DE AGRICULTURA, PECUÁRIA E ABASTECIMENTO - SEAPA;SECRETARIA DE ESTADO DE AGRICULTURA, PECUÁRIA E ABASTECIMENTO - SEAPA;2000.00.0.0.00.000;1;;RECEITAS DE CAPITAL;2710257,00
SECRETARIA DE ESTADO DE AGRICULTURA, PECUÁRIA E ABASTECIMENTO - SEAPA;SECRETARIA DE ESTADO DE AGRICULTURA, PECUÁRIA E ABASTECIMENTO - SEAPA;2400.00.0.0.00.000;2;;TRANSFERÊNCIAS DE CAPITAL;2710257,00
SECRETARIA DE ESTADO DE AGRICULTURA, PECUÁRIA E ABASTECIMENTO - SEAPA;SECRETARIA DE ESTADO DE AGRICULTURA, PECUÁRIA E ABASTECIMENTO - SEAPA;2410.00.0.0.00.000;3;;TRANSFERÊNCIAS DA UNIÃO E DE SUAS ENTIDADES;2710257,00
SECRETARIA DE ESTADO DE AGRICULTURA, PECUÁRIA E ABASTECIMENTO - SEAPA;SECRETARIA DE ESTADO DE AGRICULTURA, PECUÁRIA E ABASTECIMENTO - SEAPA;2419.00.0.0.00.000;4;;OUTRAS TRANSFERÊNCIAS DE RECURSOS DA UNIÃO E DE SUAS ENTIDADES;2710257,00
SECRETARIA DE ESTADO DE AGRICULTURA, PECUÁRIA E ABASTECIMENTO - SEAPA;SECRETARIA DE ESTADO DE AGRICULTURA, PECUÁRIA E ABASTECIMENTO - SEAPA;2419.51.0.0.00.000;5;;TRANSFERÊNCIA ESPECIAL DA UNIÃO;2710257,00
SECRETARIA DE ESTADO DE AGRICULTURA, PECUÁRIA E ABASTECIMENTO - SEAPA;SECRETARIA DE ESTADO DE AGRICULTURA, PECUÁRIA E ABASTECIMENTO - SEAPA;2419.51.0.1.00.000;7;;TRANSF. ESPECIAL UNIÃO - PRINCIPAL;2710257,00
SECRETARIA DE ESTADO DE AGRICULTURA, PECUÁRIA E ABASTECIMENTO - SEAPA;SECRETARIA DE ESTADO DE AGRICULTURA, PECUÁRIA E ABASTECIMENTO - SEAPA;2419.51.0.1.01.000;8;98;TRANSF. ESPECIAL UNIÃO - PRINC. - EMENDAS PARLAMENTARES INDIVIDUAIS;2710257,00
POLÍCIA MILITAR DO ESTADO DE MINAS GERAIS - PMMG;POLÍCIA MILITAR DO ESTADO DE MINAS GERAIS - PMMG;1000.00.0.0.00.000;1;;RECEITAS CORRENTES;137543710,00
POLÍCIA MILITAR DO ESTADO DE MINAS GERAIS - PMMG;POLÍCIA MILITAR DO ESTADO DE MINAS GERAIS - PMMG;1300.00.0.0.00.000;2;;RECEITA PATRIMONIAL;7691108,00
POLÍCIA MILITAR DO ESTADO DE MINAS GERAIS - PMMG;POLÍCIA MILITAR DO ESTADO DE MINAS GERAIS - PMMG;1310.00.0.0.00.000;3;;EXPLORAÇÃO DO PATRIMÔNIO IMOBILIÁRIO DO ESTADO;1925007,00
POLÍCIA MILITAR DO ESTADO DE MINAS GERAIS - PMMG;POLÍCIA MILITAR DO ESTADO DE MINAS GERAIS - PMMG;1311.00.0.0.00.000;4;;EXPLORAÇÃO DO PATRIMÔNIO IMOBILIÁRIO DO ESTADO;1925007,00
POLÍCIA MILITAR DO ESTADO DE MINAS GERAIS - PMMG;POLÍCIA MILITAR DO ESTADO DE MINAS GERAIS - PMMG;1311.01.0.0.00.000;5;;ALUGUÉIS, ARRENDAMENTOS, FOROS, LAUDÊMIOS, TARIFAS DE OCUPAÇÃO;241667,00
POLÍCIA MILITAR DO ESTADO DE MINAS GERAIS - PMMG;POLÍCIA MILITAR DO ESTADO DE MINAS GERAIS - PMMG;1311.01.2.0.00.000;6;;FOROS, LAUDÊMIOS E TARIFAS DE OCUPAÇÃO;241667,00
POLÍCIA MILITAR DO ESTADO DE MINAS GERAIS - PMMG;POLÍCIA MILITAR DO ESTADO DE MINAS GERAIS - PMMG;1311.01.2.1.00.000;7;;FOROS LAUDÊMIOS TARIFAS OCUPAÇÃO - PRINCIPAL;241667,00
POLÍCIA MILITAR DO ESTADO DE MINAS GERAIS - PMMG;POLÍCIA MILITAR DO ESTADO DE MINAS GERAIS - PMMG;1311.01.2.1.01.000;8;60;FOROS LAUDÊMIOS TARIFAS OCUPAÇÃO - PRINC. - TARIFA DE OCUPAÇÃO DE IMÓVEIS;241667,00
POLÍCIA MILITAR DO ESTADO DE MINAS GERAIS - PMMG;POLÍCIA MILITAR DO ESTADO DE MINAS GERAIS - PMMG;1311.02.0.0.00.000;5;;CONCESSÃO, PERMISSÃO, AUTORIZAÇÃO OU CESSÃO DO DIREITO DE USO DE BENS IMÓVEIS PÚBLICOS;1683340,00
POLÍCIA MILITAR DO ESTADO DE MINAS GERAIS - PMMG;POLÍCIA MILITAR DO ESTADO DE MINAS GERAIS - PMMG;1311.02.0.1.00.000;7;;CONC. PERM. AUTOR. CESSÃO DIR. USO BENS IMÓV. PÚB. - PRINCIPAL;1683340,00
POLÍCIA MILITAR DO ESTADO DE MINAS GERAIS - PMMG;POLÍCIA MILITAR DO ESTADO DE MINAS GERAIS - PMMG;1311.02.0.1.01.000;8;60;CONC. PERM. AUTOR. CESSÃO DIR. USO BENS IMÓV. PÚB. - PRINC. - CONCESSÃO DE DIREITO REAL DE USO DE ÁREA PÚBLICA;1683340,00
POLÍCIA MILITAR DO ESTADO DE MINAS GERAIS - PMMG;POLÍCIA MILITAR DO ESTADO DE MINAS GERAIS - PMMG;1320.00.0.0.00.000;3;;VALORES MOBILIÁRIOS;5766101,00
POLÍCIA MILITAR DO ESTADO DE MINAS GERAIS - PMMG;POLÍCIA MILITAR DO ESTADO DE MINAS GERAIS - PMMG;1321.00.0.0.00.000;4;;JUROS E CORREÇÕES MONETÁRIAS;5766101,00
POLÍCIA MILITAR DO ESTADO DE MINAS GERAIS - PMMG;POLÍCIA MILITAR DO ESTADO DE MINAS GERAIS - PMMG;1321.01.0.0.00.000;5;;REMUNERAÇÃO DE DEPÓSITOS BANCÁRIOS;5766101,00
POLÍCIA MILITAR DO ESTADO DE MINAS GERAIS - PMMG;POLÍCIA MILITAR DO ESTADO DE MINAS GERAIS - PMMG;1321.01.0.1.00.000;7;;REMUNERAÇÃO DEPÓSITOS BANCÁRIOS - PRINCIPAL;5766101,00
POLÍCIA MILITAR DO ESTADO DE MINAS GERAIS - PMMG;POLÍCIA MILITAR DO ESTADO DE MINAS GERAIS - PMMG;1321.01.0.1.01.000;8;1;REMUNERAÇÃO DEPÓSITOS BANCÁRIOS - PRINC.;1000,00
POLÍCIA MILITAR DO ESTADO DE MINAS GERAIS - PMMG;POLÍCIA MILITAR DO ESTADO DE MINAS GERAIS - PMMG;1321.01.0.1.01.000;8;2;REMUNERAÇÃO DEPÓSITOS BANCÁRIOS - PRINC.;1000,00
POLÍCIA MILITAR DO ESTADO DE MINAS GERAIS - PMMG;POLÍCIA MILITAR DO ESTADO DE MINAS GERAIS - PMMG;1321.01.0.1.01.000;8;24;REMUNERAÇÃO DEPÓSITOS BANCÁRIOS - PRINC.;571478,00
POLÍCIA MILITAR DO ESTADO DE MINAS GERAIS - PMMG;POLÍCIA MILITAR DO ESTADO DE MINAS GERAIS - PMMG;1321.01.0.1.01.000;8;45;REMUNERAÇÃO DEPÓSITOS BANCÁRIOS - PRINC.;18740,00
POLÍCIA MILITAR DO ESTADO DE MINAS GERAIS - PMMG;POLÍCIA MILITAR DO ESTADO DE MINAS GERAIS - PMMG;1321.01.0.1.01.000;8;60;REMUNERAÇÃO DEPÓSITOS BANCÁRIOS - PRINC.;500,00
POLÍCIA MILITAR DO ESTADO DE MINAS GERAIS - PMMG;POLÍCIA MILITAR DO ESTADO DE MINAS GERAIS - PMMG;1321.01.0.1.01.000;8;68;REMUNERAÇÃO DEPÓSITOS BANCÁRIOS - PRINC.;21896,00
POLÍCIA MILITAR DO ESTADO DE MINAS GERAIS - PMMG;POLÍCIA MILITAR DO ESTADO DE MINAS GERAIS - PMMG;1321.01.0.1.01.000;8;69;REMUNERAÇÃO DEPÓSITOS BANCÁRIOS - PRINC.;289400,00
POLÍCIA MILITAR DO ESTADO DE MINAS GERAIS - PMMG;POLÍCIA MILITAR DO ESTADO DE MINAS GERAIS - PMMG;1321.01.0.1.01.000;8;70;REMUNERAÇÃO DEPÓSITOS BANCÁRIOS - PRINC.;1448601,00
POLÍCIA MILITAR DO ESTADO DE MINAS GERAIS - PMMG;POLÍCIA MILITAR DO ESTADO DE MINAS GERAIS - PMMG;1321.01.0.1.01.000;8;73;REMUNERAÇÃO DEPÓSITOS BANCÁRIOS - PRINC.;3413486,00
POLÍCIA MILITAR DO ESTADO DE MINAS GERAIS - PMMG;POLÍCIA MILITAR DO ESTADO DE MINAS GERAIS - PMMG;1600.00.0.0.00.000;2;;RECEITA DE SERVIÇOS;5107347,00
POLÍCIA MILITAR DO ESTADO DE MINAS GERAIS - PMMG;POLÍCIA MILITAR DO ESTADO DE MINAS GERAIS - PMMG;1610.00.0.0.00.000;3;;SERVIÇOS ADMINISTRATIVOS E COMERCIAIS GERAIS;5107347,00
POLÍCIA MILITAR DO ESTADO DE MINAS GERAIS - PMMG;POLÍCIA MILITAR DO ESTADO DE MINAS GERAIS - PMMG;1611.00.0.0.00.000;4;;SERVIÇOS ADMINISTRATIVOS E COMERCIAIS GERAIS;5107347,00
POLÍCIA MILITAR DO ESTADO DE MINAS GERAIS - PMMG;POLÍCIA MILITAR DO ESTADO DE MINAS GERAIS - PMMG;1611.01.0.0.00.000;5;;SERVIÇOS ADMINISTRATIVOS E COMERCIAIS GERAIS;164055,00
POLÍCIA MILITAR DO ESTADO DE MINAS GERAIS - PMMG;POLÍCIA MILITAR DO ESTADO DE MINAS GERAIS - PMMG;1611.01.0.1.00.000;7;;SERVIÇOS ADM. COMERC. GER. - PRINCIPAL;164055,00
POLÍCIA MILITAR DO ESTADO DE MINAS GERAIS - PMMG;POLÍCIA MILITAR DO ESTADO DE MINAS GERAIS - PMMG;1611.01.0.1.03.000;8;60;SERVIÇOS ADM. COMERC. GER. - PRINC. - COMERCIALIZAÇÃO DE LIVROS, PERIÓDICOS, MATERIAIS ESCOLARES E PUBLICIDADE;500,00
POLÍCIA MILITAR DO ESTADO DE MINAS GERAIS - PMMG;POLÍCIA MILITAR DO ESTADO DE MINAS GERAIS - PMMG;1611.01.0.1.24.000;8;60;SERVIÇOS ADM. COMERC. GER. - PRINC. - EDUCACIONAIS E CAPACITAÇÃO;566,00
POLÍCIA MILITAR DO ESTADO DE MINAS GERAIS - PMMG;POLÍCIA MILITAR DO ESTADO DE MINAS GERAIS - PMMG;1611.01.0.1.99.000;8;;SERVIÇOS ADM. COMERC. GER. - PRINC. - DEMAIS;162989,00
POLÍCIA MILITAR DO ESTADO DE MINAS GERAIS - PMMG;POLÍCIA MILITAR DO ESTADO DE MINAS GERAIS - PMMG;1611.01.0.1.99.001;9;60;SERVIÇOS ADM. COMERC. GER. - PRINC. - DEMAIS - SERVIÇOS ADMINISTRATIVOS;162989,00
POLÍCIA MILITAR DO ESTADO DE MINAS GERAIS - PMMG;POLÍCIA MILITAR DO ESTADO DE MINAS GERAIS - PMMG;1611.02.0.0.00.000;5;;INSCRIÇÃO EM CONCURSOS E PROCESSOS SELETIVOS;4943292,00
POLÍCIA MILITAR DO ESTADO DE MINAS GERAIS - PMMG;POLÍCIA MILITAR DO ESTADO DE MINAS GERAIS - PMMG;1611.02.0.1.00.000;7;;INSCRIÇÃO CONCURSOS PROCESSOS SELETIVOS - PRINCIPAL;4943292,00
POLÍCIA MILITAR DO ESTADO DE MINAS GERAIS - PMMG;POLÍCIA MILITAR DO ESTADO DE MINAS GERAIS - PMMG;1611.02.0.1.01.000;8;60;INSCRIÇÃO CONCURSOS PROCESSOS SELETIVOS - PRINC.;4943292,00
POLÍCIA MILITAR DO ESTADO DE MINAS GERAIS - PMMG;POLÍCIA MILITAR DO ESTADO DE MINAS GERAIS - PMMG;1700.00.0.0.00.000;2;;TRANSFERÊNCIAS CORRENTES;122671660,00
POLÍCIA MILITAR DO ESTADO DE MINAS GERAIS - PMMG;POLÍCIA MILITAR DO ESTADO DE MINAS GERAIS - PMMG;1710.00.0.0.00.000;3;;TRANSFERÊNCIAS DA UNIÃO E DE SUAS ENTIDADES;67289286,00
POLÍCIA MILITAR DO ESTADO DE MINAS GERAIS - PMMG;POLÍCIA MILITAR DO ESTADO DE MINAS GERAIS - PMMG;1717.00.0.0.00.000;4;;TRANSFERÊNCIAS DE CONVÊNIOS DA UNIÃO E DE SUAS ENTIDADES;67289286,00
POLÍCIA MILITAR DO ESTADO DE MINAS GERAIS - PMMG;POLÍCIA MILITAR DO ESTADO DE MINAS GERAIS - PMMG;1717.99.0.0.00.000;5;;OUTRAS TRANSFERÊNCIAS DE CONVÊNIOS DA UNIÃO E DE SUAS ENTIDADES;67289286,00
POLÍCIA MILITAR DO ESTADO DE MINAS GERAIS - PMMG;POLÍCIA MILITAR DO ESTADO DE MINAS GERAIS - PMMG;1717.99.0.1.00.000;7;;OUTRAS TRANSF. CONVÊNIOS UNIÃO ENTIDADES - PRINCIPAL;67289286,00
POLÍCIA MILITAR DO ESTADO DE MINAS GERAIS - PMMG;POLÍCIA MILITAR DO ESTADO DE MINAS GERAIS - PMMG;1717.99.0.1.20.000;8;;OUTRAS TRANSF. CONVÊNIOS UNIÃO ENTIDADES - PRINC. - SEGURANÇA PÚBLICA;67289286,00
POLÍCIA MILITAR DO ESTADO DE MINAS GERAIS - PMMG;POLÍCIA MILITAR DO ESTADO DE MINAS GERAIS - PMMG;1717.99.0.1.20.002;9;24;SEGURANÇA PÚBLICA - CENTRAIS DE ABASTECIMENTO DE MINAS GERAIS - CEASAMINAS;3780306,00
POLÍCIA MILITAR DO ESTADO DE MINAS GERAIS - PMMG;POLÍCIA MILITAR DO ESTADO DE MINAS GERAIS - PMMG;1717.99.0.1.20.003;9;73;SEGURANÇA PÚBLICA - DEPARTAMENTO DE POLÍCIA RODOVIÁRIA FEDERAL - PRF;28342500,00
POLÍCIA MILITAR DO ESTADO DE MINAS GERAIS - PMMG;POLÍCIA MILITAR DO ESTADO DE MINAS GERAIS - PMMG;1717.99.0.1.20.004;9;24;SEGURANÇA PÚBLICA - TRIBUNAL REGIONAL ELEITORAL DE MINAS GERAIS - TREMG;3000000,00
POLÍCIA MILITAR DO ESTADO DE MINAS GERAIS - PMMG;POLÍCIA MILITAR DO ESTADO DE MINAS GERAIS - PMMG;1717.99.0.1.20.005;9;1;SEGURANÇA PÚBLICA - MINISTÉRIO DA JUSTIÇA E SEGURANÇA PÚBLICA;4200000,00
POLÍCIA MILITAR DO ESTADO DE MINAS GERAIS - PMMG;POLÍCIA MILITAR DO ESTADO DE MINAS GERAIS - PMMG;1717.99.0.1.20.005;9;2;SEGURANÇA PÚBLICA - MINISTÉRIO DA JUSTIÇA E SEGURANÇA PÚBLICA;9122381,00
POLÍCIA MILITAR DO ESTADO DE MINAS GERAIS - PMMG;POLÍCIA MILITAR DO ESTADO DE MINAS GERAIS - PMMG;1717.99.0.1.20.005;9;24;SEGURANÇA PÚBLICA - MINISTÉRIO DA JUSTIÇA E SEGURANÇA PÚBLICA;17015767,00
POLÍCIA MILITAR DO ESTADO DE MINAS GERAIS - PMMG;POLÍCIA MILITAR DO ESTADO DE MINAS GERAIS - PMMG;1717.99.0.1.20.010;9;24;SEGURANÇA PÚBLICA - TRIBUNAL REGIONAL DO TRABALHO DA 3 REGIÃO - TRT3;1828332,00
POLÍCIA MILITAR DO ESTADO DE MINAS GERAIS - PMMG;POLÍCIA MILITAR DO ESTADO DE MINAS GERAIS - PMMG;1720.00.0.0.00.000;3;;TRANSFERÊNCIAS DOS ESTADOS E DO DISTRITO FEDERAL E DE SUAS ENTIDADES;10992339,00
POLÍCIA MILITAR DO ESTADO DE MINAS GERAIS - PMMG;POLÍCIA MILITAR DO ESTADO DE MINAS GERAIS - PMMG;1724.00.0.0.00.000;4;;TRANSFERÊNCIAS DE CONVÊNIOS DOS ESTADOS E DF E DE SUAS ENTIDADES;10992339,00
POLÍCIA MILITAR DO ESTADO DE MINAS GERAIS - PMMG;POLÍCIA MILITAR DO ESTADO DE MINAS GERAIS - PMMG;1724.99.0.0.00.000;5;;OUTRAS TRANSFERÊNCIAS DE CONVÊNIOS DOS ESTADOS E DF E DE SUAS ENTIDADES;10992339,00
POLÍCIA MILITAR DO ESTADO DE MINAS GERAIS - PMMG;POLÍCIA MILITAR DO ESTADO DE MINAS GERAIS - PMMG;1724.99.0.1.00.000;7;;OUTRAS TRANSF. CONVÊNIOS ESTADOS DF ENTIDADES - PRINCIPAL;10992339,00
POLÍCIA MILITAR DO ESTADO DE MINAS GERAIS - PMMG;POLÍCIA MILITAR DO ESTADO DE MINAS GERAIS - PMMG;1724.99.0.1.23.000;8;;OUTRAS TRANSF. CONVÊNIOS ESTADOS DF ENTIDADES - PRINC. - SEGURANÇA PÚBLICA;10992339,00
POLÍCIA MILITAR DO ESTADO DE MINAS GERAIS - PMMG;POLÍCIA MILITAR DO ESTADO DE MINAS GERAIS - PMMG;1724.99.0.1.23.001;9;69;SEGURANÇA PÚBLICA - COMPANHIA DE SANEAMENTO DE MINAS GERAIS - COPASA;9781734,00
POLÍCIA MILITAR DO ESTADO DE MINAS GERAIS - PMMG;POLÍCIA MILITAR DO ESTADO DE MINAS GERAIS - PMMG;1724.99.0.1.23.006;9;69;SEGURANÇA PÚBLICA - COMPANHIA ENERGÉTICA DE MINAS GERAIS - CEMIG;1210605,00
POLÍCIA MILITAR DO ESTADO DE MINAS GERAIS - PMMG;POLÍCIA MILITAR DO ESTADO DE MINAS GERAIS - PMMG;1730.00.0.0.00.000;3;;TRANSFERÊNCIAS DOS MUNICÍPIOS E DE SUAS ENTIDADES;39728323,00
POLÍCIA MILITAR DO ESTADO DE MINAS GERAIS - PMMG;POLÍCIA MILITAR DO ESTADO DE MINAS GERAIS - PMMG;1732.00.0.0.00.000;4;;TRANSFERÊNCIAS DE CONVÊNIOS DOS MUNICÍPIOS E DE SUAS ENTIDADES;39728323,00
POLÍCIA MILITAR DO ESTADO DE MINAS GERAIS - PMMG;POLÍCIA MILITAR DO ESTADO DE MINAS GERAIS - PMMG;1732.99.0.0.00.000;5;;OUTRAS TRANSFERÊNCIAS DE CONVÊNIOS DOS MUNICÍPIOS E DE SUAS ENTIDADES;39728323,00
POLÍCIA MILITAR DO ESTADO DE MINAS GERAIS - PMMG;POLÍCIA MILITAR DO ESTADO DE MINAS GERAIS - PMMG;1732.99.0.1.00.000;7;;OUTRAS TRANSF. CONVÊNIOS MUNICÍPIOS ENTIDADES - PRINCIPAL;39728323,00
POLÍCIA MILITAR DO ESTADO DE MINAS GERAIS - PMMG;POLÍCIA MILITAR DO ESTADO DE MINAS GERAIS - PMMG;1732.99.0.1.23.000;8;;OUTRAS TRANSF. CONVÊNIOS MUNICÍPIOS ENTIDADES - PRINC. - SEGURANÇA PÚBLICA;39728323,00
POLÍCIA MILITAR DO ESTADO DE MINAS GERAIS - PMMG;POLÍCIA MILITAR DO ESTADO DE MINAS GERAIS - PMMG;1732.99.0.1.23.001;9;70;SEGURANÇA PÚBLICA - DIVERSOS MUNICÍPIOS;39728323,00
POLÍCIA MILITAR DO ESTADO DE MINAS GERAIS - PMMG;POLÍCIA MILITAR DO ESTADO DE MINAS GERAIS - PMMG;1740.00.0.0.00.000;3;;TRANSFERÊNCIAS DE INSTITUIÇÕES PRIVADAS;4661212,00
POLÍCIA MILITAR DO ESTADO DE MINAS GERAIS - PMMG;POLÍCIA MILITAR DO ESTADO DE MINAS GERAIS - PMMG;1741.00.0.0.00.000;4;;TRANSFERÊNCIAS DE INSTITUIÇÕES PRIVADAS;4661212,00
POLÍCIA MILITAR DO ESTADO DE MINAS GERAIS - PMMG;POLÍCIA MILITAR DO ESTADO DE MINAS GERAIS - PMMG;1741.99.0.0.00.000;5;;OUTRAS TRANSFERÊNCIAS DE INSTITUIÇÕES PRIVADAS;4661212,00
POLÍCIA MILITAR DO ESTADO DE MINAS GERAIS - PMMG;POLÍCIA MILITAR DO ESTADO DE MINAS GERAIS - PMMG;1741.99.0.1.00.000;7;;OUTRAS TRANSF. INSTIT. PRIVADAS - PRINCIPAL;4661212,00
POLÍCIA MILITAR DO ESTADO DE MINAS GERAIS - PMMG;POLÍCIA MILITAR DO ESTADO DE MINAS GERAIS - PMMG;1741.99.0.1.23.000;8;;OUTRAS TRANSF. INSTIT. PRIVADAS - PRINC. - CONVÊNIOS - SEGURANÇA PÚBLICA;1677872,00
POLÍCIA MILITAR DO ESTADO DE MINAS GERAIS - PMMG;POLÍCIA MILITAR DO ESTADO DE MINAS GERAIS - PMMG;1741.99.0.1.23.999;9;68;SEGURANÇA PÚBLICA - OUTROS;1677872,00
POLÍCIA MILITAR DO ESTADO DE MINAS GERAIS - PMMG;POLÍCIA MILITAR DO ESTADO DE MINAS GERAIS - PMMG;1741.99.0.1.50.000;8;;OUTRAS TRANSF. INSTIT. PRIVADAS - PRINC. - DEMAIS - SEGURANÇA PÚBLICA;2983340,00
POLÍCIA MILITAR DO ESTADO DE MINAS GERAIS - PMMG;POLÍCIA MILITAR DO ESTADO DE MINAS GERAIS - PMMG;1741.99.0.1.50.999;9;9;SEGURANÇA PÚBLICA - OUTROS;2837655,00
POLÍCIA MILITAR DO ESTADO DE MINAS GERAIS - PMMG;POLÍCIA MILITAR DO ESTADO DE MINAS GERAIS - PMMG;1741.99.0.1.50.999;9;45;SEGURANÇA PÚBLICA - OUTROS;145685,00
POLÍCIA MILITAR DO ESTADO DE MINAS GERAIS - PMMG;POLÍCIA MILITAR DO ESTADO DE MINAS GERAIS - PMMG;1790.00.0.0.00.000;3;;DEMAIS TRANSFERÊNCIAS CORRENTES;500,00
POLÍCIA MILITAR DO ESTADO DE MINAS GERAIS - PMMG;POLÍCIA MILITAR DO ESTADO DE MINAS GERAIS - PMMG;1791.00.0.0.00.000;4;;TRANSFERÊNCIAS DE PESSOAS FÍSICAS;500,00
POLÍCIA MILITAR DO ESTADO DE MINAS GERAIS - PMMG;POLÍCIA MILITAR DO ESTADO DE MINAS GERAIS - PMMG;1791.99.0.0.00.000;5;;OUTRAS TRANSFERÊNCIAS DE PESSOAS FÍSICAS;500,00
POLÍCIA MILITAR DO ESTADO DE MINAS GERAIS - PMMG;POLÍCIA MILITAR DO ESTADO DE MINAS GERAIS - PMMG;1791.99.0.1.00.000;7;;OUTRAS TRANSFERÊNCIAS DE PESSOAS FÍSICAS - PRINCIPAL;500,00
POLÍCIA MILITAR DO ESTADO DE MINAS GERAIS - PMMG;POLÍCIA MILITAR DO ESTADO DE MINAS GERAIS - PMMG;1791.99.0.1.23.000;8;45;OUTRAS TRANSF. PESSOAS FÍSICAS - PRINC. - SEGURANÇA PÚBLICA;500,00
POLÍCIA MILITAR DO ESTADO DE MINAS GERAIS - PMMG;POLÍCIA MILITAR DO ESTADO DE MINAS GERAIS - PMMG;1900.00.0.0.00.000;2;;OUTRAS RECEITAS CORRENTES;2073595,00
POLÍCIA MILITAR DO ESTADO DE MINAS GERAIS - PMMG;POLÍCIA MILITAR DO ESTADO DE MINAS GERAIS - PMMG;1910.00.0.0.00.000;3;;MULTAS ADMINISTRATIVAS, CONTRATUAIS E JUDICIAIS;29113,00
POLÍCIA MILITAR DO ESTADO DE MINAS GERAIS - PMMG;POLÍCIA MILITAR DO ESTADO DE MINAS GERAIS - PMMG;1911.00.0.0.00.000;4;;MULTAS ADMINISTRATIVAS, CONTRATUAIS E JUDICIAIS;29113,00
POLÍCIA MILITAR DO ESTADO DE MINAS GERAIS - PMMG;POLÍCIA MILITAR DO ESTADO DE MINAS GERAIS - PMMG;1911.09.0.0.00.000;5;;MULTAS E JUROS PREVISTOS EM CONTRATOS;29113,00
POLÍCIA MILITAR DO ESTADO DE MINAS GERAIS - PMMG;POLÍCIA MILITAR DO ESTADO DE MINAS GERAIS - PMMG;1911.09.0.1.00.000;7;;MULTAS JUROS PREVISTOS CONTRATOS - PRINCIPAL;29113,00
POLÍCIA MILITAR DO ESTADO DE MINAS GERAIS - PMMG;POLÍCIA MILITAR DO ESTADO DE MINAS GERAIS - PMMG;1911.09.0.1.99.000;8;60;MULTAS JUROS PREVISTOS CONTRATOS - PRINC. - DEMAIS;29113,00
POLÍCIA MILITAR DO ESTADO DE MINAS GERAIS - PMMG;POLÍCIA MILITAR DO ESTADO DE MINAS GERAIS - PMMG;1920.00.0.0.00.000;3;;INDENIZAÇÕES, RESTITUIÇÕES E RESSARCIMENTOS;1948670,00
POLÍCIA MILITAR DO ESTADO DE MINAS GERAIS - PMMG;POLÍCIA MILITAR DO ESTADO DE MINAS GERAIS - PMMG;1922.00.0.0.00.000;4;;RESTITUIÇÕES;1948670,00
POLÍCIA MILITAR DO ESTADO DE MINAS GERAIS - PMMG;POLÍCIA MILITAR DO ESTADO DE MINAS GERAIS - PMMG;1922.99.0.0.00.000;5;;OUTRAS RESTITUIÇÕES;1948670,00
POLÍCIA MILITAR DO ESTADO DE MINAS GERAIS - PMMG;POLÍCIA MILITAR DO ESTADO DE MINAS GERAIS - PMMG;1922.99.0.1.00.000;7;;OUTRAS RESTITUIÇÕES - PRINCIPAL;1948670,00
POLÍCIA MILITAR DO ESTADO DE MINAS GERAIS - PMMG;POLÍCIA MILITAR DO ESTADO DE MINAS GERAIS - PMMG;1922.99.0.1.99.000;8;1;OUTRAS RESTITUIÇÕES - PRINC. - DEMAIS;168591,00
POLÍCIA MILITAR DO ESTADO DE MINAS GERAIS - PMMG;POLÍCIA MILITAR DO ESTADO DE MINAS GERAIS - PMMG;1922.99.0.1.99.000;8;2;OUTRAS RESTITUIÇÕES - PRINC. - DEMAIS;1500830,00
POLÍCIA MILITAR DO ESTADO DE MINAS GERAIS - PMMG;POLÍCIA MILITAR DO ESTADO DE MINAS GERAIS - PMMG;1922.99.0.1.99.000;8;24;OUTRAS RESTITUIÇÕES - PRINC. - DEMAIS;1000,00
POLÍCIA MILITAR DO ESTADO DE MINAS GERAIS - PMMG;POLÍCIA MILITAR DO ESTADO DE MINAS GERAIS - PMMG;1922.99.0.1.99.000;8;60;OUTRAS RESTITUIÇÕES - PRINC. - DEMAIS;25345,00
POLÍCIA MILITAR DO ESTADO DE MINAS GERAIS - PMMG;POLÍCIA MILITAR DO ESTADO DE MINAS GERAIS - PMMG;1922.99.0.1.99.000;8;68;OUTRAS RESTITUIÇÕES - PRINC. - DEMAIS;1000,00
POLÍCIA MILITAR DO ESTADO DE MINAS GERAIS - PMMG;POLÍCIA MILITAR DO ESTADO DE MINAS GERAIS - PMMG;1922.99.0.1.99.000;8;69;OUTRAS RESTITUIÇÕES - PRINC. - DEMAIS;120,00
POLÍCIA MILITAR DO ESTADO DE MINAS GERAIS - PMMG;POLÍCIA MILITAR DO ESTADO DE MINAS GERAIS - PMMG;1922.99.0.1.99.000;8;70;OUTRAS RESTITUIÇÕES - PRINC. - DEMAIS;2600,00
POLÍCIA MILITAR DO ESTADO DE MINAS GERAIS - PMMG;POLÍCIA MILITAR DO ESTADO DE MINAS GERAIS - PMMG;1922.99.0.1.99.000;8;73;OUTRAS RESTITUIÇÕES - PRINC. - DEMAIS;249184,00
POLÍCIA MILITAR DO ESTADO DE MINAS GERAIS - PMMG;POLÍCIA MILITAR DO ESTADO DE MINAS GERAIS - PMMG;1990.00.0.0.00.000;3;;DEMAIS RECEITAS CORRENTES;95812,00
POLÍCIA MILITAR DO ESTADO DE MINAS GERAIS - PMMG;POLÍCIA MILITAR DO ESTADO DE MINAS GERAIS - PMMG;1999.00.0.0.00.000;4;;OUTRAS RECEITAS CORRENTES;95812,00
POLÍCIA MILITAR DO ESTADO DE MINAS GERAIS - PMMG;POLÍCIA MILITAR DO ESTADO DE MINAS GERAIS - PMMG;1999.99.0.0.00.000;5;;OUTRAS RECEITAS;95812,00
POLÍCIA MILITAR DO ESTADO DE MINAS GERAIS - PMMG;POLÍCIA MILITAR DO ESTADO DE MINAS GERAIS - PMMG;1999.99.2.0.00.000;6;;OUTRAS RECEITAS NÃO ARRECADADAS E NÃO PROJETADAS PELA RFB - PRIMÁRIAS;95812,00
POLÍCIA MILITAR DO ESTADO DE MINAS GERAIS - PMMG;POLÍCIA MILITAR DO ESTADO DE MINAS GERAIS - PMMG;1999.99.2.1.00.000;7;;OUTRAS REC. - PRIMÁRIAS - PRINCIPAL;95812,00
POLÍCIA MILITAR DO ESTADO DE MINAS GERAIS - PMMG;POLÍCIA MILITAR DO ESTADO DE MINAS GERAIS - PMMG;1999.99.2.1.99.000;8;60;OUTRAS REC. - PRIMÁRIAS - PRINC. - DEMAIS;95812,00
POLÍCIA MILITAR DO ESTADO DE MINAS GERAIS - PMMG;POLÍCIA MILITAR DO ESTADO DE MINAS GERAIS - PMMG;2000.00.0.0.00.000;1;;RECEITAS DE CAPITAL;231454248,00
POLÍCIA MILITAR DO ESTADO DE MINAS GERAIS - PMMG;POLÍCIA MILITAR DO ESTADO DE MINAS GERAIS - PMMG;2400.00.0.0.00.000;2;;TRANSFERÊNCIAS DE CAPITAL;231454248,00
POLÍCIA MILITAR DO ESTADO DE MINAS GERAIS - PMMG;POLÍCIA MILITAR DO ESTADO DE MINAS GERAIS - PMMG;2410.00.0.0.00.000;3;;TRANSFERÊNCIAS DA UNIÃO E DE SUAS ENTIDADES;194897647,00
POLÍCIA MILITAR DO ESTADO DE MINAS GERAIS - PMMG;POLÍCIA MILITAR DO ESTADO DE MINAS GERAIS - PMMG;2414.00.0.0.00.000;4;;TRANSFERÊNCIAS DE CONVÊNIOS DA UNIÃO E DE SUAS ENTIDADES;180315672,00
POLÍCIA MILITAR DO ESTADO DE MINAS GERAIS - PMMG;POLÍCIA MILITAR DO ESTADO DE MINAS GERAIS - PMMG;2414.99.0.0.00.000;5;;OUTRAS TRANSFERÊNCIAS DE CONVÊNIOS DA UNIÃO E DE SUAS ENTIDADES;180315672,00
POLÍCIA MILITAR DO ESTADO DE MINAS GERAIS - PMMG;POLÍCIA MILITAR DO ESTADO DE MINAS GERAIS - PMMG;2414.99.0.1.00.000;7;;OUTRAS TRANSF. CONVÊNIOS UNIÃO - PRINCIPAL;180315672,00
POLÍCIA MILITAR DO ESTADO DE MINAS GERAIS - PMMG;POLÍCIA MILITAR DO ESTADO DE MINAS GERAIS - PMMG;2414.99.0.1.20.000;8;;OUTRAS TRANSF. CONVÊNIOS UNIÃO - PRINC. - SEGURANÇA PÚBLICA;180315672,00
POLÍCIA MILITAR DO ESTADO DE MINAS GERAIS - PMMG;POLÍCIA MILITAR DO ESTADO DE MINAS GERAIS - PMMG;2414.99.0.1.20.001;9;24;SEGURANÇA PÚBLICA - CENTRAIS DE ABASTECIMENTO DE MINAS GERAIS - CEASAMINAS;1055130,00
POLÍCIA MILITAR DO ESTADO DE MINAS GERAIS - PMMG;POLÍCIA MILITAR DO ESTADO DE MINAS GERAIS - PMMG;2414.99.0.1.20.002;9;73;SEGURANÇA PÚBLICA - DEPARTAMENTO DE POLÍCIA RODOVIÁRIA FEDERAL - PRF;41186607,00
POLÍCIA MILITAR DO ESTADO DE MINAS GERAIS - PMMG;POLÍCIA MILITAR DO ESTADO DE MINAS GERAIS - PMMG;2414.99.0.1.20.004;9;1;SEGURANÇA PÚBLICA - MINISTÉRIO DA JUSTIÇA E SEGURANÇA PÚBLICA;42371172,00
POLÍCIA MILITAR DO ESTADO DE MINAS GERAIS - PMMG;POLÍCIA MILITAR DO ESTADO DE MINAS GERAIS - PMMG;2414.99.0.1.20.004;9;2;SEGURANÇA PÚBLICA - MINISTÉRIO DA JUSTIÇA E SEGURANÇA PÚBLICA;55849129,00
POLÍCIA MILITAR DO ESTADO DE MINAS GERAIS - PMMG;POLÍCIA MILITAR DO ESTADO DE MINAS GERAIS - PMMG;2414.99.0.1.20.004;9;24;SEGURANÇA PÚBLICA - MINISTÉRIO DA JUSTIÇA E SEGURANÇA PÚBLICA;36125130,00
POLÍCIA MILITAR DO ESTADO DE MINAS GERAIS - PMMG;POLÍCIA MILITAR DO ESTADO DE MINAS GERAIS - PMMG;2414.99.0.1.20.009;9;24;SEGURANÇA PÚBLICA - TRIBUNAL REGIONAL DO TRABALHO DA 3$^a$ REGIÃO - TRT3;3728504,00
POLÍCIA MILITAR DO ESTADO DE MINAS GERAIS - PMMG;POLÍCIA MILITAR DO ESTADO DE MINAS GERAIS - PMMG;2419.00.0.0.00.000;4;;OUTRAS TRANSFERÊNCIAS DE RECURSOS DA UNIÃO E DE SUAS ENTIDADES;14581975,00
POLÍCIA MILITAR DO ESTADO DE MINAS GERAIS - PMMG;POLÍCIA MILITAR DO ESTADO DE MINAS GERAIS - PMMG;2419.51.0.0.00.000;5;;TRANSFERÊNCIA ESPECIAL DA UNIÃO;14581975,00
POLÍCIA MILITAR DO ESTADO DE MINAS GERAIS - PMMG;POLÍCIA MILITAR DO ESTADO DE MINAS GERAIS - PMMG;2419.51.0.1.00.000;7;;TRANSF. ESPECIAL UNIÃO - PRINCIPAL;14581975,00
POLÍCIA MILITAR DO ESTADO DE MINAS GERAIS - PMMG;POLÍCIA MILITAR DO ESTADO DE MINAS GERAIS - PMMG;2419.51.0.1.01.000;8;98;TRANSF. ESPECIAL UNIÃO - PRINC. - EMENDAS PARLAMENTARES INDIVIDUAIS;14581975,00
POLÍCIA MILITAR DO ESTADO DE MINAS GERAIS - PMMG;POLÍCIA MILITAR DO ESTADO DE MINAS GERAIS - PMMG;2420.00.0.0.00.000;3;;TRANSFERÊNCIAS DOS ESTADOS E DO DISTRITO FEDERAL E DE SUAS ENTIDADES;5695000,00
POLÍCIA MILITAR DO ESTADO DE MINAS GERAIS - PMMG;POLÍCIA MILITAR DO ESTADO DE MINAS GERAIS - PMMG;2422.00.0.0.00.000;4;;TRANSFERÊNCIAS DE CONVÊNIOS DOS ESTADOS E DF E DE SUAS ENTIDADES;5695000,00
POLÍCIA MILITAR DO ESTADO DE MINAS GERAIS - PMMG;POLÍCIA MILITAR DO ESTADO DE MINAS GERAIS - PMMG;2422.99.0.0.00.000;5;;OUTRAS TRANSFERÊNCIAS DE CONVÊNIOS DOS ESTADOS E DF E DE SUAS ENTIDADES;5695000,00
POLÍCIA MILITAR DO ESTADO DE MINAS GERAIS - PMMG;POLÍCIA MILITAR DO ESTADO DE MINAS GERAIS - PMMG;2422.99.0.1.00.000;7;;OUTRAS TRANSF. CONVÊNIO ESTADOS DF ENTIDADES - PRINCIPAL;5695000,00
POLÍCIA MILITAR DO ESTADO DE MINAS GERAIS - PMMG;POLÍCIA MILITAR DO ESTADO DE MINAS GERAIS - PMMG;2422.99.0.1.20.000;8;;OUTRAS TRANSF. CONVÊNIOS ESTADOS DF ENTIDADES - PRINC. - SEGURANÇA PÚBLICA;5695000,00
POLÍCIA MILITAR DO ESTADO DE MINAS GERAIS - PMMG;POLÍCIA MILITAR DO ESTADO DE MINAS GERAIS - PMMG;2422.99.0.1.20.002;9;69;SEGURANÇA PÚBLICA - COMPANHIA DE SANEAMENTO DE MINAS GERAIS - COPASA;5695000,00
POLÍCIA MILITAR DO ESTADO DE MINAS GERAIS - PMMG;POLÍCIA MILITAR DO ESTADO DE MINAS GERAIS - PMMG;2430.00.0.0.00.000;3;;TRANSFERÊNCIAS DOS MUNICÍPIOS E DE SUAS ENTIDADES;28656526,00
POLÍCIA MILITAR DO ESTADO DE MINAS GERAIS - PMMG;POLÍCIA MILITAR DO ESTADO DE MINAS GERAIS - PMMG;2432.00.0.0.00.000;4;;TRANSFERÊNCIAS DE CONVÊNIOS DOS MUNICÍPIOS E DE SUAS ENTIDADES;28656526,00
POLÍCIA MILITAR DO ESTADO DE MINAS GERAIS - PMMG;POLÍCIA MILITAR DO ESTADO DE MINAS GERAIS - PMMG;2432.99.0.0.00.000;5;;OUTRAS TRANSFERÊNCIAS DE CONVÊNIOS DOS MUNICÍPIOS E DE SUAS ENTIDADES;28656526,00
POLÍCIA MILITAR DO ESTADO DE MINAS GERAIS - PMMG;POLÍCIA MILITAR DO ESTADO DE MINAS GERAIS - PMMG;2432.99.0.1.00.000;7;;OUTRAS TRANSF. CONVÊNIOS MUNICÍPIOS ENTIDADES - PRINCIPAL;28656526,00
POLÍCIA MILITAR DO ESTADO DE MINAS GERAIS - PMMG;POLÍCIA MILITAR DO ESTADO DE MINAS GERAIS - PMMG;2432.99.0.1.22.000;8;;OUTRAS TRANSF. CONVÊNIOS MUNICÍPIOS ENTIDADES - PRINC. - SEGURANÇA PÚBLICA;28656526,00
POLÍCIA MILITAR DO ESTADO DE MINAS GERAIS - PMMG;POLÍCIA MILITAR DO ESTADO DE MINAS GERAIS - PMMG;2432.99.0.1.22.001;9;70;SEGURANÇA PÚBLICA - DIVERSOS MUNICÍPIOS;28656526,00
POLÍCIA MILITAR DO ESTADO DE MINAS GERAIS - PMMG;POLÍCIA MILITAR DO ESTADO DE MINAS GERAIS - PMMG;2440.00.0.0.00.000;3;;TRANSFERÊNCIAS DE INSTITUIÇÕES PRIVADAS;2193411,00
POLÍCIA MILITAR DO ESTADO DE MINAS GERAIS - PMMG;POLÍCIA MILITAR DO ESTADO DE MINAS GERAIS - PMMG;2441.00.0.0.00.000;4;;TRANSFERÊNCIAS DE INSTITUIÇÕES PRIVADAS;2193411,00
POLÍCIA MILITAR DO ESTADO DE MINAS GERAIS - PMMG;POLÍCIA MILITAR DO ESTADO DE MINAS GERAIS - PMMG;2441.99.0.0.00.000;5;;OUTRAS TRANSFERÊNCIAS DE INSTITUIÇÕES PRIVADAS;2193411,00
POLÍCIA MILITAR DO ESTADO DE MINAS GERAIS - PMMG;POLÍCIA MILITAR DO ESTADO DE MINAS GERAIS - PMMG;2441.99.0.1.00.000;7;;OUTRAS TRANSF. INSTIT. PRIVADAS - PRINCIPAL;2193411,00
POLÍCIA MILITAR DO ESTADO DE MINAS GERAIS - PMMG;POLÍCIA MILITAR DO ESTADO DE MINAS GERAIS - PMMG;2441.99.0.1.23.000;8;;OUTRAS TRANSF. INSTIT. PRIVADAS - PRINC. - CONVÊNIOS - SEGURANÇA PÚBLICA;843036,00
POLÍCIA MILITAR DO ESTADO DE MINAS GERAIS - PMMG;POLÍCIA MILITAR DO ESTADO DE MINAS GERAIS - PMMG;2441.99.0.1.23.007;9;68;SEGURANÇA PÚBLICA - CONCESSIONÁRIA DE RODOVIAS ESTADUAIS;72000,00
POLÍCIA MILITAR DO ESTADO DE MINAS GERAIS - PMMG;POLÍCIA MILITAR DO ESTADO DE MINAS GERAIS - PMMG;2441.99.0.1.23.999;9;45;SEGURANÇA PÚBLICA - OUTROS;500,00
POLÍCIA MILITAR DO ESTADO DE MINAS GERAIS - PMMG;POLÍCIA MILITAR DO ESTADO DE MINAS GERAIS - PMMG;2441.99.0.1.23.999;9;68;SEGURANÇA PÚBLICA - OUTROS;770536,00
POLÍCIA MILITAR DO ESTADO DE MINAS GERAIS - PMMG;POLÍCIA MILITAR DO ESTADO DE MINAS GERAIS - PMMG;2441.99.0.1.50.000;8;;OUTRAS TRANSF. INSTITUIÇÕES PRIVADAS - SEGURANÇA PÚBLICA;1350375,00
POLÍCIA MILITAR DO ESTADO DE MINAS GERAIS - PMMG;POLÍCIA MILITAR DO ESTADO DE MINAS GERAIS - PMMG;2441.99.0.1.50.999;9;9;SEGURANÇA PÚBLICA - OUTROS;1216138,00
POLÍCIA MILITAR DO ESTADO DE MINAS GERAIS - PMMG;POLÍCIA MILITAR DO ESTADO DE MINAS GERAIS - PMMG;2441.99.0.1.50.999;9;45;SEGURANÇA PÚBLICA - OUTROS;134237,00
POLÍCIA MILITAR DO ESTADO DE MINAS GERAIS - PMMG;POLÍCIA MILITAR DO ESTADO DE MINAS GERAIS - PMMG;2490.00.0.0.00.000;3;;DEMAIS TRANSFERÊNCIAS DE CAPITAL;11664,00
POLÍCIA MILITAR DO ESTADO DE MINAS GERAIS - PMMG;POLÍCIA MILITAR DO ESTADO DE MINAS GERAIS - PMMG;2491.00.0.0.00.000;4;;TRANSFERÊNCIAS DE PESSOAS FÍSICAS;11664,00
POLÍCIA MILITAR DO ESTADO DE MINAS GERAIS - PMMG;POLÍCIA MILITAR DO ESTADO DE MINAS GERAIS - PMMG;2491.99.0.0.00.000;5;;OUTRAS TRANSFERÊNCIAS DE PESSOAS FÍSICAS;11664,00
POLÍCIA MILITAR DO ESTADO DE MINAS GERAIS - PMMG;POLÍCIA MILITAR DO ESTADO DE MINAS GERAIS - PMMG;2491.99.0.1.00.000;7;;OUTRAS TRANSF. PESSOAS FÍSICAS - PRINCIPAL;11664,00
POLÍCIA MILITAR DO ESTADO DE MINAS GERAIS - PMMG;POLÍCIA MILITAR DO ESTADO DE MINAS GERAIS - PMMG;2491.99.0.1.23.000;8;45;OUTRAS TRANSF. PESSOAS FÍSICAS - PRINC. - SEGURANÇA PÚBLICA;11664,00
SECRETARIA DE ESTADO DE EDUCAÇÃO - SEE;SECRETARIA DE ESTADO DE EDUCAÇÃO - SEE;1000.00.0.0.00.000;1;;RECEITAS CORRENTES;14949127258,00
SECRETARIA DE ESTADO DE EDUCAÇÃO - SEE;SECRETARIA DE ESTADO DE EDUCAÇÃO - SEE;1300.00.0.0.00.000;2;;RECEITA PATRIMONIAL;233038000,00
SECRETARIA DE ESTADO DE EDUCAÇÃO - SEE;SECRETARIA DE ESTADO DE EDUCAÇÃO - SEE;1320.00.0.0.00.000;3;;VALORES MOBILIÁRIOS;233038000,00
SECRETARIA DE ESTADO DE EDUCAÇÃO - SEE;SECRETARIA DE ESTADO DE EDUCAÇÃO - SEE;1321.00.0.0.00.000;4;;JUROS E CORREÇÕES MONETÁRIAS;233038000,00
SECRETARIA DE ESTADO DE EDUCAÇÃO - SEE;SECRETARIA DE ESTADO DE EDUCAÇÃO - SEE;1321.01.0.0.00.000;5;;REMUNERAÇÃO DE DEPÓSITOS BANCÁRIOS;233038000,00
SECRETARIA DE ESTADO DE EDUCAÇÃO - SEE;SECRETARIA DE ESTADO DE EDUCAÇÃO - SEE;1321.01.0.1.00.000;7;;REMUNERAÇÃO DEPÓSITOS BANCÁRIOS - PRINCIPAL;233038000,00
SECRETARIA DE ESTADO DE EDUCAÇÃO - SEE;SECRETARIA DE ESTADO DE EDUCAÇÃO - SEE;1321.01.0.1.01.000;8;3;REMUNERAÇÃO DEPÓSITOS BANCÁRIOS - PRINC.;1000,00
SECRETARIA DE ESTADO DE EDUCAÇÃO - SEE;SECRETARIA DE ESTADO DE EDUCAÇÃO - SEE;1321.01.0.1.01.000;8;21;REMUNERAÇÃO DEPÓSITOS BANCÁRIOS - PRINC.;24035000,00
SECRETARIA DE ESTADO DE EDUCAÇÃO - SEE;SECRETARIA DE ESTADO DE EDUCAÇÃO - SEE;1321.01.0.1.01.000;8;23;REMUNERAÇÃO DEPÓSITOS BANCÁRIOS - PRINC.;209000000,00
SECRETARIA DE ESTADO DE EDUCAÇÃO - SEE;SECRETARIA DE ESTADO DE EDUCAÇÃO - SEE;1321.01.0.1.01.000;8;24;REMUNERAÇÃO DEPÓSITOS BANCÁRIOS - PRINC.;1000,00
SECRETARIA DE ESTADO DE EDUCAÇÃO - SEE;SECRETARIA DE ESTADO DE EDUCAÇÃO - SEE;1321.01.0.1.01.000;8;36;REMUNERAÇÃO DEPÓSITOS BANCÁRIOS - PRINC.;1000,00
SECRETARIA DE ESTADO DE EDUCAÇÃO - SEE;SECRETARIA DE ESTADO DE EDUCAÇÃO - SEE;1700.00.0.0.00.000;2;;TRANSFERÊNCIAS CORRENTES;14522526758,00
SECRETARIA DE ESTADO DE EDUCAÇÃO - SEE;SECRETARIA DE ESTADO DE EDUCAÇÃO - SEE;1710.00.0.0.00.000;3;;TRANSFERÊNCIAS DA UNIÃO E DE SUAS ENTIDADES;1032130443,00
SECRETARIA DE ESTADO DE EDUCAÇÃO - SEE;SECRETARIA DE ESTADO DE EDUCAÇÃO - SEE;1714.00.0.0.00.000;4;;TRANSFERÊNCIAS DE RECURSOS DO FUNDO NACIONAL DO DESENVOLVIMENTO DA EDUCAÇÃO - FNDE;1032130443,00
SECRETARIA DE ESTADO DE EDUCAÇÃO - SEE;SECRETARIA DE ESTADO DE EDUCAÇÃO - SEE;1714.50.0.0.00.000;5;;TRANSFERÊNCIAS DO SALÁRIO-EDUCAÇÃO;871007500,00
SECRETARIA DE ESTADO DE EDUCAÇÃO - SEE;SECRETARIA DE ESTADO DE EDUCAÇÃO - SEE;1714.50.0.1.00.000;7;;TRANSF. SALÁRIO-EDUCAÇÃO - PRINCIPAL;871007500,00
SECRETARIA DE ESTADO DE EDUCAÇÃO - SEE;SECRETARIA DE ESTADO DE EDUCAÇÃO - SEE;1714.50.0.1.01.000;8;21;TRANSFERÊNCIAS DO SALÁRIO-EDUCAÇÃO - PRINC.;871007500,00
SECRETARIA DE ESTADO DE EDUCAÇÃO - SEE;SECRETARIA DE ESTADO DE EDUCAÇÃO - SEE;1714.52.0.0.00.000;5;;TRANSFERÊNCIAS REFERENTES AO PROGRAMA NACIONAL DE ALIMENTAÇÃO ESCOLAR - PNAE;59988305,00
SECRETARIA DE ESTADO DE EDUCAÇÃO - SEE;SECRETARIA DE ESTADO DE EDUCAÇÃO - SEE;1714.52.0.1.00.000;7;;TRANSF. REF. PNAE - PRINCIPAL;59988305,00
SECRETARIA DE ESTADO DE EDUCAÇÃO - SEE;SECRETARIA DE ESTADO DE EDUCAÇÃO - SEE;1714.52.0.1.01.000;8;36;TRANSF. REF. PNAE - PRINC.;59988305,00
SECRETARIA DE ESTADO DE EDUCAÇÃO - SEE;SECRETARIA DE ESTADO DE EDUCAÇÃO - SEE;1714.56.0.0.00.000;5;;TRANSFERÊNCIAS REFERENTES AO PROGRAMA DE APOIO AOS SISTEMAS DE ENSINO PARA ATENDIMENTO À EDUCAÇÃO DE JOVENS E ADULTOS - PEJA;5639071,00
SECRETARIA DE ESTADO DE EDUCAÇÃO - SEE;SECRETARIA DE ESTADO DE EDUCAÇÃO - SEE;1714.56.0.1.00.000;7;;TRANSF. REF. PEJA - PRINCIPAL;5639071,00
SECRETARIA DE ESTADO DE EDUCAÇÃO - SEE;SECRETARIA DE ESTADO DE EDUCAÇÃO - SEE;1714.56.0.1.01.000;8;3;TRANSF. REF. PEJA - PRINC.;5639071,00
SECRETARIA DE ESTADO DE EDUCAÇÃO - SEE;SECRETARIA DE ESTADO DE EDUCAÇÃO - SEE;1714.99.0.0.00.000;5;;OUTRAS TRANSFERÊNCIAS DIRETAS DO FUNDO NACIONAL DO DESENVOLVIMENTO DA EDUCAÇÃO - FNDE;95495567,00
SECRETARIA DE ESTADO DE EDUCAÇÃO - SEE;SECRETARIA DE ESTADO DE EDUCAÇÃO - SEE;1714.99.0.1.00.000;7;;OUTRAS TRANSF. DIRETAS FNDE - PRINCIPAL;95495567,00
SECRETARIA DE ESTADO DE EDUCAÇÃO - SEE;SECRETARIA DE ESTADO DE EDUCAÇÃO - SEE;1714.99.0.1.02.000;8;36;OUTRAS TRANSF. DIRETAS FNDE - PRINC. - PRONATEC;52491092,00
SECRETARIA DE ESTADO DE EDUCAÇÃO - SEE;SECRETARIA DE ESTADO DE EDUCAÇÃO - SEE;1714.99.0.1.06.000;8;36;OUTRAS TRANSF. DIRETAS FNDE - PRINC. - PROGRAMA DE FOMENTO ÀS ESCOLAS DE ENSINO MÉDIO EM TEMPO INTEGRAL;32825166,00
SECRETARIA DE ESTADO DE EDUCAÇÃO - SEE;SECRETARIA DE ESTADO DE EDUCAÇÃO - SEE;1714.99.0.1.99.000;8;3;OUTRAS TRANSF. DIRETAS FNDE - PRINC. - DEMAIS;274607,00
SECRETARIA DE ESTADO DE EDUCAÇÃO - SEE;SECRETARIA DE ESTADO DE EDUCAÇÃO - SEE;1714.99.0.1.99.000;8;36;OUTRAS TRANSF. DIRETAS FNDE - PRINC. - DEMAIS;9904702,00
SECRETARIA DE ESTADO DE EDUCAÇÃO - SEE;SECRETARIA DE ESTADO DE EDUCAÇÃO - SEE;1750.00.0.0.00.000;3;;TRANSFERÊNCIAS DE OUTRAS INSTITUIÇÕES PÚBLICAS;13490396315,00
SECRETARIA DE ESTADO DE EDUCAÇÃO - SEE;SECRETARIA DE ESTADO DE EDUCAÇÃO - SEE;1751.00.0.0.00.000;4;;TRANSFERÊNCIAS DE RECURSOS DO FUNDO DE MANUTENÇÃO E DESENVOLVIMENTO DA EDUCAÇÃO BÁSICA E DE VALORIZAÇÃO DOS PROFISSIONAIS DA EDUCAÇÃO - FUNDEB;13490396315,00
SECRETARIA DE ESTADO DE EDUCAÇÃO - SEE;SECRETARIA DE ESTADO DE EDUCAÇÃO - SEE;1751.50.0.0.00.000;5;;TRANSFERÊNCIAS DE RECURSOS DO FUNDO DE MANUTENÇÃO E DESENVOLVIMENTO DA EDUCAÇÃO BÁSICA E DE VALORIZAÇÃO DOS PROFISSIONAIS DA EDUCAÇÃO - FUNDEB;13490396315,00
SECRETARIA DE ESTADO DE EDUCAÇÃO - SEE;SECRETARIA DE ESTADO DE EDUCAÇÃO - SEE;1751.50.0.1.00.000;7;;TRANSF. RECURSOS FUNDEB - PRINCIPAL;13490396315,00
SECRETARIA DE ESTADO DE EDUCAÇÃO - SEE;SECRETARIA DE ESTADO DE EDUCAÇÃO - SEE;1751.50.0.1.01.000;8;23;TRANSF. RECURSOS FUNDEB - PRINC. - PARCELA FPM;2759131170,00
SECRETARIA DE ESTADO DE EDUCAÇÃO - SEE;SECRETARIA DE ESTADO DE EDUCAÇÃO - SEE;1751.50.0.1.03.000;8;;TRANSF. RECURSOS FUNDEB - PRINC. - PARCELA ICMS;8120705164,00
SECRETARIA DE ESTADO DE EDUCAÇÃO - SEE;SECRETARIA DE ESTADO DE EDUCAÇÃO - SEE;1751.50.0.1.03.001;9;23;TRANSF. RECURSOS FUNDEB - PRINC. - PARCELA ICMS - PRINC.;7976831428,00
SECRETARIA DE ESTADO DE EDUCAÇÃO - SEE;SECRETARIA DE ESTADO DE EDUCAÇÃO - SEE;1751.50.0.1.03.002;9;23;TRANSF. RECURSOS FUNDEB - PRINC. - PARCELA ICMS - MULTAS E JUROS;79141474,00
SECRETARIA DE ESTADO DE EDUCAÇÃO - SEE;SECRETARIA DE ESTADO DE EDUCAÇÃO - SEE;1751.50.0.1.03.003;9;23;TRANSF. RECURSOS FUNDEB - PRINC. - PARCELA ICMS - DA;64732262,00
SECRETARIA DE ESTADO DE EDUCAÇÃO - SEE;SECRETARIA DE ESTADO DE EDUCAÇÃO - SEE;1751.50.0.1.04.000;8;;TRANSF. RECURSOS FUNDEB - PRINC. - PARCELA IPI;111473188,00
SECRETARIA DE ESTADO DE EDUCAÇÃO - SEE;SECRETARIA DE ESTADO DE EDUCAÇÃO - SEE;1751.50.0.1.04.001;9;23;TRANSF. RECURSOS FUNDEB - PRINC. - PARCELA IPI - PRINC.;111473188,00
SECRETARIA DE ESTADO DE EDUCAÇÃO - SEE;SECRETARIA DE ESTADO DE EDUCAÇÃO - SEE;1751.50.0.1.05.000;8;;TRANSF. RECURSOS FUNDEB - PRINC. - PARCELA FPE;897539401,00
SECRETARIA DE ESTADO DE EDUCAÇÃO - SEE;SECRETARIA DE ESTADO DE EDUCAÇÃO - SEE;1751.50.0.1.05.001;9;23;TRANSF. RECURSOS FUNDEB - PRINC. - PARCELA FPE - PRINC.;897539401,00
SECRETARIA DE ESTADO DE EDUCAÇÃO - SEE;SECRETARIA DE ESTADO DE EDUCAÇÃO - SEE;1751.50.0.1.06.000;8;;TRANSF. RECURSOS FUNDEB - PRINC. - PARCELA ITR;9675725,00
SECRETARIA DE ESTADO DE EDUCAÇÃO - SEE;SECRETARIA DE ESTADO DE EDUCAÇÃO - SEE;1751.50.0.1.06.001;9;23;TRANSF. RECURSOS FUNDEB - PRINC. - PARCELA ITR - PRINC.;9675725,00
SECRETARIA DE ESTADO DE EDUCAÇÃO - SEE;SECRETARIA DE ESTADO DE EDUCAÇÃO - SEE;1751.50.0.1.07.000;8;;TRANSF. RECURSOS FUNDEB - PRINC. - PARCELA IPVA;1264721903,00
SECRETARIA DE ESTADO DE EDUCAÇÃO - SEE;SECRETARIA DE ESTADO DE EDUCAÇÃO - SEE;1751.50.0.1.07.001;9;23;TRANSF. RECURSOS FUNDEB - PRINC. - PARCELA IPVA - PRINC.;1158359016,00
SECRETARIA DE ESTADO DE EDUCAÇÃO - SEE;SECRETARIA DE ESTADO DE EDUCAÇÃO - SEE;1751.50.0.1.07.002;9;23;TRANSF. RECURSOS FUNDEB - PRINC. - PARCELA IPVA - MULTAS E JUROS;75420586,00
SECRETARIA DE ESTADO DE EDUCAÇÃO - SEE;SECRETARIA DE ESTADO DE EDUCAÇÃO - SEE;1751.50.0.1.07.003;9;23;TRANSF. RECURSOS FUNDEB - PRINC. - PARCELA IPVA - DA;30942301,00
SECRETARIA DE ESTADO DE EDUCAÇÃO - SEE;SECRETARIA DE ESTADO DE EDUCAÇÃO - SEE;1751.50.0.1.08.000;8;;TRANSF. RECURSOS FUNDEB - PRINC. - PARCELA ITCD;208513466,00
SECRETARIA DE ESTADO DE EDUCAÇÃO - SEE;SECRETARIA DE ESTADO DE EDUCAÇÃO - SEE;1751.50.0.1.08.001;9;23;TRANSF. RECURSOS FUNDEB - PRINC. - PARCELA ITCD - PRINC.;190238560,00
SECRETARIA DE ESTADO DE EDUCAÇÃO - SEE;SECRETARIA DE ESTADO DE EDUCAÇÃO - SEE;1751.50.0.1.08.002;9;23;TRANSF. RECURSOS FUNDEB - PRINC. - PARCELA ITCD - MULTAS E JUROS;15669298,00
SECRETARIA DE ESTADO DE EDUCAÇÃO - SEE;SECRETARIA DE ESTADO DE EDUCAÇÃO - SEE;1751.50.0.1.08.003;9;23;TRANSF. RECURSOS FUNDEB - PRINC. - PARCELA ITCD - DA;2605608,00
SECRETARIA DE ESTADO DE EDUCAÇÃO - SEE;SECRETARIA DE ESTADO DE EDUCAÇÃO - SEE;1751.50.0.1.09.000;8;;TRANSF. RECURSOS FUNDEB - PRINC. - PARCELA ADICIONAL ICMS - FUNDO DE ERRADICAÇÃO DA MISÉRIA - FEM;118636298,00
SECRETARIA DE ESTADO DE EDUCAÇÃO - SEE;SECRETARIA DE ESTADO DE EDUCAÇÃO - SEE;1751.50.0.1.09.001;9;23;TRANSF. RECURSOS FUNDEB - PRINC. - PARCELA ADICIONAL ICMS - FEM - PRINC.;93763950,00
SECRETARIA DE ESTADO DE EDUCAÇÃO - SEE;SECRETARIA DE ESTADO DE EDUCAÇÃO - SEE;1751.50.0.1.09.005;9;23;TRANSF. RECURSOS FUNDEB - PRINC. - PARCELA ADICIONAL ICMS - FEM - EXERCÍCIOS ANTERIORES;24872348,00
SECRETARIA DE ESTADO DE EDUCAÇÃO - SEE;SECRETARIA DE ESTADO DE EDUCAÇÃO - SEE;1900.00.0.0.00.000;2;;OUTRAS RECEITAS CORRENTES;193562500,00
SECRETARIA DE ESTADO DE EDUCAÇÃO - SEE;SECRETARIA DE ESTADO DE EDUCAÇÃO - SEE;1920.00.0.0.00.000;3;;INDENIZAÇÕES, RESTITUIÇÕES E RESSARCIMENTOS;193562500,00
SECRETARIA DE ESTADO DE EDUCAÇÃO - SEE;SECRETARIA DE ESTADO DE EDUCAÇÃO - SEE;1922.00.0.0.00.000;4;;RESTITUIÇÕES;193562500,00
SECRETARIA DE ESTADO DE EDUCAÇÃO - SEE;SECRETARIA DE ESTADO DE EDUCAÇÃO - SEE;1922.51.0.0.00.000;5;;RESTITUIÇÕES DE RECURSOS DO FUNDEB;98230000,00
SECRETARIA DE ESTADO DE EDUCAÇÃO - SEE;SECRETARIA DE ESTADO DE EDUCAÇÃO - SEE;1922.51.0.1.00.000;7;;RESTITUIÇÕES RECURSOS FUNDEB - PRINCIPAL;98230000,00
SECRETARIA DE ESTADO DE EDUCAÇÃO - SEE;SECRETARIA DE ESTADO DE EDUCAÇÃO - SEE;1922.51.0.1.01.000;8;13;RESTITUIÇÕES RECURSOS FUNDEB - PRINC.;2090000,00
SECRETARIA DE ESTADO DE EDUCAÇÃO - SEE;SECRETARIA DE ESTADO DE EDUCAÇÃO - SEE;1922.51.0.1.01.000;8;23;RESTITUIÇÕES RECURSOS FUNDEB - PRINC.;96140000,00
SECRETARIA DE ESTADO DE EDUCAÇÃO - SEE;SECRETARIA DE ESTADO DE EDUCAÇÃO - SEE;1922.52.0.0.00.000;5;;RESTITUIÇÃO DE REMUNERAÇÃO DE FOLHA DE PAGAMENTO - PESSOAL ATIVO;80000000,00
SECRETARIA DE ESTADO DE EDUCAÇÃO - SEE;SECRETARIA DE ESTADO DE EDUCAÇÃO - SEE;1922.52.0.1.00.000;7;;RESTITUIÇÃO REMUNERAÇÃO FOLHA PAGAMENTO - PESSOAL ATIVO - PRINCIPAL;80000000,00
SECRETARIA DE ESTADO DE EDUCAÇÃO - SEE;SECRETARIA DE ESTADO DE EDUCAÇÃO - SEE;1922.52.0.1.01.000;8;23;RESTITUIÇÃO REMUNERAÇÃO FOLHA PAGAMENTO - PESSOAL ATIVO - PRINC.;80000000,00
SECRETARIA DE ESTADO DE EDUCAÇÃO - SEE;SECRETARIA DE ESTADO DE EDUCAÇÃO - SEE;1922.99.0.0.00.000;5;;OUTRAS RESTITUIÇÕES;15332500,00
SECRETARIA DE ESTADO DE EDUCAÇÃO - SEE;SECRETARIA DE ESTADO DE EDUCAÇÃO - SEE;1922.99.0.1.00.000;7;;OUTRAS RESTITUIÇÕES - PRINCIPAL;15332500,00
SECRETARIA DE ESTADO DE EDUCAÇÃO - SEE;SECRETARIA DE ESTADO DE EDUCAÇÃO - SEE;1922.99.0.1.04.000;8;21;OUTRAS RESTITUIÇÕES - PRINC. - CONTRIB. DO SALÁRIO-EDUCAÇÃO;5225000,00
SECRETARIA DE ESTADO DE EDUCAÇÃO - SEE;SECRETARIA DE ESTADO DE EDUCAÇÃO - SEE;1922.99.0.1.99.000;8;3;OUTRAS RESTITUIÇÕES - PRINC. - DEMAIS;1000,00
SECRETARIA DE ESTADO DE EDUCAÇÃO - SEE;SECRETARIA DE ESTADO DE EDUCAÇÃO - SEE;1922.99.0.1.99.000;8;13;OUTRAS RESTITUIÇÕES - PRINC. - DEMAIS;104500,00
SECRETARIA DE ESTADO DE EDUCAÇÃO - SEE;SECRETARIA DE ESTADO DE EDUCAÇÃO - SEE;1922.99.0.1.99.000;8;23;OUTRAS RESTITUIÇÕES - PRINC. - DEMAIS;10000000,00
SECRETARIA DE ESTADO DE EDUCAÇÃO - SEE;SECRETARIA DE ESTADO DE EDUCAÇÃO - SEE;1922.99.0.1.99.000;8;24;OUTRAS RESTITUIÇÕES - PRINC. - DEMAIS;1000,00
SECRETARIA DE ESTADO DE EDUCAÇÃO - SEE;SECRETARIA DE ESTADO DE EDUCAÇÃO - SEE;1922.99.0.1.99.000;8;36;OUTRAS RESTITUIÇÕES - PRINC. - DEMAIS;1000,00
SECRETARIA DE ESTADO DE EDUCAÇÃO - SEE;SECRETARIA DE ESTADO DE EDUCAÇÃO - SEE;2000.00.0.0.00.000;1;;RECEITAS DE CAPITAL;238361026,00
SECRETARIA DE ESTADO DE EDUCAÇÃO - SEE;SECRETARIA DE ESTADO DE EDUCAÇÃO - SEE;2400.00.0.0.00.000;2;;TRANSFERÊNCIAS DE CAPITAL;238361026,00
SECRETARIA DE ESTADO DE EDUCAÇÃO - SEE;SECRETARIA DE ESTADO DE EDUCAÇÃO - SEE;2410.00.0.0.00.000;3;;TRANSFERÊNCIAS DA UNIÃO E DE SUAS ENTIDADES;238361026,00
SECRETARIA DE ESTADO DE EDUCAÇÃO - SEE;SECRETARIA DE ESTADO DE EDUCAÇÃO - SEE;2412.00.0.0.00.000;4;;TRANSFERÊNCIAS DE RECURSOS DO FUNDO NACIONAL DO DESENVOLVIMENTO DA EDUCAÇÃO - FNDE;234136145,00
SECRETARIA DE ESTADO DE EDUCAÇÃO - SEE;SECRETARIA DE ESTADO DE EDUCAÇÃO - SEE;2412.50.0.0.00.000;5;;TRANSFERÊNCIAS DE RECURSOS DESTINADOS A PROGRAMAS DE EDUCAÇÃO;234136145,00
SECRETARIA DE ESTADO DE EDUCAÇÃO - SEE;SECRETARIA DE ESTADO DE EDUCAÇÃO - SEE;2412.50.9.0.00.000;6;;OUTRAS TRANSFERÊNCIAS DESTINADAS A PROGRAMAS DE EDUCAÇÃO;234136145,00
SECRETARIA DE ESTADO DE EDUCAÇÃO - SEE;SECRETARIA DE ESTADO DE EDUCAÇÃO - SEE;2412.50.9.1.00.000;7;;OUTRAS TRANSF. EDUCAÇÃO - PRINCIPAL;234136145,00
SECRETARIA DE ESTADO DE EDUCAÇÃO - SEE;SECRETARIA DE ESTADO DE EDUCAÇÃO - SEE;2412.50.9.1.02.000;8;36;EDUCAÇÃO - FNDE - CONSTRUÇÃO DE QUADRAS POLIESPORTIVAS;181457872,00
SECRETARIA DE ESTADO DE EDUCAÇÃO - SEE;SECRETARIA DE ESTADO DE EDUCAÇÃO - SEE;2412.50.9.1.03.000;8;3;EDUCAÇÃO - FNDE - AQUISIÇÃO DE EQUIPAMENTOS DE MATERIAL PERMANENTE;2831666,00
SECRETARIA DE ESTADO DE EDUCAÇÃO - SEE;SECRETARIA DE ESTADO DE EDUCAÇÃO - SEE;2412.50.9.1.03.000;8;36;EDUCAÇÃO - FNDE - AQUISIÇÃO DE EQUIPAMENTOS DE MATERIAL PERMANENTE;267075,00
SECRETARIA DE ESTADO DE EDUCAÇÃO - SEE;SECRETARIA DE ESTADO DE EDUCAÇÃO - SEE;2412.50.9.1.05.000;8;36;EDUCAÇÃO - FNDE - PROGRAMA DE FOMENTO ÀS ESCOLAS DE ENSINO MÉDIO EM TEMPO INTEGRAL;49571830,00
SECRETARIA DE ESTADO DE EDUCAÇÃO - SEE;SECRETARIA DE ESTADO DE EDUCAÇÃO - SEE;2412.50.9.1.99.000;8;36;EDUCAÇÃO - FNDE - DEMAIS;7702,00
SECRETARIA DE ESTADO DE EDUCAÇÃO - SEE;SECRETARIA DE ESTADO DE EDUCAÇÃO - SEE;2419.00.0.0.00.000;4;;OUTRAS TRANSFERÊNCIAS DE RECURSOS DA UNIÃO E DE SUAS ENTIDADES;4224881,00
SECRETARIA DE ESTADO DE EDUCAÇÃO - SEE;SECRETARIA DE ESTADO DE EDUCAÇÃO - SEE;2419.51.0.0.00.000;5;;TRANSFERÊNCIA ESPECIAL DA UNIÃO;4224881,00
SECRETARIA DE ESTADO DE EDUCAÇÃO - SEE;SECRETARIA DE ESTADO DE EDUCAÇÃO - SEE;2419.51.0.1.00.000;7;;TRANSF. ESPECIAL UNIÃO - PRINCIPAL;4224881,00
SECRETARIA DE ESTADO DE EDUCAÇÃO - SEE;SECRETARIA DE ESTADO DE EDUCAÇÃO - SEE;2419.51.0.1.01.000;8;98;TRANSF. ESPECIAL UNIÃO - PRINC. - EMENDAS PARLAMENTARES INDIVIDUAIS;4224881,00
SECRETARIA DE ESTADO DE CULTURA E TURISMO - SECULT;SECRETARIA DE ESTADO DE CULTURA E TURISMO - SECULT;1000.00.0.0.00.000;1;;RECEITAS CORRENTES;171056638,00
SECRETARIA DE ESTADO DE CULTURA E TURISMO - SECULT;SECRETARIA DE ESTADO DE CULTURA E TURISMO - SECULT;1300.00.0.0.00.000;2;;RECEITA PATRIMONIAL;3000,00
SECRETARIA DE ESTADO DE CULTURA E TURISMO - SECULT;SECRETARIA DE ESTADO DE CULTURA E TURISMO - SECULT;1320.00.0.0.00.000;3;;VALORES MOBILIÁRIOS;3000,00
SECRETARIA DE ESTADO DE CULTURA E TURISMO - SECULT;SECRETARIA DE ESTADO DE CULTURA E TURISMO - SECULT;1321.00.0.0.00.000;4;;JUROS E CORREÇÕES MONETÁRIAS;3000,00
SECRETARIA DE ESTADO DE CULTURA E TURISMO - SECULT;SECRETARIA DE ESTADO DE CULTURA E TURISMO - SECULT;1321.01.0.0.00.000;5;;REMUNERAÇÃO DE DEPÓSITOS BANCÁRIOS;3000,00
SECRETARIA DE ESTADO DE CULTURA E TURISMO - SECULT;SECRETARIA DE ESTADO DE CULTURA E TURISMO - SECULT;1321.01.0.1.00.000;7;;REMUNERAÇÃO DEPÓSITOS BANCÁRIOS - PRINCIPAL;3000,00
SECRETARIA DE ESTADO DE CULTURA E TURISMO - SECULT;SECRETARIA DE ESTADO DE CULTURA E TURISMO - SECULT;1321.01.0.1.01.000;8;16;REMUNERAÇÃO DEPÓSITOS BANCÁRIOS - PRINC.;1000,00
SECRETARIA DE ESTADO DE CULTURA E TURISMO - SECULT;SECRETARIA DE ESTADO DE CULTURA E TURISMO - SECULT;1321.01.0.1.01.000;8;24;REMUNERAÇÃO DEPÓSITOS BANCÁRIOS - PRINC.;1000,00
SECRETARIA DE ESTADO DE CULTURA E TURISMO - SECULT;SECRETARIA DE ESTADO DE CULTURA E TURISMO - SECULT;1321.01.0.1.01.000;8;69;REMUNERAÇÃO DEPÓSITOS BANCÁRIOS - PRINC.;1000,00
SECRETARIA DE ESTADO DE CULTURA E TURISMO - SECULT;SECRETARIA DE ESTADO DE CULTURA E TURISMO - SECULT;1700.00.0.0.00.000;2;;TRANSFERÊNCIAS CORRENTES;171050638,00
SECRETARIA DE ESTADO DE CULTURA E TURISMO - SECULT;SECRETARIA DE ESTADO DE CULTURA E TURISMO - SECULT;1710.00.0.0.00.000;3;;TRANSFERÊNCIAS DA UNIÃO E DE SUAS ENTIDADES;171050638,00
SECRETARIA DE ESTADO DE CULTURA E TURISMO - SECULT;SECRETARIA DE ESTADO DE CULTURA E TURISMO - SECULT;1717.00.0.0.00.000;4;;TRANSFERÊNCIAS DE CONVÊNIOS DA UNIÃO E DE SUAS ENTIDADES;1050638,00
SECRETARIA DE ESTADO DE CULTURA E TURISMO - SECULT;SECRETARIA DE ESTADO DE CULTURA E TURISMO - SECULT;1717.99.0.0.00.000;5;;OUTRAS TRANSFERÊNCIAS DE CONVÊNIOS DA UNIÃO E DE SUAS ENTIDADES;1050638,00
SECRETARIA DE ESTADO DE CULTURA E TURISMO - SECULT;SECRETARIA DE ESTADO DE CULTURA E TURISMO - SECULT;1717.99.0.1.00.000;7;;OUTRAS TRANSF. CONVÊNIOS UNIÃO ENTIDADES - PRINCIPAL;1050638,00
SECRETARIA DE ESTADO DE CULTURA E TURISMO - SECULT;SECRETARIA DE ESTADO DE CULTURA E TURISMO - SECULT;1717.99.0.1.09.000;8;;OUTRAS TRANSF. CONVÊNIOS UNIÃO ENTIDADES - PRINC. - CULTURA;1050638,00
SECRETARIA DE ESTADO DE CULTURA E TURISMO - SECULT;SECRETARIA DE ESTADO DE CULTURA E TURISMO - SECULT;1717.99.0.1.09.005;9;24;CULTURA - MINISTÉRIO DA CULTURA;490038,00
SECRETARIA DE ESTADO DE CULTURA E TURISMO - SECULT;SECRETARIA DE ESTADO DE CULTURA E TURISMO - SECULT;1717.99.0.1.09.006;9;24;CULTURA - MINISTÉRIO DA JUSTIÇA E SEGURANÇA PÚBLICA;560600,00
SECRETARIA DE ESTADO DE CULTURA E TURISMO - SECULT;SECRETARIA DE ESTADO DE CULTURA E TURISMO - SECULT;1719.00.0.0.00.000;4;;OUTRAS TRANSFERÊNCIAS DE RECURSOS DA UNIÃO E DE SUAS ENTIDADES;170000000,00
SECRETARIA DE ESTADO DE CULTURA E TURISMO - SECULT;SECRETARIA DE ESTADO DE CULTURA E TURISMO - SECULT;1719.99.0.0.00.000;5;;OUTRAS TRANSFERÊNCIAS DE RECURSOS DA UNIÃO E DE SUAS ENTIDADES;170000000,00
SECRETARIA DE ESTADO DE CULTURA E TURISMO - SECULT;SECRETARIA DE ESTADO DE CULTURA E TURISMO - SECULT;1719.99.0.1.00.000;7;;OUTRAS TRANSF. UNIÃO ENTIDADES - PRINCIPAL;170000000,00
SECRETARIA DE ESTADO DE CULTURA E TURISMO - SECULT;SECRETARIA DE ESTADO DE CULTURA E TURISMO - SECULT;1719.99.0.1.14.000;8;;OUTRAS TRANSF. UNIÃO ENTIDADES - CULTURA;170000000,00
SECRETARIA DE ESTADO DE CULTURA E TURISMO - SECULT;SECRETARIA DE ESTADO DE CULTURA E TURISMO - SECULT;1719.99.0.1.14.001;9;16;CULTURA - MINISTÉRIO DA CULTURA;170000000,00
SECRETARIA DE ESTADO DE CULTURA E TURISMO - SECULT;SECRETARIA DE ESTADO DE CULTURA E TURISMO - SECULT;1900.00.0.0.00.000;2;;OUTRAS RECEITAS CORRENTES;3000,00
SECRETARIA DE ESTADO DE CULTURA E TURISMO - SECULT;SECRETARIA DE ESTADO DE CULTURA E TURISMO - SECULT;1920.00.0.0.00.000;3;;INDENIZAÇÕES, RESTITUIÇÕES E RESSARCIMENTOS;3000,00
SECRETARIA DE ESTADO DE CULTURA E TURISMO - SECULT;SECRETARIA DE ESTADO DE CULTURA E TURISMO - SECULT;1922.00.0.0.00.000;4;;RESTITUIÇÕES;3000,00
SECRETARIA DE ESTADO DE CULTURA E TURISMO - SECULT;SECRETARIA DE ESTADO DE CULTURA E TURISMO - SECULT;1922.99.0.0.00.000;5;;OUTRAS RESTITUIÇÕES;3000,00
SECRETARIA DE ESTADO DE CULTURA E TURISMO - SECULT;SECRETARIA DE ESTADO DE CULTURA E TURISMO - SECULT;1922.99.0.1.00.000;7;;OUTRAS RESTITUIÇÕES - PRINCIPAL;3000,00
SECRETARIA DE ESTADO DE CULTURA E TURISMO - SECULT;SECRETARIA DE ESTADO DE CULTURA E TURISMO - SECULT;1922.99.0.1.99.000;8;16;OUTRAS RESTITUIÇÕES - PRINC. - DEMAIS;1000,00
SECRETARIA DE ESTADO DE CULTURA E TURISMO - SECULT;SECRETARIA DE ESTADO DE CULTURA E TURISMO - SECULT;1922.99.0.1.99.000;8;24;OUTRAS RESTITUIÇÕES - PRINC. - DEMAIS;1000,00
SECRETARIA DE ESTADO DE CULTURA E TURISMO - SECULT;SECRETARIA DE ESTADO DE CULTURA E TURISMO - SECULT;1922.99.0.1.99.000;8;69;OUTRAS RESTITUIÇÕES - PRINC. - DEMAIS;1000,00
SECRETARIA DE ESTADO DE CULTURA E TURISMO - SECULT;SECRETARIA DE ESTADO DE CULTURA E TURISMO - SECULT;2000.00.0.0.00.000;1;;RECEITAS DE CAPITAL;33576667,00
SECRETARIA DE ESTADO DE CULTURA E TURISMO - SECULT;SECRETARIA DE ESTADO DE CULTURA E TURISMO - SECULT;2400.00.0.0.00.000;2;;TRANSFERÊNCIAS DE CAPITAL;33576667,00
SECRETARIA DE ESTADO DE CULTURA E TURISMO - SECULT;SECRETARIA DE ESTADO DE CULTURA E TURISMO - SECULT;2410.00.0.0.00.000;3;;TRANSFERÊNCIAS DA UNIÃO E DE SUAS ENTIDADES;32090594,00
SECRETARIA DE ESTADO DE CULTURA E TURISMO - SECULT;SECRETARIA DE ESTADO DE CULTURA E TURISMO - SECULT;2414.00.0.0.00.000;4;;TRANSFERÊNCIAS DE CONVÊNIOS DA UNIÃO E DE SUAS ENTIDADES;32090594,00
SECRETARIA DE ESTADO DE CULTURA E TURISMO - SECULT;SECRETARIA DE ESTADO DE CULTURA E TURISMO - SECULT;2414.99.0.0.00.000;5;;OUTRAS TRANSFERÊNCIAS DE CONVÊNIOS DA UNIÃO E DE SUAS ENTIDADES;32090594,00
SECRETARIA DE ESTADO DE CULTURA E TURISMO - SECULT;SECRETARIA DE ESTADO DE CULTURA E TURISMO - SECULT;2414.99.0.1.00.000;7;;OUTRAS TRANSF. CONVÊNIOS UNIÃO - PRINCIPAL;32090594,00
SECRETARIA DE ESTADO DE CULTURA E TURISMO - SECULT;SECRETARIA DE ESTADO DE CULTURA E TURISMO - SECULT;2414.99.0.1.11.000;8;;OUTRAS TRANSF. CONVÊNIOS UNIÃO - PRINC. - CULTURA;32090594,00
SECRETARIA DE ESTADO DE CULTURA E TURISMO - SECULT;SECRETARIA DE ESTADO DE CULTURA E TURISMO - SECULT;2414.99.0.1.11.001;9;24;CULTURA - MINISTÉRIO DA CULTURA;30090594,00
SECRETARIA DE ESTADO DE CULTURA E TURISMO - SECULT;SECRETARIA DE ESTADO DE CULTURA E TURISMO - SECULT;2414.99.0.1.11.007;9;24;CULTURA - FUNDO NACIONAL DE SAÚDE - FNS;2000000,00
SECRETARIA DE ESTADO DE CULTURA E TURISMO - SECULT;SECRETARIA DE ESTADO DE CULTURA E TURISMO - SECULT;2420.00.0.0.00.000;3;;TRANSFERÊNCIAS DOS ESTADOS E DO DISTRITO FEDERAL E DE SUAS ENTIDADES;1486073,00
SECRETARIA DE ESTADO DE CULTURA E TURISMO - SECULT;SECRETARIA DE ESTADO DE CULTURA E TURISMO - SECULT;2422.00.0.0.00.000;4;;TRANSFERÊNCIAS DE CONVÊNIOS DOS ESTADOS E DF E DE SUAS ENTIDADES;1486073,00
SECRETARIA DE ESTADO DE CULTURA E TURISMO - SECULT;SECRETARIA DE ESTADO DE CULTURA E TURISMO - SECULT;2422.99.0.0.00.000;5;;OUTRAS TRANSFERÊNCIAS DE CONVÊNIOS DOS ESTADOS E DF E DE SUAS ENTIDADES;1486073,00
SECRETARIA DE ESTADO DE CULTURA E TURISMO - SECULT;SECRETARIA DE ESTADO DE CULTURA E TURISMO - SECULT;2422.99.0.1.00.000;7;;OUTRAS TRANSF. CONVÊNIO ESTADOS DF ENTIDADES - PRINCIPAL;1486073,00
SECRETARIA DE ESTADO DE CULTURA E TURISMO - SECULT;SECRETARIA DE ESTADO DE CULTURA E TURISMO - SECULT;2422.99.0.1.11.000;8;;OUTRAS TRANSF. CONVÊNIOS ESTADOS DF ENTIDADES - PRINC. - CULTURA;1486073,00
SECRETARIA DE ESTADO DE CULTURA E TURISMO - SECULT;SECRETARIA DE ESTADO DE CULTURA E TURISMO - SECULT;2422.99.0.1.11.001;9;69;CULTURA - COMPANHIA DE DESENVOLVIMENTO ECONÔMICO DO ESTADO DE MINAS GERAIS - CODEMIG;1486073,00
SECRETARIA DE ESTADO DE INFRAESTRUTURA, MOBILIDADE E PARCERIA - SEINFRA;SECRETARIA DE ESTADO DE INFRAESTRUTURA, MOBILIDADE E PARCERIAS - SEINFRA;1000.00.0.0.00.000;1;;RECEITAS CORRENTES;14378264,00
SECRETARIA DE ESTADO DE INFRAESTRUTURA, MOBILIDADE E PARCERIA - SEINFRA;SECRETARIA DE ESTADO DE INFRAESTRUTURA, MOBILIDADE E PARCERIAS - SEINFRA;1300.00.0.0.00.000;2;;RECEITA PATRIMONIAL;12752000,00
SECRETARIA DE ESTADO DE INFRAESTRUTURA, MOBILIDADE E PARCERIA - SEINFRA;SECRETARIA DE ESTADO DE INFRAESTRUTURA, MOBILIDADE E PARCERIAS - SEINFRA;1320.00.0.0.00.000;3;;VALORES MOBILIÁRIOS;12752000,00
SECRETARIA DE ESTADO DE INFRAESTRUTURA, MOBILIDADE E PARCERIA - SEINFRA;SECRETARIA DE ESTADO DE INFRAESTRUTURA, MOBILIDADE E PARCERIAS - SEINFRA;1321.00.0.0.00.000;4;;JUROS E CORREÇÕES MONETÁRIAS;12752000,00
SECRETARIA DE ESTADO DE INFRAESTRUTURA, MOBILIDADE E PARCERIA - SEINFRA;SECRETARIA DE ESTADO DE INFRAESTRUTURA, MOBILIDADE E PARCERIAS - SEINFRA;1321.01.0.0.00.000;5;;REMUNERAÇÃO DE DEPÓSITOS BANCÁRIOS;12752000,00
SECRETARIA DE ESTADO DE INFRAESTRUTURA, MOBILIDADE E PARCERIA - SEINFRA;SECRETARIA DE ESTADO DE INFRAESTRUTURA, MOBILIDADE E PARCERIAS - SEINFRA;1321.01.0.1.00.000;7;;REMUNERAÇÃO DEPÓSITOS BANCÁRIOS - PRINCIPAL;12752000,00
SECRETARIA DE ESTADO DE INFRAESTRUTURA, MOBILIDADE E PARCERIA - SEINFRA;SECRETARIA DE ESTADO DE INFRAESTRUTURA, MOBILIDADE E PARCERIAS - SEINFRA;1321.01.0.1.01.000;8;24;REMUNERAÇÃO DEPÓSITOS BANCÁRIOS - PRINC.;7150000,00
SECRETARIA DE ESTADO DE INFRAESTRUTURA, MOBILIDADE E PARCERIA - SEINFRA;SECRETARIA DE ESTADO DE INFRAESTRUTURA, MOBILIDADE E PARCERIAS - SEINFRA;1321.01.0.1.01.000;8;59;REMUNERAÇÃO DEPÓSITOS BANCÁRIOS - PRINC.;2500000,00
SECRETARIA DE ESTADO DE INFRAESTRUTURA, MOBILIDADE E PARCERIA - SEINFRA;SECRETARIA DE ESTADO DE INFRAESTRUTURA, MOBILIDADE E PARCERIAS - SEINFRA;1321.01.0.1.01.000;8;70;REMUNERAÇÃO DEPÓSITOS BANCÁRIOS - PRINC.;1385000,00
SECRETARIA DE ESTADO DE INFRAESTRUTURA, MOBILIDADE E PARCERIA - SEINFRA;SECRETARIA DE ESTADO DE INFRAESTRUTURA, MOBILIDADE E PARCERIAS - SEINFRA;1321.01.0.1.01.000;8;73;REMUNERAÇÃO DEPÓSITOS BANCÁRIOS - PRINC.;517000,00
SECRETARIA DE ESTADO DE INFRAESTRUTURA, MOBILIDADE E PARCERIA - SEINFRA;SECRETARIA DE ESTADO DE INFRAESTRUTURA, MOBILIDADE E PARCERIAS - SEINFRA;1321.01.0.1.01.000;8;74;REMUNERAÇÃO DEPÓSITOS BANCÁRIOS - PRINC.;1200000,00
SECRETARIA DE ESTADO DE INFRAESTRUTURA, MOBILIDADE E PARCERIA - SEINFRA;SECRETARIA DE ESTADO DE INFRAESTRUTURA, MOBILIDADE E PARCERIAS - SEINFRA;1700.00.0.0.00.000;2;;TRANSFERÊNCIAS CORRENTES;750000,00
SECRETARIA DE ESTADO DE INFRAESTRUTURA, MOBILIDADE E PARCERIA - SEINFRA;SECRETARIA DE ESTADO DE INFRAESTRUTURA, MOBILIDADE E PARCERIAS - SEINFRA;1710.00.0.0.00.000;3;;TRANSFERÊNCIAS DA UNIÃO E DE SUAS ENTIDADES;750000,00
SECRETARIA DE ESTADO DE INFRAESTRUTURA, MOBILIDADE E PARCERIA - SEINFRA;SECRETARIA DE ESTADO DE INFRAESTRUTURA, MOBILIDADE E PARCERIAS - SEINFRA;1717.00.0.0.00.000;4;;TRANSFERÊNCIAS DE CONVÊNIOS DA UNIÃO E DE SUAS ENTIDADES;750000,00
SECRETARIA DE ESTADO DE INFRAESTRUTURA, MOBILIDADE E PARCERIA - SEINFRA;SECRETARIA DE ESTADO DE INFRAESTRUTURA, MOBILIDADE E PARCERIAS - SEINFRA;1717.99.0.0.00.000;5;;OUTRAS TRANSFERÊNCIAS DE CONVÊNIOS DA UNIÃO E DE SUAS ENTIDADES;750000,00
SECRETARIA DE ESTADO DE INFRAESTRUTURA, MOBILIDADE E PARCERIA - SEINFRA;SECRETARIA DE ESTADO DE INFRAESTRUTURA, MOBILIDADE E PARCERIAS - SEINFRA;1717.99.0.1.00.000;7;;OUTRAS TRANSF. CONVÊNIOS UNIÃO ENTIDADES - PRINCIPAL;750000,00
SECRETARIA DE ESTADO DE INFRAESTRUTURA, MOBILIDADE E PARCERIA - SEINFRA;SECRETARIA DE ESTADO DE INFRAESTRUTURA, MOBILIDADE E PARCERIAS - SEINFRA;1717.99.0.1.15.000;8;;OUTRAS TRANSF. CONVÊNIOS UNIÃO ENTIDADES - PRINC. - INFRAESTRUTURA EM TRANSPORTE;750000,00
SECRETARIA DE ESTADO DE INFRAESTRUTURA, MOBILIDADE E PARCERIA - SEINFRA;SECRETARIA DE ESTADO DE INFRAESTRUTURA, MOBILIDADE E PARCERIAS - SEINFRA;1717.99.0.1.15.002;9;73;TRANSPORTE - SECRETARIA NACIONAL DE AVIAÇÃO CIVIL;750000,00
SECRETARIA DE ESTADO DE INFRAESTRUTURA, MOBILIDADE E PARCERIA - SEINFRA;SECRETARIA DE ESTADO DE INFRAESTRUTURA, MOBILIDADE E PARCERIAS - SEINFRA;1900.00.0.0.00.000;2;;OUTRAS RECEITAS CORRENTES;876264,00
SECRETARIA DE ESTADO DE INFRAESTRUTURA, MOBILIDADE E PARCERIA - SEINFRA;SECRETARIA DE ESTADO DE INFRAESTRUTURA, MOBILIDADE E PARCERIAS - SEINFRA;1920.00.0.0.00.000;3;;INDENIZAÇÕES, RESTITUIÇÕES E RESSARCIMENTOS;4000,00
SECRETARIA DE ESTADO DE INFRAESTRUTURA, MOBILIDADE E PARCERIA - SEINFRA;SECRETARIA DE ESTADO DE INFRAESTRUTURA, MOBILIDADE E PARCERIAS - SEINFRA;1922.00.0.0.00.000;4;;RESTITUIÇÕES;4000,00
SECRETARIA DE ESTADO DE INFRAESTRUTURA, MOBILIDADE E PARCERIA - SEINFRA;SECRETARIA DE ESTADO DE INFRAESTRUTURA, MOBILIDADE E PARCERIAS - SEINFRA;1922.99.0.0.00.000;5;;OUTRAS RESTITUIÇÕES;4000,00
SECRETARIA DE ESTADO DE INFRAESTRUTURA, MOBILIDADE E PARCERIA - SEINFRA;SECRETARIA DE ESTADO DE INFRAESTRUTURA, MOBILIDADE E PARCERIAS - SEINFRA;1922.99.0.1.00.000;7;;OUTRAS RESTITUIÇÕES - PRINCIPAL;4000,00
SECRETARIA DE ESTADO DE INFRAESTRUTURA, MOBILIDADE E PARCERIA - SEINFRA;SECRETARIA DE ESTADO DE INFRAESTRUTURA, MOBILIDADE E PARCERIAS - SEINFRA;1922.99.0.1.99.000;8;24;OUTRAS RESTITUIÇÕES - PRINC. - DEMAIS;1000,00
SECRETARIA DE ESTADO DE INFRAESTRUTURA, MOBILIDADE E PARCERIA - SEINFRA;SECRETARIA DE ESTADO DE INFRAESTRUTURA, MOBILIDADE E PARCERIAS - SEINFRA;1922.99.0.1.99.000;8;70;OUTRAS RESTITUIÇÕES - PRINC. - DEMAIS;1000,00
SECRETARIA DE ESTADO DE INFRAESTRUTURA, MOBILIDADE E PARCERIA - SEINFRA;SECRETARIA DE ESTADO DE INFRAESTRUTURA, MOBILIDADE E PARCERIAS - SEINFRA;1922.99.0.1.99.000;8;73;OUTRAS RESTITUIÇÕES - PRINC. - DEMAIS;1000,00
SECRETARIA DE ESTADO DE INFRAESTRUTURA, MOBILIDADE E PARCERIA - SEINFRA;SECRETARIA DE ESTADO DE INFRAESTRUTURA, MOBILIDADE E PARCERIAS - SEINFRA;1922.99.0.1.99.000;8;74;OUTRAS RESTITUIÇÕES - PRINC. - DEMAIS;1000,00
SECRETARIA DE ESTADO DE INFRAESTRUTURA, MOBILIDADE E PARCERIA - SEINFRA;SECRETARIA DE ESTADO DE INFRAESTRUTURA, MOBILIDADE E PARCERIAS - SEINFRA;1990.00.0.0.00.000;3;;DEMAIS RECEITAS CORRENTES;872264,00
SECRETARIA DE ESTADO DE INFRAESTRUTURA, MOBILIDADE E PARCERIA - SEINFRA;SECRETARIA DE ESTADO DE INFRAESTRUTURA, MOBILIDADE E PARCERIAS - SEINFRA;1999.00.0.0.00.000;4;;OUTRAS RECEITAS CORRENTES;872264,00
SECRETARIA DE ESTADO DE INFRAESTRUTURA, MOBILIDADE E PARCERIA - SEINFRA;SECRETARIA DE ESTADO DE INFRAESTRUTURA, MOBILIDADE E PARCERIAS - SEINFRA;1999.99.0.0.00.000;5;;OUTRAS RECEITAS;872264,00
SECRETARIA DE ESTADO DE INFRAESTRUTURA, MOBILIDADE E PARCERIA - SEINFRA;SECRETARIA DE ESTADO DE INFRAESTRUTURA, MOBILIDADE E PARCERIAS - SEINFRA;1999.99.2.0.00.000;6;;OUTRAS RECEITAS NÃO ARRECADADAS E NÃO PROJETADAS PELA RFB - PRIMÁRIAS;872264,00
SECRETARIA DE ESTADO DE INFRAESTRUTURA, MOBILIDADE E PARCERIA - SEINFRA;SECRETARIA DE ESTADO DE INFRAESTRUTURA, MOBILIDADE E PARCERIAS - SEINFRA;1999.99.2.1.00.000;7;;OUTRAS REC. - PRIMÁRIAS - PRINCIPAL;872264,00
SECRETARIA DE ESTADO DE INFRAESTRUTURA, MOBILIDADE E PARCERIA - SEINFRA;SECRETARIA DE ESTADO DE INFRAESTRUTURA, MOBILIDADE E PARCERIAS - SEINFRA;1999.99.2.1.08.000;8;;OUTRAS REC. - PRIMÁRIAS - PRINC. - RECEITAS ADICIONAIS À CONCESSÃO - PARCERIA PÚBLICO-PRIVADA;872264,00
SECRETARIA DE ESTADO DE INFRAESTRUTURA, MOBILIDADE E PARCERIA - SEINFRA;SECRETARIA DE ESTADO DE INFRAESTRUTURA, MOBILIDADE E PARCERIAS - SEINFRA;1999.99.2.1.08.001;9;59;OUTRAS REC. - PRIMÁRIAS - PRINC. - RECEITAS ADICIONAIS À CONCESSÃO - PPP - AEROPORTUÁRIA;872264,00
SECRETARIA DE ESTADO DE INFRAESTRUTURA, MOBILIDADE E PARCERIA - SEINFRA;SECRETARIA DE ESTADO DE INFRAESTRUTURA, MOBILIDADE E PARCERIAS - SEINFRA;2000.00.0.0.00.000;1;;RECEITAS DE CAPITAL;196782561,00
SECRETARIA DE ESTADO DE INFRAESTRUTURA, MOBILIDADE E PARCERIA - SEINFRA;SECRETARIA DE ESTADO DE INFRAESTRUTURA, MOBILIDADE E PARCERIAS - SEINFRA;2400.00.0.0.00.000;2;;TRANSFERÊNCIAS DE CAPITAL;196782561,00
SECRETARIA DE ESTADO DE INFRAESTRUTURA, MOBILIDADE E PARCERIA - SEINFRA;SECRETARIA DE ESTADO DE INFRAESTRUTURA, MOBILIDADE E PARCERIAS - SEINFRA;2410.00.0.0.00.000;3;;TRANSFERÊNCIAS DA UNIÃO E DE SUAS ENTIDADES;192782561,00
SECRETARIA DE ESTADO DE INFRAESTRUTURA, MOBILIDADE E PARCERIA - SEINFRA;SECRETARIA DE ESTADO DE INFRAESTRUTURA, MOBILIDADE E PARCERIAS - SEINFRA;2414.00.0.0.00.000;4;;TRANSFERÊNCIAS DE CONVÊNIOS DA UNIÃO E DE SUAS ENTIDADES;191526758,00
SECRETARIA DE ESTADO DE INFRAESTRUTURA, MOBILIDADE E PARCERIA - SEINFRA;SECRETARIA DE ESTADO DE INFRAESTRUTURA, MOBILIDADE E PARCERIAS - SEINFRA;2414.54.0.0.00.000;5;;TRANSFERÊNCIAS DE CONVÊNIOS DA UNIÃO DESTINADAS A PROGRAMAS DE INFRAESTRUTURA EM TRANSPORTE;191526758,00
SECRETARIA DE ESTADO DE INFRAESTRUTURA, MOBILIDADE E PARCERIA - SEINFRA;SECRETARIA DE ESTADO DE INFRAESTRUTURA, MOBILIDADE E PARCERIAS - SEINFRA;2414.54.0.1.00.000;7;;TRANSF. CONVÊNIOS UNIÃO TRANSPORTE - PRINCIPAL;191526758,00
SECRETARIA DE ESTADO DE INFRAESTRUTURA, MOBILIDADE E PARCERIA - SEINFRA;SECRETARIA DE ESTADO DE INFRAESTRUTURA, MOBILIDADE E PARCERIAS - SEINFRA;2414.54.0.1.02.000;8;24;TRANSPORTE - MINISTÉRIO DAS CIDADES;126496473,00
SECRETARIA DE ESTADO DE INFRAESTRUTURA, MOBILIDADE E PARCERIA - SEINFRA;SECRETARIA DE ESTADO DE INFRAESTRUTURA, MOBILIDADE E PARCERIAS - SEINFRA;2414.54.0.1.03.000;8;24;TRANSPORTE - MINISTÉRIO DO DESENVOLVIMENTO REGIONAL;37765440,00
SECRETARIA DE ESTADO DE INFRAESTRUTURA, MOBILIDADE E PARCERIA - SEINFRA;SECRETARIA DE ESTADO DE INFRAESTRUTURA, MOBILIDADE E PARCERIAS - SEINFRA;2414.54.0.1.04.000;8;24;TRANSPORTE - MINISTÉRIO DA AGRICULTURA, PECUÁRIA E ABASTECIMENTO;27264845,00
SECRETARIA DE ESTADO DE INFRAESTRUTURA, MOBILIDADE E PARCERIA - SEINFRA;SECRETARIA DE ESTADO DE INFRAESTRUTURA, MOBILIDADE E PARCERIAS - SEINFRA;2419.00.0.0.00.000;4;;OUTRAS TRANSFERÊNCIAS DE RECURSOS DA UNIÃO E DE SUAS ENTIDADES;1255803,00
SECRETARIA DE ESTADO DE INFRAESTRUTURA, MOBILIDADE E PARCERIA - SEINFRA;SECRETARIA DE ESTADO DE INFRAESTRUTURA, MOBILIDADE E PARCERIAS - SEINFRA;2419.51.0.0.00.000;5;;TRANSFERÊNCIA ESPECIAL DA UNIÃO;1255803,00
SECRETARIA DE ESTADO DE INFRAESTRUTURA, MOBILIDADE E PARCERIA - SEINFRA;SECRETARIA DE ESTADO DE INFRAESTRUTURA, MOBILIDADE E PARCERIAS - SEINFRA;2419.51.0.1.00.000;7;;TRANSF. ESPECIAL UNIÃO - PRINCIPAL;1255803,00
SECRETARIA DE ESTADO DE INFRAESTRUTURA, MOBILIDADE E PARCERIA - SEINFRA;SECRETARIA DE ESTADO DE INFRAESTRUTURA, MOBILIDADE E PARCERIAS - SEINFRA;2419.51.0.1.01.000;8;98;TRANSF. ESPECIAL UNIÃO - PRINC. - EMENDAS PARLAMENTARES INDIVIDUAIS;1255803,00
SECRETARIA DE ESTADO DE INFRAESTRUTURA, MOBILIDADE E PARCERIA - SEINFRA;SECRETARIA DE ESTADO DE INFRAESTRUTURA, MOBILIDADE E PARCERIAS - SEINFRA;2430.00.0.0.00.000;3;;TRANSFERÊNCIAS DOS MUNICÍPIOS E DE SUAS ENTIDADES;4000000,00
SECRETARIA DE ESTADO DE INFRAESTRUTURA, MOBILIDADE E PARCERIA - SEINFRA;SECRETARIA DE ESTADO DE INFRAESTRUTURA, MOBILIDADE E PARCERIAS - SEINFRA;2432.00.0.0.00.000;4;;TRANSFERÊNCIAS DE CONVÊNIOS DOS MUNICÍPIOS E DE SUAS ENTIDADES;4000000,00
SECRETARIA DE ESTADO DE INFRAESTRUTURA, MOBILIDADE E PARCERIA - SEINFRA;SECRETARIA DE ESTADO DE INFRAESTRUTURA, MOBILIDADE E PARCERIAS - SEINFRA;2432.99.0.0.00.000;5;;OUTRAS TRANSFERÊNCIAS DE CONVÊNIOS DOS MUNICÍPIOS E DE SUAS ENTIDADES;4000000,00
SECRETARIA DE ESTADO DE INFRAESTRUTURA, MOBILIDADE E PARCERIA - SEINFRA;SECRETARIA DE ESTADO DE INFRAESTRUTURA, MOBILIDADE E PARCERIAS - SEINFRA;2432.99.0.1.00.000;7;;OUTRAS TRANSF. CONVÊNIOS MUNICÍPIOS ENTIDADES - PRINCIPAL;4000000,00
SECRETARIA DE ESTADO DE INFRAESTRUTURA, MOBILIDADE E PARCERIA - SEINFRA;SECRETARIA DE ESTADO DE INFRAESTRUTURA, MOBILIDADE E PARCERIAS - SEINFRA;2432.99.0.1.17.000;8;;OUTRAS TRANSF. CONVÊNIOS MUNICÍPIOS ENTIDADES - PRINC. - INFRAESTRUTURA EM TRANSPORTE;4000000,00
SECRETARIA DE ESTADO DE INFRAESTRUTURA, MOBILIDADE E PARCERIA - SEINFRA;SECRETARIA DE ESTADO DE INFRAESTRUTURA, MOBILIDADE E PARCERIAS - SEINFRA;2432.99.0.1.17.001;9;70;TRANSPORTE - DIVERSOS MUNICÍPIOS;4000000,00
SECRETARIA DE ESTADO DE MEIO AMBIENTE E DESENVOLVIMENTO SUSTENTÁVEL - SEMAD;SECRETARIA DE ESTADO DE MEIO AMBIENTE E DESENVOLVIMENTO SUSTENTÁVEL - SEMAD;1000.00.0.0.00.000;1;;RECEITAS CORRENTES;7541930,00
SECRETARIA DE ESTADO DE MEIO AMBIENTE E DESENVOLVIMENTO SUSTENTÁVEL - SEMAD;SECRETARIA DE ESTADO DE MEIO AMBIENTE E DESENVOLVIMENTO SUSTENTÁVEL - SEMAD;1300.00.0.0.00.000;2;;RECEITA PATRIMONIAL;2000,00
SECRETARIA DE ESTADO DE MEIO AMBIENTE E DESENVOLVIMENTO SUSTENTÁVEL - SEMAD;SECRETARIA DE ESTADO DE MEIO AMBIENTE E DESENVOLVIMENTO SUSTENTÁVEL - SEMAD;1320.00.0.0.00.000;3;;VALORES MOBILIÁRIOS;2000,00
SECRETARIA DE ESTADO DE MEIO AMBIENTE E DESENVOLVIMENTO SUSTENTÁVEL - SEMAD;SECRETARIA DE ESTADO DE MEIO AMBIENTE E DESENVOLVIMENTO SUSTENTÁVEL - SEMAD;1321.00.0.0.00.000;4;;JUROS E CORREÇÕES MONETÁRIAS;2000,00
SECRETARIA DE ESTADO DE MEIO AMBIENTE E DESENVOLVIMENTO SUSTENTÁVEL - SEMAD;SECRETARIA DE ESTADO DE MEIO AMBIENTE E DESENVOLVIMENTO SUSTENTÁVEL - SEMAD;1321.01.0.0.00.000;5;;REMUNERAÇÃO DE DEPÓSITOS BANCÁRIOS;2000,00
SECRETARIA DE ESTADO DE MEIO AMBIENTE E DESENVOLVIMENTO SUSTENTÁVEL - SEMAD;SECRETARIA DE ESTADO DE MEIO AMBIENTE E DESENVOLVIMENTO SUSTENTÁVEL - SEMAD;1321.01.0.1.00.000;7;;REMUNERAÇÃO DEPÓSITOS BANCÁRIOS - PRINCIPAL;2000,00
SECRETARIA DE ESTADO DE MEIO AMBIENTE E DESENVOLVIMENTO SUSTENTÁVEL - SEMAD;SECRETARIA DE ESTADO DE MEIO AMBIENTE E DESENVOLVIMENTO SUSTENTÁVEL - SEMAD;1321.01.0.1.01.000;8;9;REMUNERAÇÃO DEPÓSITOS BANCÁRIOS - PRINC.;1000,00
SECRETARIA DE ESTADO DE MEIO AMBIENTE E DESENVOLVIMENTO SUSTENTÁVEL - SEMAD;SECRETARIA DE ESTADO DE MEIO AMBIENTE E DESENVOLVIMENTO SUSTENTÁVEL - SEMAD;1321.01.0.1.01.000;8;24;REMUNERAÇÃO DEPÓSITOS BANCÁRIOS - PRINC.;1000,00
SECRETARIA DE ESTADO DE MEIO AMBIENTE E DESENVOLVIMENTO SUSTENTÁVEL - SEMAD;SECRETARIA DE ESTADO DE MEIO AMBIENTE E DESENVOLVIMENTO SUSTENTÁVEL - SEMAD;1700.00.0.0.00.000;2;;TRANSFERÊNCIAS CORRENTES;542272,00
SECRETARIA DE ESTADO DE MEIO AMBIENTE E DESENVOLVIMENTO SUSTENTÁVEL - SEMAD;SECRETARIA DE ESTADO DE MEIO AMBIENTE E DESENVOLVIMENTO SUSTENTÁVEL - SEMAD;1710.00.0.0.00.000;3;;TRANSFERÊNCIAS DA UNIÃO E DE SUAS ENTIDADES;542272,00
SECRETARIA DE ESTADO DE MEIO AMBIENTE E DESENVOLVIMENTO SUSTENTÁVEL - SEMAD;SECRETARIA DE ESTADO DE MEIO AMBIENTE E DESENVOLVIMENTO SUSTENTÁVEL - SEMAD;1717.00.0.0.00.000;4;;TRANSFERÊNCIAS DE CONVÊNIOS DA UNIÃO E DE SUAS ENTIDADES;542272,00
SECRETARIA DE ESTADO DE MEIO AMBIENTE E DESENVOLVIMENTO SUSTENTÁVEL - SEMAD;SECRETARIA DE ESTADO DE MEIO AMBIENTE E DESENVOLVIMENTO SUSTENTÁVEL - SEMAD;1717.99.0.0.00.000;5;;OUTRAS TRANSFERÊNCIAS DE CONVÊNIOS DA UNIÃO E DE SUAS ENTIDADES;542272,00
SECRETARIA DE ESTADO DE MEIO AMBIENTE E DESENVOLVIMENTO SUSTENTÁVEL - SEMAD;SECRETARIA DE ESTADO DE MEIO AMBIENTE E DESENVOLVIMENTO SUSTENTÁVEL - SEMAD;1717.99.0.1.00.000;7;;OUTRAS TRANSF. CONVÊNIOS UNIÃO ENTIDADES - PRINCIPAL;542272,00
SECRETARIA DE ESTADO DE MEIO AMBIENTE E DESENVOLVIMENTO SUSTENTÁVEL - SEMAD;SECRETARIA DE ESTADO DE MEIO AMBIENTE E DESENVOLVIMENTO SUSTENTÁVEL - SEMAD;1717.99.0.1.16.000;8;;OUTRAS TRANSF. CONVÊNIOS UNIÃO ENTIDADES - PRINC. - MEIO AMBIENTE;542272,00
SECRETARIA DE ESTADO DE MEIO AMBIENTE E DESENVOLVIMENTO SUSTENTÁVEL - SEMAD;SECRETARIA DE ESTADO DE MEIO AMBIENTE E DESENVOLVIMENTO SUSTENTÁVEL - SEMAD;1717.99.0.1.16.001;9;24;MEIO AMBIENTE - MINISTÉRIO DO MEIO AMBIENTE;542272,00
SECRETARIA DE ESTADO DE MEIO AMBIENTE E DESENVOLVIMENTO SUSTENTÁVEL - SEMAD;SECRETARIA DE ESTADO DE MEIO AMBIENTE E DESENVOLVIMENTO SUSTENTÁVEL - SEMAD;1900.00.0.0.00.000;2;;OUTRAS RECEITAS CORRENTES;6997658,00
SECRETARIA DE ESTADO DE MEIO AMBIENTE E DESENVOLVIMENTO SUSTENTÁVEL - SEMAD;SECRETARIA DE ESTADO DE MEIO AMBIENTE E DESENVOLVIMENTO SUSTENTÁVEL - SEMAD;1910.00.0.0.00.000;3;;MULTAS ADMINISTRATIVAS, CONTRATUAIS E JUDICIAIS;6995658,00
SECRETARIA DE ESTADO DE MEIO AMBIENTE E DESENVOLVIMENTO SUSTENTÁVEL - SEMAD;SECRETARIA DE ESTADO DE MEIO AMBIENTE E DESENVOLVIMENTO SUSTENTÁVEL - SEMAD;1911.00.0.0.00.000;4;;MULTAS ADMINISTRATIVAS, CONTRATUAIS E JUDICIAIS;6995658,00
SECRETARIA DE ESTADO DE MEIO AMBIENTE E DESENVOLVIMENTO SUSTENTÁVEL - SEMAD;SECRETARIA DE ESTADO DE MEIO AMBIENTE E DESENVOLVIMENTO SUSTENTÁVEL - SEMAD;1911.06.0.0.00.000;5;;MULTAS POR DANOS AMBIENTAIS;6995658,00
SECRETARIA DE ESTADO DE MEIO AMBIENTE E DESENVOLVIMENTO SUSTENTÁVEL - SEMAD;SECRETARIA DE ESTADO DE MEIO AMBIENTE E DESENVOLVIMENTO SUSTENTÁVEL - SEMAD;1911.06.1.0.00.000;6;;MULTAS ADMINISTRATIVAS POR DANOS AMBIENTAIS;6995658,00
SECRETARIA DE ESTADO DE MEIO AMBIENTE E DESENVOLVIMENTO SUSTENTÁVEL - SEMAD;SECRETARIA DE ESTADO DE MEIO AMBIENTE E DESENVOLVIMENTO SUSTENTÁVEL - SEMAD;1911.06.1.1.00.000;7;;MULTAS ADM. DANOS AMBIENTAIS - PRINCIPAL;6995658,00
SECRETARIA DE ESTADO DE MEIO AMBIENTE E DESENVOLVIMENTO SUSTENTÁVEL - SEMAD;SECRETARIA DE ESTADO DE MEIO AMBIENTE E DESENVOLVIMENTO SUSTENTÁVEL - SEMAD;1911.06.1.1.01.000;8;79;MULTAS ADM. DANOS AMBIENTAIS - PRINC.;6995658,00
SECRETARIA DE ESTADO DE MEIO AMBIENTE E DESENVOLVIMENTO SUSTENTÁVEL - SEMAD;SECRETARIA DE ESTADO DE MEIO AMBIENTE E DESENVOLVIMENTO SUSTENTÁVEL - SEMAD;1920.00.0.0.00.000;3;;INDENIZAÇÕES, RESTITUIÇÕES E RESSARCIMENTOS;2000,00
SECRETARIA DE ESTADO DE MEIO AMBIENTE E DESENVOLVIMENTO SUSTENTÁVEL - SEMAD;SECRETARIA DE ESTADO DE MEIO AMBIENTE E DESENVOLVIMENTO SUSTENTÁVEL - SEMAD;1922.00.0.0.00.000;4;;RESTITUIÇÕES;2000,00
SECRETARIA DE ESTADO DE MEIO AMBIENTE E DESENVOLVIMENTO SUSTENTÁVEL - SEMAD;SECRETARIA DE ESTADO DE MEIO AMBIENTE E DESENVOLVIMENTO SUSTENTÁVEL - SEMAD;1922.99.0.0.00.000;5;;OUTRAS RESTITUIÇÕES;2000,00
SECRETARIA DE ESTADO DE MEIO AMBIENTE E DESENVOLVIMENTO SUSTENTÁVEL - SEMAD;SECRETARIA DE ESTADO DE MEIO AMBIENTE E DESENVOLVIMENTO SUSTENTÁVEL - SEMAD;1922.99.0.1.00.000;7;;OUTRAS RESTITUIÇÕES - PRINCIPAL;2000,00
SECRETARIA DE ESTADO DE MEIO AMBIENTE E DESENVOLVIMENTO SUSTENTÁVEL - SEMAD;SECRETARIA DE ESTADO DE MEIO AMBIENTE E DESENVOLVIMENTO SUSTENTÁVEL - SEMAD;1922.99.0.1.99.000;8;9;OUTRAS RESTITUIÇÕES - PRINC. - DEMAIS;1000,00
SECRETARIA DE ESTADO DE MEIO AMBIENTE E DESENVOLVIMENTO SUSTENTÁVEL - SEMAD;SECRETARIA DE ESTADO DE MEIO AMBIENTE E DESENVOLVIMENTO SUSTENTÁVEL - SEMAD;1922.99.0.1.99.000;8;24;OUTRAS RESTITUIÇÕES - PRINC. - DEMAIS;1000,00
SECRETARIA DE ESTADO DE MEIO AMBIENTE E DESENVOLVIMENTO SUSTENTÁVEL - SEMAD;SECRETARIA DE ESTADO DE MEIO AMBIENTE E DESENVOLVIMENTO SUSTENTÁVEL - SEMAD;2000.00.0.0.00.000;1;;RECEITAS DE CAPITAL;66611671,00
SECRETARIA DE ESTADO DE MEIO AMBIENTE E DESENVOLVIMENTO SUSTENTÁVEL - SEMAD;SECRETARIA DE ESTADO DE MEIO AMBIENTE E DESENVOLVIMENTO SUSTENTÁVEL - SEMAD;2400.00.0.0.00.000;2;;TRANSFERÊNCIAS DE CAPITAL;66611671,00
SECRETARIA DE ESTADO DE MEIO AMBIENTE E DESENVOLVIMENTO SUSTENTÁVEL - SEMAD;SECRETARIA DE ESTADO DE MEIO AMBIENTE E DESENVOLVIMENTO SUSTENTÁVEL - SEMAD;2410.00.0.0.00.000;3;;TRANSFERÊNCIAS DA UNIÃO E DE SUAS ENTIDADES;58463068,00
SECRETARIA DE ESTADO DE MEIO AMBIENTE E DESENVOLVIMENTO SUSTENTÁVEL - SEMAD;SECRETARIA DE ESTADO DE MEIO AMBIENTE E DESENVOLVIMENTO SUSTENTÁVEL - SEMAD;2414.00.0.0.00.000;4;;TRANSFERÊNCIAS DE CONVÊNIOS DA UNIÃO E DE SUAS ENTIDADES;58463068,00
SECRETARIA DE ESTADO DE MEIO AMBIENTE E DESENVOLVIMENTO SUSTENTÁVEL - SEMAD;SECRETARIA DE ESTADO DE MEIO AMBIENTE E DESENVOLVIMENTO SUSTENTÁVEL - SEMAD;2414.52.0.0.00.000;5;;TRANSFERÊNCIAS DE CONVÊNIOS DA UNIÃO DESTINADAS A PROGRAMAS DE SANEAMENTO BÁSICO;58463068,00
SECRETARIA DE ESTADO DE MEIO AMBIENTE E DESENVOLVIMENTO SUSTENTÁVEL - SEMAD;SECRETARIA DE ESTADO DE MEIO AMBIENTE E DESENVOLVIMENTO SUSTENTÁVEL - SEMAD;2414.52.0.1.00.000;7;;TRANSF. CONVÊNIOS UNIÃO SANEAMENTO - PRINCIPAL;58463068,00
SECRETARIA DE ESTADO DE MEIO AMBIENTE E DESENVOLVIMENTO SUSTENTÁVEL - SEMAD;SECRETARIA DE ESTADO DE MEIO AMBIENTE E DESENVOLVIMENTO SUSTENTÁVEL - SEMAD;2414.52.0.1.01.000;8;24;SANEAMENTO - MINISTÉRIO DO DESENVOLVIMENTO REGIONAL;11000000,00
SECRETARIA DE ESTADO DE MEIO AMBIENTE E DESENVOLVIMENTO SUSTENTÁVEL - SEMAD;SECRETARIA DE ESTADO DE MEIO AMBIENTE E DESENVOLVIMENTO SUSTENTÁVEL - SEMAD;2414.52.0.1.02.000;8;24;SANEAMENTO - MINISTÉRIO DAS CIDADES;47463068,00
SECRETARIA DE ESTADO DE MEIO AMBIENTE E DESENVOLVIMENTO SUSTENTÁVEL - SEMAD;SECRETARIA DE ESTADO DE MEIO AMBIENTE E DESENVOLVIMENTO SUSTENTÁVEL - SEMAD;2440.00.0.0.00.000;3;;TRANSFERÊNCIAS DE INSTITUIÇÕES PRIVADAS;8148603,00
SECRETARIA DE ESTADO DE MEIO AMBIENTE E DESENVOLVIMENTO SUSTENTÁVEL - SEMAD;SECRETARIA DE ESTADO DE MEIO AMBIENTE E DESENVOLVIMENTO SUSTENTÁVEL - SEMAD;2441.00.0.0.00.000;4;;TRANSFERÊNCIAS DE INSTITUIÇÕES PRIVADAS;8148603,00
SECRETARIA DE ESTADO DE MEIO AMBIENTE E DESENVOLVIMENTO SUSTENTÁVEL - SEMAD;SECRETARIA DE ESTADO DE MEIO AMBIENTE E DESENVOLVIMENTO SUSTENTÁVEL - SEMAD;2441.99.0.0.00.000;5;;OUTRAS TRANSFERÊNCIAS DE INSTITUIÇÕES PRIVADAS;8148603,00
SECRETARIA DE ESTADO DE MEIO AMBIENTE E DESENVOLVIMENTO SUSTENTÁVEL - SEMAD;SECRETARIA DE ESTADO DE MEIO AMBIENTE E DESENVOLVIMENTO SUSTENTÁVEL - SEMAD;2441.99.0.1.00.000;7;;OUTRAS TRANSF. INSTIT. PRIVADAS - PRINCIPAL;8148603,00
SECRETARIA DE ESTADO DE MEIO AMBIENTE E DESENVOLVIMENTO SUSTENTÁVEL - SEMAD;SECRETARIA DE ESTADO DE MEIO AMBIENTE E DESENVOLVIMENTO SUSTENTÁVEL - SEMAD;2441.99.0.1.30.000;8;;OUTRAS TRANSF. INSTITUIÇÕES PRIVADAS - SANEAMENTO BÁSICO;8148603,00
SECRETARIA DE ESTADO DE MEIO AMBIENTE E DESENVOLVIMENTO SUSTENTÁVEL - SEMAD;SECRETARIA DE ESTADO DE MEIO AMBIENTE E DESENVOLVIMENTO SUSTENTÁVEL - SEMAD;2441.99.0.1.30.999;9;9;SANEAMENTO - OUTROS;8148603,00
CORPO DE BOMBEIROS MILITAR DO ESTADO DE MINAS GERAIS - CBMMG;CORPO DE BOMBEIROS MILITAR DO ESTADO DE MINAS GERAIS - CBMMG;1000.00.0.0.00.000;1;;RECEITAS CORRENTES;3497761,00
CORPO DE BOMBEIROS MILITAR DO ESTADO DE MINAS GERAIS - CBMMG;CORPO DE BOMBEIROS MILITAR DO ESTADO DE MINAS GERAIS - CBMMG;1300.00.0.0.00.000;2;;RECEITA PATRIMONIAL;586930,00
CORPO DE BOMBEIROS MILITAR DO ESTADO DE MINAS GERAIS - CBMMG;CORPO DE BOMBEIROS MILITAR DO ESTADO DE MINAS GERAIS - CBMMG;1310.00.0.0.00.000;3;;EXPLORAÇÃO DO PATRIMÔNIO IMOBILIÁRIO DO ESTADO;14480,00
CORPO DE BOMBEIROS MILITAR DO ESTADO DE MINAS GERAIS - CBMMG;CORPO DE BOMBEIROS MILITAR DO ESTADO DE MINAS GERAIS - CBMMG;1311.00.0.0.00.000;4;;EXPLORAÇÃO DO PATRIMÔNIO IMOBILIÁRIO DO ESTADO;14480,00
CORPO DE BOMBEIROS MILITAR DO ESTADO DE MINAS GERAIS - CBMMG;CORPO DE BOMBEIROS MILITAR DO ESTADO DE MINAS GERAIS - CBMMG;1311.01.0.0.00.000;5;;ALUGUÉIS, ARRENDAMENTOS, FOROS, LAUDÊMIOS, TARIFAS DE OCUPAÇÃO;14480,00
CORPO DE BOMBEIROS MILITAR DO ESTADO DE MINAS GERAIS - CBMMG;CORPO DE BOMBEIROS MILITAR DO ESTADO DE MINAS GERAIS - CBMMG;1311.01.1.0.00.000;6;;ALUGUÉIS E ARRENDAMENTOS;14480,00
CORPO DE BOMBEIROS MILITAR DO ESTADO DE MINAS GERAIS - CBMMG;CORPO DE BOMBEIROS MILITAR DO ESTADO DE MINAS GERAIS - CBMMG;1311.01.1.1.00.000;7;;ALUGUÉIS ARRENDAMENTOS - PRINCIPAL;14308,00
CORPO DE BOMBEIROS MILITAR DO ESTADO DE MINAS GERAIS - CBMMG;CORPO DE BOMBEIROS MILITAR DO ESTADO DE MINAS GERAIS - CBMMG;1311.01.1.1.02.000;8;60;ALUGUÉIS ARRENDAMENTOS - PRINC. - ARRENDAMENTOS;14308,00
CORPO DE BOMBEIROS MILITAR DO ESTADO DE MINAS GERAIS - CBMMG;CORPO DE BOMBEIROS MILITAR DO ESTADO DE MINAS GERAIS - CBMMG;1311.01.1.2.00.000;7;;ALUGUÉIS ARRENDAMENTOS - MULTAS E JUROS DE MORA;172,00
CORPO DE BOMBEIROS MILITAR DO ESTADO DE MINAS GERAIS - CBMMG;CORPO DE BOMBEIROS MILITAR DO ESTADO DE MINAS GERAIS - CBMMG;1311.01.1.2.02.000;8;60;ALUGUÉIS ARRENDAMENTOS - MJM - ARRENDAMENTOS;172,00
CORPO DE BOMBEIROS MILITAR DO ESTADO DE MINAS GERAIS - CBMMG;CORPO DE BOMBEIROS MILITAR DO ESTADO DE MINAS GERAIS - CBMMG;1320.00.0.0.00.000;3;;VALORES MOBILIÁRIOS;572450,00
CORPO DE BOMBEIROS MILITAR DO ESTADO DE MINAS GERAIS - CBMMG;CORPO DE BOMBEIROS MILITAR DO ESTADO DE MINAS GERAIS - CBMMG;1321.00.0.0.00.000;4;;JUROS E CORREÇÕES MONETÁRIAS;572450,00
CORPO DE BOMBEIROS MILITAR DO ESTADO DE MINAS GERAIS - CBMMG;CORPO DE BOMBEIROS MILITAR DO ESTADO DE MINAS GERAIS - CBMMG;1321.01.0.0.00.000;5;;REMUNERAÇÃO DE DEPÓSITOS BANCÁRIOS;572450,00
CORPO DE BOMBEIROS MILITAR DO ESTADO DE MINAS GERAIS - CBMMG;CORPO DE BOMBEIROS MILITAR DO ESTADO DE MINAS GERAIS - CBMMG;1321.01.0.1.00.000;7;;REMUNERAÇÃO DEPÓSITOS BANCÁRIOS - PRINCIPAL;572450,00
CORPO DE BOMBEIROS MILITAR DO ESTADO DE MINAS GERAIS - CBMMG;CORPO DE BOMBEIROS MILITAR DO ESTADO DE MINAS GERAIS - CBMMG;1321.01.0.1.01.000;8;2;REMUNERAÇÃO DEPÓSITOS BANCÁRIOS - PRINC.;360700,00
CORPO DE BOMBEIROS MILITAR DO ESTADO DE MINAS GERAIS - CBMMG;CORPO DE BOMBEIROS MILITAR DO ESTADO DE MINAS GERAIS - CBMMG;1321.01.0.1.01.000;8;24;REMUNERAÇÃO DEPÓSITOS BANCÁRIOS - PRINC.;150000,00
CORPO DE BOMBEIROS MILITAR DO ESTADO DE MINAS GERAIS - CBMMG;CORPO DE BOMBEIROS MILITAR DO ESTADO DE MINAS GERAIS - CBMMG;1321.01.0.1.01.000;8;66;REMUNERAÇÃO DEPÓSITOS BANCÁRIOS - PRINC.;21000,00
CORPO DE BOMBEIROS MILITAR DO ESTADO DE MINAS GERAIS - CBMMG;CORPO DE BOMBEIROS MILITAR DO ESTADO DE MINAS GERAIS - CBMMG;1321.01.0.1.01.000;8;70;REMUNERAÇÃO DEPÓSITOS BANCÁRIOS - PRINC.;40750,00
CORPO DE BOMBEIROS MILITAR DO ESTADO DE MINAS GERAIS - CBMMG;CORPO DE BOMBEIROS MILITAR DO ESTADO DE MINAS GERAIS - CBMMG;1600.00.0.0.00.000;2;;RECEITA DE SERVIÇOS;159362,00
CORPO DE BOMBEIROS MILITAR DO ESTADO DE MINAS GERAIS - CBMMG;CORPO DE BOMBEIROS MILITAR DO ESTADO DE MINAS GERAIS - CBMMG;1610.00.0.0.00.000;3;;SERVIÇOS ADMINISTRATIVOS E COMERCIAIS GERAIS;159362,00
CORPO DE BOMBEIROS MILITAR DO ESTADO DE MINAS GERAIS - CBMMG;CORPO DE BOMBEIROS MILITAR DO ESTADO DE MINAS GERAIS - CBMMG;1611.00.0.0.00.000;4;;SERVIÇOS ADMINISTRATIVOS E COMERCIAIS GERAIS;159362,00
CORPO DE BOMBEIROS MILITAR DO ESTADO DE MINAS GERAIS - CBMMG;CORPO DE BOMBEIROS MILITAR DO ESTADO DE MINAS GERAIS - CBMMG;1611.01.0.0.00.000;5;;SERVIÇOS ADMINISTRATIVOS E COMERCIAIS GERAIS;159262,00
CORPO DE BOMBEIROS MILITAR DO ESTADO DE MINAS GERAIS - CBMMG;CORPO DE BOMBEIROS MILITAR DO ESTADO DE MINAS GERAIS - CBMMG;1611.01.0.1.00.000;7;;SERVIÇOS ADM. COMERC. GER. - PRINCIPAL;159262,00
CORPO DE BOMBEIROS MILITAR DO ESTADO DE MINAS GERAIS - CBMMG;CORPO DE BOMBEIROS MILITAR DO ESTADO DE MINAS GERAIS - CBMMG;1611.01.0.1.11.000;8;60;SERVIÇOS ADM. COMERC. GER. - PRINC. - SEGURANÇA PÚBLICA;1188,00
CORPO DE BOMBEIROS MILITAR DO ESTADO DE MINAS GERAIS - CBMMG;CORPO DE BOMBEIROS MILITAR DO ESTADO DE MINAS GERAIS - CBMMG;1611.01.0.1.27.000;8;60;SERVIÇOS ADM. COMERC. GER. - PRINC. - RECREATIVOS E CULTURAIS;158074,00
CORPO DE BOMBEIROS MILITAR DO ESTADO DE MINAS GERAIS - CBMMG;CORPO DE BOMBEIROS MILITAR DO ESTADO DE MINAS GERAIS - CBMMG;1611.02.0.0.00.000;5;;INSCRIÇÃO EM CONCURSOS E PROCESSOS SELETIVOS;100,00
CORPO DE BOMBEIROS MILITAR DO ESTADO DE MINAS GERAIS - CBMMG;CORPO DE BOMBEIROS MILITAR DO ESTADO DE MINAS GERAIS - CBMMG;1611.02.0.1.00.000;7;;INSCRIÇÃO CONCURSOS PROCESSOS SELETIVOS - PRINCIPAL;100,00
CORPO DE BOMBEIROS MILITAR DO ESTADO DE MINAS GERAIS - CBMMG;CORPO DE BOMBEIROS MILITAR DO ESTADO DE MINAS GERAIS - CBMMG;1611.02.0.1.01.000;8;60;INSCRIÇÃO CONCURSOS PROCESSOS SELETIVOS - PRINC.;100,00
CORPO DE BOMBEIROS MILITAR DO ESTADO DE MINAS GERAIS - CBMMG;CORPO DE BOMBEIROS MILITAR DO ESTADO DE MINAS GERAIS - CBMMG;1700.00.0.0.00.000;2;;TRANSFERÊNCIAS CORRENTES;827189,00
CORPO DE BOMBEIROS MILITAR DO ESTADO DE MINAS GERAIS - CBMMG;CORPO DE BOMBEIROS MILITAR DO ESTADO DE MINAS GERAIS - CBMMG;1710.00.0.0.00.000;3;;TRANSFERÊNCIAS DA UNIÃO E DE SUAS ENTIDADES;486223,00
CORPO DE BOMBEIROS MILITAR DO ESTADO DE MINAS GERAIS - CBMMG;CORPO DE BOMBEIROS MILITAR DO ESTADO DE MINAS GERAIS - CBMMG;1717.00.0.0.00.000;4;;TRANSFERÊNCIAS DE CONVÊNIOS DA UNIÃO E DE SUAS ENTIDADES;220000,00
CORPO DE BOMBEIROS MILITAR DO ESTADO DE MINAS GERAIS - CBMMG;CORPO DE BOMBEIROS MILITAR DO ESTADO DE MINAS GERAIS - CBMMG;1717.99.0.0.00.000;5;;OUTRAS TRANSFERÊNCIAS DE CONVÊNIOS DA UNIÃO E DE SUAS ENTIDADES;220000,00
CORPO DE BOMBEIROS MILITAR DO ESTADO DE MINAS GERAIS - CBMMG;CORPO DE BOMBEIROS MILITAR DO ESTADO DE MINAS GERAIS - CBMMG;1717.99.0.1.00.000;7;;OUTRAS TRANSF. CONVÊNIOS UNIÃO ENTIDADES - PRINCIPAL;220000,00
CORPO DE BOMBEIROS MILITAR DO ESTADO DE MINAS GERAIS - CBMMG;CORPO DE BOMBEIROS MILITAR DO ESTADO DE MINAS GERAIS - CBMMG;1717.99.0.1.20.000;8;;OUTRAS TRANSF. CONVÊNIOS UNIÃO ENTIDADES - PRINC. - SEGURANÇA PÚBLICA;220000,00
CORPO DE BOMBEIROS MILITAR DO ESTADO DE MINAS GERAIS - CBMMG;CORPO DE BOMBEIROS MILITAR DO ESTADO DE MINAS GERAIS - CBMMG;1717.99.0.1.20.002;9;24;SEGURANÇA PÚBLICA - CENTRAIS DE ABASTECIMENTO DE MINAS GERAIS - CEASAMINAS;220000,00
CORPO DE BOMBEIROS MILITAR DO ESTADO DE MINAS GERAIS - CBMMG;CORPO DE BOMBEIROS MILITAR DO ESTADO DE MINAS GERAIS - CBMMG;1719.00.0.0.00.000;4;;OUTRAS TRANSFERÊNCIAS DE RECURSOS DA UNIÃO E DE SUAS ENTIDADES;266223,00
CORPO DE BOMBEIROS MILITAR DO ESTADO DE MINAS GERAIS - CBMMG;CORPO DE BOMBEIROS MILITAR DO ESTADO DE MINAS GERAIS - CBMMG;1719.57.0.0.00.000;5;;TRANSFERÊNCIA ESPECIAL DA UNIÃO;266223,00
CORPO DE BOMBEIROS MILITAR DO ESTADO DE MINAS GERAIS - CBMMG;CORPO DE BOMBEIROS MILITAR DO ESTADO DE MINAS GERAIS - CBMMG;1719.57.0.1.00.000;7;;TRANSF. ESPECIAL UNIÃO - PRINCIPAL;266223,00
CORPO DE BOMBEIROS MILITAR DO ESTADO DE MINAS GERAIS - CBMMG;CORPO DE BOMBEIROS MILITAR DO ESTADO DE MINAS GERAIS - CBMMG;1719.57.0.1.01.000;8;98;TRANSF. ESPECIAL UNIÃO - PRINC. - EMENDAS PARLAMENTARES INDIVIDUAIS;266223,00
CORPO DE BOMBEIROS MILITAR DO ESTADO DE MINAS GERAIS - CBMMG;CORPO DE BOMBEIROS MILITAR DO ESTADO DE MINAS GERAIS - CBMMG;1720.00.0.0.00.000;3;;TRANSFERÊNCIAS DOS ESTADOS E DO DISTRITO FEDERAL E DE SUAS ENTIDADES;28866,00
CORPO DE BOMBEIROS MILITAR DO ESTADO DE MINAS GERAIS - CBMMG;CORPO DE BOMBEIROS MILITAR DO ESTADO DE MINAS GERAIS - CBMMG;1724.00.0.0.00.000;4;;TRANSFERÊNCIAS DE CONVÊNIOS DOS ESTADOS E DF E DE SUAS ENTIDADES;28866,00
CORPO DE BOMBEIROS MILITAR DO ESTADO DE MINAS GERAIS - CBMMG;CORPO DE BOMBEIROS MILITAR DO ESTADO DE MINAS GERAIS - CBMMG;1724.99.0.0.00.000;5;;OUTRAS TRANSFERÊNCIAS DE CONVÊNIOS DOS ESTADOS E DF E DE SUAS ENTIDADES;28866,00
CORPO DE BOMBEIROS MILITAR DO ESTADO DE MINAS GERAIS - CBMMG;CORPO DE BOMBEIROS MILITAR DO ESTADO DE MINAS GERAIS - CBMMG;1724.99.0.1.00.000;7;;OUTRAS TRANSF. CONVÊNIOS ESTADOS DF ENTIDADES - PRINCIPAL;28866,00
CORPO DE BOMBEIROS MILITAR DO ESTADO DE MINAS GERAIS - CBMMG;CORPO DE BOMBEIROS MILITAR DO ESTADO DE MINAS GERAIS - CBMMG;1724.99.0.1.23.000;8;;OUTRAS TRANSF. CONVÊNIOS ESTADOS DF ENTIDADES - PRINC. - SEGURANÇA PÚBLICA;28866,00
CORPO DE BOMBEIROS MILITAR DO ESTADO DE MINAS GERAIS - CBMMG;CORPO DE BOMBEIROS MILITAR DO ESTADO DE MINAS GERAIS - CBMMG;1724.99.0.1.23.002;9;66;SEGURANÇA PÚBLICA - CORPO DE BOMBEIROS MILITAR DO ESTADO DO ESPÍRITO SANTO - CBMES;4594,00
CORPO DE BOMBEIROS MILITAR DO ESTADO DE MINAS GERAIS - CBMMG;CORPO DE BOMBEIROS MILITAR DO ESTADO DE MINAS GERAIS - CBMMG;1724.99.0.1.23.004;9;66;SEGURANÇA PÚBLICA - CORPO DE BOMBEIROS DO ESTADO DE RIO GRANDE DO NORTE - CBMRN;24272,00
CORPO DE BOMBEIROS MILITAR DO ESTADO DE MINAS GERAIS - CBMMG;CORPO DE BOMBEIROS MILITAR DO ESTADO DE MINAS GERAIS - CBMMG;1730.00.0.0.00.000;3;;TRANSFERÊNCIAS DOS MUNICÍPIOS E DE SUAS ENTIDADES;312000,00
CORPO DE BOMBEIROS MILITAR DO ESTADO DE MINAS GERAIS - CBMMG;CORPO DE BOMBEIROS MILITAR DO ESTADO DE MINAS GERAIS - CBMMG;1732.00.0.0.00.000;4;;TRANSFERÊNCIAS DE CONVÊNIOS DOS MUNICÍPIOS E DE SUAS ENTIDADES;312000,00
CORPO DE BOMBEIROS MILITAR DO ESTADO DE MINAS GERAIS - CBMMG;CORPO DE BOMBEIROS MILITAR DO ESTADO DE MINAS GERAIS - CBMMG;1732.99.0.0.00.000;5;;OUTRAS TRANSFERÊNCIAS DE CONVÊNIOS DOS MUNICÍPIOS E DE SUAS ENTIDADES;312000,00
CORPO DE BOMBEIROS MILITAR DO ESTADO DE MINAS GERAIS - CBMMG;CORPO DE BOMBEIROS MILITAR DO ESTADO DE MINAS GERAIS - CBMMG;1732.99.0.1.00.000;7;;OUTRAS TRANSF. CONVÊNIOS MUNICÍPIOS ENTIDADES - PRINCIPAL;312000,00
CORPO DE BOMBEIROS MILITAR DO ESTADO DE MINAS GERAIS - CBMMG;CORPO DE BOMBEIROS MILITAR DO ESTADO DE MINAS GERAIS - CBMMG;1732.99.0.1.23.000;8;;OUTRAS TRANSF. CONVÊNIOS MUNICÍPIOS ENTIDADES - PRINC. - SEGURANÇA PÚBLICA;312000,00
CORPO DE BOMBEIROS MILITAR DO ESTADO DE MINAS GERAIS - CBMMG;CORPO DE BOMBEIROS MILITAR DO ESTADO DE MINAS GERAIS - CBMMG;1732.99.0.1.23.001;9;70;SEGURANÇA PÚBLICA - DIVERSOS MUNICÍPIOS;312000,00
CORPO DE BOMBEIROS MILITAR DO ESTADO DE MINAS GERAIS - CBMMG;CORPO DE BOMBEIROS MILITAR DO ESTADO DE MINAS GERAIS - CBMMG;1740.00.0.0.00.000;3;;TRANSFERÊNCIAS DE INSTITUIÇÕES PRIVADAS;100,00
CORPO DE BOMBEIROS MILITAR DO ESTADO DE MINAS GERAIS - CBMMG;CORPO DE BOMBEIROS MILITAR DO ESTADO DE MINAS GERAIS - CBMMG;1741.00.0.0.00.000;4;;TRANSFERÊNCIAS DE INSTITUIÇÕES PRIVADAS;100,00
CORPO DE BOMBEIROS MILITAR DO ESTADO DE MINAS GERAIS - CBMMG;CORPO DE BOMBEIROS MILITAR DO ESTADO DE MINAS GERAIS - CBMMG;1741.99.0.0.00.000;5;;OUTRAS TRANSFERÊNCIAS DE INSTITUIÇÕES PRIVADAS;100,00
CORPO DE BOMBEIROS MILITAR DO ESTADO DE MINAS GERAIS - CBMMG;CORPO DE BOMBEIROS MILITAR DO ESTADO DE MINAS GERAIS - CBMMG;1741.99.0.1.00.000;7;;OUTRAS TRANSF. INSTIT. PRIVADAS - PRINCIPAL;100,00
CORPO DE BOMBEIROS MILITAR DO ESTADO DE MINAS GERAIS - CBMMG;CORPO DE BOMBEIROS MILITAR DO ESTADO DE MINAS GERAIS - CBMMG;1741.99.0.1.50.000;8;;OUTRAS TRANSF. INSTIT. PRIVADAS - PRINC. - DEMAIS - SEGURANÇA PÚBLICA;100,00
CORPO DE BOMBEIROS MILITAR DO ESTADO DE MINAS GERAIS - CBMMG;CORPO DE BOMBEIROS MILITAR DO ESTADO DE MINAS GERAIS - CBMMG;1741.99.0.1.50.999;9;45;SEGURANÇA PÚBLICA - OUTROS;100,00
CORPO DE BOMBEIROS MILITAR DO ESTADO DE MINAS GERAIS - CBMMG;CORPO DE BOMBEIROS MILITAR DO ESTADO DE MINAS GERAIS - CBMMG;1900.00.0.0.00.000;2;;OUTRAS RECEITAS CORRENTES;1924280,00
CORPO DE BOMBEIROS MILITAR DO ESTADO DE MINAS GERAIS - CBMMG;CORPO DE BOMBEIROS MILITAR DO ESTADO DE MINAS GERAIS - CBMMG;1910.00.0.0.00.000;3;;MULTAS ADMINISTRATIVAS, CONTRATUAIS E JUDICIAIS;1896513,00
CORPO DE BOMBEIROS MILITAR DO ESTADO DE MINAS GERAIS - CBMMG;CORPO DE BOMBEIROS MILITAR DO ESTADO DE MINAS GERAIS - CBMMG;1911.00.0.0.00.000;4;;MULTAS ADMINISTRATIVAS, CONTRATUAIS E JUDICIAIS;1896513,00
CORPO DE BOMBEIROS MILITAR DO ESTADO DE MINAS GERAIS - CBMMG;CORPO DE BOMBEIROS MILITAR DO ESTADO DE MINAS GERAIS - CBMMG;1911.01.0.0.00.000;5;;MULTAS PREVISTAS EM LEGISLAÇÃO ESPECÍFICA;1896513,00
CORPO DE BOMBEIROS MILITAR DO ESTADO DE MINAS GERAIS - CBMMG;CORPO DE BOMBEIROS MILITAR DO ESTADO DE MINAS GERAIS - CBMMG;1911.01.0.1.00.000;7;;MULTAS LEGISL. ESPECÍFICA - PRINCIPAL;1896513,00
CORPO DE BOMBEIROS MILITAR DO ESTADO DE MINAS GERAIS - CBMMG;CORPO DE BOMBEIROS MILITAR DO ESTADO DE MINAS GERAIS - CBMMG;1911.01.0.1.06.000;8;60;MULTAS LEGISL. ESPECÍFICA - PRINC. - INFRAÇÃO À LEGISLAÇÃO DE PREVENÇÃO DE INCÊNDIO E PÂNICO;1792315,00
CORPO DE BOMBEIROS MILITAR DO ESTADO DE MINAS GERAIS - CBMMG;CORPO DE BOMBEIROS MILITAR DO ESTADO DE MINAS GERAIS - CBMMG;1911.01.0.1.11.000;8;60;MULTAS LEGISL. ESPECÍFICA - PRINC. - INFRAÇÃO À LEGISLAÇÃO SOBRE PRÁTICAS DE COMPETÊNCIA DO CBMMG POR INSTITUIÇÕES CIVIS;104198,00
CORPO DE BOMBEIROS MILITAR DO ESTADO DE MINAS GERAIS - CBMMG;CORPO DE BOMBEIROS MILITAR DO ESTADO DE MINAS GERAIS - CBMMG;1920.00.0.0.00.000;3;;INDENIZAÇÕES, RESTITUIÇÕES E RESSARCIMENTOS;27767,00
CORPO DE BOMBEIROS MILITAR DO ESTADO DE MINAS GERAIS - CBMMG;CORPO DE BOMBEIROS MILITAR DO ESTADO DE MINAS GERAIS - CBMMG;1921.00.0.0.00.000;4;;INDENIZAÇÕES;13640,00
CORPO DE BOMBEIROS MILITAR DO ESTADO DE MINAS GERAIS - CBMMG;CORPO DE BOMBEIROS MILITAR DO ESTADO DE MINAS GERAIS - CBMMG;1921.99.0.0.00.000;5;;OUTRAS INDENIZAÇÕES;13640,00
CORPO DE BOMBEIROS MILITAR DO ESTADO DE MINAS GERAIS - CBMMG;CORPO DE BOMBEIROS MILITAR DO ESTADO DE MINAS GERAIS - CBMMG;1921.99.0.1.99.000;8;60;OUTRAS INDENIZAÇÕES - PRINC. - DEMAIS;13640,00
CORPO DE BOMBEIROS MILITAR DO ESTADO DE MINAS GERAIS - CBMMG;CORPO DE BOMBEIROS MILITAR DO ESTADO DE MINAS GERAIS - CBMMG;1922.00.0.0.00.000;4;;RESTITUIÇÕES;14127,00
CORPO DE BOMBEIROS MILITAR DO ESTADO DE MINAS GERAIS - CBMMG;CORPO DE BOMBEIROS MILITAR DO ESTADO DE MINAS GERAIS - CBMMG;1922.06.0.0.00.000;5;;RESTITUIÇÃO DE DESPESAS DE EXERCÍCIOS ANTERIORES;2335,00
CORPO DE BOMBEIROS MILITAR DO ESTADO DE MINAS GERAIS - CBMMG;CORPO DE BOMBEIROS MILITAR DO ESTADO DE MINAS GERAIS - CBMMG;1922.06.3.0.00.000;6;;RESTITUIÇÃO DE DESPESAS PRIMÁRIAS DE EXERCÍCIOS ANTERIORES;2335,00
CORPO DE BOMBEIROS MILITAR DO ESTADO DE MINAS GERAIS - CBMMG;CORPO DE BOMBEIROS MILITAR DO ESTADO DE MINAS GERAIS - CBMMG;1922.06.3.1.00.000;7;;RESTITUIÇÃO DESPESAS PRIMÁRIAS EXERCÍCIOS ANTERIORES - PRINCIPAL;2335,00
CORPO DE BOMBEIROS MILITAR DO ESTADO DE MINAS GERAIS - CBMMG;CORPO DE BOMBEIROS MILITAR DO ESTADO DE MINAS GERAIS - CBMMG;1922.06.3.1.99.000;8;60;RESTITUIÇÃO DESPESAS PRIMÁRIAS EXERCÍCIOS ANTERIORES - PRINC. - DEMAIS;2335,00
CORPO DE BOMBEIROS MILITAR DO ESTADO DE MINAS GERAIS - CBMMG;CORPO DE BOMBEIROS MILITAR DO ESTADO DE MINAS GERAIS - CBMMG;1922.99.0.0.00.000;5;;OUTRAS RESTITUIÇÕES;11792,00
CORPO DE BOMBEIROS MILITAR DO ESTADO DE MINAS GERAIS - CBMMG;CORPO DE BOMBEIROS MILITAR DO ESTADO DE MINAS GERAIS - CBMMG;1922.99.0.1.00.000;7;;OUTRAS RESTITUIÇÕES - PRINCIPAL;11792,00
CORPO DE BOMBEIROS MILITAR DO ESTADO DE MINAS GERAIS - CBMMG;CORPO DE BOMBEIROS MILITAR DO ESTADO DE MINAS GERAIS - CBMMG;1922.99.0.1.99.000;8;2;OUTRAS RESTITUIÇÕES - PRINC. - DEMAIS;1000,00
CORPO DE BOMBEIROS MILITAR DO ESTADO DE MINAS GERAIS - CBMMG;CORPO DE BOMBEIROS MILITAR DO ESTADO DE MINAS GERAIS - CBMMG;1922.99.0.1.99.000;8;24;OUTRAS RESTITUIÇÕES - PRINC. - DEMAIS;1000,00
CORPO DE BOMBEIROS MILITAR DO ESTADO DE MINAS GERAIS - CBMMG;CORPO DE BOMBEIROS MILITAR DO ESTADO DE MINAS GERAIS - CBMMG;1922.99.0.1.99.000;8;60;OUTRAS RESTITUIÇÕES - PRINC. - DEMAIS;7792,00
CORPO DE BOMBEIROS MILITAR DO ESTADO DE MINAS GERAIS - CBMMG;CORPO DE BOMBEIROS MILITAR DO ESTADO DE MINAS GERAIS - CBMMG;1922.99.0.1.99.000;8;66;OUTRAS RESTITUIÇÕES - PRINC. - DEMAIS;1000,00
CORPO DE BOMBEIROS MILITAR DO ESTADO DE MINAS GERAIS - CBMMG;CORPO DE BOMBEIROS MILITAR DO ESTADO DE MINAS GERAIS - CBMMG;1922.99.0.1.99.000;8;70;OUTRAS RESTITUIÇÕES - PRINC. - DEMAIS;1000,00
CORPO DE BOMBEIROS MILITAR DO ESTADO DE MINAS GERAIS - CBMMG;CORPO DE BOMBEIROS MILITAR DO ESTADO DE MINAS GERAIS - CBMMG;2000.00.0.0.00.000;1;;RECEITAS DE CAPITAL;22772865,00
CORPO DE BOMBEIROS MILITAR DO ESTADO DE MINAS GERAIS - CBMMG;CORPO DE BOMBEIROS MILITAR DO ESTADO DE MINAS GERAIS - CBMMG;2400.00.0.0.00.000;2;;TRANSFERÊNCIAS DE CAPITAL;22772865,00
CORPO DE BOMBEIROS MILITAR DO ESTADO DE MINAS GERAIS - CBMMG;CORPO DE BOMBEIROS MILITAR DO ESTADO DE MINAS GERAIS - CBMMG;2410.00.0.0.00.000;3;;TRANSFERÊNCIAS DA UNIÃO E DE SUAS ENTIDADES;22244740,00
CORPO DE BOMBEIROS MILITAR DO ESTADO DE MINAS GERAIS - CBMMG;CORPO DE BOMBEIROS MILITAR DO ESTADO DE MINAS GERAIS - CBMMG;2414.00.0.0.00.000;4;;TRANSFERÊNCIAS DE CONVÊNIOS DA UNIÃO E DE SUAS ENTIDADES;7354502,00
CORPO DE BOMBEIROS MILITAR DO ESTADO DE MINAS GERAIS - CBMMG;CORPO DE BOMBEIROS MILITAR DO ESTADO DE MINAS GERAIS - CBMMG;2414.99.0.0.00.000;5;;OUTRAS TRANSFERÊNCIAS DE CONVÊNIOS DA UNIÃO E DE SUAS ENTIDADES;7354502,00
CORPO DE BOMBEIROS MILITAR DO ESTADO DE MINAS GERAIS - CBMMG;CORPO DE BOMBEIROS MILITAR DO ESTADO DE MINAS GERAIS - CBMMG;2414.99.0.1.00.000;7;;OUTRAS TRANSF. CONVÊNIOS UNIÃO - PRINCIPAL;7354502,00
CORPO DE BOMBEIROS MILITAR DO ESTADO DE MINAS GERAIS - CBMMG;CORPO DE BOMBEIROS MILITAR DO ESTADO DE MINAS GERAIS - CBMMG;2414.99.0.1.20.000;8;;OUTRAS TRANSF. CONVÊNIOS UNIÃO - PRINC. - SEGURANÇA PÚBLICA;7354502,00
CORPO DE BOMBEIROS MILITAR DO ESTADO DE MINAS GERAIS - CBMMG;CORPO DE BOMBEIROS MILITAR DO ESTADO DE MINAS GERAIS - CBMMG;2414.99.0.1.20.001;9;24;SEGURANÇA PÚBLICA - CENTRAIS DE ABASTECIMENTO DE MINAS GERAIS - CEASAMINAS;140000,00
CORPO DE BOMBEIROS MILITAR DO ESTADO DE MINAS GERAIS - CBMMG;CORPO DE BOMBEIROS MILITAR DO ESTADO DE MINAS GERAIS - CBMMG;2414.99.0.1.20.004;9;2;SEGURANÇA PÚBLICA - MINISTÉRIO DA JUSTIÇA E SEGURANÇA PÚBLICA;7214502,00
CORPO DE BOMBEIROS MILITAR DO ESTADO DE MINAS GERAIS - CBMMG;CORPO DE BOMBEIROS MILITAR DO ESTADO DE MINAS GERAIS - CBMMG;2419.00.0.0.00.000;4;;OUTRAS TRANSFERÊNCIAS DE RECURSOS DA UNIÃO E DE SUAS ENTIDADES;14890238,00
CORPO DE BOMBEIROS MILITAR DO ESTADO DE MINAS GERAIS - CBMMG;CORPO DE BOMBEIROS MILITAR DO ESTADO DE MINAS GERAIS - CBMMG;2419.51.0.0.00.000;5;;TRANSFERÊNCIA ESPECIAL DA UNIÃO;14890238,00
CORPO DE BOMBEIROS MILITAR DO ESTADO DE MINAS GERAIS - CBMMG;CORPO DE BOMBEIROS MILITAR DO ESTADO DE MINAS GERAIS - CBMMG;2419.51.0.1.00.000;7;;TRANSF. ESPECIAL UNIÃO - PRINCIPAL;14890238,00
CORPO DE BOMBEIROS MILITAR DO ESTADO DE MINAS GERAIS - CBMMG;CORPO DE BOMBEIROS MILITAR DO ESTADO DE MINAS GERAIS - CBMMG;2419.51.0.1.01.000;8;98;TRANSF. ESPECIAL UNIÃO - PRINC. - EMENDAS PARLAMENTARES INDIVIDUAIS;14890238,00
CORPO DE BOMBEIROS MILITAR DO ESTADO DE MINAS GERAIS - CBMMG;CORPO DE BOMBEIROS MILITAR DO ESTADO DE MINAS GERAIS - CBMMG;2420.00.0.0.00.000;3;;TRANSFERÊNCIAS DOS ESTADOS E DO DISTRITO FEDERAL E DE SUAS ENTIDADES;25125,00
CORPO DE BOMBEIROS MILITAR DO ESTADO DE MINAS GERAIS - CBMMG;CORPO DE BOMBEIROS MILITAR DO ESTADO DE MINAS GERAIS - CBMMG;2422.00.0.0.00.000;4;;TRANSFERÊNCIAS DE CONVÊNIOS DOS ESTADOS E DF E DE SUAS ENTIDADES;25125,00
CORPO DE BOMBEIROS MILITAR DO ESTADO DE MINAS GERAIS - CBMMG;CORPO DE BOMBEIROS MILITAR DO ESTADO DE MINAS GERAIS - CBMMG;2422.99.0.0.00.000;5;;OUTRAS TRANSFERÊNCIAS DE CONVÊNIOS DOS ESTADOS E DF E DE SUAS ENTIDADES;25125,00
CORPO DE BOMBEIROS MILITAR DO ESTADO DE MINAS GERAIS - CBMMG;CORPO DE BOMBEIROS MILITAR DO ESTADO DE MINAS GERAIS - CBMMG;2422.99.0.1.00.000;7;;OUTRAS TRANSF. CONVÊNIO ESTADOS DF ENTIDADES - PRINCIPAL;25125,00
CORPO DE BOMBEIROS MILITAR DO ESTADO DE MINAS GERAIS - CBMMG;CORPO DE BOMBEIROS MILITAR DO ESTADO DE MINAS GERAIS - CBMMG;2422.99.0.1.20.000;8;;OUTRAS TRANSF. CONVÊNIOS ESTADOS DF ENTIDADES - PRINC. - SEGURANÇA PÚBLICA;25125,00
CORPO DE BOMBEIROS MILITAR DO ESTADO DE MINAS GERAIS - CBMMG;CORPO DE BOMBEIROS MILITAR DO ESTADO DE MINAS GERAIS - CBMMG;2422.99.0.1.20.004;9;66;SEGURANÇA PÚBLICA - CORPO DE BOMBEIROS DO ESTADO DE RIO GRANDE DO NORTE - CBMRN;25125,00
CORPO DE BOMBEIROS MILITAR DO ESTADO DE MINAS GERAIS - CBMMG;CORPO DE BOMBEIROS MILITAR DO ESTADO DE MINAS GERAIS - CBMMG;2430.00.0.0.00.000;3;;TRANSFERÊNCIAS DOS MUNICÍPIOS E DE SUAS ENTIDADES;503000,00
CORPO DE BOMBEIROS MILITAR DO ESTADO DE MINAS GERAIS - CBMMG;CORPO DE BOMBEIROS MILITAR DO ESTADO DE MINAS GERAIS - CBMMG;2432.00.0.0.00.000;4;;TRANSFERÊNCIAS DE CONVÊNIOS DOS MUNICÍPIOS E DE SUAS ENTIDADES;503000,00
CORPO DE BOMBEIROS MILITAR DO ESTADO DE MINAS GERAIS - CBMMG;CORPO DE BOMBEIROS MILITAR DO ESTADO DE MINAS GERAIS - CBMMG;2432.99.0.0.00.000;5;;OUTRAS TRANSFERÊNCIAS DE CONVÊNIOS DOS MUNICÍPIOS E DE SUAS ENTIDADES;503000,00
CORPO DE BOMBEIROS MILITAR DO ESTADO DE MINAS GERAIS - CBMMG;CORPO DE BOMBEIROS MILITAR DO ESTADO DE MINAS GERAIS - CBMMG;2432.99.0.1.00.000;7;;OUTRAS TRANSF. CONVÊNIOS MUNICÍPIOS ENTIDADES - PRINCIPAL;503000,00
CORPO DE BOMBEIROS MILITAR DO ESTADO DE MINAS GERAIS - CBMMG;CORPO DE BOMBEIROS MILITAR DO ESTADO DE MINAS GERAIS - CBMMG;2432.99.0.1.22.000;8;;OUTRAS TRANSF. CONVÊNIOS MUNICÍPIOS ENTIDADES - PRINC. - SEGURANÇA PÚBLICA;503000,00
CORPO DE BOMBEIROS MILITAR DO ESTADO DE MINAS GERAIS - CBMMG;CORPO DE BOMBEIROS MILITAR DO ESTADO DE MINAS GERAIS - CBMMG;2432.99.0.1.22.001;9;70;SEGURANÇA PÚBLICA - DIVERSOS MUNICÍPIOS;503000,00
CORPO DE BOMBEIROS MILITAR DO ESTADO DE MINAS GERAIS - CBMMG;CORPO DE BOMBEIROS MILITAR DO ESTADO DE MINAS GERAIS - CBMMG;7000.00.0.0.00.000;1;;RECEITA INTRAORÇAMENTÁRIA;960756,00
CORPO DE BOMBEIROS MILITAR DO ESTADO DE MINAS GERAIS - CBMMG;CORPO DE BOMBEIROS MILITAR DO ESTADO DE MINAS GERAIS - CBMMG;7700.00.0.0.00.000;2;;REC. INTRA. - TRANSFERÊNCIAS CORRENTES;960756,00
CORPO DE BOMBEIROS MILITAR DO ESTADO DE MINAS GERAIS - CBMMG;CORPO DE BOMBEIROS MILITAR DO ESTADO DE MINAS GERAIS - CBMMG;7720.00.0.0.00.000;3;;REC. INTRA. - TRANSFERÊNCIAS DOS ESTADOS E DO DISTRITO FEDERAL E DE SUAS ENTIDADES;960756,00
CORPO DE BOMBEIROS MILITAR DO ESTADO DE MINAS GERAIS - CBMMG;CORPO DE BOMBEIROS MILITAR DO ESTADO DE MINAS GERAIS - CBMMG;7729.00.0.0.00.000;4;;REC. INTRA. - OUTRAS TRANSFERÊNCIAS DOS ESTADOS E DISTRITO FEDERAL;960756,00
CORPO DE BOMBEIROS MILITAR DO ESTADO DE MINAS GERAIS - CBMMG;CORPO DE BOMBEIROS MILITAR DO ESTADO DE MINAS GERAIS - CBMMG;7729.99.0.0.00.000;5;;REC. INTRA. - OUTRAS TRANSFERÊNCIAS DOS ESTADOS E DF;960756,00
CORPO DE BOMBEIROS MILITAR DO ESTADO DE MINAS GERAIS - CBMMG;CORPO DE BOMBEIROS MILITAR DO ESTADO DE MINAS GERAIS - CBMMG;7729.99.0.1.00.000;7;;REC. INTRA. - OUTRAS TRANSF. ESTADOS DF - PRINCIPAL;960756,00
CORPO DE BOMBEIROS MILITAR DO ESTADO DE MINAS GERAIS - CBMMG;CORPO DE BOMBEIROS MILITAR DO ESTADO DE MINAS GERAIS - CBMMG;7729.99.0.1.25.000;8;10;REC. INTRA. - OUTRAS TRANSF. ESTADOS DF - PRINC. - REPASSE DO FUNDO ESTADUAL DE SAÚDE - FES - LC FEDERAL N\degree 141/12;960756,00
DEFENSORIA PUBLICA DO ESTADO DE MINAS GERAIS - DEF PUB;DEFENSORIA PUBLICA DO ESTADO DE MINAS GERAIS - DEF PUB;1000.00.0.0.00.000;1;;RECEITAS CORRENTES;12754323,00
DEFENSORIA PUBLICA DO ESTADO DE MINAS GERAIS - DEF PUB;DEFENSORIA PUBLICA DO ESTADO DE MINAS GERAIS - DEF PUB;1300.00.0.0.00.000;2;;RECEITA PATRIMONIAL;12208103,00
DEFENSORIA PUBLICA DO ESTADO DE MINAS GERAIS - DEF PUB;DEFENSORIA PUBLICA DO ESTADO DE MINAS GERAIS - DEF PUB;1320.00.0.0.00.000;3;;VALORES MOBILIÁRIOS;12208103,00
DEFENSORIA PUBLICA DO ESTADO DE MINAS GERAIS - DEF PUB;DEFENSORIA PUBLICA DO ESTADO DE MINAS GERAIS - DEF PUB;1321.00.0.0.00.000;4;;JUROS E CORREÇÕES MONETÁRIAS;12208103,00
DEFENSORIA PUBLICA DO ESTADO DE MINAS GERAIS - DEF PUB;DEFENSORIA PUBLICA DO ESTADO DE MINAS GERAIS - DEF PUB;1321.01.0.0.00.000;5;;REMUNERAÇÃO DE DEPÓSITOS BANCÁRIOS;12208103,00
DEFENSORIA PUBLICA DO ESTADO DE MINAS GERAIS - DEF PUB;DEFENSORIA PUBLICA DO ESTADO DE MINAS GERAIS - DEF PUB;1321.01.0.1.00.000;7;;REMUNERAÇÃO DEPÓSITOS BANCÁRIOS - PRINCIPAL;12208103,00
DEFENSORIA PUBLICA DO ESTADO DE MINAS GERAIS - DEF PUB;DEFENSORIA PUBLICA DO ESTADO DE MINAS GERAIS - DEF PUB;1321.01.0.1.01.000;8;60;REMUNERAÇÃO DEPÓSITOS BANCÁRIOS - PRINC.;12208103,00
DEFENSORIA PUBLICA DO ESTADO DE MINAS GERAIS - DEF PUB;DEFENSORIA PUBLICA DO ESTADO DE MINAS GERAIS - DEF PUB;1900.00.0.0.00.000;2;;OUTRAS RECEITAS CORRENTES;546220,00
DEFENSORIA PUBLICA DO ESTADO DE MINAS GERAIS - DEF PUB;DEFENSORIA PUBLICA DO ESTADO DE MINAS GERAIS - DEF PUB;1920.00.0.0.00.000;3;;INDENIZAÇÕES, RESTITUIÇÕES E RESSARCIMENTOS;546220,00
DEFENSORIA PUBLICA DO ESTADO DE MINAS GERAIS - DEF PUB;DEFENSORIA PUBLICA DO ESTADO DE MINAS GERAIS - DEF PUB;1922.00.0.0.00.000;4;;RESTITUIÇÕES;546220,00
DEFENSORIA PUBLICA DO ESTADO DE MINAS GERAIS - DEF PUB;DEFENSORIA PUBLICA DO ESTADO DE MINAS GERAIS - DEF PUB;1922.99.0.0.00.000;5;;OUTRAS RESTITUIÇÕES;546220,00
DEFENSORIA PUBLICA DO ESTADO DE MINAS GERAIS - DEF PUB;DEFENSORIA PUBLICA DO ESTADO DE MINAS GERAIS - DEF PUB;1922.99.0.1.00.000;7;;OUTRAS RESTITUIÇÕES - PRINCIPAL;546220,00
DEFENSORIA PUBLICA DO ESTADO DE MINAS GERAIS - DEF PUB;DEFENSORIA PUBLICA DO ESTADO DE MINAS GERAIS - DEF PUB;1922.99.0.1.99.000;8;60;OUTRAS RESTITUIÇÕES - PRINC. - DEMAIS;546220,00
SECRETARIA DE ESTADO DE JUSTIÇA E SEGURANÇA PÚBLICA - SEJUSP;SECRETARIA DE ESTADO DE JUSTIÇA E SEGURANÇA PÚBLICA - SEJUSP;1000.00.0.0.00.000;1;;RECEITAS CORRENTES;20891929,00
SECRETARIA DE ESTADO DE JUSTIÇA E SEGURANÇA PÚBLICA - SEJUSP;SECRETARIA DE ESTADO DE JUSTIÇA E SEGURANÇA PÚBLICA - SEJUSP;1300.00.0.0.00.000;2;;RECEITA PATRIMONIAL;4000,00
SECRETARIA DE ESTADO DE JUSTIÇA E SEGURANÇA PÚBLICA - SEJUSP;SECRETARIA DE ESTADO DE JUSTIÇA E SEGURANÇA PÚBLICA - SEJUSP;1320.00.0.0.00.000;3;;VALORES MOBILIÁRIOS;4000,00
SECRETARIA DE ESTADO DE JUSTIÇA E SEGURANÇA PÚBLICA - SEJUSP;SECRETARIA DE ESTADO DE JUSTIÇA E SEGURANÇA PÚBLICA - SEJUSP;1321.00.0.0.00.000;4;;JUROS E CORREÇÕES MONETÁRIAS;4000,00
SECRETARIA DE ESTADO DE JUSTIÇA E SEGURANÇA PÚBLICA - SEJUSP;SECRETARIA DE ESTADO DE JUSTIÇA E SEGURANÇA PÚBLICA - SEJUSP;1321.01.0.0.00.000;5;;REMUNERAÇÃO DE DEPÓSITOS BANCÁRIOS;4000,00
SECRETARIA DE ESTADO DE JUSTIÇA E SEGURANÇA PÚBLICA - SEJUSP;SECRETARIA DE ESTADO DE JUSTIÇA E SEGURANÇA PÚBLICA - SEJUSP;1321.01.0.1.00.000;7;;REMUNERAÇÃO DEPÓSITOS BANCÁRIOS - PRINCIPAL;4000,00
SECRETARIA DE ESTADO DE JUSTIÇA E SEGURANÇA PÚBLICA - SEJUSP;SECRETARIA DE ESTADO DE JUSTIÇA E SEGURANÇA PÚBLICA - SEJUSP;1321.01.0.1.01.000;8;1;REMUNERAÇÃO DEPÓSITOS BANCÁRIOS - PRINC.;1000,00
SECRETARIA DE ESTADO DE JUSTIÇA E SEGURANÇA PÚBLICA - SEJUSP;SECRETARIA DE ESTADO DE JUSTIÇA E SEGURANÇA PÚBLICA - SEJUSP;1321.01.0.1.01.000;8;2;REMUNERAÇÃO DEPÓSITOS BANCÁRIOS - PRINC.;1000,00
SECRETARIA DE ESTADO DE JUSTIÇA E SEGURANÇA PÚBLICA - SEJUSP;SECRETARIA DE ESTADO DE JUSTIÇA E SEGURANÇA PÚBLICA - SEJUSP;1321.01.0.1.01.000;8;24;REMUNERAÇÃO DEPÓSITOS BANCÁRIOS - PRINC.;1000,00
SECRETARIA DE ESTADO DE JUSTIÇA E SEGURANÇA PÚBLICA - SEJUSP;SECRETARIA DE ESTADO DE JUSTIÇA E SEGURANÇA PÚBLICA - SEJUSP;1321.01.0.1.01.000;8;70;REMUNERAÇÃO DEPÓSITOS BANCÁRIOS - PRINC.;1000,00
SECRETARIA DE ESTADO DE JUSTIÇA E SEGURANÇA PÚBLICA - SEJUSP;SECRETARIA DE ESTADO DE JUSTIÇA E SEGURANÇA PÚBLICA - SEJUSP;1400.00.0.0.00.000;2;;RECEITA AGROPECUÁRIA;1000,00
SECRETARIA DE ESTADO DE JUSTIÇA E SEGURANÇA PÚBLICA - SEJUSP;SECRETARIA DE ESTADO DE JUSTIÇA E SEGURANÇA PÚBLICA - SEJUSP;1410.00.0.0.00.000;3;;RECEITA AGROPECUÁRIA;1000,00
SECRETARIA DE ESTADO DE JUSTIÇA E SEGURANÇA PÚBLICA - SEJUSP;SECRETARIA DE ESTADO DE JUSTIÇA E SEGURANÇA PÚBLICA - SEJUSP;1411.00.0.0.00.000;4;;RECEITA AGROPECUÁRIA;1000,00
SECRETARIA DE ESTADO DE JUSTIÇA E SEGURANÇA PÚBLICA - SEJUSP;SECRETARIA DE ESTADO DE JUSTIÇA E SEGURANÇA PÚBLICA - SEJUSP;1411.01.0.0.00.000;5;;RECEITA AGROPECUÁRIA;1000,00
SECRETARIA DE ESTADO DE JUSTIÇA E SEGURANÇA PÚBLICA - SEJUSP;SECRETARIA DE ESTADO DE JUSTIÇA E SEGURANÇA PÚBLICA - SEJUSP;1411.01.0.1.00.000;7;;REC. AGROPECUÁRIA - PRINCIPAL;1000,00
SECRETARIA DE ESTADO DE JUSTIÇA E SEGURANÇA PÚBLICA - SEJUSP;SECRETARIA DE ESTADO DE JUSTIÇA E SEGURANÇA PÚBLICA - SEJUSP;1411.01.0.1.02.000;8;;REC. AGROPECUÁRIA - PRINC. - PRODUÇÃO ANIMAL E DERIVADOS;1000,00
SECRETARIA DE ESTADO DE JUSTIÇA E SEGURANÇA PÚBLICA - SEJUSP;SECRETARIA DE ESTADO DE JUSTIÇA E SEGURANÇA PÚBLICA - SEJUSP;1411.01.0.1.02.001;9;61;REC. AGROPECUÁRIA - PRINC. - PRODUÇÃO ANIMAL DERIVADOS - UNIDADES PENAIS;1000,00
SECRETARIA DE ESTADO DE JUSTIÇA E SEGURANÇA PÚBLICA - SEJUSP;SECRETARIA DE ESTADO DE JUSTIÇA E SEGURANÇA PÚBLICA - SEJUSP;1500.00.0.0.00.000;2;;RECEITA INDUSTRIAL;60000,00
SECRETARIA DE ESTADO DE JUSTIÇA E SEGURANÇA PÚBLICA - SEJUSP;SECRETARIA DE ESTADO DE JUSTIÇA E SEGURANÇA PÚBLICA - SEJUSP;1510.00.0.0.00.000;3;;RECEITA INDUSTRIAL;60000,00
SECRETARIA DE ESTADO DE JUSTIÇA E SEGURANÇA PÚBLICA - SEJUSP;SECRETARIA DE ESTADO DE JUSTIÇA E SEGURANÇA PÚBLICA - SEJUSP;1511.00.0.0.00.000;4;;RECEITA INDUSTRIAL;60000,00
SECRETARIA DE ESTADO DE JUSTIÇA E SEGURANÇA PÚBLICA - SEJUSP;SECRETARIA DE ESTADO DE JUSTIÇA E SEGURANÇA PÚBLICA - SEJUSP;1511.01.0.0.00.000;5;;RECEITA INDUSTRIAL;60000,00
SECRETARIA DE ESTADO DE JUSTIÇA E SEGURANÇA PÚBLICA - SEJUSP;SECRETARIA DE ESTADO DE JUSTIÇA E SEGURANÇA PÚBLICA - SEJUSP;1511.01.0.1.00.000;7;;REC. INDUSTRIAL - PRINCIPAL;60000,00
SECRETARIA DE ESTADO DE JUSTIÇA E SEGURANÇA PÚBLICA - SEJUSP;SECRETARIA DE ESTADO DE JUSTIÇA E SEGURANÇA PÚBLICA - SEJUSP;1511.01.0.1.01.000;8;;REC. INDUSTRIAL - PRINC. - INDÚSTRIA DE TRANSFORMAÇÃO;60000,00
SECRETARIA DE ESTADO DE JUSTIÇA E SEGURANÇA PÚBLICA - SEJUSP;SECRETARIA DE ESTADO DE JUSTIÇA E SEGURANÇA PÚBLICA - SEJUSP;1511.01.0.1.01.005;9;61;REC. INDUSTRIAL - PRINC. - INDÚSTRIA TRANSFORMAÇÃO - INDÚSTRIAS DIVERSAS - UNIDADES PENAIS;60000,00
SECRETARIA DE ESTADO DE JUSTIÇA E SEGURANÇA PÚBLICA - SEJUSP;SECRETARIA DE ESTADO DE JUSTIÇA E SEGURANÇA PÚBLICA - SEJUSP;1700.00.0.0.00.000;2;;TRANSFERÊNCIAS CORRENTES;12795692,00
SECRETARIA DE ESTADO DE JUSTIÇA E SEGURANÇA PÚBLICA - SEJUSP;SECRETARIA DE ESTADO DE JUSTIÇA E SEGURANÇA PÚBLICA - SEJUSP;1710.00.0.0.00.000;3;;TRANSFERÊNCIAS DA UNIÃO E DE SUAS ENTIDADES;12795692,00
SECRETARIA DE ESTADO DE JUSTIÇA E SEGURANÇA PÚBLICA - SEJUSP;SECRETARIA DE ESTADO DE JUSTIÇA E SEGURANÇA PÚBLICA - SEJUSP;1717.00.0.0.00.000;4;;TRANSFERÊNCIAS DE CONVÊNIOS DA UNIÃO E DE SUAS ENTIDADES;12795692,00
SECRETARIA DE ESTADO DE JUSTIÇA E SEGURANÇA PÚBLICA - SEJUSP;SECRETARIA DE ESTADO DE JUSTIÇA E SEGURANÇA PÚBLICA - SEJUSP;1717.99.0.0.00.000;5;;OUTRAS TRANSFERÊNCIAS DE CONVÊNIOS DA UNIÃO E DE SUAS ENTIDADES;12795692,00
SECRETARIA DE ESTADO DE JUSTIÇA E SEGURANÇA PÚBLICA - SEJUSP;SECRETARIA DE ESTADO DE JUSTIÇA E SEGURANÇA PÚBLICA - SEJUSP;1717.99.0.1.00.000;7;;OUTRAS TRANSF. CONVÊNIOS UNIÃO ENTIDADES - PRINCIPAL;12795692,00
SECRETARIA DE ESTADO DE JUSTIÇA E SEGURANÇA PÚBLICA - SEJUSP;SECRETARIA DE ESTADO DE JUSTIÇA E SEGURANÇA PÚBLICA - SEJUSP;1717.99.0.1.20.000;8;;OUTRAS TRANSF. CONVÊNIOS UNIÃO ENTIDADES - PRINC. - SEGURANÇA PÚBLICA;12795692,00
SECRETARIA DE ESTADO DE JUSTIÇA E SEGURANÇA PÚBLICA - SEJUSP;SECRETARIA DE ESTADO DE JUSTIÇA E SEGURANÇA PÚBLICA - SEJUSP;1717.99.0.1.20.005;9;24;SEGURANÇA PÚBLICA - MINISTÉRIO DA JUSTIÇA E SEGURANÇA PÚBLICA;12795692,00
SECRETARIA DE ESTADO DE JUSTIÇA E SEGURANÇA PÚBLICA - SEJUSP;SECRETARIA DE ESTADO DE JUSTIÇA E SEGURANÇA PÚBLICA - SEJUSP;1900.00.0.0.00.000;2;;OUTRAS RECEITAS CORRENTES;8031237,00
SECRETARIA DE ESTADO DE JUSTIÇA E SEGURANÇA PÚBLICA - SEJUSP;SECRETARIA DE ESTADO DE JUSTIÇA E SEGURANÇA PÚBLICA - SEJUSP;1920.00.0.0.00.000;3;;INDENIZAÇÕES, RESTITUIÇÕES E RESSARCIMENTOS;8031237,00
SECRETARIA DE ESTADO DE JUSTIÇA E SEGURANÇA PÚBLICA - SEJUSP;SECRETARIA DE ESTADO DE JUSTIÇA E SEGURANÇA PÚBLICA - SEJUSP;1922.00.0.0.00.000;4;;RESTITUIÇÕES;4000,00
SECRETARIA DE ESTADO DE JUSTIÇA E SEGURANÇA PÚBLICA - SEJUSP;SECRETARIA DE ESTADO DE JUSTIÇA E SEGURANÇA PÚBLICA - SEJUSP;1922.99.0.0.00.000;5;;OUTRAS RESTITUIÇÕES;4000,00
SECRETARIA DE ESTADO DE JUSTIÇA E SEGURANÇA PÚBLICA - SEJUSP;SECRETARIA DE ESTADO DE JUSTIÇA E SEGURANÇA PÚBLICA - SEJUSP;1922.99.0.1.00.000;7;;OUTRAS RESTITUIÇÕES - PRINCIPAL;4000,00
SECRETARIA DE ESTADO DE JUSTIÇA E SEGURANÇA PÚBLICA - SEJUSP;SECRETARIA DE ESTADO DE JUSTIÇA E SEGURANÇA PÚBLICA - SEJUSP;1922.99.0.1.99.000;8;1;OUTRAS RESTITUIÇÕES - PRINC. - DEMAIS;1000,00
SECRETARIA DE ESTADO DE JUSTIÇA E SEGURANÇA PÚBLICA - SEJUSP;SECRETARIA DE ESTADO DE JUSTIÇA E SEGURANÇA PÚBLICA - SEJUSP;1922.99.0.1.99.000;8;2;OUTRAS RESTITUIÇÕES - PRINC. - DEMAIS;1000,00
SECRETARIA DE ESTADO DE JUSTIÇA E SEGURANÇA PÚBLICA - SEJUSP;SECRETARIA DE ESTADO DE JUSTIÇA E SEGURANÇA PÚBLICA - SEJUSP;1922.99.0.1.99.000;8;24;OUTRAS RESTITUIÇÕES - PRINC. - DEMAIS;1000,00
SECRETARIA DE ESTADO DE JUSTIÇA E SEGURANÇA PÚBLICA - SEJUSP;SECRETARIA DE ESTADO DE JUSTIÇA E SEGURANÇA PÚBLICA - SEJUSP;1922.99.0.1.99.000;8;70;OUTRAS RESTITUIÇÕES - PRINC. - DEMAIS;1000,00
SECRETARIA DE ESTADO DE JUSTIÇA E SEGURANÇA PÚBLICA - SEJUSP;SECRETARIA DE ESTADO DE JUSTIÇA E SEGURANÇA PÚBLICA - SEJUSP;1923.00.0.0.00.000;4;;RESSARCIMENTOS;8027237,00
SECRETARIA DE ESTADO DE JUSTIÇA E SEGURANÇA PÚBLICA - SEJUSP;SECRETARIA DE ESTADO DE JUSTIÇA E SEGURANÇA PÚBLICA - SEJUSP;1923.99.0.0.00.000;5;;OUTROS RESSARCIMENTOS;8027237,00
SECRETARIA DE ESTADO DE JUSTIÇA E SEGURANÇA PÚBLICA - SEJUSP;SECRETARIA DE ESTADO DE JUSTIÇA E SEGURANÇA PÚBLICA - SEJUSP;1923.99.0.1.00.000;7;;OUTROS RESSARCIMENTOS - PRINCIPAL;8027237,00
SECRETARIA DE ESTADO DE JUSTIÇA E SEGURANÇA PÚBLICA - SEJUSP;SECRETARIA DE ESTADO DE JUSTIÇA E SEGURANÇA PÚBLICA - SEJUSP;1923.99.0.1.01.000;8;60;OUTROS RESSARCIMENTOS - PRINC. - RETENÇÃO SOBRE PAGAMENTO FOLHA DE SENTENCIADO;8027237,00
SECRETARIA DE ESTADO DE JUSTIÇA E SEGURANÇA PÚBLICA - SEJUSP;SECRETARIA DE ESTADO DE JUSTIÇA E SEGURANÇA PÚBLICA - SEJUSP;2000.00.0.0.00.000;1;;RECEITAS DE CAPITAL;83862340,00
SECRETARIA DE ESTADO DE JUSTIÇA E SEGURANÇA PÚBLICA - SEJUSP;SECRETARIA DE ESTADO DE JUSTIÇA E SEGURANÇA PÚBLICA - SEJUSP;2400.00.0.0.00.000;2;;TRANSFERÊNCIAS DE CAPITAL;83862340,00
SECRETARIA DE ESTADO DE JUSTIÇA E SEGURANÇA PÚBLICA - SEJUSP;SECRETARIA DE ESTADO DE JUSTIÇA E SEGURANÇA PÚBLICA - SEJUSP;2410.00.0.0.00.000;3;;TRANSFERÊNCIAS DA UNIÃO E DE SUAS ENTIDADES;83817320,00
SECRETARIA DE ESTADO DE JUSTIÇA E SEGURANÇA PÚBLICA - SEJUSP;SECRETARIA DE ESTADO DE JUSTIÇA E SEGURANÇA PÚBLICA - SEJUSP;2414.00.0.0.00.000;4;;TRANSFERÊNCIAS DE CONVÊNIOS DA UNIÃO E DE SUAS ENTIDADES;82901929,00
SECRETARIA DE ESTADO DE JUSTIÇA E SEGURANÇA PÚBLICA - SEJUSP;SECRETARIA DE ESTADO DE JUSTIÇA E SEGURANÇA PÚBLICA - SEJUSP;2414.99.0.0.00.000;5;;OUTRAS TRANSFERÊNCIAS DE CONVÊNIOS DA UNIÃO E DE SUAS ENTIDADES;82901929,00
SECRETARIA DE ESTADO DE JUSTIÇA E SEGURANÇA PÚBLICA - SEJUSP;SECRETARIA DE ESTADO DE JUSTIÇA E SEGURANÇA PÚBLICA - SEJUSP;2414.99.0.1.00.000;7;;OUTRAS TRANSF. CONVÊNIOS UNIÃO - PRINCIPAL;82901929,00
SECRETARIA DE ESTADO DE JUSTIÇA E SEGURANÇA PÚBLICA - SEJUSP;SECRETARIA DE ESTADO DE JUSTIÇA E SEGURANÇA PÚBLICA - SEJUSP;2414.99.0.1.20.000;8;;OUTRAS TRANSF. CONVÊNIOS UNIÃO - PRINC. - SEGURANÇA PÚBLICA;82901929,00
SECRETARIA DE ESTADO DE JUSTIÇA E SEGURANÇA PÚBLICA - SEJUSP;SECRETARIA DE ESTADO DE JUSTIÇA E SEGURANÇA PÚBLICA - SEJUSP;2414.99.0.1.20.004;9;1;SEGURANÇA PÚBLICA - MINISTÉRIO DA JUSTIÇA E SEGURANÇA PÚBLICA;347292,00
SECRETARIA DE ESTADO DE JUSTIÇA E SEGURANÇA PÚBLICA - SEJUSP;SECRETARIA DE ESTADO DE JUSTIÇA E SEGURANÇA PÚBLICA - SEJUSP;2414.99.0.1.20.004;9;2;SEGURANÇA PÚBLICA - MINISTÉRIO DA JUSTIÇA E SEGURANÇA PÚBLICA;1103209,00
SECRETARIA DE ESTADO DE JUSTIÇA E SEGURANÇA PÚBLICA - SEJUSP;SECRETARIA DE ESTADO DE JUSTIÇA E SEGURANÇA PÚBLICA - SEJUSP;2414.99.0.1.20.004;9;24;SEGURANÇA PÚBLICA - MINISTÉRIO DA JUSTIÇA E SEGURANÇA PÚBLICA;51951428,00
SECRETARIA DE ESTADO DE JUSTIÇA E SEGURANÇA PÚBLICA - SEJUSP;SECRETARIA DE ESTADO DE JUSTIÇA E SEGURANÇA PÚBLICA - SEJUSP;2414.99.0.1.20.011;9;24;SEGURANÇA PÚBLICA - MINISTÉRIO DA MULHER, DA FAMÍLIA E DOS DIREITOS HUMANOS;29500000,00
SECRETARIA DE ESTADO DE JUSTIÇA E SEGURANÇA PÚBLICA - SEJUSP;SECRETARIA DE ESTADO DE JUSTIÇA E SEGURANÇA PÚBLICA - SEJUSP;2419.00.0.0.00.000;4;;OUTRAS TRANSFERÊNCIAS DE RECURSOS DA UNIÃO E DE SUAS ENTIDADES;915391,00
SECRETARIA DE ESTADO DE JUSTIÇA E SEGURANÇA PÚBLICA - SEJUSP;SECRETARIA DE ESTADO DE JUSTIÇA E SEGURANÇA PÚBLICA - SEJUSP;2419.51.0.0.00.000;5;;TRANSFERÊNCIA ESPECIAL DA UNIÃO;915391,00
SECRETARIA DE ESTADO DE JUSTIÇA E SEGURANÇA PÚBLICA - SEJUSP;SECRETARIA DE ESTADO DE JUSTIÇA E SEGURANÇA PÚBLICA - SEJUSP;2419.51.0.1.00.000;7;;TRANSF. ESPECIAL UNIÃO - PRINCIPAL;915391,00
SECRETARIA DE ESTADO DE JUSTIÇA E SEGURANÇA PÚBLICA - SEJUSP;SECRETARIA DE ESTADO DE JUSTIÇA E SEGURANÇA PÚBLICA - SEJUSP;2419.51.0.1.01.000;8;98;TRANSF. ESPECIAL UNIÃO - PRINC. - EMENDAS PARLAMENTARES INDIVIDUAIS;915391,00
SECRETARIA DE ESTADO DE JUSTIÇA E SEGURANÇA PÚBLICA - SEJUSP;SECRETARIA DE ESTADO DE JUSTIÇA E SEGURANÇA PÚBLICA - SEJUSP;2430.00.0.0.00.000;3;;TRANSFERÊNCIAS DOS MUNICÍPIOS E DE SUAS ENTIDADES;45020,00
SECRETARIA DE ESTADO DE JUSTIÇA E SEGURANÇA PÚBLICA - SEJUSP;SECRETARIA DE ESTADO DE JUSTIÇA E SEGURANÇA PÚBLICA - SEJUSP;2432.00.0.0.00.000;4;;TRANSFERÊNCIAS DE CONVÊNIOS DOS MUNICÍPIOS E DE SUAS ENTIDADES;45020,00
SECRETARIA DE ESTADO DE JUSTIÇA E SEGURANÇA PÚBLICA - SEJUSP;SECRETARIA DE ESTADO DE JUSTIÇA E SEGURANÇA PÚBLICA - SEJUSP;2432.99.0.0.00.000;5;;OUTRAS TRANSFERÊNCIAS DE CONVÊNIOS DOS MUNICÍPIOS E DE SUAS ENTIDADES;45020,00
SECRETARIA DE ESTADO DE JUSTIÇA E SEGURANÇA PÚBLICA - SEJUSP;SECRETARIA DE ESTADO DE JUSTIÇA E SEGURANÇA PÚBLICA - SEJUSP;2432.99.0.1.00.000;7;;OUTRAS TRANSF. CONVÊNIOS MUNICÍPIOS ENTIDADES - PRINCIPAL;45020,00
SECRETARIA DE ESTADO DE JUSTIÇA E SEGURANÇA PÚBLICA - SEJUSP;SECRETARIA DE ESTADO DE JUSTIÇA E SEGURANÇA PÚBLICA - SEJUSP;2432.99.0.1.22.000;8;;OUTRAS TRANSF. CONVÊNIOS MUNICÍPIOS ENTIDADES - PRINC. - SEGURANÇA PÚBLICA;45020,00
SECRETARIA DE ESTADO DE JUSTIÇA E SEGURANÇA PÚBLICA - SEJUSP;SECRETARIA DE ESTADO DE JUSTIÇA E SEGURANÇA PÚBLICA - SEJUSP;2432.99.0.1.22.001;9;70;SEGURANÇA PÚBLICA - DIVERSOS MUNICÍPIOS;45020,00
SECRETARIA DE ESTADO DE JUSTIÇA E SEGURANÇA PÚBLICA - SEJUSP;SECRETARIA DE ESTADO DE JUSTIÇA E SEGURANÇA PÚBLICA - SEJUSP;7000.00.0.0.00.000;1;;RECEITA INTRAORÇAMENTÁRIA;224346201,00
SECRETARIA DE ESTADO DE JUSTIÇA E SEGURANÇA PÚBLICA - SEJUSP;SECRETARIA DE ESTADO DE JUSTIÇA E SEGURANÇA PÚBLICA - SEJUSP;7700.00.0.0.00.000;2;;REC. INTRA. - TRANSFERÊNCIAS CORRENTES;224346201,00
SECRETARIA DE ESTADO DE JUSTIÇA E SEGURANÇA PÚBLICA - SEJUSP;SECRETARIA DE ESTADO DE JUSTIÇA E SEGURANÇA PÚBLICA - SEJUSP;7720.00.0.0.00.000;3;;REC. INTRA. - TRANSFERÊNCIAS DOS ESTADOS E DO DISTRITO FEDERAL E DE SUAS ENTIDADES;224346201,00
SECRETARIA DE ESTADO DE JUSTIÇA E SEGURANÇA PÚBLICA - SEJUSP;SECRETARIA DE ESTADO DE JUSTIÇA E SEGURANÇA PÚBLICA - SEJUSP;7729.00.0.0.00.000;4;;REC. INTRA. - OUTRAS TRANSFERÊNCIAS DOS ESTADOS E DISTRITO FEDERAL;224346201,00
SECRETARIA DE ESTADO DE JUSTIÇA E SEGURANÇA PÚBLICA - SEJUSP;SECRETARIA DE ESTADO DE JUSTIÇA E SEGURANÇA PÚBLICA - SEJUSP;7729.99.0.0.00.000;5;;REC. INTRA. - OUTRAS TRANSFERÊNCIAS DOS ESTADOS E DF;224346201,00
SECRETARIA DE ESTADO DE JUSTIÇA E SEGURANÇA PÚBLICA - SEJUSP;SECRETARIA DE ESTADO DE JUSTIÇA E SEGURANÇA PÚBLICA - SEJUSP;7729.99.0.1.00.000;7;;REC. INTRA. - OUTRAS TRANSF. ESTADOS DF - PRINCIPAL;224346201,00
SECRETARIA DE ESTADO DE JUSTIÇA E SEGURANÇA PÚBLICA - SEJUSP;SECRETARIA DE ESTADO DE JUSTIÇA E SEGURANÇA PÚBLICA - SEJUSP;7729.99.0.1.25.000;8;10;REC. INTRA. - OUTRAS TRANSF. ESTADOS DF - PRINC. - REPASSE DO FUNDO ESTADUAL DE SAÚDE - FES - LC FEDERAL N\degree 141/12;224346201,00
SECRETARIA DE ESTADO DE DESENVOLVIMENTO SOCIAL - SEDESE;SECRETARIA DE ESTADO DE DESENVOLVIMENTO SOCIAL - SEDESE;1000.00.0.0.00.000;1;;RECEITAS CORRENTES;33017902,00
SECRETARIA DE ESTADO DE DESENVOLVIMENTO SOCIAL - SEDESE;SECRETARIA DE ESTADO DE DESENVOLVIMENTO SOCIAL - SEDESE;1300.00.0.0.00.000;2;;RECEITA PATRIMONIAL;2000,00
SECRETARIA DE ESTADO DE DESENVOLVIMENTO SOCIAL - SEDESE;SECRETARIA DE ESTADO DE DESENVOLVIMENTO SOCIAL - SEDESE;1320.00.0.0.00.000;3;;VALORES MOBILIÁRIOS;2000,00
SECRETARIA DE ESTADO DE DESENVOLVIMENTO SOCIAL - SEDESE;SECRETARIA DE ESTADO DE DESENVOLVIMENTO SOCIAL - SEDESE;1321.00.0.0.00.000;4;;JUROS E CORREÇÕES MONETÁRIAS;2000,00
SECRETARIA DE ESTADO DE DESENVOLVIMENTO SOCIAL - SEDESE;SECRETARIA DE ESTADO DE DESENVOLVIMENTO SOCIAL - SEDESE;1321.01.0.0.00.000;5;;REMUNERAÇÃO DE DEPÓSITOS BANCÁRIOS;2000,00
SECRETARIA DE ESTADO DE DESENVOLVIMENTO SOCIAL - SEDESE;SECRETARIA DE ESTADO DE DESENVOLVIMENTO SOCIAL - SEDESE;1321.01.0.1.00.000;7;;REMUNERAÇÃO DEPÓSITOS BANCÁRIOS - PRINCIPAL;2000,00
SECRETARIA DE ESTADO DE DESENVOLVIMENTO SOCIAL - SEDESE;SECRETARIA DE ESTADO DE DESENVOLVIMENTO SOCIAL - SEDESE;1321.01.0.1.01.000;8;1;REMUNERAÇÃO DEPÓSITOS BANCÁRIOS - PRINC.;1000,00
SECRETARIA DE ESTADO DE DESENVOLVIMENTO SOCIAL - SEDESE;SECRETARIA DE ESTADO DE DESENVOLVIMENTO SOCIAL - SEDESE;1321.01.0.1.01.000;8;24;REMUNERAÇÃO DEPÓSITOS BANCÁRIOS - PRINC.;1000,00
SECRETARIA DE ESTADO DE DESENVOLVIMENTO SOCIAL - SEDESE;SECRETARIA DE ESTADO DE DESENVOLVIMENTO SOCIAL - SEDESE;1700.00.0.0.00.000;2;;TRANSFERÊNCIAS CORRENTES;33013902,00
SECRETARIA DE ESTADO DE DESENVOLVIMENTO SOCIAL - SEDESE;SECRETARIA DE ESTADO DE DESENVOLVIMENTO SOCIAL - SEDESE;1710.00.0.0.00.000;3;;TRANSFERÊNCIAS DA UNIÃO E DE SUAS ENTIDADES;29598602,00
SECRETARIA DE ESTADO DE DESENVOLVIMENTO SOCIAL - SEDESE;SECRETARIA DE ESTADO DE DESENVOLVIMENTO SOCIAL - SEDESE;1717.00.0.0.00.000;4;;TRANSFERÊNCIAS DE CONVÊNIOS DA UNIÃO E DE SUAS ENTIDADES;7903182,00
SECRETARIA DE ESTADO DE DESENVOLVIMENTO SOCIAL - SEDESE;SECRETARIA DE ESTADO DE DESENVOLVIMENTO SOCIAL - SEDESE;1717.99.0.0.00.000;5;;OUTRAS TRANSFERÊNCIAS DE CONVÊNIOS DA UNIÃO E DE SUAS ENTIDADES;7903182,00
SECRETARIA DE ESTADO DE DESENVOLVIMENTO SOCIAL - SEDESE;SECRETARIA DE ESTADO DE DESENVOLVIMENTO SOCIAL - SEDESE;1717.99.0.1.00.000;7;;OUTRAS TRANSF. CONVÊNIOS UNIÃO ENTIDADES - PRINCIPAL;7903182,00
SECRETARIA DE ESTADO DE DESENVOLVIMENTO SOCIAL - SEDESE;SECRETARIA DE ESTADO DE DESENVOLVIMENTO SOCIAL - SEDESE;1717.99.0.1.10.000;8;;OUTRAS TRANSF. CONVÊNIOS UNIÃO ENTIDADES - PRINC. - DESPORTO E LAZER;290379,00
SECRETARIA DE ESTADO DE DESENVOLVIMENTO SOCIAL - SEDESE;SECRETARIA DE ESTADO DE DESENVOLVIMENTO SOCIAL - SEDESE;1717.99.0.1.10.003;9;2;DESPORTO LAZER - MINISTÉRIO DO ESPORTE;290379,00
SECRETARIA DE ESTADO DE DESENVOLVIMENTO SOCIAL - SEDESE;SECRETARIA DE ESTADO DE DESENVOLVIMENTO SOCIAL - SEDESE;1717.99.0.1.11.000;8;;OUTRAS TRANSF. CONVÊNIOS UNIÃO ENTIDADES - PRINC. - DIREITOS HUMANOS E DE CIDADANIA;7612803,00
SECRETARIA DE ESTADO DE DESENVOLVIMENTO SOCIAL - SEDESE;SECRETARIA DE ESTADO DE DESENVOLVIMENTO SOCIAL - SEDESE;1717.99.0.1.11.001;9;24;DIR. HUMANOS CIDADANIA - MINISTÉRIO DA JUSTIÇA E SEGURANÇA PÚBLICA;962803,00
SECRETARIA DE ESTADO DE DESENVOLVIMENTO SOCIAL - SEDESE;SECRETARIA DE ESTADO DE DESENVOLVIMENTO SOCIAL - SEDESE;1717.99.0.1.11.003;9;24;DIR. HUMANOS CIDADANIA - MINISTÉRIO DOS DIREITOS HUMANOS E CIDADANIA;6650000,00
SECRETARIA DE ESTADO DE DESENVOLVIMENTO SOCIAL - SEDESE;SECRETARIA DE ESTADO DE DESENVOLVIMENTO SOCIAL - SEDESE;1719.00.0.0.00.000;4;;OUTRAS TRANSFERÊNCIAS DE RECURSOS DA UNIÃO E DE SUAS ENTIDADES;21695420,00
SECRETARIA DE ESTADO DE DESENVOLVIMENTO SOCIAL - SEDESE;SECRETARIA DE ESTADO DE DESENVOLVIMENTO SOCIAL - SEDESE;1719.99.0.0.00.000;5;;OUTRAS TRANSFERÊNCIAS DE RECURSOS DA UNIÃO E DE SUAS ENTIDADES;21695420,00
SECRETARIA DE ESTADO DE DESENVOLVIMENTO SOCIAL - SEDESE;SECRETARIA DE ESTADO DE DESENVOLVIMENTO SOCIAL - SEDESE;1719.99.0.1.00.000;7;;OUTRAS TRANSF. UNIÃO ENTIDADES - PRINCIPAL;21695420,00
SECRETARIA DE ESTADO DE DESENVOLVIMENTO SOCIAL - SEDESE;SECRETARIA DE ESTADO DE DESENVOLVIMENTO SOCIAL - SEDESE;1719.99.0.1.15.000;8;;OUTRAS TRANSF. UNIÃO ENTIDADES - DESPORTO E LAZER;21695420,00
SECRETARIA DE ESTADO DE DESENVOLVIMENTO SOCIAL - SEDESE;SECRETARIA DE ESTADO DE DESENVOLVIMENTO SOCIAL - SEDESE;1719.99.0.1.15.001;9;38;DESPORTO LAZER - MINISTÉRIO DO ESPORTE;21695420,00
SECRETARIA DE ESTADO DE DESENVOLVIMENTO SOCIAL - SEDESE;SECRETARIA DE ESTADO DE DESENVOLVIMENTO SOCIAL - SEDESE;1740.00.0.0.00.000;3;;TRANSFERÊNCIAS DE INSTITUIÇÕES PRIVADAS;3415300,00
SECRETARIA DE ESTADO DE DESENVOLVIMENTO SOCIAL - SEDESE;SECRETARIA DE ESTADO DE DESENVOLVIMENTO SOCIAL - SEDESE;1741.00.0.0.00.000;4;;TRANSFERÊNCIAS DE INSTITUIÇÕES PRIVADAS;3415300,00
SECRETARIA DE ESTADO DE DESENVOLVIMENTO SOCIAL - SEDESE;SECRETARIA DE ESTADO DE DESENVOLVIMENTO SOCIAL - SEDESE;1741.99.0.0.00.000;5;;OUTRAS TRANSFERÊNCIAS DE INSTITUIÇÕES PRIVADAS;3415300,00
SECRETARIA DE ESTADO DE DESENVOLVIMENTO SOCIAL - SEDESE;SECRETARIA DE ESTADO DE DESENVOLVIMENTO SOCIAL - SEDESE;1741.99.0.1.00.000;7;;OUTRAS TRANSF. INSTIT. PRIVADAS - PRINCIPAL;3415300,00
SECRETARIA DE ESTADO DE DESENVOLVIMENTO SOCIAL - SEDESE;SECRETARIA DE ESTADO DE DESENVOLVIMENTO SOCIAL - SEDESE;1741.99.0.1.40.000;8;;OUTRAS TRANSF. INSTIT. PRIVADAS - PRINC. - DEMAIS - DESPORTO E LAZER;3415300,00
SECRETARIA DE ESTADO DE DESENVOLVIMENTO SOCIAL - SEDESE;SECRETARIA DE ESTADO DE DESENVOLVIMENTO SOCIAL - SEDESE;1741.99.0.1.40.001;9;59;DESPORTO E LAZER - OUTROS;3415300,00
SECRETARIA DE ESTADO DE DESENVOLVIMENTO SOCIAL - SEDESE;SECRETARIA DE ESTADO DE DESENVOLVIMENTO SOCIAL - SEDESE;1900.00.0.0.00.000;2;;OUTRAS RECEITAS CORRENTES;2000,00
SECRETARIA DE ESTADO DE DESENVOLVIMENTO SOCIAL - SEDESE;SECRETARIA DE ESTADO DE DESENVOLVIMENTO SOCIAL - SEDESE;1920.00.0.0.00.000;3;;INDENIZAÇÕES, RESTITUIÇÕES E RESSARCIMENTOS;2000,00
SECRETARIA DE ESTADO DE DESENVOLVIMENTO SOCIAL - SEDESE;SECRETARIA DE ESTADO DE DESENVOLVIMENTO SOCIAL - SEDESE;1922.00.0.0.00.000;4;;RESTITUIÇÕES;2000,00
SECRETARIA DE ESTADO DE DESENVOLVIMENTO SOCIAL - SEDESE;SECRETARIA DE ESTADO DE DESENVOLVIMENTO SOCIAL - SEDESE;1922.99.0.0.00.000;5;;OUTRAS RESTITUIÇÕES;2000,00
SECRETARIA DE ESTADO DE DESENVOLVIMENTO SOCIAL - SEDESE;SECRETARIA DE ESTADO DE DESENVOLVIMENTO SOCIAL - SEDESE;1922.99.0.1.00.000;7;;OUTRAS RESTITUIÇÕES - PRINCIPAL;2000,00
SECRETARIA DE ESTADO DE DESENVOLVIMENTO SOCIAL - SEDESE;SECRETARIA DE ESTADO DE DESENVOLVIMENTO SOCIAL - SEDESE;1922.99.0.1.99.000;8;1;OUTRAS RESTITUIÇÕES - PRINC. - DEMAIS;1000,00
SECRETARIA DE ESTADO DE DESENVOLVIMENTO SOCIAL - SEDESE;SECRETARIA DE ESTADO DE DESENVOLVIMENTO SOCIAL - SEDESE;1922.99.0.1.99.000;8;24;OUTRAS RESTITUIÇÕES - PRINC. - DEMAIS;1000,00
SECRETARIA DE ESTADO DE DESENVOLVIMENTO SOCIAL - SEDESE;SECRETARIA DE ESTADO DE DESENVOLVIMENTO SOCIAL - SEDESE;2000.00.0.0.00.000;1;;RECEITAS DE CAPITAL;5380386,00
SECRETARIA DE ESTADO DE DESENVOLVIMENTO SOCIAL - SEDESE;SECRETARIA DE ESTADO DE DESENVOLVIMENTO SOCIAL - SEDESE;2400.00.0.0.00.000;2;;TRANSFERÊNCIAS DE CAPITAL;5380386,00
SECRETARIA DE ESTADO DE DESENVOLVIMENTO SOCIAL - SEDESE;SECRETARIA DE ESTADO DE DESENVOLVIMENTO SOCIAL - SEDESE;2410.00.0.0.00.000;3;;TRANSFERÊNCIAS DA UNIÃO E DE SUAS ENTIDADES;5380386,00
SECRETARIA DE ESTADO DE DESENVOLVIMENTO SOCIAL - SEDESE;SECRETARIA DE ESTADO DE DESENVOLVIMENTO SOCIAL - SEDESE;2414.00.0.0.00.000;4;;TRANSFERÊNCIAS DE CONVÊNIOS DA UNIÃO E DE SUAS ENTIDADES;1516942,00
SECRETARIA DE ESTADO DE DESENVOLVIMENTO SOCIAL - SEDESE;SECRETARIA DE ESTADO DE DESENVOLVIMENTO SOCIAL - SEDESE;2414.99.0.0.00.000;5;;OUTRAS TRANSFERÊNCIAS DE CONVÊNIOS DA UNIÃO E DE SUAS ENTIDADES;1516942,00
SECRETARIA DE ESTADO DE DESENVOLVIMENTO SOCIAL - SEDESE;SECRETARIA DE ESTADO DE DESENVOLVIMENTO SOCIAL - SEDESE;2414.99.0.1.00.000;7;;OUTRAS TRANSF. CONVÊNIOS UNIÃO - PRINCIPAL;1516942,00
SECRETARIA DE ESTADO DE DESENVOLVIMENTO SOCIAL - SEDESE;SECRETARIA DE ESTADO DE DESENVOLVIMENTO SOCIAL - SEDESE;2414.99.0.1.13.000;8;;OUTRAS TRANSF. CONVÊNIOS UNIÃO - PRINC. - DIREITOS HUMANOS E DE CIDADANIA;1516942,00
SECRETARIA DE ESTADO DE DESENVOLVIMENTO SOCIAL - SEDESE;SECRETARIA DE ESTADO DE DESENVOLVIMENTO SOCIAL - SEDESE;2414.99.0.1.13.001;9;24;DIR. HUMANOS CIDADANIA - MINISTÉRIO DA JUSTIÇA;1516942,00
SECRETARIA DE ESTADO DE DESENVOLVIMENTO SOCIAL - SEDESE;SECRETARIA DE ESTADO DE DESENVOLVIMENTO SOCIAL - SEDESE;2419.00.0.0.00.000;4;;OUTRAS TRANSFERÊNCIAS DE RECURSOS DA UNIÃO E DE SUAS ENTIDADES;3863444,00
SECRETARIA DE ESTADO DE DESENVOLVIMENTO SOCIAL - SEDESE;SECRETARIA DE ESTADO DE DESENVOLVIMENTO SOCIAL - SEDESE;2419.51.0.0.00.000;5;;TRANSFERÊNCIA ESPECIAL DA UNIÃO;1363444,00
SECRETARIA DE ESTADO DE DESENVOLVIMENTO SOCIAL - SEDESE;SECRETARIA DE ESTADO DE DESENVOLVIMENTO SOCIAL - SEDESE;2419.51.0.1.00.000;7;;TRANSF. ESPECIAL UNIÃO - PRINCIPAL;1363444,00
SECRETARIA DE ESTADO DE DESENVOLVIMENTO SOCIAL - SEDESE;SECRETARIA DE ESTADO DE DESENVOLVIMENTO SOCIAL - SEDESE;2419.51.0.1.01.000;8;98;TRANSF. ESPECIAL UNIÃO - PRINC. - EMENDAS PARLAMENTARES INDIVIDUAIS;1363444,00
SECRETARIA DE ESTADO DE DESENVOLVIMENTO SOCIAL - SEDESE;SECRETARIA DE ESTADO DE DESENVOLVIMENTO SOCIAL - SEDESE;2419.99.0.0.00.000;5;;OUTRAS TRANSFERÊNCIAS DE RECURSOS DA UNIÃO E DE SUAS ENTIDADES;2500000,00
SECRETARIA DE ESTADO DE DESENVOLVIMENTO SOCIAL - SEDESE;SECRETARIA DE ESTADO DE DESENVOLVIMENTO SOCIAL - SEDESE;2419.99.0.1.00.000;7;;OUTRAS TRANSF. RECURSOS UNIÃO ENTIDADES - PRINCIPAL;2500000,00
SECRETARIA DE ESTADO DE DESENVOLVIMENTO SOCIAL - SEDESE;SECRETARIA DE ESTADO DE DESENVOLVIMENTO SOCIAL - SEDESE;2419.99.0.1.13.000;8;;OUTRAS TRANSF. UNIÃO ENTIDADES - DESPORTO E LAZER;2500000,00
SECRETARIA DE ESTADO DE DESENVOLVIMENTO SOCIAL - SEDESE;SECRETARIA DE ESTADO DE DESENVOLVIMENTO SOCIAL - SEDESE;2419.99.0.1.13.001;9;38;DESPORTO LAZER - MINISTÉRIO DO ESPORTE;2500000,00
POLÍCIA CIVIL DO ESTADO DE MINAS GERAIS - PCMG;POLÍCIA CIVIL DO ESTADO DE MINAS GERAIS - PCMG;1000.00.0.0.00.000;1;;RECEITAS CORRENTES;8000,00
POLÍCIA CIVIL DO ESTADO DE MINAS GERAIS - PCMG;POLÍCIA CIVIL DO ESTADO DE MINAS GERAIS - PCMG;1300.00.0.0.00.000;2;;RECEITA PATRIMONIAL;4000,00
POLÍCIA CIVIL DO ESTADO DE MINAS GERAIS - PCMG;POLÍCIA CIVIL DO ESTADO DE MINAS GERAIS - PCMG;1320.00.0.0.00.000;3;;VALORES MOBILIÁRIOS;4000,00
POLÍCIA CIVIL DO ESTADO DE MINAS GERAIS - PCMG;POLÍCIA CIVIL DO ESTADO DE MINAS GERAIS - PCMG;1321.00.0.0.00.000;4;;JUROS E CORREÇÕES MONETÁRIAS;4000,00
POLÍCIA CIVIL DO ESTADO DE MINAS GERAIS - PCMG;POLÍCIA CIVIL DO ESTADO DE MINAS GERAIS - PCMG;1321.01.0.0.00.000;5;;REMUNERAÇÃO DE DEPÓSITOS BANCÁRIOS;4000,00
POLÍCIA CIVIL DO ESTADO DE MINAS GERAIS - PCMG;POLÍCIA CIVIL DO ESTADO DE MINAS GERAIS - PCMG;1321.01.0.1.00.000;7;;REMUNERAÇÃO DEPÓSITOS BANCÁRIOS - PRINCIPAL;4000,00
POLÍCIA CIVIL DO ESTADO DE MINAS GERAIS - PCMG;POLÍCIA CIVIL DO ESTADO DE MINAS GERAIS - PCMG;1321.01.0.1.01.000;8;1;REMUNERAÇÃO DEPÓSITOS BANCÁRIOS - PRINC.;1000,00
POLÍCIA CIVIL DO ESTADO DE MINAS GERAIS - PCMG;POLÍCIA CIVIL DO ESTADO DE MINAS GERAIS - PCMG;1321.01.0.1.01.000;8;2;REMUNERAÇÃO DEPÓSITOS BANCÁRIOS - PRINC.;1000,00
POLÍCIA CIVIL DO ESTADO DE MINAS GERAIS - PCMG;POLÍCIA CIVIL DO ESTADO DE MINAS GERAIS - PCMG;1321.01.0.1.01.000;8;24;REMUNERAÇÃO DEPÓSITOS BANCÁRIOS - PRINC.;1000,00
POLÍCIA CIVIL DO ESTADO DE MINAS GERAIS - PCMG;POLÍCIA CIVIL DO ESTADO DE MINAS GERAIS - PCMG;1321.01.0.1.01.000;8;70;REMUNERAÇÃO DEPÓSITOS BANCÁRIOS - PRINC.;1000,00
POLÍCIA CIVIL DO ESTADO DE MINAS GERAIS - PCMG;POLÍCIA CIVIL DO ESTADO DE MINAS GERAIS - PCMG;1900.00.0.0.00.000;2;;OUTRAS RECEITAS CORRENTES;4000,00
POLÍCIA CIVIL DO ESTADO DE MINAS GERAIS - PCMG;POLÍCIA CIVIL DO ESTADO DE MINAS GERAIS - PCMG;1920.00.0.0.00.000;3;;INDENIZAÇÕES, RESTITUIÇÕES E RESSARCIMENTOS;4000,00
POLÍCIA CIVIL DO ESTADO DE MINAS GERAIS - PCMG;POLÍCIA CIVIL DO ESTADO DE MINAS GERAIS - PCMG;1922.00.0.0.00.000;4;;RESTITUIÇÕES;4000,00
POLÍCIA CIVIL DO ESTADO DE MINAS GERAIS - PCMG;POLÍCIA CIVIL DO ESTADO DE MINAS GERAIS - PCMG;1922.99.0.0.00.000;5;;OUTRAS RESTITUIÇÕES;4000,00
POLÍCIA CIVIL DO ESTADO DE MINAS GERAIS - PCMG;POLÍCIA CIVIL DO ESTADO DE MINAS GERAIS - PCMG;1922.99.0.1.00.000;7;;OUTRAS RESTITUIÇÕES - PRINCIPAL;4000,00
POLÍCIA CIVIL DO ESTADO DE MINAS GERAIS - PCMG;POLÍCIA CIVIL DO ESTADO DE MINAS GERAIS - PCMG;1922.99.0.1.99.000;8;1;OUTRAS RESTITUIÇÕES - PRINC. - DEMAIS;1000,00
POLÍCIA CIVIL DO ESTADO DE MINAS GERAIS - PCMG;POLÍCIA CIVIL DO ESTADO DE MINAS GERAIS - PCMG;1922.99.0.1.99.000;8;2;OUTRAS RESTITUIÇÕES - PRINC. - DEMAIS;1000,00
POLÍCIA CIVIL DO ESTADO DE MINAS GERAIS - PCMG;POLÍCIA CIVIL DO ESTADO DE MINAS GERAIS - PCMG;1922.99.0.1.99.000;8;24;OUTRAS RESTITUIÇÕES - PRINC. - DEMAIS;1000,00
POLÍCIA CIVIL DO ESTADO DE MINAS GERAIS - PCMG;POLÍCIA CIVIL DO ESTADO DE MINAS GERAIS - PCMG;1922.99.0.1.99.000;8;70;OUTRAS RESTITUIÇÕES - PRINC. - DEMAIS;1000,00
POLÍCIA CIVIL DO ESTADO DE MINAS GERAIS - PCMG;POLÍCIA CIVIL DO ESTADO DE MINAS GERAIS - PCMG;2000.00.0.0.00.000;1;;RECEITAS DE CAPITAL;13316383,00
POLÍCIA CIVIL DO ESTADO DE MINAS GERAIS - PCMG;POLÍCIA CIVIL DO ESTADO DE MINAS GERAIS - PCMG;2400.00.0.0.00.000;2;;TRANSFERÊNCIAS DE CAPITAL;13316383,00
POLÍCIA CIVIL DO ESTADO DE MINAS GERAIS - PCMG;POLÍCIA CIVIL DO ESTADO DE MINAS GERAIS - PCMG;2410.00.0.0.00.000;3;;TRANSFERÊNCIAS DA UNIÃO E DE SUAS ENTIDADES;11951383,00
POLÍCIA CIVIL DO ESTADO DE MINAS GERAIS - PCMG;POLÍCIA CIVIL DO ESTADO DE MINAS GERAIS - PCMG;2414.00.0.0.00.000;4;;TRANSFERÊNCIAS DE CONVÊNIOS DA UNIÃO E DE SUAS ENTIDADES;2536335,00
POLÍCIA CIVIL DO ESTADO DE MINAS GERAIS - PCMG;POLÍCIA CIVIL DO ESTADO DE MINAS GERAIS - PCMG;2414.99.0.0.00.000;5;;OUTRAS TRANSFERÊNCIAS DE CONVÊNIOS DA UNIÃO E DE SUAS ENTIDADES;2536335,00
POLÍCIA CIVIL DO ESTADO DE MINAS GERAIS - PCMG;POLÍCIA CIVIL DO ESTADO DE MINAS GERAIS - PCMG;2414.99.0.1.00.000;7;;OUTRAS TRANSF. CONVÊNIOS UNIÃO - PRINCIPAL;2536335,00
POLÍCIA CIVIL DO ESTADO DE MINAS GERAIS - PCMG;POLÍCIA CIVIL DO ESTADO DE MINAS GERAIS - PCMG;2414.99.0.1.20.000;8;;OUTRAS TRANSF. CONVÊNIOS UNIÃO - PRINC. - SEGURANÇA PÚBLICA;2536335,00
POLÍCIA CIVIL DO ESTADO DE MINAS GERAIS - PCMG;POLÍCIA CIVIL DO ESTADO DE MINAS GERAIS - PCMG;2414.99.0.1.20.004;9;1;SEGURANÇA PÚBLICA - MINISTÉRIO DA JUSTIÇA E SEGURANÇA PÚBLICA;885311,00
POLÍCIA CIVIL DO ESTADO DE MINAS GERAIS - PCMG;POLÍCIA CIVIL DO ESTADO DE MINAS GERAIS - PCMG;2414.99.0.1.20.004;9;2;SEGURANÇA PÚBLICA - MINISTÉRIO DA JUSTIÇA E SEGURANÇA PÚBLICA;1651024,00
POLÍCIA CIVIL DO ESTADO DE MINAS GERAIS - PCMG;POLÍCIA CIVIL DO ESTADO DE MINAS GERAIS - PCMG;2419.00.0.0.00.000;4;;OUTRAS TRANSFERÊNCIAS DE RECURSOS DA UNIÃO E DE SUAS ENTIDADES;9415048,00
POLÍCIA CIVIL DO ESTADO DE MINAS GERAIS - PCMG;POLÍCIA CIVIL DO ESTADO DE MINAS GERAIS - PCMG;2419.51.0.0.00.000;5;;TRANSFERÊNCIA ESPECIAL DA UNIÃO;9415048,00
POLÍCIA CIVIL DO ESTADO DE MINAS GERAIS - PCMG;POLÍCIA CIVIL DO ESTADO DE MINAS GERAIS - PCMG;2419.51.0.1.00.000;7;;TRANSF. ESPECIAL UNIÃO - PRINCIPAL;9415048,00
POLÍCIA CIVIL DO ESTADO DE MINAS GERAIS - PCMG;POLÍCIA CIVIL DO ESTADO DE MINAS GERAIS - PCMG;2419.51.0.1.01.000;8;98;TRANSF. ESPECIAL UNIÃO - PRINC. - EMENDAS PARLAMENTARES INDIVIDUAIS;9415048,00
POLÍCIA CIVIL DO ESTADO DE MINAS GERAIS - PCMG;POLÍCIA CIVIL DO ESTADO DE MINAS GERAIS - PCMG;2430.00.0.0.00.000;3;;TRANSFERÊNCIAS DOS MUNICÍPIOS E DE SUAS ENTIDADES;1365000,00
POLÍCIA CIVIL DO ESTADO DE MINAS GERAIS - PCMG;POLÍCIA CIVIL DO ESTADO DE MINAS GERAIS - PCMG;2432.00.0.0.00.000;4;;TRANSFERÊNCIAS DE CONVÊNIOS DOS MUNICÍPIOS E DE SUAS ENTIDADES;1365000,00
POLÍCIA CIVIL DO ESTADO DE MINAS GERAIS - PCMG;POLÍCIA CIVIL DO ESTADO DE MINAS GERAIS - PCMG;2432.99.0.0.00.000;5;;OUTRAS TRANSFERÊNCIAS DE CONVÊNIOS DOS MUNICÍPIOS E DE SUAS ENTIDADES;1365000,00
POLÍCIA CIVIL DO ESTADO DE MINAS GERAIS - PCMG;POLÍCIA CIVIL DO ESTADO DE MINAS GERAIS - PCMG;2432.99.0.1.00.000;7;;OUTRAS TRANSF. CONVÊNIOS MUNICÍPIOS ENTIDADES - PRINCIPAL;1365000,00
POLÍCIA CIVIL DO ESTADO DE MINAS GERAIS - PCMG;POLÍCIA CIVIL DO ESTADO DE MINAS GERAIS - PCMG;2432.99.0.1.22.000;8;;OUTRAS TRANSF. CONVÊNIOS MUNICÍPIOS ENTIDADES - PRINC. - SEGURANÇA PÚBLICA;1365000,00
POLÍCIA CIVIL DO ESTADO DE MINAS GERAIS - PCMG;POLÍCIA CIVIL DO ESTADO DE MINAS GERAIS - PCMG;2432.99.0.1.22.001;9;70;SEGURANÇA PÚBLICA - DIVERSOS MUNICÍPIOS;1365000,00
CONTROLADORIA-GERAL DO ESTADO - CGE;CONTROLADORIA-GERAL DO ESTADO - CGE;1000.00.0.0.00.000;1;;RECEITAS CORRENTES;135852,00
CONTROLADORIA-GERAL DO ESTADO - CGE;CONTROLADORIA-GERAL DO ESTADO - CGE;1300.00.0.0.00.000;2;;RECEITA PATRIMONIAL;95352,00
CONTROLADORIA-GERAL DO ESTADO - CGE;CONTROLADORIA-GERAL DO ESTADO - CGE;1320.00.0.0.00.000;3;;VALORES MOBILIÁRIOS;95352,00
CONTROLADORIA-GERAL DO ESTADO - CGE;CONTROLADORIA-GERAL DO ESTADO - CGE;1321.00.0.0.00.000;4;;JUROS E CORREÇÕES MONETÁRIAS;95352,00
CONTROLADORIA-GERAL DO ESTADO - CGE;CONTROLADORIA-GERAL DO ESTADO - CGE;1321.01.0.0.00.000;5;;REMUNERAÇÃO DE DEPÓSITOS BANCÁRIOS;95352,00
CONTROLADORIA-GERAL DO ESTADO - CGE;CONTROLADORIA-GERAL DO ESTADO - CGE;1321.01.0.1.00.000;7;;REMUNERAÇÃO DEPÓSITOS BANCÁRIOS - PRINCIPAL;95352,00
CONTROLADORIA-GERAL DO ESTADO - CGE;CONTROLADORIA-GERAL DO ESTADO - CGE;1321.01.0.1.01.000;8;9;REMUNERAÇÃO DEPÓSITOS BANCÁRIOS - PRINC.;95352,00
CONTROLADORIA-GERAL DO ESTADO - CGE;CONTROLADORIA-GERAL DO ESTADO - CGE;1900.00.0.0.00.000;2;;OUTRAS RECEITAS CORRENTES;40500,00
CONTROLADORIA-GERAL DO ESTADO - CGE;CONTROLADORIA-GERAL DO ESTADO - CGE;1920.00.0.0.00.000;3;;INDENIZAÇÕES, RESTITUIÇÕES E RESSARCIMENTOS;500,00
CONTROLADORIA-GERAL DO ESTADO - CGE;CONTROLADORIA-GERAL DO ESTADO - CGE;1922.00.0.0.00.000;4;;RESTITUIÇÕES;500,00
CONTROLADORIA-GERAL DO ESTADO - CGE;CONTROLADORIA-GERAL DO ESTADO - CGE;1922.99.0.0.00.000;5;;OUTRAS RESTITUIÇÕES;500,00
CONTROLADORIA-GERAL DO ESTADO - CGE;CONTROLADORIA-GERAL DO ESTADO - CGE;1922.99.0.1.00.000;7;;OUTRAS RESTITUIÇÕES - PRINCIPAL;500,00
CONTROLADORIA-GERAL DO ESTADO - CGE;CONTROLADORIA-GERAL DO ESTADO - CGE;1922.99.0.1.99.000;8;9;OUTRAS RESTITUIÇÕES - PRINC. - DEMAIS;500,00
CONTROLADORIA-GERAL DO ESTADO - CGE;CONTROLADORIA-GERAL DO ESTADO - CGE;1990.00.0.0.00.000;3;;DEMAIS RECEITAS CORRENTES;40000,00
CONTROLADORIA-GERAL DO ESTADO - CGE;CONTROLADORIA-GERAL DO ESTADO - CGE;1999.00.0.0.00.000;4;;OUTRAS RECEITAS CORRENTES;40000,00
CONTROLADORIA-GERAL DO ESTADO - CGE;CONTROLADORIA-GERAL DO ESTADO - CGE;1999.99.0.0.00.000;5;;OUTRAS RECEITAS;40000,00
CONTROLADORIA-GERAL DO ESTADO - CGE;CONTROLADORIA-GERAL DO ESTADO - CGE;1999.99.2.0.00.000;6;;OUTRAS RECEITAS NÃO ARRECADADAS E NÃO PROJETADAS PELA RFB - PRIMÁRIAS;40000,00
CONTROLADORIA-GERAL DO ESTADO - CGE;CONTROLADORIA-GERAL DO ESTADO - CGE;1999.99.2.1.00.000;7;;OUTRAS REC. - PRIMÁRIAS - PRINCIPAL;40000,00
CONTROLADORIA-GERAL DO ESTADO - CGE;CONTROLADORIA-GERAL DO ESTADO - CGE;1999.99.2.1.99.000;8;59;OUTRAS REC. - PRIMÁRIAS - PRINC. - DEMAIS;40000,00
ESCOLA DE SAÚDE PÚBLICA DO ESTADO DE MINAS GERAIS - ESP MG;ESCOLA DE SAÚDE PÚBLICA DO ESTADO DE MINAS GERAIS - ESP MG;7000.00.0.0.00.000;1;;RECEITA INTRAORÇAMENTÁRIA;31538282,00
ESCOLA DE SAÚDE PÚBLICA DO ESTADO DE MINAS GERAIS - ESP MG;ESCOLA DE SAÚDE PÚBLICA DO ESTADO DE MINAS GERAIS - ESP MG;7700.00.0.0.00.000;2;;REC. INTRA. - TRANSFERÊNCIAS CORRENTES;31538282,00
ESCOLA DE SAÚDE PÚBLICA DO ESTADO DE MINAS GERAIS - ESP MG;ESCOLA DE SAÚDE PÚBLICA DO ESTADO DE MINAS GERAIS - ESP MG;7720.00.0.0.00.000;3;;REC. INTRA. - TRANSFERÊNCIAS DOS ESTADOS E DO DISTRITO FEDERAL E DE SUAS ENTIDADES;31538282,00
ESCOLA DE SAÚDE PÚBLICA DO ESTADO DE MINAS GERAIS - ESP MG;ESCOLA DE SAÚDE PÚBLICA DO ESTADO DE MINAS GERAIS - ESP MG;7729.00.0.0.00.000;4;;REC. INTRA. - OUTRAS TRANSFERÊNCIAS DOS ESTADOS E DISTRITO FEDERAL;31538282,00
ESCOLA DE SAÚDE PÚBLICA DO ESTADO DE MINAS GERAIS - ESP MG;ESCOLA DE SAÚDE PÚBLICA DO ESTADO DE MINAS GERAIS - ESP MG;7729.99.0.0.00.000;5;;REC. INTRA. - OUTRAS TRANSFERÊNCIAS DOS ESTADOS E DF;31538282,00
ESCOLA DE SAÚDE PÚBLICA DO ESTADO DE MINAS GERAIS - ESP MG;ESCOLA DE SAÚDE PÚBLICA DO ESTADO DE MINAS GERAIS - ESP MG;7729.99.0.1.00.000;7;;REC. INTRA. - OUTRAS TRANSF. ESTADOS DF - PRINCIPAL;31538282,00
ESCOLA DE SAÚDE PÚBLICA DO ESTADO DE MINAS GERAIS - ESP MG;ESCOLA DE SAÚDE PÚBLICA DO ESTADO DE MINAS GERAIS - ESP MG;7729.99.0.1.25.000;8;10;REC. INTRA. - OUTRAS TRANSF. ESTADOS DF - PRINC. - REPASSE DO FUNDO ESTADUAL DE SAÚDE - FES - LC FEDERAL N\degree 141/12;31538282,00
SECRETARIA DE ESTADO DE PLANEJAMENTO E GESTÃO - SEPLAG;INSTITUTO DE PREVIDÊNCIA DOS SERVIDORES DO ESTADO DE MINAS GERAIS - IPSEMG;1000.00.0.0.00.000;1;;RECEITAS CORRENTES;1653270329,00
SECRETARIA DE ESTADO DE PLANEJAMENTO E GESTÃO - SEPLAG;INSTITUTO DE PREVIDÊNCIA DOS SERVIDORES DO ESTADO DE MINAS GERAIS - IPSEMG;1200.00.0.0.00.000;2;;CONTRIBUIÇÕES;1532920382,00
SECRETARIA DE ESTADO DE PLANEJAMENTO E GESTÃO - SEPLAG;INSTITUTO DE PREVIDÊNCIA DOS SERVIDORES DO ESTADO DE MINAS GERAIS - IPSEMG;1210.00.0.0.00.000;3;;CONTRIBUIÇÕES SOCIAIS;1532920382,00
SECRETARIA DE ESTADO DE PLANEJAMENTO E GESTÃO - SEPLAG;INSTITUTO DE PREVIDÊNCIA DOS SERVIDORES DO ESTADO DE MINAS GERAIS - IPSEMG;1219.00.0.0.00.000;4;;OUTRAS CONTRIBUIÇÕES SOCIAIS;1532920382,00
SECRETARIA DE ESTADO DE PLANEJAMENTO E GESTÃO - SEPLAG;INSTITUTO DE PREVIDÊNCIA DOS SERVIDORES DO ESTADO DE MINAS GERAIS - IPSEMG;1219.99.0.0.00.000;5;;DEMAIS CONTRIBUIÇÕES SOCIAIS;1532920382,00
SECRETARIA DE ESTADO DE PLANEJAMENTO E GESTÃO - SEPLAG;INSTITUTO DE PREVIDÊNCIA DOS SERVIDORES DO ESTADO DE MINAS GERAIS - IPSEMG;1219.99.1.0.00.000;6;;DEMAIS CONTRIBUIÇÕES SOCIAIS NÃO ARRECADADAS E NÃO PROJETADAS PELA RFB;1532920382,00
SECRETARIA DE ESTADO DE PLANEJAMENTO E GESTÃO - SEPLAG;INSTITUTO DE PREVIDÊNCIA DOS SERVIDORES DO ESTADO DE MINAS GERAIS - IPSEMG;1219.99.1.1.00.000;7;;DEMAIS CONTRIB. SOC. - PRINCIPAL;1526756412,00
SECRETARIA DE ESTADO DE PLANEJAMENTO E GESTÃO - SEPLAG;INSTITUTO DE PREVIDÊNCIA DOS SERVIDORES DO ESTADO DE MINAS GERAIS - IPSEMG;1219.99.1.1.01.000;8;;DEMAIS CONTRIB. SOC. - PRINC. - CONTRIB. PATRONAL DO CIVIL PARA A SAÚDE;155316,00
SECRETARIA DE ESTADO DE PLANEJAMENTO E GESTÃO - SEPLAG;INSTITUTO DE PREVIDÊNCIA DOS SERVIDORES DO ESTADO DE MINAS GERAIS - IPSEMG;1219.99.1.1.01.008;9;49;DEMAIS CONTRIB. SOC. - PRINC. - CONTRIB. PATRON. CIVIL SAÚDE - MUNICÍPIOS;155316,00
SECRETARIA DE ESTADO DE PLANEJAMENTO E GESTÃO - SEPLAG;INSTITUTO DE PREVIDÊNCIA DOS SERVIDORES DO ESTADO DE MINAS GERAIS - IPSEMG;1219.99.1.1.02.000;8;;DEMAIS CONTRIB. SOC. - PRINC. - CONTRIB. DO CIVIL PARA A SAÚDE;1526601096,00
SECRETARIA DE ESTADO DE PLANEJAMENTO E GESTÃO - SEPLAG;INSTITUTO DE PREVIDÊNCIA DOS SERVIDORES DO ESTADO DE MINAS GERAIS - IPSEMG;1219.99.1.1.02.001;9;50;DEMAIS CONTRIB. SOC. - PRINC. - CONTRIB. CIVIL SAÚDE - ATIVO;399289053,00
SECRETARIA DE ESTADO DE PLANEJAMENTO E GESTÃO - SEPLAG;INSTITUTO DE PREVIDÊNCIA DOS SERVIDORES DO ESTADO DE MINAS GERAIS - IPSEMG;1219.99.1.1.02.002;9;50;DEMAIS CONTRIB. SOC. - PRINC. - CONTRIB. CIVIL SAÚDE - INATIVO;460563095,00
SECRETARIA DE ESTADO DE PLANEJAMENTO E GESTÃO - SEPLAG;INSTITUTO DE PREVIDÊNCIA DOS SERVIDORES DO ESTADO DE MINAS GERAIS - IPSEMG;1219.99.1.1.02.003;9;50;DEMAIS CONTRIB. SOC. - PRINC. - CONTRIB. CIVIL SAÚDE - PENSIONISTA;69910242,00
SECRETARIA DE ESTADO DE PLANEJAMENTO E GESTÃO - SEPLAG;INSTITUTO DE PREVIDÊNCIA DOS SERVIDORES DO ESTADO DE MINAS GERAIS - IPSEMG;1219.99.1.1.02.004;9;50;DEMAIS CONTRIB. SOC. - PRINC. - CONTRIB. CIVIL SAÚDE - CONTRATO ADMINISTRATIVO;39430882,00
SECRETARIA DE ESTADO DE PLANEJAMENTO E GESTÃO - SEPLAG;INSTITUTO DE PREVIDÊNCIA DOS SERVIDORES DO ESTADO DE MINAS GERAIS - IPSEMG;1219.99.1.1.02.005;9;50;DEMAIS CONTRIB. SOC. - PRINC. - CONTRIB. CIVIL SAÚDE - ESTADO - DEPENDENTES;367494841,00
SECRETARIA DE ESTADO DE PLANEJAMENTO E GESTÃO - SEPLAG;INSTITUTO DE PREVIDÊNCIA DOS SERVIDORES DO ESTADO DE MINAS GERAIS - IPSEMG;1219.99.1.1.02.006;9;50;DEMAIS CONTRIB. SOC. - PRINC. - CONTRIB. CIVIL SAÚDE - ESTADO - DEPENDENTES - FILHOS;188464823,00
SECRETARIA DE ESTADO DE PLANEJAMENTO E GESTÃO - SEPLAG;INSTITUTO DE PREVIDÊNCIA DOS SERVIDORES DO ESTADO DE MINAS GERAIS - IPSEMG;1219.99.1.1.02.007;9;50;DEMAIS CONTRIB. SOC. - PRINC. - CONTRIB. CIVIL SAÚDE - USUÁRIO FACULTATIVO;161616,00
SECRETARIA DE ESTADO DE PLANEJAMENTO E GESTÃO - SEPLAG;INSTITUTO DE PREVIDÊNCIA DOS SERVIDORES DO ESTADO DE MINAS GERAIS - IPSEMG;1219.99.1.1.02.008;9;50;DEMAIS CONTRIB. SOC. - PRINC. - CONTRIB. CIVIL SAÚDE - MUNICÍPIOS;350268,00
SECRETARIA DE ESTADO DE PLANEJAMENTO E GESTÃO - SEPLAG;INSTITUTO DE PREVIDÊNCIA DOS SERVIDORES DO ESTADO DE MINAS GERAIS - IPSEMG;1219.99.1.1.02.009;9;50;DEMAIS CONTRIB. SOC. - PRINC. - CONTRIB. CIVIL SAÚDE - DEMAIS - SERVIDOR;602724,00
SECRETARIA DE ESTADO DE PLANEJAMENTO E GESTÃO - SEPLAG;INSTITUTO DE PREVIDÊNCIA DOS SERVIDORES DO ESTADO DE MINAS GERAIS - IPSEMG;1219.99.1.1.02.010;9;50;DEMAIS CONTRIB. SOC. - PRINC. - CONTRIB. CIVIL SAÚDE - DEMAIS - DEPENDENTES;206712,00
SECRETARIA DE ESTADO DE PLANEJAMENTO E GESTÃO - SEPLAG;INSTITUTO DE PREVIDÊNCIA DOS SERVIDORES DO ESTADO DE MINAS GERAIS - IPSEMG;1219.99.1.1.02.011;9;50;DEMAIS CONTRIB. SOC. - PRINC. - CONTRIB. CIVIL SAÚDE - DEMAIS - DEPENDENTES - FILHOS;126840,00
SECRETARIA DE ESTADO DE PLANEJAMENTO E GESTÃO - SEPLAG;INSTITUTO DE PREVIDÊNCIA DOS SERVIDORES DO ESTADO DE MINAS GERAIS - IPSEMG;1219.99.1.3.00.000;7;;DEMAIS CONTRIB. SOC. - DÍVIDA ATIVA;2623965,00
SECRETARIA DE ESTADO DE PLANEJAMENTO E GESTÃO - SEPLAG;INSTITUTO DE PREVIDÊNCIA DOS SERVIDORES DO ESTADO DE MINAS GERAIS - IPSEMG;1219.99.1.3.99.000;8;60;DEMAIS CONTRIB. SOC. - DA - DEMAIS;2623965,00
SECRETARIA DE ESTADO DE PLANEJAMENTO E GESTÃO - SEPLAG;INSTITUTO DE PREVIDÊNCIA DOS SERVIDORES DO ESTADO DE MINAS GERAIS - IPSEMG;1219.99.1.4.00.000;7;;DEMAIS CONTRIB. SOC. - DÍVIDA ATIVA - MULTAS E JUROS DE MORA;3540005,00
SECRETARIA DE ESTADO DE PLANEJAMENTO E GESTÃO - SEPLAG;INSTITUTO DE PREVIDÊNCIA DOS SERVIDORES DO ESTADO DE MINAS GERAIS - IPSEMG;1219.99.1.4.99.000;8;60;DEMAIS CONTRIB. SOC. - DA-MJM - DEMAIS;3540005,00
SECRETARIA DE ESTADO DE PLANEJAMENTO E GESTÃO - SEPLAG;INSTITUTO DE PREVIDÊNCIA DOS SERVIDORES DO ESTADO DE MINAS GERAIS - IPSEMG;1300.00.0.0.00.000;2;;RECEITA PATRIMONIAL;32560332,00
SECRETARIA DE ESTADO DE PLANEJAMENTO E GESTÃO - SEPLAG;INSTITUTO DE PREVIDÊNCIA DOS SERVIDORES DO ESTADO DE MINAS GERAIS - IPSEMG;1310.00.0.0.00.000;3;;EXPLORAÇÃO DO PATRIMÔNIO IMOBILIÁRIO DO ESTADO;1364052,00
SECRETARIA DE ESTADO DE PLANEJAMENTO E GESTÃO - SEPLAG;INSTITUTO DE PREVIDÊNCIA DOS SERVIDORES DO ESTADO DE MINAS GERAIS - IPSEMG;1311.00.0.0.00.000;4;;EXPLORAÇÃO DO PATRIMÔNIO IMOBILIÁRIO DO ESTADO;1364052,00
SECRETARIA DE ESTADO DE PLANEJAMENTO E GESTÃO - SEPLAG;INSTITUTO DE PREVIDÊNCIA DOS SERVIDORES DO ESTADO DE MINAS GERAIS - IPSEMG;1311.02.0.0.00.000;5;;CONCESSÃO, PERMISSÃO, AUTORIZAÇÃO OU CESSÃO DO DIREITO DE USO DE BENS IMÓVEIS PÚBLICOS;1364052,00
SECRETARIA DE ESTADO DE PLANEJAMENTO E GESTÃO - SEPLAG;INSTITUTO DE PREVIDÊNCIA DOS SERVIDORES DO ESTADO DE MINAS GERAIS - IPSEMG;1311.02.0.1.00.000;7;;CONC. PERM. AUTOR. CESSÃO DIR. USO BENS IMÓV. PÚB. - PRINCIPAL;1364052,00
SECRETARIA DE ESTADO DE PLANEJAMENTO E GESTÃO - SEPLAG;INSTITUTO DE PREVIDÊNCIA DOS SERVIDORES DO ESTADO DE MINAS GERAIS - IPSEMG;1311.02.0.1.99.000;8;60;CONC. PERM. AUTOR. CESSÃO DIR. USO BENS IMÓV. PÚB. - PRINC. - DEMAIS;1364052,00
SECRETARIA DE ESTADO DE PLANEJAMENTO E GESTÃO - SEPLAG;INSTITUTO DE PREVIDÊNCIA DOS SERVIDORES DO ESTADO DE MINAS GERAIS - IPSEMG;1320.00.0.0.00.000;3;;VALORES MOBILIÁRIOS;31196280,00
SECRETARIA DE ESTADO DE PLANEJAMENTO E GESTÃO - SEPLAG;INSTITUTO DE PREVIDÊNCIA DOS SERVIDORES DO ESTADO DE MINAS GERAIS - IPSEMG;1321.00.0.0.00.000;4;;JUROS E CORREÇÕES MONETÁRIAS;31180464,00
SECRETARIA DE ESTADO DE PLANEJAMENTO E GESTÃO - SEPLAG;INSTITUTO DE PREVIDÊNCIA DOS SERVIDORES DO ESTADO DE MINAS GERAIS - IPSEMG;1321.01.0.0.00.000;5;;REMUNERAÇÃO DE DEPÓSITOS BANCÁRIOS;31177548,00
SECRETARIA DE ESTADO DE PLANEJAMENTO E GESTÃO - SEPLAG;INSTITUTO DE PREVIDÊNCIA DOS SERVIDORES DO ESTADO DE MINAS GERAIS - IPSEMG;1321.01.0.1.00.000;7;;REMUNERAÇÃO DEPÓSITOS BANCÁRIOS - PRINCIPAL;31177548,00
SECRETARIA DE ESTADO DE PLANEJAMENTO E GESTÃO - SEPLAG;INSTITUTO DE PREVIDÊNCIA DOS SERVIDORES DO ESTADO DE MINAS GERAIS - IPSEMG;1321.01.0.1.01.000;8;60;REMUNERAÇÃO DEPÓSITOS BANCÁRIOS - PRINC.;31177548,00
SECRETARIA DE ESTADO DE PLANEJAMENTO E GESTÃO - SEPLAG;INSTITUTO DE PREVIDÊNCIA DOS SERVIDORES DO ESTADO DE MINAS GERAIS - IPSEMG;1321.06.0.0.00.000;5;;JUROS SOBRE O CAPITAL PRÓPRIO;2916,00
SECRETARIA DE ESTADO DE PLANEJAMENTO E GESTÃO - SEPLAG;INSTITUTO DE PREVIDÊNCIA DOS SERVIDORES DO ESTADO DE MINAS GERAIS - IPSEMG;1321.06.0.1.00.000;7;;JUROS CAPITAL PRÓPRIO - PRINCIPAL;2916,00
SECRETARIA DE ESTADO DE PLANEJAMENTO E GESTÃO - SEPLAG;INSTITUTO DE PREVIDÊNCIA DOS SERVIDORES DO ESTADO DE MINAS GERAIS - IPSEMG;1321.06.0.1.02.000;8;60;JUROS CAPITAL PRÓPRIO - PRINC. - EMPRESAS NÃO ESTATAIS;2916,00
SECRETARIA DE ESTADO DE PLANEJAMENTO E GESTÃO - SEPLAG;INSTITUTO DE PREVIDÊNCIA DOS SERVIDORES DO ESTADO DE MINAS GERAIS - IPSEMG;1322.00.0.0.00.000;4;;DIVIDENDOS;15816,00
SECRETARIA DE ESTADO DE PLANEJAMENTO E GESTÃO - SEPLAG;INSTITUTO DE PREVIDÊNCIA DOS SERVIDORES DO ESTADO DE MINAS GERAIS - IPSEMG;1322.01.0.0.00.000;5;;DIVIDENDOS;15816,00
SECRETARIA DE ESTADO DE PLANEJAMENTO E GESTÃO - SEPLAG;INSTITUTO DE PREVIDÊNCIA DOS SERVIDORES DO ESTADO DE MINAS GERAIS - IPSEMG;1322.01.0.1.00.000;7;;DIVIDENDOS - PRINCIPAL;15816,00
SECRETARIA DE ESTADO DE PLANEJAMENTO E GESTÃO - SEPLAG;INSTITUTO DE PREVIDÊNCIA DOS SERVIDORES DO ESTADO DE MINAS GERAIS - IPSEMG;1322.01.0.1.02.000;8;60;DIVIDENDOS - PRINC. - EMPRESAS NÃO ESTATAIS;15816,00
SECRETARIA DE ESTADO DE PLANEJAMENTO E GESTÃO - SEPLAG;INSTITUTO DE PREVIDÊNCIA DOS SERVIDORES DO ESTADO DE MINAS GERAIS - IPSEMG;1600.00.0.0.00.000;2;;RECEITA DE SERVIÇOS;83207619,00
SECRETARIA DE ESTADO DE PLANEJAMENTO E GESTÃO - SEPLAG;INSTITUTO DE PREVIDÊNCIA DOS SERVIDORES DO ESTADO DE MINAS GERAIS - IPSEMG;1610.00.0.0.00.000;3;;SERVIÇOS ADMINISTRATIVOS E COMERCIAIS GERAIS;2029032,00
SECRETARIA DE ESTADO DE PLANEJAMENTO E GESTÃO - SEPLAG;INSTITUTO DE PREVIDÊNCIA DOS SERVIDORES DO ESTADO DE MINAS GERAIS - IPSEMG;1611.00.0.0.00.000;4;;SERVIÇOS ADMINISTRATIVOS E COMERCIAIS GERAIS;2029032,00
SECRETARIA DE ESTADO DE PLANEJAMENTO E GESTÃO - SEPLAG;INSTITUTO DE PREVIDÊNCIA DOS SERVIDORES DO ESTADO DE MINAS GERAIS - IPSEMG;1611.01.0.0.00.000;5;;SERVIÇOS ADMINISTRATIVOS E COMERCIAIS GERAIS;1375704,00
SECRETARIA DE ESTADO DE PLANEJAMENTO E GESTÃO - SEPLAG;INSTITUTO DE PREVIDÊNCIA DOS SERVIDORES DO ESTADO DE MINAS GERAIS - IPSEMG;1611.01.0.1.00.000;7;;SERVIÇOS ADM. COMERC. GER. - PRINCIPAL;1375704,00
SECRETARIA DE ESTADO DE PLANEJAMENTO E GESTÃO - SEPLAG;INSTITUTO DE PREVIDÊNCIA DOS SERVIDORES DO ESTADO DE MINAS GERAIS - IPSEMG;1611.01.0.1.20.000;8;60;SERVIÇOS ADM. COMERC. GER. - PRINC. - ADMINISTRAÇÃO DE FUNDO DE PECÚLIO;1374936,00
SECRETARIA DE ESTADO DE PLANEJAMENTO E GESTÃO - SEPLAG;INSTITUTO DE PREVIDÊNCIA DOS SERVIDORES DO ESTADO DE MINAS GERAIS - IPSEMG;1611.01.0.1.99.000;8;;SERVIÇOS ADM. COMERC. GER. - PRINC. - DEMAIS;768,00
SECRETARIA DE ESTADO DE PLANEJAMENTO E GESTÃO - SEPLAG;INSTITUTO DE PREVIDÊNCIA DOS SERVIDORES DO ESTADO DE MINAS GERAIS - IPSEMG;1611.01.0.1.99.001;9;60;SERVIÇOS ADM. COMERC. GER. - PRINC. - DEMAIS - SERVIÇOS ADMINISTRATIVOS;768,00
SECRETARIA DE ESTADO DE PLANEJAMENTO E GESTÃO - SEPLAG;INSTITUTO DE PREVIDÊNCIA DOS SERVIDORES DO ESTADO DE MINAS GERAIS - IPSEMG;1611.02.0.0.00.000;5;;INSCRIÇÃO EM CONCURSOS E PROCESSOS SELETIVOS;653328,00
SECRETARIA DE ESTADO DE PLANEJAMENTO E GESTÃO - SEPLAG;INSTITUTO DE PREVIDÊNCIA DOS SERVIDORES DO ESTADO DE MINAS GERAIS - IPSEMG;1611.02.0.1.00.000;7;;INSCRIÇÃO CONCURSOS PROCESSOS SELETIVOS - PRINCIPAL;653328,00
SECRETARIA DE ESTADO DE PLANEJAMENTO E GESTÃO - SEPLAG;INSTITUTO DE PREVIDÊNCIA DOS SERVIDORES DO ESTADO DE MINAS GERAIS - IPSEMG;1611.02.0.1.01.000;8;60;INSCRIÇÃO CONCURSOS PROCESSOS SELETIVOS - PRINC.;653328,00
SECRETARIA DE ESTADO DE PLANEJAMENTO E GESTÃO - SEPLAG;INSTITUTO DE PREVIDÊNCIA DOS SERVIDORES DO ESTADO DE MINAS GERAIS - IPSEMG;1630.00.0.0.00.000;3;;SERVIÇOS E ATIVIDADES REFERENTES À SAÚDE;81178587,00
SECRETARIA DE ESTADO DE PLANEJAMENTO E GESTÃO - SEPLAG;INSTITUTO DE PREVIDÊNCIA DOS SERVIDORES DO ESTADO DE MINAS GERAIS - IPSEMG;1631.00.0.0.00.000;4;;SERVIÇOS DE ATENDIMENTO À SAÚDE;81178587,00
SECRETARIA DE ESTADO DE PLANEJAMENTO E GESTÃO - SEPLAG;INSTITUTO DE PREVIDÊNCIA DOS SERVIDORES DO ESTADO DE MINAS GERAIS - IPSEMG;1631.99.0.0.00.000;5;;OUTROS SERVIÇOS DE ATENDIMENTO À SAÚDE;81178587,00
SECRETARIA DE ESTADO DE PLANEJAMENTO E GESTÃO - SEPLAG;INSTITUTO DE PREVIDÊNCIA DOS SERVIDORES DO ESTADO DE MINAS GERAIS - IPSEMG;1631.99.0.1.00.000;7;;OUTROS SERV. ATEND. SAÚDE - PRINCIPAL;81178587,00
SECRETARIA DE ESTADO DE PLANEJAMENTO E GESTÃO - SEPLAG;INSTITUTO DE PREVIDÊNCIA DOS SERVIDORES DO ESTADO DE MINAS GERAIS - IPSEMG;1631.99.0.1.05.000;8;;OUTROS SERV. ATEND. SAÚDE - PRINC. - COPARTICIPAÇÃO DOS SEGURADOS;81178587,00
SECRETARIA DE ESTADO DE PLANEJAMENTO E GESTÃO - SEPLAG;INSTITUTO DE PREVIDÊNCIA DOS SERVIDORES DO ESTADO DE MINAS GERAIS - IPSEMG;1631.99.0.1.05.001;9;61;OUTROS SERV. ATEND. SAÚDE - PRINC. - COPARTICIP. SEGURADOS - SERVIÇOS HOSPITALARES;75515186,00
SECRETARIA DE ESTADO DE PLANEJAMENTO E GESTÃO - SEPLAG;INSTITUTO DE PREVIDÊNCIA DOS SERVIDORES DO ESTADO DE MINAS GERAIS - IPSEMG;1631.99.0.1.05.002;9;61;OUTROS SERV. ATEND. SAÚDE - PRINC. - COPARTICIP. SEGURADOS - SERVIÇOS ODONTOLÓGICOS;5663401,00
SECRETARIA DE ESTADO DE PLANEJAMENTO E GESTÃO - SEPLAG;INSTITUTO DE PREVIDÊNCIA DOS SERVIDORES DO ESTADO DE MINAS GERAIS - IPSEMG;1900.00.0.0.00.000;2;;OUTRAS RECEITAS CORRENTES;4581996,00
SECRETARIA DE ESTADO DE PLANEJAMENTO E GESTÃO - SEPLAG;INSTITUTO DE PREVIDÊNCIA DOS SERVIDORES DO ESTADO DE MINAS GERAIS - IPSEMG;1910.00.0.0.00.000;3;;MULTAS ADMINISTRATIVAS, CONTRATUAIS E JUDICIAIS;296148,00
SECRETARIA DE ESTADO DE PLANEJAMENTO E GESTÃO - SEPLAG;INSTITUTO DE PREVIDÊNCIA DOS SERVIDORES DO ESTADO DE MINAS GERAIS - IPSEMG;1911.00.0.0.00.000;4;;MULTAS ADMINISTRATIVAS, CONTRATUAIS E JUDICIAIS;296148,00
SECRETARIA DE ESTADO DE PLANEJAMENTO E GESTÃO - SEPLAG;INSTITUTO DE PREVIDÊNCIA DOS SERVIDORES DO ESTADO DE MINAS GERAIS - IPSEMG;1911.09.0.0.00.000;5;;MULTAS E JUROS PREVISTOS EM CONTRATOS;296148,00
SECRETARIA DE ESTADO DE PLANEJAMENTO E GESTÃO - SEPLAG;INSTITUTO DE PREVIDÊNCIA DOS SERVIDORES DO ESTADO DE MINAS GERAIS - IPSEMG;1911.09.0.1.00.000;7;;MULTAS JUROS PREVISTOS CONTRATOS - PRINCIPAL;296148,00
SECRETARIA DE ESTADO DE PLANEJAMENTO E GESTÃO - SEPLAG;INSTITUTO DE PREVIDÊNCIA DOS SERVIDORES DO ESTADO DE MINAS GERAIS - IPSEMG;1911.09.0.1.99.000;8;60;MULTAS JUROS PREVISTOS CONTRATOS - PRINC. - DEMAIS;296148,00
SECRETARIA DE ESTADO DE PLANEJAMENTO E GESTÃO - SEPLAG;INSTITUTO DE PREVIDÊNCIA DOS SERVIDORES DO ESTADO DE MINAS GERAIS - IPSEMG;1920.00.0.0.00.000;3;;INDENIZAÇÕES, RESTITUIÇÕES E RESSARCIMENTOS;762168,00
SECRETARIA DE ESTADO DE PLANEJAMENTO E GESTÃO - SEPLAG;INSTITUTO DE PREVIDÊNCIA DOS SERVIDORES DO ESTADO DE MINAS GERAIS - IPSEMG;1922.00.0.0.00.000;4;;RESTITUIÇÕES;762168,00
SECRETARIA DE ESTADO DE PLANEJAMENTO E GESTÃO - SEPLAG;INSTITUTO DE PREVIDÊNCIA DOS SERVIDORES DO ESTADO DE MINAS GERAIS - IPSEMG;1922.06.0.0.00.000;5;;RESTITUIÇÃO DE DESPESAS DE EXERCÍCIOS ANTERIORES;187512,00
SECRETARIA DE ESTADO DE PLANEJAMENTO E GESTÃO - SEPLAG;INSTITUTO DE PREVIDÊNCIA DOS SERVIDORES DO ESTADO DE MINAS GERAIS - IPSEMG;1922.06.3.0.00.000;6;;RESTITUIÇÃO DE DESPESAS PRIMÁRIAS DE EXERCÍCIOS ANTERIORES;187512,00
SECRETARIA DE ESTADO DE PLANEJAMENTO E GESTÃO - SEPLAG;INSTITUTO DE PREVIDÊNCIA DOS SERVIDORES DO ESTADO DE MINAS GERAIS - IPSEMG;1922.06.3.1.00.000;7;;RESTITUIÇÃO DESPESAS PRIMÁRIAS EXERCÍCIOS ANTERIORES - PRINCIPAL;187512,00
SECRETARIA DE ESTADO DE PLANEJAMENTO E GESTÃO - SEPLAG;INSTITUTO DE PREVIDÊNCIA DOS SERVIDORES DO ESTADO DE MINAS GERAIS - IPSEMG;1922.06.3.1.99.000;8;60;RESTITUIÇÃO DESPESAS PRIMÁRIAS EXERCÍCIOS ANTERIORES - PRINC. - DEMAIS;187512,00
SECRETARIA DE ESTADO DE PLANEJAMENTO E GESTÃO - SEPLAG;INSTITUTO DE PREVIDÊNCIA DOS SERVIDORES DO ESTADO DE MINAS GERAIS - IPSEMG;1922.52.0.0.00.000;5;;RESTITUIÇÃO DE REMUNERAÇÃO DE FOLHA DE PAGAMENTO - PESSOAL ATIVO;30000,00
SECRETARIA DE ESTADO DE PLANEJAMENTO E GESTÃO - SEPLAG;INSTITUTO DE PREVIDÊNCIA DOS SERVIDORES DO ESTADO DE MINAS GERAIS - IPSEMG;1922.52.0.1.00.000;7;;RESTITUIÇÃO REMUNERAÇÃO FOLHA PAGAMENTO - PESSOAL ATIVO - PRINCIPAL;30000,00
SECRETARIA DE ESTADO DE PLANEJAMENTO E GESTÃO - SEPLAG;INSTITUTO DE PREVIDÊNCIA DOS SERVIDORES DO ESTADO DE MINAS GERAIS - IPSEMG;1922.52.0.1.01.000;8;49;RESTITUIÇÃO REMUNERAÇÃO FOLHA PAGAMENTO - PESSOAL ATIVO - PRINC.;30000,00
SECRETARIA DE ESTADO DE PLANEJAMENTO E GESTÃO - SEPLAG;INSTITUTO DE PREVIDÊNCIA DOS SERVIDORES DO ESTADO DE MINAS GERAIS - IPSEMG;1922.99.0.0.00.000;5;;OUTRAS RESTITUIÇÕES;544656,00
SECRETARIA DE ESTADO DE PLANEJAMENTO E GESTÃO - SEPLAG;INSTITUTO DE PREVIDÊNCIA DOS SERVIDORES DO ESTADO DE MINAS GERAIS - IPSEMG;1922.99.0.1.00.000;7;;OUTRAS RESTITUIÇÕES - PRINCIPAL;544656,00
SECRETARIA DE ESTADO DE PLANEJAMENTO E GESTÃO - SEPLAG;INSTITUTO DE PREVIDÊNCIA DOS SERVIDORES DO ESTADO DE MINAS GERAIS - IPSEMG;1922.99.0.1.99.000;8;49;OUTRAS RESTITUIÇÕES - PRINC. - DEMAIS;38556,00
SECRETARIA DE ESTADO DE PLANEJAMENTO E GESTÃO - SEPLAG;INSTITUTO DE PREVIDÊNCIA DOS SERVIDORES DO ESTADO DE MINAS GERAIS - IPSEMG;1922.99.0.1.99.000;8;50;OUTRAS RESTITUIÇÕES - PRINC. - DEMAIS;6156,00
SECRETARIA DE ESTADO DE PLANEJAMENTO E GESTÃO - SEPLAG;INSTITUTO DE PREVIDÊNCIA DOS SERVIDORES DO ESTADO DE MINAS GERAIS - IPSEMG;1922.99.0.1.99.000;8;60;OUTRAS RESTITUIÇÕES - PRINC. - DEMAIS;499944,00
SECRETARIA DE ESTADO DE PLANEJAMENTO E GESTÃO - SEPLAG;INSTITUTO DE PREVIDÊNCIA DOS SERVIDORES DO ESTADO DE MINAS GERAIS - IPSEMG;1990.00.0.0.00.000;3;;DEMAIS RECEITAS CORRENTES;3523680,00
SECRETARIA DE ESTADO DE PLANEJAMENTO E GESTÃO - SEPLAG;INSTITUTO DE PREVIDÊNCIA DOS SERVIDORES DO ESTADO DE MINAS GERAIS - IPSEMG;1999.00.0.0.00.000;4;;OUTRAS RECEITAS CORRENTES;3523680,00
SECRETARIA DE ESTADO DE PLANEJAMENTO E GESTÃO - SEPLAG;INSTITUTO DE PREVIDÊNCIA DOS SERVIDORES DO ESTADO DE MINAS GERAIS - IPSEMG;1999.99.0.0.00.000;5;;OUTRAS RECEITAS;3523680,00
SECRETARIA DE ESTADO DE PLANEJAMENTO E GESTÃO - SEPLAG;INSTITUTO DE PREVIDÊNCIA DOS SERVIDORES DO ESTADO DE MINAS GERAIS - IPSEMG;1999.99.2.0.00.000;6;;OUTRAS RECEITAS NÃO ARRECADADAS E NÃO PROJETADAS PELA RFB - PRIMÁRIAS;3523680,00
SECRETARIA DE ESTADO DE PLANEJAMENTO E GESTÃO - SEPLAG;INSTITUTO DE PREVIDÊNCIA DOS SERVIDORES DO ESTADO DE MINAS GERAIS - IPSEMG;1999.99.2.1.00.000;7;;OUTRAS REC. - PRIMÁRIAS - PRINCIPAL;3523680,00
SECRETARIA DE ESTADO DE PLANEJAMENTO E GESTÃO - SEPLAG;INSTITUTO DE PREVIDÊNCIA DOS SERVIDORES DO ESTADO DE MINAS GERAIS - IPSEMG;1999.99.2.1.99.000;8;60;OUTRAS REC. - PRIMÁRIAS - PRINC. - DEMAIS;3523680,00
SECRETARIA DE ESTADO DE PLANEJAMENTO E GESTÃO - SEPLAG;INSTITUTO DE PREVIDÊNCIA DOS SERVIDORES DO ESTADO DE MINAS GERAIS - IPSEMG;2000.00.0.0.00.000;1;;RECEITAS DE CAPITAL;1000,00
SECRETARIA DE ESTADO DE PLANEJAMENTO E GESTÃO - SEPLAG;INSTITUTO DE PREVIDÊNCIA DOS SERVIDORES DO ESTADO DE MINAS GERAIS - IPSEMG;2200.00.0.0.00.000;2;;ALIENAÇÃO DE BENS;1000,00
SECRETARIA DE ESTADO DE PLANEJAMENTO E GESTÃO - SEPLAG;INSTITUTO DE PREVIDÊNCIA DOS SERVIDORES DO ESTADO DE MINAS GERAIS - IPSEMG;2220.00.0.0.00.000;3;;ALIENAÇÃO DE BENS IMÓVEIS;1000,00
SECRETARIA DE ESTADO DE PLANEJAMENTO E GESTÃO - SEPLAG;INSTITUTO DE PREVIDÊNCIA DOS SERVIDORES DO ESTADO DE MINAS GERAIS - IPSEMG;2221.00.0.0.00.000;4;;ALIENAÇÃO DE BENS IMÓVEIS;1000,00
SECRETARIA DE ESTADO DE PLANEJAMENTO E GESTÃO - SEPLAG;INSTITUTO DE PREVIDÊNCIA DOS SERVIDORES DO ESTADO DE MINAS GERAIS - IPSEMG;2221.01.0.0.00.000;5;;ALIENAÇÃO DE BENS IMÓVEIS;1000,00
SECRETARIA DE ESTADO DE PLANEJAMENTO E GESTÃO - SEPLAG;INSTITUTO DE PREVIDÊNCIA DOS SERVIDORES DO ESTADO DE MINAS GERAIS - IPSEMG;2221.01.0.1.00.000;7;;ALIENAÇÃO BENS IMÓVEIS - PRINCIPAL;1000,00
SECRETARIA DE ESTADO DE PLANEJAMENTO E GESTÃO - SEPLAG;INSTITUTO DE PREVIDÊNCIA DOS SERVIDORES DO ESTADO DE MINAS GERAIS - IPSEMG;2221.01.0.1.01.000;8;47;ALIENAÇÃO BENS IMÓVEIS - PRINC.;1000,00
SECRETARIA DE ESTADO DE PLANEJAMENTO E GESTÃO - SEPLAG;INSTITUTO DE PREVIDÊNCIA DOS SERVIDORES DO ESTADO DE MINAS GERAIS - IPSEMG;7000.00.0.0.00.000;1;;RECEITA INTRAORÇAMENTÁRIA;647702182,00
SECRETARIA DE ESTADO DE PLANEJAMENTO E GESTÃO - SEPLAG;INSTITUTO DE PREVIDÊNCIA DOS SERVIDORES DO ESTADO DE MINAS GERAIS - IPSEMG;7200.00.0.0.00.000;2;;REC. INTRA. - CONTRIBUIÇÕES;645180190,00
SECRETARIA DE ESTADO DE PLANEJAMENTO E GESTÃO - SEPLAG;INSTITUTO DE PREVIDÊNCIA DOS SERVIDORES DO ESTADO DE MINAS GERAIS - IPSEMG;7210.00.0.0.00.000;3;;REC. INTRA. - CONTRIBUIÇÕES SOCIAIS;645180190,00
SECRETARIA DE ESTADO DE PLANEJAMENTO E GESTÃO - SEPLAG;INSTITUTO DE PREVIDÊNCIA DOS SERVIDORES DO ESTADO DE MINAS GERAIS - IPSEMG;7219.00.0.0.00.000;4;;REC. INTRA. - OUTRAS CONTRIBUIÇÕES SOCIAIS;645180190,00
SECRETARIA DE ESTADO DE PLANEJAMENTO E GESTÃO - SEPLAG;INSTITUTO DE PREVIDÊNCIA DOS SERVIDORES DO ESTADO DE MINAS GERAIS - IPSEMG;7219.99.0.0.00.000;5;;REC. INTRA. - DEMAIS CONTRIBUIÇÕES SOCIAIS;645180190,00
SECRETARIA DE ESTADO DE PLANEJAMENTO E GESTÃO - SEPLAG;INSTITUTO DE PREVIDÊNCIA DOS SERVIDORES DO ESTADO DE MINAS GERAIS - IPSEMG;7219.99.1.0.00.000;6;;REC. INTRA. - DEMAIS CONTRIBUIÇÕES SOCIAIS NÃO ARRECADADAS E NÃO PROJETADAS PELA RFB;645180190,00
SECRETARIA DE ESTADO DE PLANEJAMENTO E GESTÃO - SEPLAG;INSTITUTO DE PREVIDÊNCIA DOS SERVIDORES DO ESTADO DE MINAS GERAIS - IPSEMG;7219.99.1.1.00.000;7;;REC. INTRA. - DEMAIS CONTRIB. SOC. - PRINCIPAL;645180190,00
SECRETARIA DE ESTADO DE PLANEJAMENTO E GESTÃO - SEPLAG;INSTITUTO DE PREVIDÊNCIA DOS SERVIDORES DO ESTADO DE MINAS GERAIS - IPSEMG;7219.99.1.1.01.000;8;;REC. INTRA. - DEMAIS CONTRIB. SOC. - PRINC. - CONTRIB. PATRONAL DO CIVIL PARA A SAÚDE;645180190,00
SECRETARIA DE ESTADO DE PLANEJAMENTO E GESTÃO - SEPLAG;INSTITUTO DE PREVIDÊNCIA DOS SERVIDORES DO ESTADO DE MINAS GERAIS - IPSEMG;7219.99.1.1.01.001;9;49;REC. INTRA. - DEMAIS CONTRIB. SOC. - PRINC. - CONTRIB. PATRON. CIVIL SAÚDE - SERVIDOR ATIVO;179703350,00
SECRETARIA DE ESTADO DE PLANEJAMENTO E GESTÃO - SEPLAG;INSTITUTO DE PREVIDÊNCIA DOS SERVIDORES DO ESTADO DE MINAS GERAIS - IPSEMG;7219.99.1.1.01.002;9;49;REC. INTRA. - DEMAIS CONTRIB. SOC. - PRINC. - CONTRIB. PATRON. CIVIL SAÚDE - SERVIDOR INATIVO;177410754,00
SECRETARIA DE ESTADO DE PLANEJAMENTO E GESTÃO - SEPLAG;INSTITUTO DE PREVIDÊNCIA DOS SERVIDORES DO ESTADO DE MINAS GERAIS - IPSEMG;7219.99.1.1.01.003;9;49;REC. INTRA. - DEMAIS CONTRIB. SOC. - PRINC. - CONTRIB. PATRON. CIVIL SAÚDE - PENSIONISTA;29475043,00
SECRETARIA DE ESTADO DE PLANEJAMENTO E GESTÃO - SEPLAG;INSTITUTO DE PREVIDÊNCIA DOS SERVIDORES DO ESTADO DE MINAS GERAIS - IPSEMG;7219.99.1.1.01.004;9;49;REC. INTRA. - DEMAIS CONTRIB. SOC. - PRINC. - CONTRIB. PATRON. CIVIL SAÚDE - CONTRATO ADMINISTRATIVO;16882958,00
SECRETARIA DE ESTADO DE PLANEJAMENTO E GESTÃO - SEPLAG;INSTITUTO DE PREVIDÊNCIA DOS SERVIDORES DO ESTADO DE MINAS GERAIS - IPSEMG;7219.99.1.1.01.005;9;49;REC. INTRA. - DEMAIS CONTRIB. SOC. - PRINC. - CONTRIB. PATRON. CIVIL SAÚDE - ESTADO - DEPENDENTES;147227580,00
SECRETARIA DE ESTADO DE PLANEJAMENTO E GESTÃO - SEPLAG;INSTITUTO DE PREVIDÊNCIA DOS SERVIDORES DO ESTADO DE MINAS GERAIS - IPSEMG;7219.99.1.1.01.006;9;49;REC. INTRA. - DEMAIS CONTRIB. SOC. - PRINC. - CONTRIB. PATRON. CIVIL SAÚDE - ESTADO - DEPENDENTES - FILHOS;94399333,00
SECRETARIA DE ESTADO DE PLANEJAMENTO E GESTÃO - SEPLAG;INSTITUTO DE PREVIDÊNCIA DOS SERVIDORES DO ESTADO DE MINAS GERAIS - IPSEMG;7219.99.1.1.01.007;9;49;REC. INTRA. - DEMAIS CONTRIB. SOC. - PRINC. - CONTRIB. PATRON. CIVIL SAÚDE - USUÁRIO FACULTATIVO;81172,00
SECRETARIA DE ESTADO DE PLANEJAMENTO E GESTÃO - SEPLAG;INSTITUTO DE PREVIDÊNCIA DOS SERVIDORES DO ESTADO DE MINAS GERAIS - IPSEMG;7300.00.0.0.00.000;2;;REC. INTRA. - RECEITA PATRIMONIAL;2521992,00
SECRETARIA DE ESTADO DE PLANEJAMENTO E GESTÃO - SEPLAG;INSTITUTO DE PREVIDÊNCIA DOS SERVIDORES DO ESTADO DE MINAS GERAIS - IPSEMG;7310.00.0.0.00.000;3;;REC. INTRA. - EXPLORAÇÃO DO PATRIMÔNIO IMOBILIÁRIO DO ESTADO;2521992,00
SECRETARIA DE ESTADO DE PLANEJAMENTO E GESTÃO - SEPLAG;INSTITUTO DE PREVIDÊNCIA DOS SERVIDORES DO ESTADO DE MINAS GERAIS - IPSEMG;7311.00.0.0.00.000;4;;REC. INTRA. - EXPLORAÇÃO DO PATRIMÔNIO IMOBILIÁRIO DO ESTADO;2521992,00
SECRETARIA DE ESTADO DE PLANEJAMENTO E GESTÃO - SEPLAG;INSTITUTO DE PREVIDÊNCIA DOS SERVIDORES DO ESTADO DE MINAS GERAIS - IPSEMG;7311.01.0.0.00.000;5;;REC. INTRA. - ALUGUÉIS, ARRENDAMENTOS, FOROS, LAUDÊMIOS, TARIFAS DE OCUPAÇÃO;2521992,00
SECRETARIA DE ESTADO DE PLANEJAMENTO E GESTÃO - SEPLAG;INSTITUTO DE PREVIDÊNCIA DOS SERVIDORES DO ESTADO DE MINAS GERAIS - IPSEMG;7311.01.1.0.00.000;6;;REC. INTRA. - ALUGUÉIS E ARRENDAMENTOS;2521992,00
SECRETARIA DE ESTADO DE PLANEJAMENTO E GESTÃO - SEPLAG;INSTITUTO DE PREVIDÊNCIA DOS SERVIDORES DO ESTADO DE MINAS GERAIS - IPSEMG;7311.01.1.1.00.000;7;;REC. INTRA. - ALUGUÉIS ARRENDAMENTOS - PRINCIPAL;2521992,00
SECRETARIA DE ESTADO DE PLANEJAMENTO E GESTÃO - SEPLAG;INSTITUTO DE PREVIDÊNCIA DOS SERVIDORES DO ESTADO DE MINAS GERAIS - IPSEMG;7311.01.1.1.01.000;8;60;REC. INTRA. - ALUGUÉIS ARRENDAMENTOS - PRINC. - ALUGUÉIS;2521992,00
SECRETARIA DE ESTADO DE DESENVOLVIMENTO ECONÔMICO - SEDE;LOTERIA DO ESTADO DE MINAS GERAIS - LEMG;1000.00.0.0.00.000;1;;RECEITAS CORRENTES;17470000,00
SECRETARIA DE ESTADO DE DESENVOLVIMENTO ECONÔMICO - SEDE;LOTERIA DO ESTADO DE MINAS GERAIS - LEMG;1300.00.0.0.00.000;2;;RECEITA PATRIMONIAL;253000,00
SECRETARIA DE ESTADO DE DESENVOLVIMENTO ECONÔMICO - SEDE;LOTERIA DO ESTADO DE MINAS GERAIS - LEMG;1320.00.0.0.00.000;3;;VALORES MOBILIÁRIOS;253000,00
SECRETARIA DE ESTADO DE DESENVOLVIMENTO ECONÔMICO - SEDE;LOTERIA DO ESTADO DE MINAS GERAIS - LEMG;1321.00.0.0.00.000;4;;JUROS E CORREÇÕES MONETÁRIAS;252000,00
SECRETARIA DE ESTADO DE DESENVOLVIMENTO ECONÔMICO - SEDE;LOTERIA DO ESTADO DE MINAS GERAIS - LEMG;1321.01.0.0.00.000;5;;REMUNERAÇÃO DE DEPÓSITOS BANCÁRIOS;252000,00
SECRETARIA DE ESTADO DE DESENVOLVIMENTO ECONÔMICO - SEDE;LOTERIA DO ESTADO DE MINAS GERAIS - LEMG;1321.01.0.1.00.000;7;;REMUNERAÇÃO DEPÓSITOS BANCÁRIOS - PRINCIPAL;252000,00
SECRETARIA DE ESTADO DE DESENVOLVIMENTO ECONÔMICO - SEDE;LOTERIA DO ESTADO DE MINAS GERAIS - LEMG;1321.01.0.1.01.000;8;60;REMUNERAÇÃO DEPÓSITOS BANCÁRIOS - PRINC.;252000,00
SECRETARIA DE ESTADO DE DESENVOLVIMENTO ECONÔMICO - SEDE;LOTERIA DO ESTADO DE MINAS GERAIS - LEMG;1322.00.0.0.00.000;4;;DIVIDENDOS;1000,00
SECRETARIA DE ESTADO DE DESENVOLVIMENTO ECONÔMICO - SEDE;LOTERIA DO ESTADO DE MINAS GERAIS - LEMG;1322.01.0.0.00.000;5;;DIVIDENDOS;1000,00
SECRETARIA DE ESTADO DE DESENVOLVIMENTO ECONÔMICO - SEDE;LOTERIA DO ESTADO DE MINAS GERAIS - LEMG;1322.01.0.1.00.000;7;;DIVIDENDOS - PRINCIPAL;1000,00
SECRETARIA DE ESTADO DE DESENVOLVIMENTO ECONÔMICO - SEDE;LOTERIA DO ESTADO DE MINAS GERAIS - LEMG;1322.01.0.1.01.000;8;60;DIVIDENDOS - PRINC. - EMPRESAS ESTATAIS;1000,00
SECRETARIA DE ESTADO DE DESENVOLVIMENTO ECONÔMICO - SEDE;LOTERIA DO ESTADO DE MINAS GERAIS - LEMG;1900.00.0.0.00.000;2;;OUTRAS RECEITAS CORRENTES;17217000,00
SECRETARIA DE ESTADO DE DESENVOLVIMENTO ECONÔMICO - SEDE;LOTERIA DO ESTADO DE MINAS GERAIS - LEMG;1920.00.0.0.00.000;3;;INDENIZAÇÕES, RESTITUIÇÕES E RESSARCIMENTOS;4500,00
SECRETARIA DE ESTADO DE DESENVOLVIMENTO ECONÔMICO - SEDE;LOTERIA DO ESTADO DE MINAS GERAIS - LEMG;1922.00.0.0.00.000;4;;RESTITUIÇÕES;4500,00
SECRETARIA DE ESTADO DE DESENVOLVIMENTO ECONÔMICO - SEDE;LOTERIA DO ESTADO DE MINAS GERAIS - LEMG;1922.99.0.0.00.000;5;;OUTRAS RESTITUIÇÕES;4500,00
SECRETARIA DE ESTADO DE DESENVOLVIMENTO ECONÔMICO - SEDE;LOTERIA DO ESTADO DE MINAS GERAIS - LEMG;1922.99.0.1.00.000;7;;OUTRAS RESTITUIÇÕES - PRINCIPAL;4500,00
SECRETARIA DE ESTADO DE DESENVOLVIMENTO ECONÔMICO - SEDE;LOTERIA DO ESTADO DE MINAS GERAIS - LEMG;1922.99.0.1.99.000;8;60;OUTRAS RESTITUIÇÕES - PRINC. - DEMAIS;4500,00
SECRETARIA DE ESTADO DE DESENVOLVIMENTO ECONÔMICO - SEDE;LOTERIA DO ESTADO DE MINAS GERAIS - LEMG;1990.00.0.0.00.000;3;;DEMAIS RECEITAS CORRENTES;17212500,00
SECRETARIA DE ESTADO DE DESENVOLVIMENTO ECONÔMICO - SEDE;LOTERIA DO ESTADO DE MINAS GERAIS - LEMG;1999.00.0.0.00.000;4;;OUTRAS RECEITAS CORRENTES;17212500,00
SECRETARIA DE ESTADO DE DESENVOLVIMENTO ECONÔMICO - SEDE;LOTERIA DO ESTADO DE MINAS GERAIS - LEMG;1999.99.0.0.00.000;5;;OUTRAS RECEITAS;17212500,00
SECRETARIA DE ESTADO DE DESENVOLVIMENTO ECONÔMICO - SEDE;LOTERIA DO ESTADO DE MINAS GERAIS - LEMG;1999.99.2.0.00.000;6;;OUTRAS RECEITAS NÃO ARRECADADAS E NÃO PROJETADAS PELA RFB - PRIMÁRIAS;17212500,00
SECRETARIA DE ESTADO DE DESENVOLVIMENTO ECONÔMICO - SEDE;LOTERIA DO ESTADO DE MINAS GERAIS - LEMG;1999.99.2.1.00.000;7;;OUTRAS REC. - PRIMÁRIAS - PRINCIPAL;17212500,00
SECRETARIA DE ESTADO DE DESENVOLVIMENTO ECONÔMICO - SEDE;LOTERIA DO ESTADO DE MINAS GERAIS - LEMG;1999.99.2.1.02.000;8;60;OUTRAS REC. - PRIMÁRIAS - PRINC. - RENDAS DE LOTERIA INSTANTÂNEA;4400000,00
SECRETARIA DE ESTADO DE DESENVOLVIMENTO ECONÔMICO - SEDE;LOTERIA DO ESTADO DE MINAS GERAIS - LEMG;1999.99.2.1.03.000;8;60;OUTRAS REC. - PRIMÁRIAS - PRINC. - RENDAS DE LOTERIA ONLINE;12500000,00
SECRETARIA DE ESTADO DE DESENVOLVIMENTO ECONÔMICO - SEDE;LOTERIA DO ESTADO DE MINAS GERAIS - LEMG;1999.99.2.1.16.000;8;60;OUTRAS REC. - PRIMÁRIAS - PRINC. - RENDAS DE LOTERIA CONVENCIONAL;312500,00
SECRETARIA DE ESTADO DE PLANEJAMENTO E GESTÃO - SEPLAG;FUNDAÇÃO JOÃO PINHEIRO - FJP;1000.00.0.0.00.000;1;;RECEITAS CORRENTES;5140000,00
SECRETARIA DE ESTADO DE PLANEJAMENTO E GESTÃO - SEPLAG;FUNDAÇÃO JOÃO PINHEIRO - FJP;1300.00.0.0.00.000;2;;RECEITA PATRIMONIAL;61000,00
SECRETARIA DE ESTADO DE PLANEJAMENTO E GESTÃO - SEPLAG;FUNDAÇÃO JOÃO PINHEIRO - FJP;1310.00.0.0.00.000;3;;EXPLORAÇÃO DO PATRIMÔNIO IMOBILIÁRIO DO ESTADO;60000,00
SECRETARIA DE ESTADO DE PLANEJAMENTO E GESTÃO - SEPLAG;FUNDAÇÃO JOÃO PINHEIRO - FJP;1311.00.0.0.00.000;4;;EXPLORAÇÃO DO PATRIMÔNIO IMOBILIÁRIO DO ESTADO;60000,00
SECRETARIA DE ESTADO DE PLANEJAMENTO E GESTÃO - SEPLAG;FUNDAÇÃO JOÃO PINHEIRO - FJP;1311.01.0.0.00.000;5;;ALUGUÉIS, ARRENDAMENTOS, FOROS, LAUDÊMIOS, TARIFAS DE OCUPAÇÃO;60000,00
SECRETARIA DE ESTADO DE PLANEJAMENTO E GESTÃO - SEPLAG;FUNDAÇÃO JOÃO PINHEIRO - FJP;1311.01.1.0.00.000;6;;ALUGUÉIS E ARRENDAMENTOS;60000,00
SECRETARIA DE ESTADO DE PLANEJAMENTO E GESTÃO - SEPLAG;FUNDAÇÃO JOÃO PINHEIRO - FJP;1311.01.1.1.00.000;7;;ALUGUÉIS ARRENDAMENTOS - PRINCIPAL;60000,00
SECRETARIA DE ESTADO DE PLANEJAMENTO E GESTÃO - SEPLAG;FUNDAÇÃO JOÃO PINHEIRO - FJP;1311.01.1.1.01.000;8;60;ALUGUÉIS ARRENDAMENTOS - PRINC. - ALUGUÉIS;60000,00
SECRETARIA DE ESTADO DE PLANEJAMENTO E GESTÃO - SEPLAG;FUNDAÇÃO JOÃO PINHEIRO - FJP;1320.00.0.0.00.000;3;;VALORES MOBILIÁRIOS;1000,00
SECRETARIA DE ESTADO DE PLANEJAMENTO E GESTÃO - SEPLAG;FUNDAÇÃO JOÃO PINHEIRO - FJP;1321.00.0.0.00.000;4;;JUROS E CORREÇÕES MONETÁRIAS;1000,00
SECRETARIA DE ESTADO DE PLANEJAMENTO E GESTÃO - SEPLAG;FUNDAÇÃO JOÃO PINHEIRO - FJP;1321.01.0.0.00.000;5;;REMUNERAÇÃO DE DEPÓSITOS BANCÁRIOS;1000,00
SECRETARIA DE ESTADO DE PLANEJAMENTO E GESTÃO - SEPLAG;FUNDAÇÃO JOÃO PINHEIRO - FJP;1321.01.0.1.00.000;7;;REMUNERAÇÃO DEPÓSITOS BANCÁRIOS - PRINCIPAL;1000,00
SECRETARIA DE ESTADO DE PLANEJAMENTO E GESTÃO - SEPLAG;FUNDAÇÃO JOÃO PINHEIRO - FJP;1321.01.0.1.01.000;8;24;REMUNERAÇÃO DEPÓSITOS BANCÁRIOS - PRINC.;1000,00
SECRETARIA DE ESTADO DE PLANEJAMENTO E GESTÃO - SEPLAG;FUNDAÇÃO JOÃO PINHEIRO - FJP;1600.00.0.0.00.000;2;;RECEITA DE SERVIÇOS;5028000,00
SECRETARIA DE ESTADO DE PLANEJAMENTO E GESTÃO - SEPLAG;FUNDAÇÃO JOÃO PINHEIRO - FJP;1610.00.0.0.00.000;3;;SERVIÇOS ADMINISTRATIVOS E COMERCIAIS GERAIS;5028000,00
SECRETARIA DE ESTADO DE PLANEJAMENTO E GESTÃO - SEPLAG;FUNDAÇÃO JOÃO PINHEIRO - FJP;1611.00.0.0.00.000;4;;SERVIÇOS ADMINISTRATIVOS E COMERCIAIS GERAIS;5028000,00
SECRETARIA DE ESTADO DE PLANEJAMENTO E GESTÃO - SEPLAG;FUNDAÇÃO JOÃO PINHEIRO - FJP;1611.01.0.0.00.000;5;;SERVIÇOS ADMINISTRATIVOS E COMERCIAIS GERAIS;4360000,00
SECRETARIA DE ESTADO DE PLANEJAMENTO E GESTÃO - SEPLAG;FUNDAÇÃO JOÃO PINHEIRO - FJP;1611.01.0.1.00.000;7;;SERVIÇOS ADM. COMERC. GER. - PRINCIPAL;4360000,00
SECRETARIA DE ESTADO DE PLANEJAMENTO E GESTÃO - SEPLAG;FUNDAÇÃO JOÃO PINHEIRO - FJP;1611.01.0.1.03.000;8;60;SERVIÇOS ADM. COMERC. GER. - PRINC. - COMERCIALIZAÇÃO DE LIVROS, PERIÓDICOS, MATERIAIS ESCOLARES E PUBLICIDADE;1000,00
SECRETARIA DE ESTADO DE PLANEJAMENTO E GESTÃO - SEPLAG;FUNDAÇÃO JOÃO PINHEIRO - FJP;1611.01.0.1.24.000;8;60;SERVIÇOS ADM. COMERC. GER. - PRINC. - EDUCACIONAIS E CAPACITAÇÃO;1821000,00
SECRETARIA DE ESTADO DE PLANEJAMENTO E GESTÃO - SEPLAG;FUNDAÇÃO JOÃO PINHEIRO - FJP;1611.01.0.1.30.000;8;60;SERVIÇOS ADM. COMERC. GER. - PRINC. - ESTUDOS E PESQUISA;2538000,00
SECRETARIA DE ESTADO DE PLANEJAMENTO E GESTÃO - SEPLAG;FUNDAÇÃO JOÃO PINHEIRO - FJP;1611.02.0.0.00.000;5;;INSCRIÇÃO EM CONCURSOS E PROCESSOS SELETIVOS;90000,00
SECRETARIA DE ESTADO DE PLANEJAMENTO E GESTÃO - SEPLAG;FUNDAÇÃO JOÃO PINHEIRO - FJP;1611.02.0.1.00.000;7;;INSCRIÇÃO CONCURSOS PROCESSOS SELETIVOS - PRINCIPAL;90000,00
SECRETARIA DE ESTADO DE PLANEJAMENTO E GESTÃO - SEPLAG;FUNDAÇÃO JOÃO PINHEIRO - FJP;1611.02.0.1.01.000;8;60;INSCRIÇÃO CONCURSOS PROCESSOS SELETIVOS - PRINC.;90000,00
SECRETARIA DE ESTADO DE PLANEJAMENTO E GESTÃO - SEPLAG;FUNDAÇÃO JOÃO PINHEIRO - FJP;1611.03.0.0.00.000;5;;SERVIÇOS DE REGISTRO, CERTIFICAÇÃO E FISCALIZAÇÃO;578000,00
SECRETARIA DE ESTADO DE PLANEJAMENTO E GESTÃO - SEPLAG;FUNDAÇÃO JOÃO PINHEIRO - FJP;1611.03.0.1.00.000;7;;SERVIÇOS REG. CERTIF. FISCALIZ. - PRINCIPAL;578000,00
SECRETARIA DE ESTADO DE PLANEJAMENTO E GESTÃO - SEPLAG;FUNDAÇÃO JOÃO PINHEIRO - FJP;1611.03.0.1.04.000;8;60;SERVIÇOS REG. CERTIF. FISCALIZ. - PRINC. - EXPEDIÇÃO DE CERTIFICADOS;578000,00
SECRETARIA DE ESTADO DE PLANEJAMENTO E GESTÃO - SEPLAG;FUNDAÇÃO JOÃO PINHEIRO - FJP;1900.00.0.0.00.000;2;;OUTRAS RECEITAS CORRENTES;51000,00
SECRETARIA DE ESTADO DE PLANEJAMENTO E GESTÃO - SEPLAG;FUNDAÇÃO JOÃO PINHEIRO - FJP;1920.00.0.0.00.000;3;;INDENIZAÇÕES, RESTITUIÇÕES E RESSARCIMENTOS;51000,00
SECRETARIA DE ESTADO DE PLANEJAMENTO E GESTÃO - SEPLAG;FUNDAÇÃO JOÃO PINHEIRO - FJP;1922.00.0.0.00.000;4;;RESTITUIÇÕES;51000,00
SECRETARIA DE ESTADO DE PLANEJAMENTO E GESTÃO - SEPLAG;FUNDAÇÃO JOÃO PINHEIRO - FJP;1922.99.0.0.00.000;5;;OUTRAS RESTITUIÇÕES;51000,00
SECRETARIA DE ESTADO DE PLANEJAMENTO E GESTÃO - SEPLAG;FUNDAÇÃO JOÃO PINHEIRO - FJP;1922.99.0.1.00.000;7;;OUTRAS RESTITUIÇÕES - PRINCIPAL;51000,00
SECRETARIA DE ESTADO DE PLANEJAMENTO E GESTÃO - SEPLAG;FUNDAÇÃO JOÃO PINHEIRO - FJP;1922.99.0.1.99.000;8;24;OUTRAS RESTITUIÇÕES - PRINC. - DEMAIS;1000,00
SECRETARIA DE ESTADO DE PLANEJAMENTO E GESTÃO - SEPLAG;FUNDAÇÃO JOÃO PINHEIRO - FJP;1922.99.0.1.99.000;8;60;OUTRAS RESTITUIÇÕES - PRINC. - DEMAIS;50000,00
SECRETARIA DE ESTADO DE DESENVOLVIMENTO ECONÔMICO - SEDE;FUNDAÇÃO DE AMPARO À PESQUISA DO ESTADO DE MINAS GERAIS - FAPEMIG;1000.00.0.0.00.000;1;;RECEITAS CORRENTES;33193012,00
SECRETARIA DE ESTADO DE DESENVOLVIMENTO ECONÔMICO - SEDE;FUNDAÇÃO DE AMPARO À PESQUISA DO ESTADO DE MINAS GERAIS - FAPEMIG;1300.00.0.0.00.000;2;;RECEITA PATRIMONIAL;1480000,00
SECRETARIA DE ESTADO DE DESENVOLVIMENTO ECONÔMICO - SEDE;FUNDAÇÃO DE AMPARO À PESQUISA DO ESTADO DE MINAS GERAIS - FAPEMIG;1320.00.0.0.00.000;3;;VALORES MOBILIÁRIOS;1480000,00
SECRETARIA DE ESTADO DE DESENVOLVIMENTO ECONÔMICO - SEDE;FUNDAÇÃO DE AMPARO À PESQUISA DO ESTADO DE MINAS GERAIS - FAPEMIG;1321.00.0.0.00.000;4;;JUROS E CORREÇÕES MONETÁRIAS;1480000,00
SECRETARIA DE ESTADO DE DESENVOLVIMENTO ECONÔMICO - SEDE;FUNDAÇÃO DE AMPARO À PESQUISA DO ESTADO DE MINAS GERAIS - FAPEMIG;1321.01.0.0.00.000;5;;REMUNERAÇÃO DE DEPÓSITOS BANCÁRIOS;1480000,00
SECRETARIA DE ESTADO DE DESENVOLVIMENTO ECONÔMICO - SEDE;FUNDAÇÃO DE AMPARO À PESQUISA DO ESTADO DE MINAS GERAIS - FAPEMIG;1321.01.0.1.00.000;7;;REMUNERAÇÃO DEPÓSITOS BANCÁRIOS - PRINCIPAL;1480000,00
SECRETARIA DE ESTADO DE DESENVOLVIMENTO ECONÔMICO - SEDE;FUNDAÇÃO DE AMPARO À PESQUISA DO ESTADO DE MINAS GERAIS - FAPEMIG;1321.01.0.1.01.000;8;24;REMUNERAÇÃO DEPÓSITOS BANCÁRIOS - PRINC.;150000,00
SECRETARIA DE ESTADO DE DESENVOLVIMENTO ECONÔMICO - SEDE;FUNDAÇÃO DE AMPARO À PESQUISA DO ESTADO DE MINAS GERAIS - FAPEMIG;1321.01.0.1.01.000;8;60;REMUNERAÇÃO DEPÓSITOS BANCÁRIOS - PRINC.;30000,00
SECRETARIA DE ESTADO DE DESENVOLVIMENTO ECONÔMICO - SEDE;FUNDAÇÃO DE AMPARO À PESQUISA DO ESTADO DE MINAS GERAIS - FAPEMIG;1321.01.0.1.01.000;8;68;REMUNERAÇÃO DEPÓSITOS BANCÁRIOS - PRINC.;600000,00
SECRETARIA DE ESTADO DE DESENVOLVIMENTO ECONÔMICO - SEDE;FUNDAÇÃO DE AMPARO À PESQUISA DO ESTADO DE MINAS GERAIS - FAPEMIG;1321.01.0.1.01.000;8;69;REMUNERAÇÃO DEPÓSITOS BANCÁRIOS - PRINC.;700000,00
SECRETARIA DE ESTADO DE DESENVOLVIMENTO ECONÔMICO - SEDE;FUNDAÇÃO DE AMPARO À PESQUISA DO ESTADO DE MINAS GERAIS - FAPEMIG;1700.00.0.0.00.000;2;;TRANSFERÊNCIAS CORRENTES;1113012,00
SECRETARIA DE ESTADO DE DESENVOLVIMENTO ECONÔMICO - SEDE;FUNDAÇÃO DE AMPARO À PESQUISA DO ESTADO DE MINAS GERAIS - FAPEMIG;1710.00.0.0.00.000;3;;TRANSFERÊNCIAS DA UNIÃO E DE SUAS ENTIDADES;909300,00
SECRETARIA DE ESTADO DE DESENVOLVIMENTO ECONÔMICO - SEDE;FUNDAÇÃO DE AMPARO À PESQUISA DO ESTADO DE MINAS GERAIS - FAPEMIG;1717.00.0.0.00.000;4;;TRANSFERÊNCIAS DE CONVÊNIOS DA UNIÃO E DE SUAS ENTIDADES;909300,00
SECRETARIA DE ESTADO DE DESENVOLVIMENTO ECONÔMICO - SEDE;FUNDAÇÃO DE AMPARO À PESQUISA DO ESTADO DE MINAS GERAIS - FAPEMIG;1717.99.0.0.00.000;5;;OUTRAS TRANSFERÊNCIAS DE CONVÊNIOS DA UNIÃO E DE SUAS ENTIDADES;909300,00
SECRETARIA DE ESTADO DE DESENVOLVIMENTO ECONÔMICO - SEDE;FUNDAÇÃO DE AMPARO À PESQUISA DO ESTADO DE MINAS GERAIS - FAPEMIG;1717.99.0.1.00.000;7;;OUTRAS TRANSF. CONVÊNIOS UNIÃO ENTIDADES - PRINCIPAL;909300,00
SECRETARIA DE ESTADO DE DESENVOLVIMENTO ECONÔMICO - SEDE;FUNDAÇÃO DE AMPARO À PESQUISA DO ESTADO DE MINAS GERAIS - FAPEMIG;1717.99.0.1.06.000;8;;OUTRAS TRANSF. CONVÊNIOS UNIÃO ENTIDADES - PRINC. - CIÊNCIA E TECNOLOGIA;909300,00
SECRETARIA DE ESTADO DE DESENVOLVIMENTO ECONÔMICO - SEDE;FUNDAÇÃO DE AMPARO À PESQUISA DO ESTADO DE MINAS GERAIS - FAPEMIG;1717.99.0.1.06.003;9;24;CIÊNCIA TECNOLOGIA - FINANCIADORA DE ESTUDOS E PROJETOS - FINEP;909300,00
SECRETARIA DE ESTADO DE DESENVOLVIMENTO ECONÔMICO - SEDE;FUNDAÇÃO DE AMPARO À PESQUISA DO ESTADO DE MINAS GERAIS - FAPEMIG;1740.00.0.0.00.000;3;;TRANSFERÊNCIAS DE INSTITUIÇÕES PRIVADAS;203712,00
SECRETARIA DE ESTADO DE DESENVOLVIMENTO ECONÔMICO - SEDE;FUNDAÇÃO DE AMPARO À PESQUISA DO ESTADO DE MINAS GERAIS - FAPEMIG;1741.00.0.0.00.000;4;;TRANSFERÊNCIAS DE INSTITUIÇÕES PRIVADAS;203712,00
SECRETARIA DE ESTADO DE DESENVOLVIMENTO ECONÔMICO - SEDE;FUNDAÇÃO DE AMPARO À PESQUISA DO ESTADO DE MINAS GERAIS - FAPEMIG;1741.99.0.0.00.000;5;;OUTRAS TRANSFERÊNCIAS DE INSTITUIÇÕES PRIVADAS;203712,00
SECRETARIA DE ESTADO DE DESENVOLVIMENTO ECONÔMICO - SEDE;FUNDAÇÃO DE AMPARO À PESQUISA DO ESTADO DE MINAS GERAIS - FAPEMIG;1741.99.0.1.00.000;7;;OUTRAS TRANSF. INSTIT. PRIVADAS - PRINCIPAL;203712,00
SECRETARIA DE ESTADO DE DESENVOLVIMENTO ECONÔMICO - SEDE;FUNDAÇÃO DE AMPARO À PESQUISA DO ESTADO DE MINAS GERAIS - FAPEMIG;1741.99.0.1.09.000;8;;OUTRAS TRANSF. INSTIT. PRIVADAS - PRINC. - CONVÊNIOS - CIÊNCIA E TECNOLOGIA;203712,00
SECRETARIA DE ESTADO DE DESENVOLVIMENTO ECONÔMICO - SEDE;FUNDAÇÃO DE AMPARO À PESQUISA DO ESTADO DE MINAS GERAIS - FAPEMIG;1741.99.0.1.09.002;9;68;CIÊNCIA TECNOLOGIA - FUNDAÇÃO RENOVA;203712,00
SECRETARIA DE ESTADO DE DESENVOLVIMENTO ECONÔMICO - SEDE;FUNDAÇÃO DE AMPARO À PESQUISA DO ESTADO DE MINAS GERAIS - FAPEMIG;1900.00.0.0.00.000;2;;OUTRAS RECEITAS CORRENTES;30600000,00
SECRETARIA DE ESTADO DE DESENVOLVIMENTO ECONÔMICO - SEDE;FUNDAÇÃO DE AMPARO À PESQUISA DO ESTADO DE MINAS GERAIS - FAPEMIG;1920.00.0.0.00.000;3;;INDENIZAÇÕES, RESTITUIÇÕES E RESSARCIMENTOS;30600000,00
SECRETARIA DE ESTADO DE DESENVOLVIMENTO ECONÔMICO - SEDE;FUNDAÇÃO DE AMPARO À PESQUISA DO ESTADO DE MINAS GERAIS - FAPEMIG;1922.00.0.0.00.000;4;;RESTITUIÇÕES;30600000,00
SECRETARIA DE ESTADO DE DESENVOLVIMENTO ECONÔMICO - SEDE;FUNDAÇÃO DE AMPARO À PESQUISA DO ESTADO DE MINAS GERAIS - FAPEMIG;1922.01.0.0.00.000;5;;RESTITUIÇÃO DE CONVÊNIOS;30000000,00
SECRETARIA DE ESTADO DE DESENVOLVIMENTO ECONÔMICO - SEDE;FUNDAÇÃO DE AMPARO À PESQUISA DO ESTADO DE MINAS GERAIS - FAPEMIG;1922.01.1.0.00.000;6;;RESTITUIÇÃO DE CONVÊNIOS - PRIMÁRIAS;30000000,00
SECRETARIA DE ESTADO DE DESENVOLVIMENTO ECONÔMICO - SEDE;FUNDAÇÃO DE AMPARO À PESQUISA DO ESTADO DE MINAS GERAIS - FAPEMIG;1922.01.1.1.00.000;7;;RESTITUIÇÃO CONVÊNIOS - PRIMÁRIAS - PRINCIPAL;30000000,00
SECRETARIA DE ESTADO DE DESENVOLVIMENTO ECONÔMICO - SEDE;FUNDAÇÃO DE AMPARO À PESQUISA DO ESTADO DE MINAS GERAIS - FAPEMIG;1922.01.1.1.01.000;8;60;RESTITUIÇÃO CONVÊNIOS - PRIMÁRIAS - PRINC.;30000000,00
SECRETARIA DE ESTADO DE DESENVOLVIMENTO ECONÔMICO - SEDE;FUNDAÇÃO DE AMPARO À PESQUISA DO ESTADO DE MINAS GERAIS - FAPEMIG;1922.99.0.0.00.000;5;;OUTRAS RESTITUIÇÕES;600000,00
SECRETARIA DE ESTADO DE DESENVOLVIMENTO ECONÔMICO - SEDE;FUNDAÇÃO DE AMPARO À PESQUISA DO ESTADO DE MINAS GERAIS - FAPEMIG;1922.99.0.1.00.000;7;;OUTRAS RESTITUIÇÕES - PRINCIPAL;600000,00
SECRETARIA DE ESTADO DE DESENVOLVIMENTO ECONÔMICO - SEDE;FUNDAÇÃO DE AMPARO À PESQUISA DO ESTADO DE MINAS GERAIS - FAPEMIG;1922.99.0.1.99.000;8;24;OUTRAS RESTITUIÇÕES - PRINC. - DEMAIS;200000,00
SECRETARIA DE ESTADO DE DESENVOLVIMENTO ECONÔMICO - SEDE;FUNDAÇÃO DE AMPARO À PESQUISA DO ESTADO DE MINAS GERAIS - FAPEMIG;1922.99.0.1.99.000;8;68;OUTRAS RESTITUIÇÕES - PRINC. - DEMAIS;200000,00
SECRETARIA DE ESTADO DE DESENVOLVIMENTO ECONÔMICO - SEDE;FUNDAÇÃO DE AMPARO À PESQUISA DO ESTADO DE MINAS GERAIS - FAPEMIG;1922.99.0.1.99.000;8;69;OUTRAS RESTITUIÇÕES - PRINC. - DEMAIS;200000,00
SECRETARIA DE ESTADO DE DESENVOLVIMENTO ECONÔMICO - SEDE;FUNDAÇÃO DE AMPARO À PESQUISA DO ESTADO DE MINAS GERAIS - FAPEMIG;2000.00.0.0.00.000;1;;RECEITAS DE CAPITAL;323712,00
SECRETARIA DE ESTADO DE DESENVOLVIMENTO ECONÔMICO - SEDE;FUNDAÇÃO DE AMPARO À PESQUISA DO ESTADO DE MINAS GERAIS - FAPEMIG;2200.00.0.0.00.000;2;;ALIENAÇÃO DE BENS;120000,00
SECRETARIA DE ESTADO DE DESENVOLVIMENTO ECONÔMICO - SEDE;FUNDAÇÃO DE AMPARO À PESQUISA DO ESTADO DE MINAS GERAIS - FAPEMIG;2210.00.0.0.00.000;3;;ALIENAÇÃO DE BENS MÓVEIS;120000,00
SECRETARIA DE ESTADO DE DESENVOLVIMENTO ECONÔMICO - SEDE;FUNDAÇÃO DE AMPARO À PESQUISA DO ESTADO DE MINAS GERAIS - FAPEMIG;2211.00.0.0.00.000;4;;ALIENAÇÃO DE TÍTULOS, VALORES MOBILIÁRIOS E APLICAÇÕES CONGÊNERES;100000,00
SECRETARIA DE ESTADO DE DESENVOLVIMENTO ECONÔMICO - SEDE;FUNDAÇÃO DE AMPARO À PESQUISA DO ESTADO DE MINAS GERAIS - FAPEMIG;2211.02.0.0.00.000;5;;ALIENAÇÃO DE TÍTULOS, VALORES MOBILIÁRIOS E APLICAÇÕES CONGÊNERES PERMANENTES;100000,00
SECRETARIA DE ESTADO DE DESENVOLVIMENTO ECONÔMICO - SEDE;FUNDAÇÃO DE AMPARO À PESQUISA DO ESTADO DE MINAS GERAIS - FAPEMIG;2211.02.0.1.00.000;7;;ALIEN. TÍTULOS VALORES MOBIL. APLIC. CONGÊN. PERMANENTES - PRINCIPAL;100000,00
SECRETARIA DE ESTADO DE DESENVOLVIMENTO ECONÔMICO - SEDE;FUNDAÇÃO DE AMPARO À PESQUISA DO ESTADO DE MINAS GERAIS - FAPEMIG;2211.02.0.1.99.000;8;47;ALIEN. TÍTULOS VALORES MOBIL. APLIC. CONGÊN. PERMANENTES - PRINC. - DEMAIS;100000,00
SECRETARIA DE ESTADO DE DESENVOLVIMENTO ECONÔMICO - SEDE;FUNDAÇÃO DE AMPARO À PESQUISA DO ESTADO DE MINAS GERAIS - FAPEMIG;2213.00.0.0.00.000;4;;ALIENAÇÃO DE BENS MÓVEIS E SEMOVENTES;20000,00
SECRETARIA DE ESTADO DE DESENVOLVIMENTO ECONÔMICO - SEDE;FUNDAÇÃO DE AMPARO À PESQUISA DO ESTADO DE MINAS GERAIS - FAPEMIG;2213.01.0.0.00.000;5;;ALIENAÇÃO DE BENS MÓVEIS E SEMOVENTES;20000,00
SECRETARIA DE ESTADO DE DESENVOLVIMENTO ECONÔMICO - SEDE;FUNDAÇÃO DE AMPARO À PESQUISA DO ESTADO DE MINAS GERAIS - FAPEMIG;2213.01.0.1.00.000;7;;ALIENAÇÃO BENS MÓVEIS SEMOVENTES - PRINCIPAL;20000,00
SECRETARIA DE ESTADO DE DESENVOLVIMENTO ECONÔMICO - SEDE;FUNDAÇÃO DE AMPARO À PESQUISA DO ESTADO DE MINAS GERAIS - FAPEMIG;2213.01.0.1.01.000;8;47;ALIENAÇÃO BENS MÓVEIS SEMOVENTES - PRINC.;20000,00
SECRETARIA DE ESTADO DE DESENVOLVIMENTO ECONÔMICO - SEDE;FUNDAÇÃO DE AMPARO À PESQUISA DO ESTADO DE MINAS GERAIS - FAPEMIG;2400.00.0.0.00.000;2;;TRANSFERÊNCIAS DE CAPITAL;203712,00
SECRETARIA DE ESTADO DE DESENVOLVIMENTO ECONÔMICO - SEDE;FUNDAÇÃO DE AMPARO À PESQUISA DO ESTADO DE MINAS GERAIS - FAPEMIG;2440.00.0.0.00.000;3;;TRANSFERÊNCIAS DE INSTITUIÇÕES PRIVADAS;203712,00
SECRETARIA DE ESTADO DE DESENVOLVIMENTO ECONÔMICO - SEDE;FUNDAÇÃO DE AMPARO À PESQUISA DO ESTADO DE MINAS GERAIS - FAPEMIG;2441.00.0.0.00.000;4;;TRANSFERÊNCIAS DE INSTITUIÇÕES PRIVADAS;203712,00
SECRETARIA DE ESTADO DE DESENVOLVIMENTO ECONÔMICO - SEDE;FUNDAÇÃO DE AMPARO À PESQUISA DO ESTADO DE MINAS GERAIS - FAPEMIG;2441.99.0.0.00.000;5;;OUTRAS TRANSFERÊNCIAS DE INSTITUIÇÕES PRIVADAS;203712,00
SECRETARIA DE ESTADO DE DESENVOLVIMENTO ECONÔMICO - SEDE;FUNDAÇÃO DE AMPARO À PESQUISA DO ESTADO DE MINAS GERAIS - FAPEMIG;2441.99.0.1.00.000;7;;OUTRAS TRANSF. INSTIT. PRIVADAS - PRINCIPAL;203712,00
SECRETARIA DE ESTADO DE DESENVOLVIMENTO ECONÔMICO - SEDE;FUNDAÇÃO DE AMPARO À PESQUISA DO ESTADO DE MINAS GERAIS - FAPEMIG;2441.99.0.1.09.000;8;;OUTRAS TRANSF. INSTIT. PRIVADAS - PRINC. - CONVÊNIOS - CIÊNCIA E TECNOLOGIA;203712,00
SECRETARIA DE ESTADO DE DESENVOLVIMENTO ECONÔMICO - SEDE;FUNDAÇÃO DE AMPARO À PESQUISA DO ESTADO DE MINAS GERAIS - FAPEMIG;2441.99.0.1.09.001;9;68;CIÊNCIA TECNOLOGIA - FUNDAÇÃO RENOVA;203712,00
SECRETARIA DE ESTADO DE MEIO AMBIENTE E DESENVOLVIMENTO SUSTENTÁVEL - SEMAD;FUNDAÇÃO ESTADUAL DO MEIO AMBIENTE - FEAM;1000.00.0.0.00.000;1;;RECEITAS CORRENTES;104274581,00
SECRETARIA DE ESTADO DE MEIO AMBIENTE E DESENVOLVIMENTO SUSTENTÁVEL - SEMAD;FUNDAÇÃO ESTADUAL DO MEIO AMBIENTE - FEAM;1100.00.0.0.00.000;2;;IMPOSTOS, TAXAS E CONTRIBUIÇÕES DE MELHORIA;78335906,00
SECRETARIA DE ESTADO DE MEIO AMBIENTE E DESENVOLVIMENTO SUSTENTÁVEL - SEMAD;FUNDAÇÃO ESTADUAL DO MEIO AMBIENTE - FEAM;1120.00.0.0.00.000;3;;TAXAS;78335906,00
SECRETARIA DE ESTADO DE MEIO AMBIENTE E DESENVOLVIMENTO SUSTENTÁVEL - SEMAD;FUNDAÇÃO ESTADUAL DO MEIO AMBIENTE - FEAM;1121.00.0.0.00.000;4;;TAXAS PELO EXERCÍCIO DO PODER DE POLÍCIA;55930000,00
SECRETARIA DE ESTADO DE MEIO AMBIENTE E DESENVOLVIMENTO SUSTENTÁVEL - SEMAD;FUNDAÇÃO ESTADUAL DO MEIO AMBIENTE - FEAM;1121.04.0.0.00.000;5;;TAXA DE CONTROLE E FISCALIZAÇÃO AMBIENTAL;55930000,00
SECRETARIA DE ESTADO DE MEIO AMBIENTE E DESENVOLVIMENTO SUSTENTÁVEL - SEMAD;FUNDAÇÃO ESTADUAL DO MEIO AMBIENTE - FEAM;1121.04.0.1.00.000;7;;TX. CONTR. FISC. AMBIENT. - PRINCIPAL;49100000,00
SECRETARIA DE ESTADO DE MEIO AMBIENTE E DESENVOLVIMENTO SUSTENTÁVEL - SEMAD;FUNDAÇÃO ESTADUAL DO MEIO AMBIENTE - FEAM;1121.04.0.1.03.000;8;52;TX. CONTR. FISC. AMBIENT. - PRINC. - TAXA DE CONTROLE E FISCALIZAÇÃO AMBIENTAL;40700000,00
SECRETARIA DE ESTADO DE MEIO AMBIENTE E DESENVOLVIMENTO SUSTENTÁVEL - SEMAD;FUNDAÇÃO ESTADUAL DO MEIO AMBIENTE - FEAM;1121.04.0.1.04.000;8;91;TX. CONTR. FISC. AMBIENT. - PRINC. - TAXA DE REGULARIZAÇÃO AMBIENTAL;7570000,00
SECRETARIA DE ESTADO DE MEIO AMBIENTE E DESENVOLVIMENTO SUSTENTÁVEL - SEMAD;FUNDAÇÃO ESTADUAL DO MEIO AMBIENTE - FEAM;1121.04.0.1.09.000;8;91;TX. CONTR. FISC. AMBIENT. - PRINC. - TAXA DE REPROGRAFIA, CERTIDÕES E JULGAMENTO DE CONTENCIOSO;830000,00
SECRETARIA DE ESTADO DE MEIO AMBIENTE E DESENVOLVIMENTO SUSTENTÁVEL - SEMAD;FUNDAÇÃO ESTADUAL DO MEIO AMBIENTE - FEAM;1121.04.0.2.00.000;7;;TX. CONTR. FISC. AMBIENT. - MULTAS E JUROS DE MORA;2840000,00
SECRETARIA DE ESTADO DE MEIO AMBIENTE E DESENVOLVIMENTO SUSTENTÁVEL - SEMAD;FUNDAÇÃO ESTADUAL DO MEIO AMBIENTE - FEAM;1121.04.0.2.03.000;8;52;TX. CONTR. FISC. AMBIENT. - MJM - TAXA DE CONTROLE E FISCALIZAÇÃO AMBIENTAL;2840000,00
SECRETARIA DE ESTADO DE MEIO AMBIENTE E DESENVOLVIMENTO SUSTENTÁVEL - SEMAD;FUNDAÇÃO ESTADUAL DO MEIO AMBIENTE - FEAM;1121.04.0.3.00.000;7;;TX. CONTR. FISC. AMBIENT. - DÍVIDA ATIVA;790000,00
SECRETARIA DE ESTADO DE MEIO AMBIENTE E DESENVOLVIMENTO SUSTENTÁVEL - SEMAD;FUNDAÇÃO ESTADUAL DO MEIO AMBIENTE - FEAM;1121.04.0.3.03.000;8;52;TX. CONTR. FISC. AMBIENT. - DA - TAXA DE CONTROLE E FISCALIZAÇÃO AMBIENTAL;790000,00
SECRETARIA DE ESTADO DE MEIO AMBIENTE E DESENVOLVIMENTO SUSTENTÁVEL - SEMAD;FUNDAÇÃO ESTADUAL DO MEIO AMBIENTE - FEAM;1121.04.0.4.00.000;7;;TX. CONTR. FISC. AMBIENT. - DÍVIDA ATIVA - MULTAS E JUROS DE MORA;3200000,00
SECRETARIA DE ESTADO DE MEIO AMBIENTE E DESENVOLVIMENTO SUSTENTÁVEL - SEMAD;FUNDAÇÃO ESTADUAL DO MEIO AMBIENTE - FEAM;1121.04.0.4.03.000;8;52;TX. CONTR. FISC. AMBIENT. - DA-MJM - TAXA DE CONTROLE E FISCALIZAÇÃO AMBIENTAL;3200000,00
SECRETARIA DE ESTADO DE MEIO AMBIENTE E DESENVOLVIMENTO SUSTENTÁVEL - SEMAD;FUNDAÇÃO ESTADUAL DO MEIO AMBIENTE - FEAM;1122.00.0.0.00.000;4;;TAXAS PELA PRESTAÇÃO DE SERVIÇOS;22405906,00
SECRETARIA DE ESTADO DE MEIO AMBIENTE E DESENVOLVIMENTO SUSTENTÁVEL - SEMAD;FUNDAÇÃO ESTADUAL DO MEIO AMBIENTE - FEAM;1122.01.0.0.00.000;5;;TAXAS PELA PRESTAÇÃO DE SERVIÇOS EM GERAL;22405906,00
SECRETARIA DE ESTADO DE MEIO AMBIENTE E DESENVOLVIMENTO SUSTENTÁVEL - SEMAD;FUNDAÇÃO ESTADUAL DO MEIO AMBIENTE - FEAM;1122.01.0.1.00.000;7;;TX. PREST. SERV. G. - PRINCIPAL;22405906,00
SECRETARIA DE ESTADO DE MEIO AMBIENTE E DESENVOLVIMENTO SUSTENTÁVEL - SEMAD;FUNDAÇÃO ESTADUAL DO MEIO AMBIENTE - FEAM;1122.01.0.1.01.000;8;;TX. PREST. SERV. G. - PRINC. - TAXA DE EXPEDIENTE;22405906,00
SECRETARIA DE ESTADO DE MEIO AMBIENTE E DESENVOLVIMENTO SUSTENTÁVEL - SEMAD;FUNDAÇÃO ESTADUAL DO MEIO AMBIENTE - FEAM;1122.01.0.1.01.011;9;91;TX. PREST. SERV. G. - PRINC. - TX. EXP. - ATOS DE AUTORIDADE ADMINISTRATIVA DO SISTEMA ESTADUAL DE MEIO AMBIENTE E RECURSOS HÍDRICOS - SISEMA;22405906,00
SECRETARIA DE ESTADO DE MEIO AMBIENTE E DESENVOLVIMENTO SUSTENTÁVEL - SEMAD;FUNDAÇÃO ESTADUAL DO MEIO AMBIENTE - FEAM;1300.00.0.0.00.000;2;;RECEITA PATRIMONIAL;668675,00
SECRETARIA DE ESTADO DE MEIO AMBIENTE E DESENVOLVIMENTO SUSTENTÁVEL - SEMAD;FUNDAÇÃO ESTADUAL DO MEIO AMBIENTE - FEAM;1320.00.0.0.00.000;3;;VALORES MOBILIÁRIOS;668675,00
SECRETARIA DE ESTADO DE MEIO AMBIENTE E DESENVOLVIMENTO SUSTENTÁVEL - SEMAD;FUNDAÇÃO ESTADUAL DO MEIO AMBIENTE - FEAM;1321.00.0.0.00.000;4;;JUROS E CORREÇÕES MONETÁRIAS;668675,00
SECRETARIA DE ESTADO DE MEIO AMBIENTE E DESENVOLVIMENTO SUSTENTÁVEL - SEMAD;FUNDAÇÃO ESTADUAL DO MEIO AMBIENTE - FEAM;1321.01.0.0.00.000;5;;REMUNERAÇÃO DE DEPÓSITOS BANCÁRIOS;668675,00
SECRETARIA DE ESTADO DE MEIO AMBIENTE E DESENVOLVIMENTO SUSTENTÁVEL - SEMAD;FUNDAÇÃO ESTADUAL DO MEIO AMBIENTE - FEAM;1321.01.0.1.00.000;7;;REMUNERAÇÃO DEPÓSITOS BANCÁRIOS - PRINCIPAL;668675,00
SECRETARIA DE ESTADO DE MEIO AMBIENTE E DESENVOLVIMENTO SUSTENTÁVEL - SEMAD;FUNDAÇÃO ESTADUAL DO MEIO AMBIENTE - FEAM;1321.01.0.1.01.000;8;9;REMUNERAÇÃO DEPÓSITOS BANCÁRIOS - PRINC.;668675,00
SECRETARIA DE ESTADO DE MEIO AMBIENTE E DESENVOLVIMENTO SUSTENTÁVEL - SEMAD;FUNDAÇÃO ESTADUAL DO MEIO AMBIENTE - FEAM;1600.00.0.0.00.000;2;;RECEITA DE SERVIÇOS;8614000,00
SECRETARIA DE ESTADO DE MEIO AMBIENTE E DESENVOLVIMENTO SUSTENTÁVEL - SEMAD;FUNDAÇÃO ESTADUAL DO MEIO AMBIENTE - FEAM;1610.00.0.0.00.000;3;;SERVIÇOS ADMINISTRATIVOS E COMERCIAIS GERAIS;114000,00
SECRETARIA DE ESTADO DE MEIO AMBIENTE E DESENVOLVIMENTO SUSTENTÁVEL - SEMAD;FUNDAÇÃO ESTADUAL DO MEIO AMBIENTE - FEAM;1611.00.0.0.00.000;4;;SERVIÇOS ADMINISTRATIVOS E COMERCIAIS GERAIS;114000,00
SECRETARIA DE ESTADO DE MEIO AMBIENTE E DESENVOLVIMENTO SUSTENTÁVEL - SEMAD;FUNDAÇÃO ESTADUAL DO MEIO AMBIENTE - FEAM;1611.01.0.0.00.000;5;;SERVIÇOS ADMINISTRATIVOS E COMERCIAIS GERAIS;114000,00
SECRETARIA DE ESTADO DE MEIO AMBIENTE E DESENVOLVIMENTO SUSTENTÁVEL - SEMAD;FUNDAÇÃO ESTADUAL DO MEIO AMBIENTE - FEAM;1611.01.0.1.00.000;7;;SERVIÇOS ADM. COMERC. GER. - PRINCIPAL;114000,00
SECRETARIA DE ESTADO DE MEIO AMBIENTE E DESENVOLVIMENTO SUSTENTÁVEL - SEMAD;FUNDAÇÃO ESTADUAL DO MEIO AMBIENTE - FEAM;1611.01.0.1.28.000;8;60;SERVIÇOS ADM. COMERC. GER. - PRINC. - CONSULTORIA, ASSISTÊNCIA TÉCNICA E ANÁLISE DE PROJETOS;4000,00
SECRETARIA DE ESTADO DE MEIO AMBIENTE E DESENVOLVIMENTO SUSTENTÁVEL - SEMAD;FUNDAÇÃO ESTADUAL DO MEIO AMBIENTE - FEAM;1611.01.0.1.99.000;8;;SERVIÇOS ADM. COMERC. GER. - PRINC. - DEMAIS;110000,00
SECRETARIA DE ESTADO DE MEIO AMBIENTE E DESENVOLVIMENTO SUSTENTÁVEL - SEMAD;FUNDAÇÃO ESTADUAL DO MEIO AMBIENTE - FEAM;1611.01.0.1.99.001;9;60;SERVIÇOS ADM. COMERC. GER. - PRINC. - DEMAIS - SERVIÇOS ADMINISTRATIVOS;110000,00
SECRETARIA DE ESTADO DE MEIO AMBIENTE E DESENVOLVIMENTO SUSTENTÁVEL - SEMAD;FUNDAÇÃO ESTADUAL DO MEIO AMBIENTE - FEAM;1690.00.0.0.00.000;3;;OUTROS SERVIÇOS;8500000,00
SECRETARIA DE ESTADO DE MEIO AMBIENTE E DESENVOLVIMENTO SUSTENTÁVEL - SEMAD;FUNDAÇÃO ESTADUAL DO MEIO AMBIENTE - FEAM;1699.00.0.0.00.000;4;;OUTROS SERVIÇOS;8500000,00
SECRETARIA DE ESTADO DE MEIO AMBIENTE E DESENVOLVIMENTO SUSTENTÁVEL - SEMAD;FUNDAÇÃO ESTADUAL DO MEIO AMBIENTE - FEAM;1699.99.0.0.00.000;5;;OUTROS SERVIÇOS;8500000,00
SECRETARIA DE ESTADO DE MEIO AMBIENTE E DESENVOLVIMENTO SUSTENTÁVEL - SEMAD;FUNDAÇÃO ESTADUAL DO MEIO AMBIENTE - FEAM;1699.99.0.3.00.000;7;;OUTROS SERVIÇOS - DÍVIDA ATIVA;8500000,00
SECRETARIA DE ESTADO DE MEIO AMBIENTE E DESENVOLVIMENTO SUSTENTÁVEL - SEMAD;FUNDAÇÃO ESTADUAL DO MEIO AMBIENTE - FEAM;1699.99.0.3.01.000;8;60;OUTROS SERVIÇOS - DA;8500000,00
SECRETARIA DE ESTADO DE MEIO AMBIENTE E DESENVOLVIMENTO SUSTENTÁVEL - SEMAD;FUNDAÇÃO ESTADUAL DO MEIO AMBIENTE - FEAM;1900.00.0.0.00.000;2;;OUTRAS RECEITAS CORRENTES;16656000,00
SECRETARIA DE ESTADO DE MEIO AMBIENTE E DESENVOLVIMENTO SUSTENTÁVEL - SEMAD;FUNDAÇÃO ESTADUAL DO MEIO AMBIENTE - FEAM;1910.00.0.0.00.000;3;;MULTAS ADMINISTRATIVAS, CONTRATUAIS E JUDICIAIS;11000000,00
SECRETARIA DE ESTADO DE MEIO AMBIENTE E DESENVOLVIMENTO SUSTENTÁVEL - SEMAD;FUNDAÇÃO ESTADUAL DO MEIO AMBIENTE - FEAM;1911.00.0.0.00.000;4;;MULTAS ADMINISTRATIVAS, CONTRATUAIS E JUDICIAIS;11000000,00
SECRETARIA DE ESTADO DE MEIO AMBIENTE E DESENVOLVIMENTO SUSTENTÁVEL - SEMAD;FUNDAÇÃO ESTADUAL DO MEIO AMBIENTE - FEAM;1911.06.0.0.00.000;5;;MULTAS POR DANOS AMBIENTAIS;11000000,00
SECRETARIA DE ESTADO DE MEIO AMBIENTE E DESENVOLVIMENTO SUSTENTÁVEL - SEMAD;FUNDAÇÃO ESTADUAL DO MEIO AMBIENTE - FEAM;1911.06.1.0.00.000;6;;MULTAS ADMINISTRATIVAS POR DANOS AMBIENTAIS;11000000,00
SECRETARIA DE ESTADO DE MEIO AMBIENTE E DESENVOLVIMENTO SUSTENTÁVEL - SEMAD;FUNDAÇÃO ESTADUAL DO MEIO AMBIENTE - FEAM;1911.06.1.1.00.000;7;;MULTAS ADM. DANOS AMBIENTAIS - PRINCIPAL;10400000,00
SECRETARIA DE ESTADO DE MEIO AMBIENTE E DESENVOLVIMENTO SUSTENTÁVEL - SEMAD;FUNDAÇÃO ESTADUAL DO MEIO AMBIENTE - FEAM;1911.06.1.1.01.000;8;60;MULTAS ADM. DANOS AMBIENTAIS - PRINC.;9900000,00
SECRETARIA DE ESTADO DE MEIO AMBIENTE E DESENVOLVIMENTO SUSTENTÁVEL - SEMAD;FUNDAÇÃO ESTADUAL DO MEIO AMBIENTE - FEAM;1911.06.1.1.01.000;8;79;MULTAS ADM. DANOS AMBIENTAIS - PRINC.;500000,00
SECRETARIA DE ESTADO DE MEIO AMBIENTE E DESENVOLVIMENTO SUSTENTÁVEL - SEMAD;FUNDAÇÃO ESTADUAL DO MEIO AMBIENTE - FEAM;1911.06.1.2.00.000;7;;MULTAS ADM. DANOS AMBIENTAIS - MULTAS E JUROS DE MORA;600000,00
SECRETARIA DE ESTADO DE MEIO AMBIENTE E DESENVOLVIMENTO SUSTENTÁVEL - SEMAD;FUNDAÇÃO ESTADUAL DO MEIO AMBIENTE - FEAM;1911.06.1.2.01.000;8;60;MULTAS ADM. DANOS AMBIENTAIS - MJM;600000,00
SECRETARIA DE ESTADO DE MEIO AMBIENTE E DESENVOLVIMENTO SUSTENTÁVEL - SEMAD;FUNDAÇÃO ESTADUAL DO MEIO AMBIENTE - FEAM;1920.00.0.0.00.000;3;;INDENIZAÇÕES, RESTITUIÇÕES E RESSARCIMENTOS;5656000,00
SECRETARIA DE ESTADO DE MEIO AMBIENTE E DESENVOLVIMENTO SUSTENTÁVEL - SEMAD;FUNDAÇÃO ESTADUAL DO MEIO AMBIENTE - FEAM;1921.00.0.0.00.000;4;;INDENIZAÇÕES;5600000,00
SECRETARIA DE ESTADO DE MEIO AMBIENTE E DESENVOLVIMENTO SUSTENTÁVEL - SEMAD;FUNDAÇÃO ESTADUAL DO MEIO AMBIENTE - FEAM;1921.99.0.0.00.000;5;;OUTRAS INDENIZAÇÕES;5600000,00
SECRETARIA DE ESTADO DE MEIO AMBIENTE E DESENVOLVIMENTO SUSTENTÁVEL - SEMAD;FUNDAÇÃO ESTADUAL DO MEIO AMBIENTE - FEAM;1921.99.0.1.01.000;8;59;OUTRAS INDENIZAÇÕES - PRINC. - IMPACTOS E DANOS AMBIENTAIS;5600000,00
SECRETARIA DE ESTADO DE MEIO AMBIENTE E DESENVOLVIMENTO SUSTENTÁVEL - SEMAD;FUNDAÇÃO ESTADUAL DO MEIO AMBIENTE - FEAM;1922.00.0.0.00.000;4;;RESTITUIÇÕES;56000,00
SECRETARIA DE ESTADO DE MEIO AMBIENTE E DESENVOLVIMENTO SUSTENTÁVEL - SEMAD;FUNDAÇÃO ESTADUAL DO MEIO AMBIENTE - FEAM;1922.52.0.0.00.000;5;;RESTITUIÇÃO DE REMUNERAÇÃO DE FOLHA DE PAGAMENTO - PESSOAL ATIVO;28000,00
SECRETARIA DE ESTADO DE MEIO AMBIENTE E DESENVOLVIMENTO SUSTENTÁVEL - SEMAD;FUNDAÇÃO ESTADUAL DO MEIO AMBIENTE - FEAM;1922.52.0.1.00.000;7;;RESTITUIÇÃO REMUNERAÇÃO FOLHA PAGAMENTO - PESSOAL ATIVO - PRINCIPAL;28000,00
SECRETARIA DE ESTADO DE MEIO AMBIENTE E DESENVOLVIMENTO SUSTENTÁVEL - SEMAD;FUNDAÇÃO ESTADUAL DO MEIO AMBIENTE - FEAM;1922.52.0.1.01.000;8;52;RESTITUIÇÃO REMUNERAÇÃO FOLHA PAGAMENTO - PESSOAL ATIVO - PRINC.;3000,00
SECRETARIA DE ESTADO DE MEIO AMBIENTE E DESENVOLVIMENTO SUSTENTÁVEL - SEMAD;FUNDAÇÃO ESTADUAL DO MEIO AMBIENTE - FEAM;1922.52.0.1.01.000;8;60;RESTITUIÇÃO REMUNERAÇÃO FOLHA PAGAMENTO - PESSOAL ATIVO - PRINC.;25000,00
SECRETARIA DE ESTADO DE MEIO AMBIENTE E DESENVOLVIMENTO SUSTENTÁVEL - SEMAD;FUNDAÇÃO ESTADUAL DO MEIO AMBIENTE - FEAM;1922.99.0.0.00.000;5;;OUTRAS RESTITUIÇÕES;28000,00
SECRETARIA DE ESTADO DE MEIO AMBIENTE E DESENVOLVIMENTO SUSTENTÁVEL - SEMAD;FUNDAÇÃO ESTADUAL DO MEIO AMBIENTE - FEAM;1922.99.0.1.00.000;7;;OUTRAS RESTITUIÇÕES - PRINCIPAL;28000,00
SECRETARIA DE ESTADO DE MEIO AMBIENTE E DESENVOLVIMENTO SUSTENTÁVEL - SEMAD;FUNDAÇÃO ESTADUAL DO MEIO AMBIENTE - FEAM;1922.99.0.1.99.000;8;52;OUTRAS RESTITUIÇÕES - PRINC. - DEMAIS;3000,00
SECRETARIA DE ESTADO DE MEIO AMBIENTE E DESENVOLVIMENTO SUSTENTÁVEL - SEMAD;FUNDAÇÃO ESTADUAL DO MEIO AMBIENTE - FEAM;1922.99.0.1.99.000;8;60;OUTRAS RESTITUIÇÕES - PRINC. - DEMAIS;25000,00
SECRETARIA DE ESTADO DE MEIO AMBIENTE E DESENVOLVIMENTO SUSTENTÁVEL - SEMAD;FUNDAÇÃO ESTADUAL DO MEIO AMBIENTE - FEAM;2000.00.0.0.00.000;1;;RECEITAS DE CAPITAL;10000,00
SECRETARIA DE ESTADO DE MEIO AMBIENTE E DESENVOLVIMENTO SUSTENTÁVEL - SEMAD;FUNDAÇÃO ESTADUAL DO MEIO AMBIENTE - FEAM;2200.00.0.0.00.000;2;;ALIENAÇÃO DE BENS;10000,00
SECRETARIA DE ESTADO DE MEIO AMBIENTE E DESENVOLVIMENTO SUSTENTÁVEL - SEMAD;FUNDAÇÃO ESTADUAL DO MEIO AMBIENTE - FEAM;2210.00.0.0.00.000;3;;ALIENAÇÃO DE BENS MÓVEIS;10000,00
SECRETARIA DE ESTADO DE MEIO AMBIENTE E DESENVOLVIMENTO SUSTENTÁVEL - SEMAD;FUNDAÇÃO ESTADUAL DO MEIO AMBIENTE - FEAM;2213.00.0.0.00.000;4;;ALIENAÇÃO DE BENS MÓVEIS E SEMOVENTES;10000,00
SECRETARIA DE ESTADO DE MEIO AMBIENTE E DESENVOLVIMENTO SUSTENTÁVEL - SEMAD;FUNDAÇÃO ESTADUAL DO MEIO AMBIENTE - FEAM;2213.01.0.0.00.000;5;;ALIENAÇÃO DE BENS MÓVEIS E SEMOVENTES;10000,00
SECRETARIA DE ESTADO DE MEIO AMBIENTE E DESENVOLVIMENTO SUSTENTÁVEL - SEMAD;FUNDAÇÃO ESTADUAL DO MEIO AMBIENTE - FEAM;2213.01.0.1.00.000;7;;ALIENAÇÃO BENS MÓVEIS SEMOVENTES - PRINCIPAL;10000,00
SECRETARIA DE ESTADO DE MEIO AMBIENTE E DESENVOLVIMENTO SUSTENTÁVEL - SEMAD;FUNDAÇÃO ESTADUAL DO MEIO AMBIENTE - FEAM;2213.01.0.1.01.000;8;47;ALIENAÇÃO BENS MÓVEIS SEMOVENTES - PRINC.;10000,00
SECRETARIA DE ESTADO DE MEIO AMBIENTE E DESENVOLVIMENTO SUSTENTÁVEL - SEMAD;INSTITUTO ESTADUAL DE FLORESTAS - IEF;1000.00.0.0.00.000;1;;RECEITAS CORRENTES;202224342,00
SECRETARIA DE ESTADO DE MEIO AMBIENTE E DESENVOLVIMENTO SUSTENTÁVEL - SEMAD;INSTITUTO ESTADUAL DE FLORESTAS - IEF;1100.00.0.0.00.000;2;;IMPOSTOS, TAXAS E CONTRIBUIÇÕES DE MELHORIA;133181444,00
SECRETARIA DE ESTADO DE MEIO AMBIENTE E DESENVOLVIMENTO SUSTENTÁVEL - SEMAD;INSTITUTO ESTADUAL DE FLORESTAS - IEF;1120.00.0.0.00.000;3;;TAXAS;133181444,00
SECRETARIA DE ESTADO DE MEIO AMBIENTE E DESENVOLVIMENTO SUSTENTÁVEL - SEMAD;INSTITUTO ESTADUAL DE FLORESTAS - IEF;1121.00.0.0.00.000;4;;TAXAS PELO EXERCÍCIO DO PODER DE POLÍCIA;133181444,00
SECRETARIA DE ESTADO DE MEIO AMBIENTE E DESENVOLVIMENTO SUSTENTÁVEL - SEMAD;INSTITUTO ESTADUAL DE FLORESTAS - IEF;1121.04.0.0.00.000;5;;TAXA DE CONTROLE E FISCALIZAÇÃO AMBIENTAL;133181444,00
SECRETARIA DE ESTADO DE MEIO AMBIENTE E DESENVOLVIMENTO SUSTENTÁVEL - SEMAD;INSTITUTO ESTADUAL DE FLORESTAS - IEF;1121.04.0.1.00.000;7;;TX. CONTR. FISC. AMBIENT. - PRINCIPAL;130778444,00
SECRETARIA DE ESTADO DE MEIO AMBIENTE E DESENVOLVIMENTO SUSTENTÁVEL - SEMAD;INSTITUTO ESTADUAL DE FLORESTAS - IEF;1121.04.0.1.01.000;8;26;TX. CONTR. FISC. AMBIENT. - PRINC. - TAXA FLORESTAL;107128444,00
SECRETARIA DE ESTADO DE MEIO AMBIENTE E DESENVOLVIMENTO SUSTENTÁVEL - SEMAD;INSTITUTO ESTADUAL DE FLORESTAS - IEF;1121.04.0.1.03.000;8;52;TX. CONTR. FISC. AMBIENT. - PRINC. - TAXA DE CONTROLE E FISCALIZAÇÃO AMBIENTAL;2400000,00
SECRETARIA DE ESTADO DE MEIO AMBIENTE E DESENVOLVIMENTO SUSTENTÁVEL - SEMAD;INSTITUTO ESTADUAL DE FLORESTAS - IEF;1121.04.0.1.05.000;8;91;TX. CONTR. FISC. AMBIENT. - PRINC. - TAXA DA LEI DA PESCA;2900000,00
SECRETARIA DE ESTADO DE MEIO AMBIENTE E DESENVOLVIMENTO SUSTENTÁVEL - SEMAD;INSTITUTO ESTADUAL DE FLORESTAS - IEF;1121.04.0.1.06.000;8;91;TX. CONTR. FISC. AMBIENT. - PRINC. - TAXA DE LIBERAÇÃO E MANEJO DA FAUNA E FLORA;400000,00
SECRETARIA DE ESTADO DE MEIO AMBIENTE E DESENVOLVIMENTO SUSTENTÁVEL - SEMAD;INSTITUTO ESTADUAL DE FLORESTAS - IEF;1121.04.0.1.07.000;8;91;TX. CONTR. FISC. AMBIENT. - PRINC. - TAXA DA LEI DE POLÍTICA FLORESTAL;17800000,00
SECRETARIA DE ESTADO DE MEIO AMBIENTE E DESENVOLVIMENTO SUSTENTÁVEL - SEMAD;INSTITUTO ESTADUAL DE FLORESTAS - IEF;1121.04.0.1.09.000;8;91;TX. CONTR. FISC. AMBIENT. - PRINC. - TAXA DE REPROGRAFIA, CERTIDÕES E JULGAMENTO DE CONTENCIOSO;150000,00
SECRETARIA DE ESTADO DE MEIO AMBIENTE E DESENVOLVIMENTO SUSTENTÁVEL - SEMAD;INSTITUTO ESTADUAL DE FLORESTAS - IEF;1121.04.0.2.00.000;7;;TX. CONTR. FISC. AMBIENT. - MULTAS E JUROS DE MORA;1000,00
SECRETARIA DE ESTADO DE MEIO AMBIENTE E DESENVOLVIMENTO SUSTENTÁVEL - SEMAD;INSTITUTO ESTADUAL DE FLORESTAS - IEF;1121.04.0.2.01.000;8;26;TX. CONTR. FISC. AMBIENT. - MJM - TAXA FLORESTAL;1000,00
SECRETARIA DE ESTADO DE MEIO AMBIENTE E DESENVOLVIMENTO SUSTENTÁVEL - SEMAD;INSTITUTO ESTADUAL DE FLORESTAS - IEF;1121.04.0.3.00.000;7;;TX. CONTR. FISC. AMBIENT. - DÍVIDA ATIVA;2000,00
SECRETARIA DE ESTADO DE MEIO AMBIENTE E DESENVOLVIMENTO SUSTENTÁVEL - SEMAD;INSTITUTO ESTADUAL DE FLORESTAS - IEF;1121.04.0.3.01.000;8;26;TX. CONTR. FISC. AMBIENT. - DA - TAXA FLORESTAL;1000,00
SECRETARIA DE ESTADO DE MEIO AMBIENTE E DESENVOLVIMENTO SUSTENTÁVEL - SEMAD;INSTITUTO ESTADUAL DE FLORESTAS - IEF;1121.04.0.3.03.000;8;52;TX. CONTR. FISC. AMBIENT. - DA - TAXA DE CONTROLE E FISCALIZAÇÃO AMBIENTAL;1000,00
SECRETARIA DE ESTADO DE MEIO AMBIENTE E DESENVOLVIMENTO SUSTENTÁVEL - SEMAD;INSTITUTO ESTADUAL DE FLORESTAS - IEF;1121.04.0.4.00.000;7;;TX. CONTR. FISC. AMBIENT. - DÍVIDA ATIVA - MULTAS E JUROS DE MORA;2400000,00
SECRETARIA DE ESTADO DE MEIO AMBIENTE E DESENVOLVIMENTO SUSTENTÁVEL - SEMAD;INSTITUTO ESTADUAL DE FLORESTAS - IEF;1121.04.0.4.03.000;8;52;TX. CONTR. FISC. AMBIENT. - DA-MJM - TAXA DE CONTROLE E FISCALIZAÇÃO AMBIENTAL;2400000,00
SECRETARIA DE ESTADO DE MEIO AMBIENTE E DESENVOLVIMENTO SUSTENTÁVEL - SEMAD;INSTITUTO ESTADUAL DE FLORESTAS - IEF;1300.00.0.0.00.000;2;;RECEITA PATRIMONIAL;48346600,00
SECRETARIA DE ESTADO DE MEIO AMBIENTE E DESENVOLVIMENTO SUSTENTÁVEL - SEMAD;INSTITUTO ESTADUAL DE FLORESTAS - IEF;1320.00.0.0.00.000;3;;VALORES MOBILIÁRIOS;241600,00
SECRETARIA DE ESTADO DE MEIO AMBIENTE E DESENVOLVIMENTO SUSTENTÁVEL - SEMAD;INSTITUTO ESTADUAL DE FLORESTAS - IEF;1321.00.0.0.00.000;4;;JUROS E CORREÇÕES MONETÁRIAS;241600,00
SECRETARIA DE ESTADO DE MEIO AMBIENTE E DESENVOLVIMENTO SUSTENTÁVEL - SEMAD;INSTITUTO ESTADUAL DE FLORESTAS - IEF;1321.01.0.0.00.000;5;;REMUNERAÇÃO DE DEPÓSITOS BANCÁRIOS;241600,00
SECRETARIA DE ESTADO DE MEIO AMBIENTE E DESENVOLVIMENTO SUSTENTÁVEL - SEMAD;INSTITUTO ESTADUAL DE FLORESTAS - IEF;1321.01.0.1.00.000;7;;REMUNERAÇÃO DEPÓSITOS BANCÁRIOS - PRINCIPAL;241600,00
SECRETARIA DE ESTADO DE MEIO AMBIENTE E DESENVOLVIMENTO SUSTENTÁVEL - SEMAD;INSTITUTO ESTADUAL DE FLORESTAS - IEF;1321.01.0.1.01.000;8;9;REMUNERAÇÃO DEPÓSITOS BANCÁRIOS - PRINC.;145500,00
SECRETARIA DE ESTADO DE MEIO AMBIENTE E DESENVOLVIMENTO SUSTENTÁVEL - SEMAD;INSTITUTO ESTADUAL DE FLORESTAS - IEF;1321.01.0.1.01.000;8;24;REMUNERAÇÃO DEPÓSITOS BANCÁRIOS - PRINC.;27000,00
SECRETARIA DE ESTADO DE MEIO AMBIENTE E DESENVOLVIMENTO SUSTENTÁVEL - SEMAD;INSTITUTO ESTADUAL DE FLORESTAS - IEF;1321.01.0.1.01.000;8;68;REMUNERAÇÃO DEPÓSITOS BANCÁRIOS - PRINC.;2900,00
SECRETARIA DE ESTADO DE MEIO AMBIENTE E DESENVOLVIMENTO SUSTENTÁVEL - SEMAD;INSTITUTO ESTADUAL DE FLORESTAS - IEF;1321.01.0.1.01.000;8;69;REMUNERAÇÃO DEPÓSITOS BANCÁRIOS - PRINC.;60100,00
SECRETARIA DE ESTADO DE MEIO AMBIENTE E DESENVOLVIMENTO SUSTENTÁVEL - SEMAD;INSTITUTO ESTADUAL DE FLORESTAS - IEF;1321.01.0.1.01.000;8;74;REMUNERAÇÃO DEPÓSITOS BANCÁRIOS - PRINC.;6100,00
SECRETARIA DE ESTADO DE MEIO AMBIENTE E DESENVOLVIMENTO SUSTENTÁVEL - SEMAD;INSTITUTO ESTADUAL DE FLORESTAS - IEF;1340.00.0.0.00.000;3;;EXPLORAÇÃO DE RECURSOS NATURAIS;48105000,00
SECRETARIA DE ESTADO DE MEIO AMBIENTE E DESENVOLVIMENTO SUSTENTÁVEL - SEMAD;INSTITUTO ESTADUAL DE FLORESTAS - IEF;1349.00.0.0.00.000;4;;EXPLORAÇÃO DE OUTROS RECURSOS NATURAIS;48105000,00
SECRETARIA DE ESTADO DE MEIO AMBIENTE E DESENVOLVIMENTO SUSTENTÁVEL - SEMAD;INSTITUTO ESTADUAL DE FLORESTAS - IEF;1349.01.0.0.00.000;5;;COMPENSAÇÕES AMBIENTAIS;48105000,00
SECRETARIA DE ESTADO DE MEIO AMBIENTE E DESENVOLVIMENTO SUSTENTÁVEL - SEMAD;INSTITUTO ESTADUAL DE FLORESTAS - IEF;1349.01.0.1.00.000;7;;COMPENSAÇÕES AMBIENTAIS - PRINCIPAL;48105000,00
SECRETARIA DE ESTADO DE MEIO AMBIENTE E DESENVOLVIMENTO SUSTENTÁVEL - SEMAD;INSTITUTO ESTADUAL DE FLORESTAS - IEF;1349.01.0.1.01.000;8;61;COMPENSAÇÕES AMBIENTAIS - PRINC. - REPOSIÇÃO FLORESTAL;30600000,00
SECRETARIA DE ESTADO DE MEIO AMBIENTE E DESENVOLVIMENTO SUSTENTÁVEL - SEMAD;INSTITUTO ESTADUAL DE FLORESTAS - IEF;1349.01.0.1.02.000;8;61;COMPENSAÇÕES AMBIENTAIS - PRINC. - REPOSIÇÃO DA PESCA;5000,00
SECRETARIA DE ESTADO DE MEIO AMBIENTE E DESENVOLVIMENTO SUSTENTÁVEL - SEMAD;INSTITUTO ESTADUAL DE FLORESTAS - IEF;1349.01.0.1.99.000;8;61;COMPENSAÇÕES AMBIENTAIS - PRINC. - DEMAIS;17500000,00
SECRETARIA DE ESTADO DE MEIO AMBIENTE E DESENVOLVIMENTO SUSTENTÁVEL - SEMAD;INSTITUTO ESTADUAL DE FLORESTAS - IEF;1600.00.0.0.00.000;2;;RECEITA DE SERVIÇOS;10951000,00
SECRETARIA DE ESTADO DE MEIO AMBIENTE E DESENVOLVIMENTO SUSTENTÁVEL - SEMAD;INSTITUTO ESTADUAL DE FLORESTAS - IEF;1610.00.0.0.00.000;3;;SERVIÇOS ADMINISTRATIVOS E COMERCIAIS GERAIS;6351000,00
SECRETARIA DE ESTADO DE MEIO AMBIENTE E DESENVOLVIMENTO SUSTENTÁVEL - SEMAD;INSTITUTO ESTADUAL DE FLORESTAS - IEF;1611.00.0.0.00.000;4;;SERVIÇOS ADMINISTRATIVOS E COMERCIAIS GERAIS;6351000,00
SECRETARIA DE ESTADO DE MEIO AMBIENTE E DESENVOLVIMENTO SUSTENTÁVEL - SEMAD;INSTITUTO ESTADUAL DE FLORESTAS - IEF;1611.01.0.0.00.000;5;;SERVIÇOS ADMINISTRATIVOS E COMERCIAIS GERAIS;6351000,00
SECRETARIA DE ESTADO DE MEIO AMBIENTE E DESENVOLVIMENTO SUSTENTÁVEL - SEMAD;INSTITUTO ESTADUAL DE FLORESTAS - IEF;1611.01.0.1.00.000;7;;SERVIÇOS ADM. COMERC. GER. - PRINCIPAL;6351000,00
SECRETARIA DE ESTADO DE MEIO AMBIENTE E DESENVOLVIMENTO SUSTENTÁVEL - SEMAD;INSTITUTO ESTADUAL DE FLORESTAS - IEF;1611.01.0.1.16.000;8;60;SERVIÇOS ADM. COMERC. GER. - PRINC. - MEIO AMBIENTE;1000,00
SECRETARIA DE ESTADO DE MEIO AMBIENTE E DESENVOLVIMENTO SUSTENTÁVEL - SEMAD;INSTITUTO ESTADUAL DE FLORESTAS - IEF;1611.01.0.1.18.000;8;61;SERVIÇOS ADM. COMERC. GER. - PRINC. - VISITAÇÃO DAS UNIDADES DE CONSERVAÇÃO DA NATUREZA;250000,00
SECRETARIA DE ESTADO DE MEIO AMBIENTE E DESENVOLVIMENTO SUSTENTÁVEL - SEMAD;INSTITUTO ESTADUAL DE FLORESTAS - IEF;1611.01.0.1.21.000;8;60;SERVIÇOS ADM. COMERC. GER. - PRINC. - GESTÃO DE CRIADORES DE PASSEIFORMES SILVESTRES;6100000,00
SECRETARIA DE ESTADO DE MEIO AMBIENTE E DESENVOLVIMENTO SUSTENTÁVEL - SEMAD;INSTITUTO ESTADUAL DE FLORESTAS - IEF;1690.00.0.0.00.000;3;;OUTROS SERVIÇOS;4600000,00
SECRETARIA DE ESTADO DE MEIO AMBIENTE E DESENVOLVIMENTO SUSTENTÁVEL - SEMAD;INSTITUTO ESTADUAL DE FLORESTAS - IEF;1699.00.0.0.00.000;4;;OUTROS SERVIÇOS;4600000,00
SECRETARIA DE ESTADO DE MEIO AMBIENTE E DESENVOLVIMENTO SUSTENTÁVEL - SEMAD;INSTITUTO ESTADUAL DE FLORESTAS - IEF;1699.99.0.0.00.000;5;;OUTROS SERVIÇOS;4600000,00
SECRETARIA DE ESTADO DE MEIO AMBIENTE E DESENVOLVIMENTO SUSTENTÁVEL - SEMAD;INSTITUTO ESTADUAL DE FLORESTAS - IEF;1699.99.0.3.00.000;7;;OUTROS SERVIÇOS - DÍVIDA ATIVA;4600000,00
SECRETARIA DE ESTADO DE MEIO AMBIENTE E DESENVOLVIMENTO SUSTENTÁVEL - SEMAD;INSTITUTO ESTADUAL DE FLORESTAS - IEF;1699.99.0.3.01.000;8;60;OUTROS SERVIÇOS - DA;4600000,00
SECRETARIA DE ESTADO DE MEIO AMBIENTE E DESENVOLVIMENTO SUSTENTÁVEL - SEMAD;INSTITUTO ESTADUAL DE FLORESTAS - IEF;1700.00.0.0.00.000;2;;TRANSFERÊNCIAS CORRENTES;512298,00
SECRETARIA DE ESTADO DE MEIO AMBIENTE E DESENVOLVIMENTO SUSTENTÁVEL - SEMAD;INSTITUTO ESTADUAL DE FLORESTAS - IEF;1710.00.0.0.00.000;3;;TRANSFERÊNCIAS DA UNIÃO E DE SUAS ENTIDADES;508855,00
SECRETARIA DE ESTADO DE MEIO AMBIENTE E DESENVOLVIMENTO SUSTENTÁVEL - SEMAD;INSTITUTO ESTADUAL DE FLORESTAS - IEF;1717.00.0.0.00.000;4;;TRANSFERÊNCIAS DE CONVÊNIOS DA UNIÃO E DE SUAS ENTIDADES;508855,00
SECRETARIA DE ESTADO DE MEIO AMBIENTE E DESENVOLVIMENTO SUSTENTÁVEL - SEMAD;INSTITUTO ESTADUAL DE FLORESTAS - IEF;1717.99.0.0.00.000;5;;OUTRAS TRANSFERÊNCIAS DE CONVÊNIOS DA UNIÃO E DE SUAS ENTIDADES;508855,00
SECRETARIA DE ESTADO DE MEIO AMBIENTE E DESENVOLVIMENTO SUSTENTÁVEL - SEMAD;INSTITUTO ESTADUAL DE FLORESTAS - IEF;1717.99.0.1.00.000;7;;OUTRAS TRANSF. CONVÊNIOS UNIÃO ENTIDADES - PRINCIPAL;508855,00
SECRETARIA DE ESTADO DE MEIO AMBIENTE E DESENVOLVIMENTO SUSTENTÁVEL - SEMAD;INSTITUTO ESTADUAL DE FLORESTAS - IEF;1717.99.0.1.16.000;8;;OUTRAS TRANSF. CONVÊNIOS UNIÃO ENTIDADES - PRINC. - MEIO AMBIENTE;508855,00
SECRETARIA DE ESTADO DE MEIO AMBIENTE E DESENVOLVIMENTO SUSTENTÁVEL - SEMAD;INSTITUTO ESTADUAL DE FLORESTAS - IEF;1717.99.0.1.16.005;9;24;MEIO AMBIENTE - MINISTÉRIO DA JUSTIÇA E SEGURANÇA PÚBLICA;508855,00
SECRETARIA DE ESTADO DE MEIO AMBIENTE E DESENVOLVIMENTO SUSTENTÁVEL - SEMAD;INSTITUTO ESTADUAL DE FLORESTAS - IEF;1740.00.0.0.00.000;3;;TRANSFERÊNCIAS DE INSTITUIÇÕES PRIVADAS;3443,00
SECRETARIA DE ESTADO DE MEIO AMBIENTE E DESENVOLVIMENTO SUSTENTÁVEL - SEMAD;INSTITUTO ESTADUAL DE FLORESTAS - IEF;1741.00.0.0.00.000;4;;TRANSFERÊNCIAS DE INSTITUIÇÕES PRIVADAS;3443,00
SECRETARIA DE ESTADO DE MEIO AMBIENTE E DESENVOLVIMENTO SUSTENTÁVEL - SEMAD;INSTITUTO ESTADUAL DE FLORESTAS - IEF;1741.99.0.0.00.000;5;;OUTRAS TRANSFERÊNCIAS DE INSTITUIÇÕES PRIVADAS;3443,00
SECRETARIA DE ESTADO DE MEIO AMBIENTE E DESENVOLVIMENTO SUSTENTÁVEL - SEMAD;INSTITUTO ESTADUAL DE FLORESTAS - IEF;1741.99.0.1.00.000;7;;OUTRAS TRANSF. INSTIT. PRIVADAS - PRINCIPAL;3443,00
SECRETARIA DE ESTADO DE MEIO AMBIENTE E DESENVOLVIMENTO SUSTENTÁVEL - SEMAD;INSTITUTO ESTADUAL DE FLORESTAS - IEF;1741.99.0.1.46.000;8;;OUTRAS TRANSF. INSTIT. PRIVADAS - PRINC. - DEMAIS - MEIO AMBIENTE;3443,00
SECRETARIA DE ESTADO DE MEIO AMBIENTE E DESENVOLVIMENTO SUSTENTÁVEL - SEMAD;INSTITUTO ESTADUAL DE FLORESTAS - IEF;1741.99.0.1.46.999;9;9;MEIO AMBIENTE - OUTROS;3443,00
SECRETARIA DE ESTADO DE MEIO AMBIENTE E DESENVOLVIMENTO SUSTENTÁVEL - SEMAD;INSTITUTO ESTADUAL DE FLORESTAS - IEF;1900.00.0.0.00.000;2;;OUTRAS RECEITAS CORRENTES;9233000,00
SECRETARIA DE ESTADO DE MEIO AMBIENTE E DESENVOLVIMENTO SUSTENTÁVEL - SEMAD;INSTITUTO ESTADUAL DE FLORESTAS - IEF;1910.00.0.0.00.000;3;;MULTAS ADMINISTRATIVAS, CONTRATUAIS E JUDICIAIS;6270000,00
SECRETARIA DE ESTADO DE MEIO AMBIENTE E DESENVOLVIMENTO SUSTENTÁVEL - SEMAD;INSTITUTO ESTADUAL DE FLORESTAS - IEF;1911.00.0.0.00.000;4;;MULTAS ADMINISTRATIVAS, CONTRATUAIS E JUDICIAIS;6270000,00
SECRETARIA DE ESTADO DE MEIO AMBIENTE E DESENVOLVIMENTO SUSTENTÁVEL - SEMAD;INSTITUTO ESTADUAL DE FLORESTAS - IEF;1911.06.0.0.00.000;5;;MULTAS POR DANOS AMBIENTAIS;6270000,00
SECRETARIA DE ESTADO DE MEIO AMBIENTE E DESENVOLVIMENTO SUSTENTÁVEL - SEMAD;INSTITUTO ESTADUAL DE FLORESTAS - IEF;1911.06.1.0.00.000;6;;MULTAS ADMINISTRATIVAS POR DANOS AMBIENTAIS;6270000,00
SECRETARIA DE ESTADO DE MEIO AMBIENTE E DESENVOLVIMENTO SUSTENTÁVEL - SEMAD;INSTITUTO ESTADUAL DE FLORESTAS - IEF;1911.06.1.1.00.000;7;;MULTAS ADM. DANOS AMBIENTAIS - PRINCIPAL;6270000,00
SECRETARIA DE ESTADO DE MEIO AMBIENTE E DESENVOLVIMENTO SUSTENTÁVEL - SEMAD;INSTITUTO ESTADUAL DE FLORESTAS - IEF;1911.06.1.1.01.000;8;60;MULTAS ADM. DANOS AMBIENTAIS - PRINC.;6000000,00
SECRETARIA DE ESTADO DE MEIO AMBIENTE E DESENVOLVIMENTO SUSTENTÁVEL - SEMAD;INSTITUTO ESTADUAL DE FLORESTAS - IEF;1911.06.1.1.01.000;8;79;MULTAS ADM. DANOS AMBIENTAIS - PRINC.;270000,00
SECRETARIA DE ESTADO DE MEIO AMBIENTE E DESENVOLVIMENTO SUSTENTÁVEL - SEMAD;INSTITUTO ESTADUAL DE FLORESTAS - IEF;1920.00.0.0.00.000;3;;INDENIZAÇÕES, RESTITUIÇÕES E RESSARCIMENTOS;263000,00
SECRETARIA DE ESTADO DE MEIO AMBIENTE E DESENVOLVIMENTO SUSTENTÁVEL - SEMAD;INSTITUTO ESTADUAL DE FLORESTAS - IEF;1922.00.0.0.00.000;4;;RESTITUIÇÕES;263000,00
SECRETARIA DE ESTADO DE MEIO AMBIENTE E DESENVOLVIMENTO SUSTENTÁVEL - SEMAD;INSTITUTO ESTADUAL DE FLORESTAS - IEF;1922.52.0.0.00.000;5;;RESTITUIÇÃO DE REMUNERAÇÃO DE FOLHA DE PAGAMENTO - PESSOAL ATIVO;100000,00
SECRETARIA DE ESTADO DE MEIO AMBIENTE E DESENVOLVIMENTO SUSTENTÁVEL - SEMAD;INSTITUTO ESTADUAL DE FLORESTAS - IEF;1922.52.0.1.00.000;7;;RESTITUIÇÃO REMUNERAÇÃO FOLHA PAGAMENTO - PESSOAL ATIVO - PRINCIPAL;100000,00
SECRETARIA DE ESTADO DE MEIO AMBIENTE E DESENVOLVIMENTO SUSTENTÁVEL - SEMAD;INSTITUTO ESTADUAL DE FLORESTAS - IEF;1922.52.0.1.01.000;8;26;RESTITUIÇÃO REMUNERAÇÃO FOLHA PAGAMENTO - PESSOAL ATIVO - PRINC.;100000,00
SECRETARIA DE ESTADO DE MEIO AMBIENTE E DESENVOLVIMENTO SUSTENTÁVEL - SEMAD;INSTITUTO ESTADUAL DE FLORESTAS - IEF;1922.99.0.0.00.000;5;;OUTRAS RESTITUIÇÕES;163000,00
SECRETARIA DE ESTADO DE MEIO AMBIENTE E DESENVOLVIMENTO SUSTENTÁVEL - SEMAD;INSTITUTO ESTADUAL DE FLORESTAS - IEF;1922.99.0.1.00.000;7;;OUTRAS RESTITUIÇÕES - PRINCIPAL;163000,00
SECRETARIA DE ESTADO DE MEIO AMBIENTE E DESENVOLVIMENTO SUSTENTÁVEL - SEMAD;INSTITUTO ESTADUAL DE FLORESTAS - IEF;1922.99.0.1.99.000;8;26;OUTRAS RESTITUIÇÕES - PRINC. - DEMAIS;110000,00
SECRETARIA DE ESTADO DE MEIO AMBIENTE E DESENVOLVIMENTO SUSTENTÁVEL - SEMAD;INSTITUTO ESTADUAL DE FLORESTAS - IEF;1922.99.0.1.99.000;8;52;OUTRAS RESTITUIÇÕES - PRINC. - DEMAIS;1000,00
SECRETARIA DE ESTADO DE MEIO AMBIENTE E DESENVOLVIMENTO SUSTENTÁVEL - SEMAD;INSTITUTO ESTADUAL DE FLORESTAS - IEF;1922.99.0.1.99.000;8;60;OUTRAS RESTITUIÇÕES - PRINC. - DEMAIS;50000,00
SECRETARIA DE ESTADO DE MEIO AMBIENTE E DESENVOLVIMENTO SUSTENTÁVEL - SEMAD;INSTITUTO ESTADUAL DE FLORESTAS - IEF;1922.99.0.1.99.000;8;61;OUTRAS RESTITUIÇÕES - PRINC. - DEMAIS;1000,00
SECRETARIA DE ESTADO DE MEIO AMBIENTE E DESENVOLVIMENTO SUSTENTÁVEL - SEMAD;INSTITUTO ESTADUAL DE FLORESTAS - IEF;1922.99.0.1.99.000;8;91;OUTRAS RESTITUIÇÕES - PRINC. - DEMAIS;1000,00
SECRETARIA DE ESTADO DE MEIO AMBIENTE E DESENVOLVIMENTO SUSTENTÁVEL - SEMAD;INSTITUTO ESTADUAL DE FLORESTAS - IEF;1990.00.0.0.00.000;3;;DEMAIS RECEITAS CORRENTES;2700000,00
SECRETARIA DE ESTADO DE MEIO AMBIENTE E DESENVOLVIMENTO SUSTENTÁVEL - SEMAD;INSTITUTO ESTADUAL DE FLORESTAS - IEF;1999.00.0.0.00.000;4;;OUTRAS RECEITAS CORRENTES;2700000,00
SECRETARIA DE ESTADO DE MEIO AMBIENTE E DESENVOLVIMENTO SUSTENTÁVEL - SEMAD;INSTITUTO ESTADUAL DE FLORESTAS - IEF;1999.99.0.0.00.000;5;;OUTRAS RECEITAS;2700000,00
SECRETARIA DE ESTADO DE MEIO AMBIENTE E DESENVOLVIMENTO SUSTENTÁVEL - SEMAD;INSTITUTO ESTADUAL DE FLORESTAS - IEF;1999.99.2.0.00.000;6;;OUTRAS RECEITAS NÃO ARRECADADAS E NÃO PROJETADAS PELA RFB - PRIMÁRIAS;2700000,00
SECRETARIA DE ESTADO DE MEIO AMBIENTE E DESENVOLVIMENTO SUSTENTÁVEL - SEMAD;INSTITUTO ESTADUAL DE FLORESTAS - IEF;1999.99.2.1.00.000;7;;OUTRAS REC. - PRIMÁRIAS - PRINCIPAL;2700000,00
SECRETARIA DE ESTADO DE MEIO AMBIENTE E DESENVOLVIMENTO SUSTENTÁVEL - SEMAD;INSTITUTO ESTADUAL DE FLORESTAS - IEF;1999.99.2.1.99.000;8;60;OUTRAS REC. - PRIMÁRIAS - PRINC. - DEMAIS;2700000,00
SECRETARIA DE ESTADO DE MEIO AMBIENTE E DESENVOLVIMENTO SUSTENTÁVEL - SEMAD;INSTITUTO ESTADUAL DE FLORESTAS - IEF;2000.00.0.0.00.000;1;;RECEITAS DE CAPITAL;1756364,00
SECRETARIA DE ESTADO DE MEIO AMBIENTE E DESENVOLVIMENTO SUSTENTÁVEL - SEMAD;INSTITUTO ESTADUAL DE FLORESTAS - IEF;2200.00.0.0.00.000;2;;ALIENAÇÃO DE BENS;850000,00
SECRETARIA DE ESTADO DE MEIO AMBIENTE E DESENVOLVIMENTO SUSTENTÁVEL - SEMAD;INSTITUTO ESTADUAL DE FLORESTAS - IEF;2210.00.0.0.00.000;3;;ALIENAÇÃO DE BENS MÓVEIS;850000,00
SECRETARIA DE ESTADO DE MEIO AMBIENTE E DESENVOLVIMENTO SUSTENTÁVEL - SEMAD;INSTITUTO ESTADUAL DE FLORESTAS - IEF;2213.00.0.0.00.000;4;;ALIENAÇÃO DE BENS MÓVEIS E SEMOVENTES;850000,00
SECRETARIA DE ESTADO DE MEIO AMBIENTE E DESENVOLVIMENTO SUSTENTÁVEL - SEMAD;INSTITUTO ESTADUAL DE FLORESTAS - IEF;2213.01.0.0.00.000;5;;ALIENAÇÃO DE BENS MÓVEIS E SEMOVENTES;850000,00
SECRETARIA DE ESTADO DE MEIO AMBIENTE E DESENVOLVIMENTO SUSTENTÁVEL - SEMAD;INSTITUTO ESTADUAL DE FLORESTAS - IEF;2213.01.0.1.00.000;7;;ALIENAÇÃO BENS MÓVEIS SEMOVENTES - PRINCIPAL;850000,00
SECRETARIA DE ESTADO DE MEIO AMBIENTE E DESENVOLVIMENTO SUSTENTÁVEL - SEMAD;INSTITUTO ESTADUAL DE FLORESTAS - IEF;2213.01.0.1.01.000;8;47;ALIENAÇÃO BENS MÓVEIS SEMOVENTES - PRINC.;850000,00
SECRETARIA DE ESTADO DE MEIO AMBIENTE E DESENVOLVIMENTO SUSTENTÁVEL - SEMAD;INSTITUTO ESTADUAL DE FLORESTAS - IEF;2400.00.0.0.00.000;2;;TRANSFERÊNCIAS DE CAPITAL;906364,00
SECRETARIA DE ESTADO DE MEIO AMBIENTE E DESENVOLVIMENTO SUSTENTÁVEL - SEMAD;INSTITUTO ESTADUAL DE FLORESTAS - IEF;2440.00.0.0.00.000;3;;TRANSFERÊNCIAS DE INSTITUIÇÕES PRIVADAS;906364,00
SECRETARIA DE ESTADO DE MEIO AMBIENTE E DESENVOLVIMENTO SUSTENTÁVEL - SEMAD;INSTITUTO ESTADUAL DE FLORESTAS - IEF;2441.00.0.0.00.000;4;;TRANSFERÊNCIAS DE INSTITUIÇÕES PRIVADAS;906364,00
SECRETARIA DE ESTADO DE MEIO AMBIENTE E DESENVOLVIMENTO SUSTENTÁVEL - SEMAD;INSTITUTO ESTADUAL DE FLORESTAS - IEF;2441.99.0.0.00.000;5;;OUTRAS TRANSFERÊNCIAS DE INSTITUIÇÕES PRIVADAS;906364,00
SECRETARIA DE ESTADO DE MEIO AMBIENTE E DESENVOLVIMENTO SUSTENTÁVEL - SEMAD;INSTITUTO ESTADUAL DE FLORESTAS - IEF;2441.99.0.1.00.000;7;;OUTRAS TRANSF. INSTIT. PRIVADAS - PRINCIPAL;906364,00
SECRETARIA DE ESTADO DE MEIO AMBIENTE E DESENVOLVIMENTO SUSTENTÁVEL - SEMAD;INSTITUTO ESTADUAL DE FLORESTAS - IEF;2441.99.0.1.46.000;8;;OUTRAS TRANSF. INSTITUIÇÕES PRIVADAS - MEIO AMBIENTE;906364,00
SECRETARIA DE ESTADO DE MEIO AMBIENTE E DESENVOLVIMENTO SUSTENTÁVEL - SEMAD;INSTITUTO ESTADUAL DE FLORESTAS - IEF;2441.99.0.1.46.999;9;9;MEIO AMBIENTE - OUTROS;906364,00
POLÍCIA MILITAR DO ESTADO DE MINAS GERAIS - PMMG;INSTITUTO DE PREVIDÊNCIA DOS SERVIDORES MILITARES DO ESTADO DE MINAS GERAIS - IPSM;1000.00.0.0.00.000;1;;RECEITAS CORRENTES;1234452077,00
POLÍCIA MILITAR DO ESTADO DE MINAS GERAIS - PMMG;INSTITUTO DE PREVIDÊNCIA DOS SERVIDORES MILITARES DO ESTADO DE MINAS GERAIS - IPSM;1200.00.0.0.00.000;2;;CONTRIBUIÇÕES;1092355402,00
POLÍCIA MILITAR DO ESTADO DE MINAS GERAIS - PMMG;INSTITUTO DE PREVIDÊNCIA DOS SERVIDORES MILITARES DO ESTADO DE MINAS GERAIS - IPSM;1210.00.0.0.00.000;3;;CONTRIBUIÇÕES SOCIAIS;1092355402,00
POLÍCIA MILITAR DO ESTADO DE MINAS GERAIS - PMMG;INSTITUTO DE PREVIDÊNCIA DOS SERVIDORES MILITARES DO ESTADO DE MINAS GERAIS - IPSM;1219.00.0.0.00.000;4;;OUTRAS CONTRIBUIÇÕES SOCIAIS;1092355402,00
POLÍCIA MILITAR DO ESTADO DE MINAS GERAIS - PMMG;INSTITUTO DE PREVIDÊNCIA DOS SERVIDORES MILITARES DO ESTADO DE MINAS GERAIS - IPSM;1219.99.0.0.00.000;5;;DEMAIS CONTRIBUIÇÕES SOCIAIS;1092355402,00
POLÍCIA MILITAR DO ESTADO DE MINAS GERAIS - PMMG;INSTITUTO DE PREVIDÊNCIA DOS SERVIDORES MILITARES DO ESTADO DE MINAS GERAIS - IPSM;1219.99.1.0.00.000;6;;DEMAIS CONTRIBUIÇÕES SOCIAIS NÃO ARRECADADAS E NÃO PROJETADAS PELA RFB;1092355402,00
POLÍCIA MILITAR DO ESTADO DE MINAS GERAIS - PMMG;INSTITUTO DE PREVIDÊNCIA DOS SERVIDORES MILITARES DO ESTADO DE MINAS GERAIS - IPSM;1219.99.1.1.00.000;7;;DEMAIS CONTRIB. SOC. - PRINCIPAL;1092355402,00
POLÍCIA MILITAR DO ESTADO DE MINAS GERAIS - PMMG;INSTITUTO DE PREVIDÊNCIA DOS SERVIDORES MILITARES DO ESTADO DE MINAS GERAIS - IPSM;1219.99.1.1.03.000;8;;DEMAIS CONTRIB. SOC. - PRINC. - INSTITUTO DE PREVIDÊNCIA DO SERVIDOR MILITAR - IPSM;1092355402,00
POLÍCIA MILITAR DO ESTADO DE MINAS GERAIS - PMMG;INSTITUTO DE PREVIDÊNCIA DOS SERVIDORES MILITARES DO ESTADO DE MINAS GERAIS - IPSM;1219.99.1.1.03.002;9;50;DEMAIS CONTRIB. SOC. - PRINC. - IPSM - CONTRIB. DO SERVIDOR CIVIL - INATIVO;212729,00
POLÍCIA MILITAR DO ESTADO DE MINAS GERAIS - PMMG;INSTITUTO DE PREVIDÊNCIA DOS SERVIDORES MILITARES DO ESTADO DE MINAS GERAIS - IPSM;1219.99.1.1.03.003;9;50;DEMAIS CONTRIB. SOC. - PRINC. - IPSM - CONTRIB. MILITAR PARA A SAÚDE - ATIVO;88563452,00
POLÍCIA MILITAR DO ESTADO DE MINAS GERAIS - PMMG;INSTITUTO DE PREVIDÊNCIA DOS SERVIDORES MILITARES DO ESTADO DE MINAS GERAIS - IPSM;1219.99.1.1.03.004;9;50;DEMAIS CONTRIB. SOC. - PRINC. - IPSM - CONTRIB. MILITAR PARA A SAÚDE - INATIVO;151614775,00
POLÍCIA MILITAR DO ESTADO DE MINAS GERAIS - PMMG;INSTITUTO DE PREVIDÊNCIA DOS SERVIDORES MILITARES DO ESTADO DE MINAS GERAIS - IPSM;1219.99.1.1.03.005;9;50;DEMAIS CONTRIB. SOC. - PRINC. - IPSM - CONTRIB. MILITAR PARA A PREVIDÊNCIA - ATIVO;313997693,00
POLÍCIA MILITAR DO ESTADO DE MINAS GERAIS - PMMG;INSTITUTO DE PREVIDÊNCIA DOS SERVIDORES MILITARES DO ESTADO DE MINAS GERAIS - IPSM;1219.99.1.1.03.006;9;50;DEMAIS CONTRIB. SOC. - PRINC. - IPSM - CONTRIB. MILITAR PARA A PREVIDÊNCIA - INATIVO;537541295,00
POLÍCIA MILITAR DO ESTADO DE MINAS GERAIS - PMMG;INSTITUTO DE PREVIDÊNCIA DOS SERVIDORES MILITARES DO ESTADO DE MINAS GERAIS - IPSM;1219.99.1.1.03.052;9;49;DEMAIS CONTRIB. SOC. - PRINC. - IPSM - CONTRIB. PATRONAL - INATIVO CIVIL;425458,00
POLÍCIA MILITAR DO ESTADO DE MINAS GERAIS - PMMG;INSTITUTO DE PREVIDÊNCIA DOS SERVIDORES MILITARES DO ESTADO DE MINAS GERAIS - IPSM;1300.00.0.0.00.000;2;;RECEITA PATRIMONIAL;7117823,00
POLÍCIA MILITAR DO ESTADO DE MINAS GERAIS - PMMG;INSTITUTO DE PREVIDÊNCIA DOS SERVIDORES MILITARES DO ESTADO DE MINAS GERAIS - IPSM;1310.00.0.0.00.000;3;;EXPLORAÇÃO DO PATRIMÔNIO IMOBILIÁRIO DO ESTADO;3081354,00
POLÍCIA MILITAR DO ESTADO DE MINAS GERAIS - PMMG;INSTITUTO DE PREVIDÊNCIA DOS SERVIDORES MILITARES DO ESTADO DE MINAS GERAIS - IPSM;1311.00.0.0.00.000;4;;EXPLORAÇÃO DO PATRIMÔNIO IMOBILIÁRIO DO ESTADO;3081354,00
POLÍCIA MILITAR DO ESTADO DE MINAS GERAIS - PMMG;INSTITUTO DE PREVIDÊNCIA DOS SERVIDORES MILITARES DO ESTADO DE MINAS GERAIS - IPSM;1311.01.0.0.00.000;5;;ALUGUÉIS, ARRENDAMENTOS, FOROS, LAUDÊMIOS, TARIFAS DE OCUPAÇÃO;3081354,00
POLÍCIA MILITAR DO ESTADO DE MINAS GERAIS - PMMG;INSTITUTO DE PREVIDÊNCIA DOS SERVIDORES MILITARES DO ESTADO DE MINAS GERAIS - IPSM;1311.01.1.0.00.000;6;;ALUGUÉIS E ARRENDAMENTOS;3081354,00
POLÍCIA MILITAR DO ESTADO DE MINAS GERAIS - PMMG;INSTITUTO DE PREVIDÊNCIA DOS SERVIDORES MILITARES DO ESTADO DE MINAS GERAIS - IPSM;1311.01.1.1.00.000;7;;ALUGUÉIS ARRENDAMENTOS - PRINCIPAL;3043983,00
POLÍCIA MILITAR DO ESTADO DE MINAS GERAIS - PMMG;INSTITUTO DE PREVIDÊNCIA DOS SERVIDORES MILITARES DO ESTADO DE MINAS GERAIS - IPSM;1311.01.1.1.01.000;8;60;ALUGUÉIS ARRENDAMENTOS - PRINC. - ALUGUÉIS;3043983,00
POLÍCIA MILITAR DO ESTADO DE MINAS GERAIS - PMMG;INSTITUTO DE PREVIDÊNCIA DOS SERVIDORES MILITARES DO ESTADO DE MINAS GERAIS - IPSM;1311.01.1.2.00.000;7;;ALUGUÉIS ARRENDAMENTOS - MULTAS E JUROS DE MORA;37371,00
POLÍCIA MILITAR DO ESTADO DE MINAS GERAIS - PMMG;INSTITUTO DE PREVIDÊNCIA DOS SERVIDORES MILITARES DO ESTADO DE MINAS GERAIS - IPSM;1311.01.1.2.01.000;8;60;ALUGUÉIS ARRENDAMENTOS - MJM - ALUGUÉIS;37371,00
POLÍCIA MILITAR DO ESTADO DE MINAS GERAIS - PMMG;INSTITUTO DE PREVIDÊNCIA DOS SERVIDORES MILITARES DO ESTADO DE MINAS GERAIS - IPSM;1320.00.0.0.00.000;3;;VALORES MOBILIÁRIOS;4036469,00
POLÍCIA MILITAR DO ESTADO DE MINAS GERAIS - PMMG;INSTITUTO DE PREVIDÊNCIA DOS SERVIDORES MILITARES DO ESTADO DE MINAS GERAIS - IPSM;1322.00.0.0.00.000;4;;DIVIDENDOS;36294,00
POLÍCIA MILITAR DO ESTADO DE MINAS GERAIS - PMMG;INSTITUTO DE PREVIDÊNCIA DOS SERVIDORES MILITARES DO ESTADO DE MINAS GERAIS - IPSM;1322.01.0.0.00.000;5;;DIVIDENDOS;36294,00
POLÍCIA MILITAR DO ESTADO DE MINAS GERAIS - PMMG;INSTITUTO DE PREVIDÊNCIA DOS SERVIDORES MILITARES DO ESTADO DE MINAS GERAIS - IPSM;1322.01.0.1.00.000;7;;DIVIDENDOS - PRINCIPAL;36294,00
POLÍCIA MILITAR DO ESTADO DE MINAS GERAIS - PMMG;INSTITUTO DE PREVIDÊNCIA DOS SERVIDORES MILITARES DO ESTADO DE MINAS GERAIS - IPSM;1322.01.0.1.02.000;8;60;DIVIDENDOS - PRINC. - EMPRESAS NÃO ESTATAIS;36294,00
POLÍCIA MILITAR DO ESTADO DE MINAS GERAIS - PMMG;INSTITUTO DE PREVIDÊNCIA DOS SERVIDORES MILITARES DO ESTADO DE MINAS GERAIS - IPSM;1329.00.0.0.00.000;4;;OUTROS VALORES MOBILIÁRIOS;4000175,00
POLÍCIA MILITAR DO ESTADO DE MINAS GERAIS - PMMG;INSTITUTO DE PREVIDÊNCIA DOS SERVIDORES MILITARES DO ESTADO DE MINAS GERAIS - IPSM;1329.99.0.0.00.000;5;;OUTROS VALORES MOBILIÁRIOS;4000175,00
POLÍCIA MILITAR DO ESTADO DE MINAS GERAIS - PMMG;INSTITUTO DE PREVIDÊNCIA DOS SERVIDORES MILITARES DO ESTADO DE MINAS GERAIS - IPSM;1329.99.0.1.00.000;7;;OUTROS VALORES MOBILIÁRIOS - PRINCIPAL;4000175,00
POLÍCIA MILITAR DO ESTADO DE MINAS GERAIS - PMMG;INSTITUTO DE PREVIDÊNCIA DOS SERVIDORES MILITARES DO ESTADO DE MINAS GERAIS - IPSM;1329.99.0.1.02.000;8;60;OUTROS VALORES MOBILIÁRIOS - PRINC. - FUNDOS DE INVESTIMENTO;4000175,00
POLÍCIA MILITAR DO ESTADO DE MINAS GERAIS - PMMG;INSTITUTO DE PREVIDÊNCIA DOS SERVIDORES MILITARES DO ESTADO DE MINAS GERAIS - IPSM;1600.00.0.0.00.000;2;;RECEITA DE SERVIÇOS;126967027,00
POLÍCIA MILITAR DO ESTADO DE MINAS GERAIS - PMMG;INSTITUTO DE PREVIDÊNCIA DOS SERVIDORES MILITARES DO ESTADO DE MINAS GERAIS - IPSM;1610.00.0.0.00.000;3;;SERVIÇOS ADMINISTRATIVOS E COMERCIAIS GERAIS;1472034,00
POLÍCIA MILITAR DO ESTADO DE MINAS GERAIS - PMMG;INSTITUTO DE PREVIDÊNCIA DOS SERVIDORES MILITARES DO ESTADO DE MINAS GERAIS - IPSM;1611.00.0.0.00.000;4;;SERVIÇOS ADMINISTRATIVOS E COMERCIAIS GERAIS;1472034,00
POLÍCIA MILITAR DO ESTADO DE MINAS GERAIS - PMMG;INSTITUTO DE PREVIDÊNCIA DOS SERVIDORES MILITARES DO ESTADO DE MINAS GERAIS - IPSM;1611.01.0.0.00.000;5;;SERVIÇOS ADMINISTRATIVOS E COMERCIAIS GERAIS;1472034,00
POLÍCIA MILITAR DO ESTADO DE MINAS GERAIS - PMMG;INSTITUTO DE PREVIDÊNCIA DOS SERVIDORES MILITARES DO ESTADO DE MINAS GERAIS - IPSM;1611.01.0.1.00.000;7;;SERVIÇOS ADM. COMERC. GER. - PRINCIPAL;1472034,00
POLÍCIA MILITAR DO ESTADO DE MINAS GERAIS - PMMG;INSTITUTO DE PREVIDÊNCIA DOS SERVIDORES MILITARES DO ESTADO DE MINAS GERAIS - IPSM;1611.01.0.1.99.000;8;;SERVIÇOS ADM. COMERC. GER. - PRINC. - DEMAIS;1472034,00
POLÍCIA MILITAR DO ESTADO DE MINAS GERAIS - PMMG;INSTITUTO DE PREVIDÊNCIA DOS SERVIDORES MILITARES DO ESTADO DE MINAS GERAIS - IPSM;1611.01.0.1.99.001;9;60;SERVIÇOS ADM. COMERC. GER. - PRINC. - DEMAIS - SERVIÇOS ADMINISTRATIVOS;1472034,00
POLÍCIA MILITAR DO ESTADO DE MINAS GERAIS - PMMG;INSTITUTO DE PREVIDÊNCIA DOS SERVIDORES MILITARES DO ESTADO DE MINAS GERAIS - IPSM;1630.00.0.0.00.000;3;;SERVIÇOS E ATIVIDADES REFERENTES À SAÚDE;125488820,00
POLÍCIA MILITAR DO ESTADO DE MINAS GERAIS - PMMG;INSTITUTO DE PREVIDÊNCIA DOS SERVIDORES MILITARES DO ESTADO DE MINAS GERAIS - IPSM;1631.00.0.0.00.000;4;;SERVIÇOS DE ATENDIMENTO À SAÚDE;125488820,00
POLÍCIA MILITAR DO ESTADO DE MINAS GERAIS - PMMG;INSTITUTO DE PREVIDÊNCIA DOS SERVIDORES MILITARES DO ESTADO DE MINAS GERAIS - IPSM;1631.99.0.0.00.000;5;;OUTROS SERVIÇOS DE ATENDIMENTO À SAÚDE;125488820,00
POLÍCIA MILITAR DO ESTADO DE MINAS GERAIS - PMMG;INSTITUTO DE PREVIDÊNCIA DOS SERVIDORES MILITARES DO ESTADO DE MINAS GERAIS - IPSM;1631.99.0.1.00.000;7;;OUTROS SERV. ATEND. SAÚDE - PRINCIPAL;125488820,00
POLÍCIA MILITAR DO ESTADO DE MINAS GERAIS - PMMG;INSTITUTO DE PREVIDÊNCIA DOS SERVIDORES MILITARES DO ESTADO DE MINAS GERAIS - IPSM;1631.99.0.1.05.000;8;;OUTROS SERV. ATEND. SAÚDE - PRINC. - COPARTICIPAÇÃO DOS SEGURADOS;125488820,00
POLÍCIA MILITAR DO ESTADO DE MINAS GERAIS - PMMG;INSTITUTO DE PREVIDÊNCIA DOS SERVIDORES MILITARES DO ESTADO DE MINAS GERAIS - IPSM;1631.99.0.1.05.001;9;60;OUTROS SERV. ATEND. SAÚDE - PRINC. - COPARTICIP. SEGURADOS - SERVIÇOS HOSPITALARES;108518905,00
POLÍCIA MILITAR DO ESTADO DE MINAS GERAIS - PMMG;INSTITUTO DE PREVIDÊNCIA DOS SERVIDORES MILITARES DO ESTADO DE MINAS GERAIS - IPSM;1631.99.0.1.05.002;9;60;OUTROS SERV. ATEND. SAÚDE - PRINC. - COPARTICIP. SEGURADOS - SERVIÇOS ODONTOLÓGICOS;16969915,00
POLÍCIA MILITAR DO ESTADO DE MINAS GERAIS - PMMG;INSTITUTO DE PREVIDÊNCIA DOS SERVIDORES MILITARES DO ESTADO DE MINAS GERAIS - IPSM;1690.00.0.0.00.000;3;;OUTROS SERVIÇOS;6173,00
POLÍCIA MILITAR DO ESTADO DE MINAS GERAIS - PMMG;INSTITUTO DE PREVIDÊNCIA DOS SERVIDORES MILITARES DO ESTADO DE MINAS GERAIS - IPSM;1699.00.0.0.00.000;4;;OUTROS SERVIÇOS;6173,00
POLÍCIA MILITAR DO ESTADO DE MINAS GERAIS - PMMG;INSTITUTO DE PREVIDÊNCIA DOS SERVIDORES MILITARES DO ESTADO DE MINAS GERAIS - IPSM;1699.99.0.0.00.000;5;;OUTROS SERVIÇOS;6173,00
POLÍCIA MILITAR DO ESTADO DE MINAS GERAIS - PMMG;INSTITUTO DE PREVIDÊNCIA DOS SERVIDORES MILITARES DO ESTADO DE MINAS GERAIS - IPSM;1699.99.0.1.00.000;7;;OUTROS SERVIÇOS - PRINCIPAL;6173,00
POLÍCIA MILITAR DO ESTADO DE MINAS GERAIS - PMMG;INSTITUTO DE PREVIDÊNCIA DOS SERVIDORES MILITARES DO ESTADO DE MINAS GERAIS - IPSM;1699.99.0.1.01.000;8;60;OUTROS SERVIÇOS - PRINC.;6173,00
POLÍCIA MILITAR DO ESTADO DE MINAS GERAIS - PMMG;INSTITUTO DE PREVIDÊNCIA DOS SERVIDORES MILITARES DO ESTADO DE MINAS GERAIS - IPSM;1900.00.0.0.00.000;2;;OUTRAS RECEITAS CORRENTES;8011825,00
POLÍCIA MILITAR DO ESTADO DE MINAS GERAIS - PMMG;INSTITUTO DE PREVIDÊNCIA DOS SERVIDORES MILITARES DO ESTADO DE MINAS GERAIS - IPSM;1920.00.0.0.00.000;3;;INDENIZAÇÕES, RESTITUIÇÕES E RESSARCIMENTOS;722330,00
POLÍCIA MILITAR DO ESTADO DE MINAS GERAIS - PMMG;INSTITUTO DE PREVIDÊNCIA DOS SERVIDORES MILITARES DO ESTADO DE MINAS GERAIS - IPSM;1922.00.0.0.00.000;4;;RESTITUIÇÕES;722330,00
POLÍCIA MILITAR DO ESTADO DE MINAS GERAIS - PMMG;INSTITUTO DE PREVIDÊNCIA DOS SERVIDORES MILITARES DO ESTADO DE MINAS GERAIS - IPSM;1922.52.0.0.00.000;5;;RESTITUIÇÃO DE REMUNERAÇÃO DE FOLHA DE PAGAMENTO - PESSOAL ATIVO;2000,00
POLÍCIA MILITAR DO ESTADO DE MINAS GERAIS - PMMG;INSTITUTO DE PREVIDÊNCIA DOS SERVIDORES MILITARES DO ESTADO DE MINAS GERAIS - IPSM;1922.52.0.1.00.000;7;;RESTITUIÇÃO REMUNERAÇÃO FOLHA PAGAMENTO - PESSOAL ATIVO - PRINCIPAL;2000,00
POLÍCIA MILITAR DO ESTADO DE MINAS GERAIS - PMMG;INSTITUTO DE PREVIDÊNCIA DOS SERVIDORES MILITARES DO ESTADO DE MINAS GERAIS - IPSM;1922.52.0.1.01.000;8;50;RESTITUIÇÃO REMUNERAÇÃO FOLHA PAGAMENTO - PESSOAL ATIVO - PRINC.;2000,00
POLÍCIA MILITAR DO ESTADO DE MINAS GERAIS - PMMG;INSTITUTO DE PREVIDÊNCIA DOS SERVIDORES MILITARES DO ESTADO DE MINAS GERAIS - IPSM;1922.99.0.0.00.000;5;;OUTRAS RESTITUIÇÕES;720330,00
POLÍCIA MILITAR DO ESTADO DE MINAS GERAIS - PMMG;INSTITUTO DE PREVIDÊNCIA DOS SERVIDORES MILITARES DO ESTADO DE MINAS GERAIS - IPSM;1922.99.0.1.00.000;7;;OUTRAS RESTITUIÇÕES - PRINCIPAL;720330,00
POLÍCIA MILITAR DO ESTADO DE MINAS GERAIS - PMMG;INSTITUTO DE PREVIDÊNCIA DOS SERVIDORES MILITARES DO ESTADO DE MINAS GERAIS - IPSM;1922.99.0.1.99.000;8;60;OUTRAS RESTITUIÇÕES - PRINC. - DEMAIS;720330,00
POLÍCIA MILITAR DO ESTADO DE MINAS GERAIS - PMMG;INSTITUTO DE PREVIDÊNCIA DOS SERVIDORES MILITARES DO ESTADO DE MINAS GERAIS - IPSM;1990.00.0.0.00.000;3;;DEMAIS RECEITAS CORRENTES;7289495,00
POLÍCIA MILITAR DO ESTADO DE MINAS GERAIS - PMMG;INSTITUTO DE PREVIDÊNCIA DOS SERVIDORES MILITARES DO ESTADO DE MINAS GERAIS - IPSM;1999.00.0.0.00.000;4;;OUTRAS RECEITAS CORRENTES;7289495,00
POLÍCIA MILITAR DO ESTADO DE MINAS GERAIS - PMMG;INSTITUTO DE PREVIDÊNCIA DOS SERVIDORES MILITARES DO ESTADO DE MINAS GERAIS - IPSM;1999.99.0.0.00.000;5;;OUTRAS RECEITAS;7289495,00
POLÍCIA MILITAR DO ESTADO DE MINAS GERAIS - PMMG;INSTITUTO DE PREVIDÊNCIA DOS SERVIDORES MILITARES DO ESTADO DE MINAS GERAIS - IPSM;1999.99.2.0.00.000;6;;OUTRAS RECEITAS NÃO ARRECADADAS E NÃO PROJETADAS PELA RFB - PRIMÁRIAS;7289495,00
POLÍCIA MILITAR DO ESTADO DE MINAS GERAIS - PMMG;INSTITUTO DE PREVIDÊNCIA DOS SERVIDORES MILITARES DO ESTADO DE MINAS GERAIS - IPSM;1999.99.2.1.00.000;7;;OUTRAS REC. - PRIMÁRIAS - PRINCIPAL;7289495,00
POLÍCIA MILITAR DO ESTADO DE MINAS GERAIS - PMMG;INSTITUTO DE PREVIDÊNCIA DOS SERVIDORES MILITARES DO ESTADO DE MINAS GERAIS - IPSM;1999.99.2.1.99.000;8;60;OUTRAS REC. - PRIMÁRIAS - PRINC. - DEMAIS;7289495,00
POLÍCIA MILITAR DO ESTADO DE MINAS GERAIS - PMMG;INSTITUTO DE PREVIDÊNCIA DOS SERVIDORES MILITARES DO ESTADO DE MINAS GERAIS - IPSM;2000.00.0.0.00.000;1;;RECEITAS DE CAPITAL;8080000,00
POLÍCIA MILITAR DO ESTADO DE MINAS GERAIS - PMMG;INSTITUTO DE PREVIDÊNCIA DOS SERVIDORES MILITARES DO ESTADO DE MINAS GERAIS - IPSM;2200.00.0.0.00.000;2;;ALIENAÇÃO DE BENS;8080000,00
POLÍCIA MILITAR DO ESTADO DE MINAS GERAIS - PMMG;INSTITUTO DE PREVIDÊNCIA DOS SERVIDORES MILITARES DO ESTADO DE MINAS GERAIS - IPSM;2210.00.0.0.00.000;3;;ALIENAÇÃO DE BENS MÓVEIS;80000,00
POLÍCIA MILITAR DO ESTADO DE MINAS GERAIS - PMMG;INSTITUTO DE PREVIDÊNCIA DOS SERVIDORES MILITARES DO ESTADO DE MINAS GERAIS - IPSM;2213.00.0.0.00.000;4;;ALIENAÇÃO DE BENS MÓVEIS E SEMOVENTES;80000,00
POLÍCIA MILITAR DO ESTADO DE MINAS GERAIS - PMMG;INSTITUTO DE PREVIDÊNCIA DOS SERVIDORES MILITARES DO ESTADO DE MINAS GERAIS - IPSM;2213.01.0.0.00.000;5;;ALIENAÇÃO DE BENS MÓVEIS E SEMOVENTES;80000,00
POLÍCIA MILITAR DO ESTADO DE MINAS GERAIS - PMMG;INSTITUTO DE PREVIDÊNCIA DOS SERVIDORES MILITARES DO ESTADO DE MINAS GERAIS - IPSM;2213.01.0.1.00.000;7;;ALIENAÇÃO BENS MÓVEIS SEMOVENTES - PRINCIPAL;80000,00
POLÍCIA MILITAR DO ESTADO DE MINAS GERAIS - PMMG;INSTITUTO DE PREVIDÊNCIA DOS SERVIDORES MILITARES DO ESTADO DE MINAS GERAIS - IPSM;2213.01.0.1.01.000;8;47;ALIENAÇÃO BENS MÓVEIS SEMOVENTES - PRINC.;80000,00
POLÍCIA MILITAR DO ESTADO DE MINAS GERAIS - PMMG;INSTITUTO DE PREVIDÊNCIA DOS SERVIDORES MILITARES DO ESTADO DE MINAS GERAIS - IPSM;2220.00.0.0.00.000;3;;ALIENAÇÃO DE BENS IMÓVEIS;8000000,00
POLÍCIA MILITAR DO ESTADO DE MINAS GERAIS - PMMG;INSTITUTO DE PREVIDÊNCIA DOS SERVIDORES MILITARES DO ESTADO DE MINAS GERAIS - IPSM;2221.00.0.0.00.000;4;;ALIENAÇÃO DE BENS IMÓVEIS;8000000,00
POLÍCIA MILITAR DO ESTADO DE MINAS GERAIS - PMMG;INSTITUTO DE PREVIDÊNCIA DOS SERVIDORES MILITARES DO ESTADO DE MINAS GERAIS - IPSM;2221.01.0.0.00.000;5;;ALIENAÇÃO DE BENS IMÓVEIS;8000000,00
POLÍCIA MILITAR DO ESTADO DE MINAS GERAIS - PMMG;INSTITUTO DE PREVIDÊNCIA DOS SERVIDORES MILITARES DO ESTADO DE MINAS GERAIS - IPSM;2221.01.0.1.00.000;7;;ALIENAÇÃO BENS IMÓVEIS - PRINCIPAL;8000000,00
POLÍCIA MILITAR DO ESTADO DE MINAS GERAIS - PMMG;INSTITUTO DE PREVIDÊNCIA DOS SERVIDORES MILITARES DO ESTADO DE MINAS GERAIS - IPSM;2221.01.0.1.01.000;8;47;ALIENAÇÃO BENS IMÓVEIS - PRINC.;8000000,00
POLÍCIA MILITAR DO ESTADO DE MINAS GERAIS - PMMG;INSTITUTO DE PREVIDÊNCIA DOS SERVIDORES MILITARES DO ESTADO DE MINAS GERAIS - IPSM;7000.00.0.0.00.000;1;;RECEITA INTRAORÇAMENTÁRIA;2260804301,00
POLÍCIA MILITAR DO ESTADO DE MINAS GERAIS - PMMG;INSTITUTO DE PREVIDÊNCIA DOS SERVIDORES MILITARES DO ESTADO DE MINAS GERAIS - IPSM;7200.00.0.0.00.000;2;;REC. INTRA. - CONTRIBUIÇÕES;2260804301,00
POLÍCIA MILITAR DO ESTADO DE MINAS GERAIS - PMMG;INSTITUTO DE PREVIDÊNCIA DOS SERVIDORES MILITARES DO ESTADO DE MINAS GERAIS - IPSM;7210.00.0.0.00.000;3;;REC. INTRA. - CONTRIBUIÇÕES SOCIAIS;2260804301,00
POLÍCIA MILITAR DO ESTADO DE MINAS GERAIS - PMMG;INSTITUTO DE PREVIDÊNCIA DOS SERVIDORES MILITARES DO ESTADO DE MINAS GERAIS - IPSM;7219.00.0.0.00.000;4;;REC. INTRA. - OUTRAS CONTRIBUIÇÕES SOCIAIS;2260804301,00
POLÍCIA MILITAR DO ESTADO DE MINAS GERAIS - PMMG;INSTITUTO DE PREVIDÊNCIA DOS SERVIDORES MILITARES DO ESTADO DE MINAS GERAIS - IPSM;7219.99.0.0.00.000;5;;REC. INTRA. - DEMAIS CONTRIBUIÇÕES SOCIAIS;2260804301,00
POLÍCIA MILITAR DO ESTADO DE MINAS GERAIS - PMMG;INSTITUTO DE PREVIDÊNCIA DOS SERVIDORES MILITARES DO ESTADO DE MINAS GERAIS - IPSM;7219.99.1.0.00.000;6;;REC. INTRA. - DEMAIS CONTRIBUIÇÕES SOCIAIS NÃO ARRECADADAS E NÃO PROJETADAS PELA RFB;2260804301,00
POLÍCIA MILITAR DO ESTADO DE MINAS GERAIS - PMMG;INSTITUTO DE PREVIDÊNCIA DOS SERVIDORES MILITARES DO ESTADO DE MINAS GERAIS - IPSM;7219.99.1.1.00.000;7;;REC. INTRA. - DEMAIS CONTRIB. SOC. - PRINCIPAL;2183438428,00
POLÍCIA MILITAR DO ESTADO DE MINAS GERAIS - PMMG;INSTITUTO DE PREVIDÊNCIA DOS SERVIDORES MILITARES DO ESTADO DE MINAS GERAIS - IPSM;7219.99.1.1.03.000;8;;REC. INTRA. - DEMAIS CONTRIB. SOC. - PRINC. - INSTITUTO DE PREVIDÊNCIA DO SERVIDOR MILITAR - IPSM;2183438428,00
POLÍCIA MILITAR DO ESTADO DE MINAS GERAIS - PMMG;INSTITUTO DE PREVIDÊNCIA DOS SERVIDORES MILITARES DO ESTADO DE MINAS GERAIS - IPSM;7219.99.1.1.03.053;9;49;REC. INTRA. - DEMAIS CONTRIB. SOC. - PRINC. - IPSM - CONTRIB. PATRONAL MILITAR PARA A SAÚDE - ATIVO;177126904,00
POLÍCIA MILITAR DO ESTADO DE MINAS GERAIS - PMMG;INSTITUTO DE PREVIDÊNCIA DOS SERVIDORES MILITARES DO ESTADO DE MINAS GERAIS - IPSM;7219.99.1.1.03.054;9;49;REC. INTRA. - DEMAIS CONTRIB. SOC. - PRINC. - IPSM - CONTRIB. PATRONAL MILITAR PARA A SAÚDE - INATIVO;303229550,00
POLÍCIA MILITAR DO ESTADO DE MINAS GERAIS - PMMG;INSTITUTO DE PREVIDÊNCIA DOS SERVIDORES MILITARES DO ESTADO DE MINAS GERAIS - IPSM;7219.99.1.1.03.055;9;49;REC. INTRA. - DEMAIS CONTRIB. SOC. - PRINC. - IPSM - CONTRIB. PATRONAL MILITAR PARA A PREVIDÊNCIA - ATIVO;627995386,00
POLÍCIA MILITAR DO ESTADO DE MINAS GERAIS - PMMG;INSTITUTO DE PREVIDÊNCIA DOS SERVIDORES MILITARES DO ESTADO DE MINAS GERAIS - IPSM;7219.99.1.1.03.056;9;49;REC. INTRA. - DEMAIS CONTRIB. SOC. - PRINC. - IPSM - CONTRIB. PATRONAL MILITAR PARA A PREVIDÊNCIA - INATIVO;1075086588,00
POLÍCIA MILITAR DO ESTADO DE MINAS GERAIS - PMMG;INSTITUTO DE PREVIDÊNCIA DOS SERVIDORES MILITARES DO ESTADO DE MINAS GERAIS - IPSM;7219.99.1.2.00.000;7;;REC. INTRA. - DEMAIS CONTRIB. SOC. - MULTAS E JUROS DE MORA;77365873,00
POLÍCIA MILITAR DO ESTADO DE MINAS GERAIS - PMMG;INSTITUTO DE PREVIDÊNCIA DOS SERVIDORES MILITARES DO ESTADO DE MINAS GERAIS - IPSM;7219.99.1.2.05.000;8;60;REC. INTRA. - DEMAIS CONTRIB. SOC. - MJM - RENEGOCIAÇÃO DE OBRIGAÇÕES PREVIDENCIÁRIAS;77365873,00
SECRETARIA DE ESTADO DE EDUCAÇÃO - SEE;FUNDAÇÃO HELENA ANTIPOFF - FHA;1000.00.0.0.00.000;1;;RECEITAS CORRENTES;294034,00
SECRETARIA DE ESTADO DE EDUCAÇÃO - SEE;FUNDAÇÃO HELENA ANTIPOFF - FHA;1400.00.0.0.00.000;2;;RECEITA AGROPECUÁRIA;1834,00
SECRETARIA DE ESTADO DE EDUCAÇÃO - SEE;FUNDAÇÃO HELENA ANTIPOFF - FHA;1410.00.0.0.00.000;3;;RECEITA AGROPECUÁRIA;1834,00
SECRETARIA DE ESTADO DE EDUCAÇÃO - SEE;FUNDAÇÃO HELENA ANTIPOFF - FHA;1411.00.0.0.00.000;4;;RECEITA AGROPECUÁRIA;1834,00
SECRETARIA DE ESTADO DE EDUCAÇÃO - SEE;FUNDAÇÃO HELENA ANTIPOFF - FHA;1411.01.0.0.00.000;5;;RECEITA AGROPECUÁRIA;1834,00
SECRETARIA DE ESTADO DE EDUCAÇÃO - SEE;FUNDAÇÃO HELENA ANTIPOFF - FHA;1411.01.0.1.00.000;7;;REC. AGROPECUÁRIA - PRINCIPAL;1834,00
SECRETARIA DE ESTADO DE EDUCAÇÃO - SEE;FUNDAÇÃO HELENA ANTIPOFF - FHA;1411.01.0.1.01.000;8;60;REC. AGROPECUÁRIA - PRINC. - PRODUÇÃO VEGETAL;1834,00
SECRETARIA DE ESTADO DE EDUCAÇÃO - SEE;FUNDAÇÃO HELENA ANTIPOFF - FHA;1600.00.0.0.00.000;2;;RECEITA DE SERVIÇOS;292200,00
SECRETARIA DE ESTADO DE EDUCAÇÃO - SEE;FUNDAÇÃO HELENA ANTIPOFF - FHA;1610.00.0.0.00.000;3;;SERVIÇOS ADMINISTRATIVOS E COMERCIAIS GERAIS;292200,00
SECRETARIA DE ESTADO DE EDUCAÇÃO - SEE;FUNDAÇÃO HELENA ANTIPOFF - FHA;1611.00.0.0.00.000;4;;SERVIÇOS ADMINISTRATIVOS E COMERCIAIS GERAIS;292200,00
SECRETARIA DE ESTADO DE EDUCAÇÃO - SEE;FUNDAÇÃO HELENA ANTIPOFF - FHA;1611.01.0.0.00.000;5;;SERVIÇOS ADMINISTRATIVOS E COMERCIAIS GERAIS;292200,00
SECRETARIA DE ESTADO DE EDUCAÇÃO - SEE;FUNDAÇÃO HELENA ANTIPOFF - FHA;1611.01.0.1.00.000;7;;SERVIÇOS ADM. COMERC. GER. - PRINCIPAL;292200,00
SECRETARIA DE ESTADO DE EDUCAÇÃO - SEE;FUNDAÇÃO HELENA ANTIPOFF - FHA;1611.01.0.1.99.000;8;;SERVIÇOS ADM. COMERC. GER. - PRINC. - DEMAIS;292200,00
SECRETARIA DE ESTADO DE EDUCAÇÃO - SEE;FUNDAÇÃO HELENA ANTIPOFF - FHA;1611.01.0.1.99.001;9;60;SERVIÇOS ADM. COMERC. GER. - PRINC. - DEMAIS - SERVIÇOS ADMINISTRATIVOS;292200,00
SECRETARIA DE ESTADO DE CULTURA E TURISMO - SECULT;FUNDAÇÃO DE ARTE DE OURO PRETO - FAOP;1000.00.0.0.00.000;1;;RECEITAS CORRENTES;1096635,00
SECRETARIA DE ESTADO DE CULTURA E TURISMO - SECULT;FUNDAÇÃO DE ARTE DE OURO PRETO - FAOP;1300.00.0.0.00.000;2;;RECEITA PATRIMONIAL;95635,00
SECRETARIA DE ESTADO DE CULTURA E TURISMO - SECULT;FUNDAÇÃO DE ARTE DE OURO PRETO - FAOP;1320.00.0.0.00.000;3;;VALORES MOBILIÁRIOS;95635,00
SECRETARIA DE ESTADO DE CULTURA E TURISMO - SECULT;FUNDAÇÃO DE ARTE DE OURO PRETO - FAOP;1321.00.0.0.00.000;4;;JUROS E CORREÇÕES MONETÁRIAS;95635,00
SECRETARIA DE ESTADO DE CULTURA E TURISMO - SECULT;FUNDAÇÃO DE ARTE DE OURO PRETO - FAOP;1321.01.0.0.00.000;5;;REMUNERAÇÃO DE DEPÓSITOS BANCÁRIOS;95635,00
SECRETARIA DE ESTADO DE CULTURA E TURISMO - SECULT;FUNDAÇÃO DE ARTE DE OURO PRETO - FAOP;1321.01.0.1.00.000;7;;REMUNERAÇÃO DEPÓSITOS BANCÁRIOS - PRINCIPAL;95635,00
SECRETARIA DE ESTADO DE CULTURA E TURISMO - SECULT;FUNDAÇÃO DE ARTE DE OURO PRETO - FAOP;1321.01.0.1.01.000;8;24;REMUNERAÇÃO DEPÓSITOS BANCÁRIOS - PRINC.;95635,00
SECRETARIA DE ESTADO DE CULTURA E TURISMO - SECULT;FUNDAÇÃO DE ARTE DE OURO PRETO - FAOP;1600.00.0.0.00.000;2;;RECEITA DE SERVIÇOS;1000000,00
SECRETARIA DE ESTADO DE CULTURA E TURISMO - SECULT;FUNDAÇÃO DE ARTE DE OURO PRETO - FAOP;1690.00.0.0.00.000;3;;OUTROS SERVIÇOS;1000000,00
SECRETARIA DE ESTADO DE CULTURA E TURISMO - SECULT;FUNDAÇÃO DE ARTE DE OURO PRETO - FAOP;1699.00.0.0.00.000;4;;OUTROS SERVIÇOS;1000000,00
SECRETARIA DE ESTADO DE CULTURA E TURISMO - SECULT;FUNDAÇÃO DE ARTE DE OURO PRETO - FAOP;1699.99.0.0.00.000;5;;OUTROS SERVIÇOS;1000000,00
SECRETARIA DE ESTADO DE CULTURA E TURISMO - SECULT;FUNDAÇÃO DE ARTE DE OURO PRETO - FAOP;1699.99.0.1.00.000;7;;OUTROS SERVIÇOS - PRINCIPAL;1000000,00
SECRETARIA DE ESTADO DE CULTURA E TURISMO - SECULT;FUNDAÇÃO DE ARTE DE OURO PRETO - FAOP;1699.99.0.1.01.000;8;60;OUTROS SERVIÇOS - PRINC.;1000000,00
SECRETARIA DE ESTADO DE CULTURA E TURISMO - SECULT;FUNDAÇÃO DE ARTE DE OURO PRETO - FAOP;1900.00.0.0.00.000;2;;OUTRAS RECEITAS CORRENTES;1000,00
SECRETARIA DE ESTADO DE CULTURA E TURISMO - SECULT;FUNDAÇÃO DE ARTE DE OURO PRETO - FAOP;1920.00.0.0.00.000;3;;INDENIZAÇÕES, RESTITUIÇÕES E RESSARCIMENTOS;1000,00
SECRETARIA DE ESTADO DE CULTURA E TURISMO - SECULT;FUNDAÇÃO DE ARTE DE OURO PRETO - FAOP;1922.00.0.0.00.000;4;;RESTITUIÇÕES;1000,00
SECRETARIA DE ESTADO DE CULTURA E TURISMO - SECULT;FUNDAÇÃO DE ARTE DE OURO PRETO - FAOP;1922.99.0.0.00.000;5;;OUTRAS RESTITUIÇÕES;1000,00
SECRETARIA DE ESTADO DE CULTURA E TURISMO - SECULT;FUNDAÇÃO DE ARTE DE OURO PRETO - FAOP;1922.99.0.1.00.000;7;;OUTRAS RESTITUIÇÕES - PRINCIPAL;1000,00
SECRETARIA DE ESTADO DE CULTURA E TURISMO - SECULT;FUNDAÇÃO DE ARTE DE OURO PRETO - FAOP;1922.99.0.1.99.000;8;24;OUTRAS RESTITUIÇÕES - PRINC. - DEMAIS;1000,00
SECRETARIA DE ESTADO DE CULTURA E TURISMO - SECULT;FUNDAÇÃO DE ARTE DE OURO PRETO - FAOP;2000.00.0.0.00.000;1;;RECEITAS DE CAPITAL;3100000,00
SECRETARIA DE ESTADO DE CULTURA E TURISMO - SECULT;FUNDAÇÃO DE ARTE DE OURO PRETO - FAOP;2400.00.0.0.00.000;2;;TRANSFERÊNCIAS DE CAPITAL;3100000,00
SECRETARIA DE ESTADO DE CULTURA E TURISMO - SECULT;FUNDAÇÃO DE ARTE DE OURO PRETO - FAOP;2410.00.0.0.00.000;3;;TRANSFERÊNCIAS DA UNIÃO E DE SUAS ENTIDADES;3100000,00
SECRETARIA DE ESTADO DE CULTURA E TURISMO - SECULT;FUNDAÇÃO DE ARTE DE OURO PRETO - FAOP;2414.00.0.0.00.000;4;;TRANSFERÊNCIAS DE CONVÊNIOS DA UNIÃO E DE SUAS ENTIDADES;3100000,00
SECRETARIA DE ESTADO DE CULTURA E TURISMO - SECULT;FUNDAÇÃO DE ARTE DE OURO PRETO - FAOP;2414.99.0.0.00.000;5;;OUTRAS TRANSFERÊNCIAS DE CONVÊNIOS DA UNIÃO E DE SUAS ENTIDADES;3100000,00
SECRETARIA DE ESTADO DE CULTURA E TURISMO - SECULT;FUNDAÇÃO DE ARTE DE OURO PRETO - FAOP;2414.99.0.1.00.000;7;;OUTRAS TRANSF. CONVÊNIOS UNIÃO - PRINCIPAL;3100000,00
SECRETARIA DE ESTADO DE CULTURA E TURISMO - SECULT;FUNDAÇÃO DE ARTE DE OURO PRETO - FAOP;2414.99.0.1.11.000;8;;OUTRAS TRANSF. CONVÊNIOS UNIÃO - PRINC. - CULTURA;3100000,00
SECRETARIA DE ESTADO DE CULTURA E TURISMO - SECULT;FUNDAÇÃO DE ARTE DE OURO PRETO - FAOP;2414.99.0.1.11.005;9;24;CULTURA - BANCO NACIONAL DE DESENVOLVIMENTO ECONÔMICO E SOCIAL - BNDES;3100000,00
SECRETARIA DE ESTADO DE CULTURA E TURISMO - SECULT;FUNDAÇÃO CLÓVIS SALGADO - FCS;1000.00.0.0.00.000;1;;RECEITAS CORRENTES;2478552,00
SECRETARIA DE ESTADO DE CULTURA E TURISMO - SECULT;FUNDAÇÃO CLÓVIS SALGADO - FCS;1300.00.0.0.00.000;2;;RECEITA PATRIMONIAL;2088530,00
SECRETARIA DE ESTADO DE CULTURA E TURISMO - SECULT;FUNDAÇÃO CLÓVIS SALGADO - FCS;1310.00.0.0.00.000;3;;EXPLORAÇÃO DO PATRIMÔNIO IMOBILIÁRIO DO ESTADO;2088530,00
SECRETARIA DE ESTADO DE CULTURA E TURISMO - SECULT;FUNDAÇÃO CLÓVIS SALGADO - FCS;1311.00.0.0.00.000;4;;EXPLORAÇÃO DO PATRIMÔNIO IMOBILIÁRIO DO ESTADO;2088530,00
SECRETARIA DE ESTADO DE CULTURA E TURISMO - SECULT;FUNDAÇÃO CLÓVIS SALGADO - FCS;1311.01.0.0.00.000;5;;ALUGUÉIS, ARRENDAMENTOS, FOROS, LAUDÊMIOS, TARIFAS DE OCUPAÇÃO;1575230,00
SECRETARIA DE ESTADO DE CULTURA E TURISMO - SECULT;FUNDAÇÃO CLÓVIS SALGADO - FCS;1311.01.1.0.00.000;6;;ALUGUÉIS E ARRENDAMENTOS;1575230,00
SECRETARIA DE ESTADO DE CULTURA E TURISMO - SECULT;FUNDAÇÃO CLÓVIS SALGADO - FCS;1311.01.1.1.00.000;7;;ALUGUÉIS ARRENDAMENTOS - PRINCIPAL;1575230,00
SECRETARIA DE ESTADO DE CULTURA E TURISMO - SECULT;FUNDAÇÃO CLÓVIS SALGADO - FCS;1311.01.1.1.01.000;8;60;ALUGUÉIS ARRENDAMENTOS - PRINC. - ALUGUÉIS;1575230,00
SECRETARIA DE ESTADO DE CULTURA E TURISMO - SECULT;FUNDAÇÃO CLÓVIS SALGADO - FCS;1311.02.0.0.00.000;5;;CONCESSÃO, PERMISSÃO, AUTORIZAÇÃO OU CESSÃO DO DIREITO DE USO DE BENS IMÓVEIS PÚBLICOS;513300,00
SECRETARIA DE ESTADO DE CULTURA E TURISMO - SECULT;FUNDAÇÃO CLÓVIS SALGADO - FCS;1311.02.0.1.00.000;7;;CONC. PERM. AUTOR. CESSÃO DIR. USO BENS IMÓV. PÚB. - PRINCIPAL;513300,00
SECRETARIA DE ESTADO DE CULTURA E TURISMO - SECULT;FUNDAÇÃO CLÓVIS SALGADO - FCS;1311.02.0.1.99.000;8;60;CONC. PERM. AUTOR. CESSÃO DIR. USO BENS IMÓV. PÚB. - PRINC. - DEMAIS;513300,00
SECRETARIA DE ESTADO DE CULTURA E TURISMO - SECULT;FUNDAÇÃO CLÓVIS SALGADO - FCS;1600.00.0.0.00.000;2;;RECEITA DE SERVIÇOS;299550,00
SECRETARIA DE ESTADO DE CULTURA E TURISMO - SECULT;FUNDAÇÃO CLÓVIS SALGADO - FCS;1610.00.0.0.00.000;3;;SERVIÇOS ADMINISTRATIVOS E COMERCIAIS GERAIS;299550,00
SECRETARIA DE ESTADO DE CULTURA E TURISMO - SECULT;FUNDAÇÃO CLÓVIS SALGADO - FCS;1611.00.0.0.00.000;4;;SERVIÇOS ADMINISTRATIVOS E COMERCIAIS GERAIS;299550,00
SECRETARIA DE ESTADO DE CULTURA E TURISMO - SECULT;FUNDAÇÃO CLÓVIS SALGADO - FCS;1611.01.0.0.00.000;5;;SERVIÇOS ADMINISTRATIVOS E COMERCIAIS GERAIS;294550,00
SECRETARIA DE ESTADO DE CULTURA E TURISMO - SECULT;FUNDAÇÃO CLÓVIS SALGADO - FCS;1611.01.0.1.00.000;7;;SERVIÇOS ADM. COMERC. GER. - PRINCIPAL;294550,00
SECRETARIA DE ESTADO DE CULTURA E TURISMO - SECULT;FUNDAÇÃO CLÓVIS SALGADO - FCS;1611.01.0.1.24.000;8;60;SERVIÇOS ADM. COMERC. GER. - PRINC. - EDUCACIONAIS E CAPACITAÇÃO;2000,00
SECRETARIA DE ESTADO DE CULTURA E TURISMO - SECULT;FUNDAÇÃO CLÓVIS SALGADO - FCS;1611.01.0.1.27.000;8;60;SERVIÇOS ADM. COMERC. GER. - PRINC. - RECREATIVOS E CULTURAIS;292550,00
SECRETARIA DE ESTADO DE CULTURA E TURISMO - SECULT;FUNDAÇÃO CLÓVIS SALGADO - FCS;1611.02.0.0.00.000;5;;INSCRIÇÃO EM CONCURSOS E PROCESSOS SELETIVOS;5000,00
SECRETARIA DE ESTADO DE CULTURA E TURISMO - SECULT;FUNDAÇÃO CLÓVIS SALGADO - FCS;1611.02.0.1.00.000;7;;INSCRIÇÃO CONCURSOS PROCESSOS SELETIVOS - PRINCIPAL;5000,00
SECRETARIA DE ESTADO DE CULTURA E TURISMO - SECULT;FUNDAÇÃO CLÓVIS SALGADO - FCS;1611.02.0.1.01.000;8;60;INSCRIÇÃO CONCURSOS PROCESSOS SELETIVOS - PRINC.;5000,00
SECRETARIA DE ESTADO DE CULTURA E TURISMO - SECULT;FUNDAÇÃO CLÓVIS SALGADO - FCS;1900.00.0.0.00.000;2;;OUTRAS RECEITAS CORRENTES;90472,00
SECRETARIA DE ESTADO DE CULTURA E TURISMO - SECULT;FUNDAÇÃO CLÓVIS SALGADO - FCS;1920.00.0.0.00.000;3;;INDENIZAÇÕES, RESTITUIÇÕES E RESSARCIMENTOS;90472,00
SECRETARIA DE ESTADO DE CULTURA E TURISMO - SECULT;FUNDAÇÃO CLÓVIS SALGADO - FCS;1921.00.0.0.00.000;4;;INDENIZAÇÕES;90472,00
SECRETARIA DE ESTADO DE CULTURA E TURISMO - SECULT;FUNDAÇÃO CLÓVIS SALGADO - FCS;1921.99.0.0.00.000;5;;OUTRAS INDENIZAÇÕES;90472,00
SECRETARIA DE ESTADO DE CULTURA E TURISMO - SECULT;FUNDAÇÃO CLÓVIS SALGADO - FCS;1921.99.0.1.99.000;8;60;OUTRAS INDENIZAÇÕES - PRINC. - DEMAIS;90472,00
SECRETARIA DE ESTADO DE CULTURA E TURISMO - SECULT;FUNDAÇÃO CLÓVIS SALGADO - FCS;2000.00.0.0.00.000;1;;RECEITAS DE CAPITAL;5000,00
SECRETARIA DE ESTADO DE CULTURA E TURISMO - SECULT;FUNDAÇÃO CLÓVIS SALGADO - FCS;2200.00.0.0.00.000;2;;ALIENAÇÃO DE BENS;5000,00
SECRETARIA DE ESTADO DE CULTURA E TURISMO - SECULT;FUNDAÇÃO CLÓVIS SALGADO - FCS;2210.00.0.0.00.000;3;;ALIENAÇÃO DE BENS MÓVEIS;5000,00
SECRETARIA DE ESTADO DE CULTURA E TURISMO - SECULT;FUNDAÇÃO CLÓVIS SALGADO - FCS;2213.00.0.0.00.000;4;;ALIENAÇÃO DE BENS MÓVEIS E SEMOVENTES;5000,00
SECRETARIA DE ESTADO DE CULTURA E TURISMO - SECULT;FUNDAÇÃO CLÓVIS SALGADO - FCS;2213.01.0.0.00.000;5;;ALIENAÇÃO DE BENS MÓVEIS E SEMOVENTES;5000,00
SECRETARIA DE ESTADO DE CULTURA E TURISMO - SECULT;FUNDAÇÃO CLÓVIS SALGADO - FCS;2213.01.0.1.00.000;7;;ALIENAÇÃO BENS MÓVEIS SEMOVENTES - PRINCIPAL;5000,00
SECRETARIA DE ESTADO DE CULTURA E TURISMO - SECULT;FUNDAÇÃO CLÓVIS SALGADO - FCS;2213.01.0.1.01.000;8;47;ALIENAÇÃO BENS MÓVEIS SEMOVENTES - PRINC.;5000,00
SECRETARIA DE ESTADO DE CULTURA E TURISMO - SECULT;INSTITUTO ESTADUAL DO PATRIMÔNIO HISTÓRICO E ARTÍSTICO DE MINAS GERAIS - IEPHA;1000.00.0.0.00.000;1;;RECEITAS CORRENTES;1128430,00
SECRETARIA DE ESTADO DE CULTURA E TURISMO - SECULT;INSTITUTO ESTADUAL DO PATRIMÔNIO HISTÓRICO E ARTÍSTICO DE MINAS GERAIS - IEPHA;1300.00.0.0.00.000;2;;RECEITA PATRIMONIAL;778695,00
SECRETARIA DE ESTADO DE CULTURA E TURISMO - SECULT;INSTITUTO ESTADUAL DO PATRIMÔNIO HISTÓRICO E ARTÍSTICO DE MINAS GERAIS - IEPHA;1320.00.0.0.00.000;3;;VALORES MOBILIÁRIOS;778695,00
SECRETARIA DE ESTADO DE CULTURA E TURISMO - SECULT;INSTITUTO ESTADUAL DO PATRIMÔNIO HISTÓRICO E ARTÍSTICO DE MINAS GERAIS - IEPHA;1321.00.0.0.00.000;4;;JUROS E CORREÇÕES MONETÁRIAS;778695,00
SECRETARIA DE ESTADO DE CULTURA E TURISMO - SECULT;INSTITUTO ESTADUAL DO PATRIMÔNIO HISTÓRICO E ARTÍSTICO DE MINAS GERAIS - IEPHA;1321.01.0.0.00.000;5;;REMUNERAÇÃO DE DEPÓSITOS BANCÁRIOS;778695,00
SECRETARIA DE ESTADO DE CULTURA E TURISMO - SECULT;INSTITUTO ESTADUAL DO PATRIMÔNIO HISTÓRICO E ARTÍSTICO DE MINAS GERAIS - IEPHA;1321.01.0.1.00.000;7;;REMUNERAÇÃO DEPÓSITOS BANCÁRIOS - PRINCIPAL;778695,00
SECRETARIA DE ESTADO DE CULTURA E TURISMO - SECULT;INSTITUTO ESTADUAL DO PATRIMÔNIO HISTÓRICO E ARTÍSTICO DE MINAS GERAIS - IEPHA;1321.01.0.1.01.000;8;1;REMUNERAÇÃO DEPÓSITOS BANCÁRIOS - PRINC.;30000,00
SECRETARIA DE ESTADO DE CULTURA E TURISMO - SECULT;INSTITUTO ESTADUAL DO PATRIMÔNIO HISTÓRICO E ARTÍSTICO DE MINAS GERAIS - IEPHA;1321.01.0.1.01.000;8;24;REMUNERAÇÃO DEPÓSITOS BANCÁRIOS - PRINC.;324989,00
SECRETARIA DE ESTADO DE CULTURA E TURISMO - SECULT;INSTITUTO ESTADUAL DO PATRIMÔNIO HISTÓRICO E ARTÍSTICO DE MINAS GERAIS - IEPHA;1321.01.0.1.01.000;8;45;REMUNERAÇÃO DEPÓSITOS BANCÁRIOS - PRINC.;423706,00
SECRETARIA DE ESTADO DE CULTURA E TURISMO - SECULT;INSTITUTO ESTADUAL DO PATRIMÔNIO HISTÓRICO E ARTÍSTICO DE MINAS GERAIS - IEPHA;1600.00.0.0.00.000;2;;RECEITA DE SERVIÇOS;4735,00
SECRETARIA DE ESTADO DE CULTURA E TURISMO - SECULT;INSTITUTO ESTADUAL DO PATRIMÔNIO HISTÓRICO E ARTÍSTICO DE MINAS GERAIS - IEPHA;1690.00.0.0.00.000;3;;OUTROS SERVIÇOS;4735,00
SECRETARIA DE ESTADO DE CULTURA E TURISMO - SECULT;INSTITUTO ESTADUAL DO PATRIMÔNIO HISTÓRICO E ARTÍSTICO DE MINAS GERAIS - IEPHA;1699.00.0.0.00.000;4;;OUTROS SERVIÇOS;4735,00
SECRETARIA DE ESTADO DE CULTURA E TURISMO - SECULT;INSTITUTO ESTADUAL DO PATRIMÔNIO HISTÓRICO E ARTÍSTICO DE MINAS GERAIS - IEPHA;1699.99.0.0.00.000;5;;OUTROS SERVIÇOS;4735,00
SECRETARIA DE ESTADO DE CULTURA E TURISMO - SECULT;INSTITUTO ESTADUAL DO PATRIMÔNIO HISTÓRICO E ARTÍSTICO DE MINAS GERAIS - IEPHA;1699.99.0.1.00.000;7;;OUTROS SERVIÇOS - PRINCIPAL;4735,00
SECRETARIA DE ESTADO DE CULTURA E TURISMO - SECULT;INSTITUTO ESTADUAL DO PATRIMÔNIO HISTÓRICO E ARTÍSTICO DE MINAS GERAIS - IEPHA;1699.99.0.1.01.000;8;60;OUTROS SERVIÇOS - PRINC.;4735,00
SECRETARIA DE ESTADO DE CULTURA E TURISMO - SECULT;INSTITUTO ESTADUAL DO PATRIMÔNIO HISTÓRICO E ARTÍSTICO DE MINAS GERAIS - IEPHA;1700.00.0.0.00.000;2;;TRANSFERÊNCIAS CORRENTES;343000,00
SECRETARIA DE ESTADO DE CULTURA E TURISMO - SECULT;INSTITUTO ESTADUAL DO PATRIMÔNIO HISTÓRICO E ARTÍSTICO DE MINAS GERAIS - IEPHA;1710.00.0.0.00.000;3;;TRANSFERÊNCIAS DA UNIÃO E DE SUAS ENTIDADES;343000,00
SECRETARIA DE ESTADO DE CULTURA E TURISMO - SECULT;INSTITUTO ESTADUAL DO PATRIMÔNIO HISTÓRICO E ARTÍSTICO DE MINAS GERAIS - IEPHA;1717.00.0.0.00.000;4;;TRANSFERÊNCIAS DE CONVÊNIOS DA UNIÃO E DE SUAS ENTIDADES;343000,00
SECRETARIA DE ESTADO DE CULTURA E TURISMO - SECULT;INSTITUTO ESTADUAL DO PATRIMÔNIO HISTÓRICO E ARTÍSTICO DE MINAS GERAIS - IEPHA;1717.99.0.0.00.000;5;;OUTRAS TRANSFERÊNCIAS DE CONVÊNIOS DA UNIÃO E DE SUAS ENTIDADES;343000,00
SECRETARIA DE ESTADO DE CULTURA E TURISMO - SECULT;INSTITUTO ESTADUAL DO PATRIMÔNIO HISTÓRICO E ARTÍSTICO DE MINAS GERAIS - IEPHA;1717.99.0.1.00.000;7;;OUTRAS TRANSF. CONVÊNIOS UNIÃO ENTIDADES - PRINCIPAL;343000,00
SECRETARIA DE ESTADO DE CULTURA E TURISMO - SECULT;INSTITUTO ESTADUAL DO PATRIMÔNIO HISTÓRICO E ARTÍSTICO DE MINAS GERAIS - IEPHA;1717.99.0.1.09.000;8;;OUTRAS TRANSF. CONVÊNIOS UNIÃO ENTIDADES - PRINC. - CULTURA;343000,00
SECRETARIA DE ESTADO DE CULTURA E TURISMO - SECULT;INSTITUTO ESTADUAL DO PATRIMÔNIO HISTÓRICO E ARTÍSTICO DE MINAS GERAIS - IEPHA;1717.99.0.1.09.002;9;24;CULTURA - INSTITUTO DO PATRIMÔNIO HISTÓRICO E ARTÍSTICO NACIONAL - IPHAN;343000,00
SECRETARIA DE ESTADO DE CULTURA E TURISMO - SECULT;INSTITUTO ESTADUAL DO PATRIMÔNIO HISTÓRICO E ARTÍSTICO DE MINAS GERAIS - IEPHA;1900.00.0.0.00.000;2;;OUTRAS RECEITAS CORRENTES;2000,00
SECRETARIA DE ESTADO DE CULTURA E TURISMO - SECULT;INSTITUTO ESTADUAL DO PATRIMÔNIO HISTÓRICO E ARTÍSTICO DE MINAS GERAIS - IEPHA;1920.00.0.0.00.000;3;;INDENIZAÇÕES, RESTITUIÇÕES E RESSARCIMENTOS;2000,00
SECRETARIA DE ESTADO DE CULTURA E TURISMO - SECULT;INSTITUTO ESTADUAL DO PATRIMÔNIO HISTÓRICO E ARTÍSTICO DE MINAS GERAIS - IEPHA;1922.00.0.0.00.000;4;;RESTITUIÇÕES;2000,00
SECRETARIA DE ESTADO DE CULTURA E TURISMO - SECULT;INSTITUTO ESTADUAL DO PATRIMÔNIO HISTÓRICO E ARTÍSTICO DE MINAS GERAIS - IEPHA;1922.99.0.0.00.000;5;;OUTRAS RESTITUIÇÕES;2000,00
SECRETARIA DE ESTADO DE CULTURA E TURISMO - SECULT;INSTITUTO ESTADUAL DO PATRIMÔNIO HISTÓRICO E ARTÍSTICO DE MINAS GERAIS - IEPHA;1922.99.0.1.00.000;7;;OUTRAS RESTITUIÇÕES - PRINCIPAL;2000,00
SECRETARIA DE ESTADO DE CULTURA E TURISMO - SECULT;INSTITUTO ESTADUAL DO PATRIMÔNIO HISTÓRICO E ARTÍSTICO DE MINAS GERAIS - IEPHA;1922.99.0.1.99.000;8;1;OUTRAS RESTITUIÇÕES - PRINC. - DEMAIS;1000,00
SECRETARIA DE ESTADO DE CULTURA E TURISMO - SECULT;INSTITUTO ESTADUAL DO PATRIMÔNIO HISTÓRICO E ARTÍSTICO DE MINAS GERAIS - IEPHA;1922.99.0.1.99.000;8;24;OUTRAS RESTITUIÇÕES - PRINC. - DEMAIS;1000,00
SECRETARIA DE ESTADO DE CULTURA E TURISMO - SECULT;INSTITUTO ESTADUAL DO PATRIMÔNIO HISTÓRICO E ARTÍSTICO DE MINAS GERAIS - IEPHA;2000.00.0.0.00.000;1;;RECEITAS DE CAPITAL;2780804,00
SECRETARIA DE ESTADO DE CULTURA E TURISMO - SECULT;INSTITUTO ESTADUAL DO PATRIMÔNIO HISTÓRICO E ARTÍSTICO DE MINAS GERAIS - IEPHA;2400.00.0.0.00.000;2;;TRANSFERÊNCIAS DE CAPITAL;2780804,00
SECRETARIA DE ESTADO DE CULTURA E TURISMO - SECULT;INSTITUTO ESTADUAL DO PATRIMÔNIO HISTÓRICO E ARTÍSTICO DE MINAS GERAIS - IEPHA;2410.00.0.0.00.000;3;;TRANSFERÊNCIAS DA UNIÃO E DE SUAS ENTIDADES;2780804,00
SECRETARIA DE ESTADO DE CULTURA E TURISMO - SECULT;INSTITUTO ESTADUAL DO PATRIMÔNIO HISTÓRICO E ARTÍSTICO DE MINAS GERAIS - IEPHA;2414.00.0.0.00.000;4;;TRANSFERÊNCIAS DE CONVÊNIOS DA UNIÃO E DE SUAS ENTIDADES;2780804,00
SECRETARIA DE ESTADO DE CULTURA E TURISMO - SECULT;INSTITUTO ESTADUAL DO PATRIMÔNIO HISTÓRICO E ARTÍSTICO DE MINAS GERAIS - IEPHA;2414.99.0.0.00.000;5;;OUTRAS TRANSFERÊNCIAS DE CONVÊNIOS DA UNIÃO E DE SUAS ENTIDADES;2780804,00
SECRETARIA DE ESTADO DE CULTURA E TURISMO - SECULT;INSTITUTO ESTADUAL DO PATRIMÔNIO HISTÓRICO E ARTÍSTICO DE MINAS GERAIS - IEPHA;2414.99.0.1.00.000;7;;OUTRAS TRANSF. CONVÊNIOS UNIÃO - PRINCIPAL;2780804,00
SECRETARIA DE ESTADO DE CULTURA E TURISMO - SECULT;INSTITUTO ESTADUAL DO PATRIMÔNIO HISTÓRICO E ARTÍSTICO DE MINAS GERAIS - IEPHA;2414.99.0.1.11.000;8;;OUTRAS TRANSF. CONVÊNIOS UNIÃO - PRINC. - CULTURA;2780804,00
SECRETARIA DE ESTADO DE CULTURA E TURISMO - SECULT;INSTITUTO ESTADUAL DO PATRIMÔNIO HISTÓRICO E ARTÍSTICO DE MINAS GERAIS - IEPHA;2414.99.0.1.11.004;9;1;CULTURA - INSTITUTO DO PATRIMÔNIO HISTÓRICO E ARTÍSTICO NACIONAL - IPHAN;250000,00
SECRETARIA DE ESTADO DE CULTURA E TURISMO - SECULT;INSTITUTO ESTADUAL DO PATRIMÔNIO HISTÓRICO E ARTÍSTICO DE MINAS GERAIS - IEPHA;2414.99.0.1.11.004;9;24;CULTURA - INSTITUTO DO PATRIMÔNIO HISTÓRICO E ARTÍSTICO NACIONAL - IPHAN;2530804,00
SECRETARIA DE ESTADO DE COMUNICAÇÃO SOCIAL - SECOM;FUNDAÇÃO TV MINAS CULTURAL E EDUCATIVA - TV MINAS;1000.00.0.0.00.000;1;;RECEITAS CORRENTES;4220000,00
SECRETARIA DE ESTADO DE COMUNICAÇÃO SOCIAL - SECOM;FUNDAÇÃO TV MINAS CULTURAL E EDUCATIVA - TV MINAS;1300.00.0.0.00.000;2;;RECEITA PATRIMONIAL;1815000,00
SECRETARIA DE ESTADO DE COMUNICAÇÃO SOCIAL - SECOM;FUNDAÇÃO TV MINAS CULTURAL E EDUCATIVA - TV MINAS;1310.00.0.0.00.000;3;;EXPLORAÇÃO DO PATRIMÔNIO IMOBILIÁRIO DO ESTADO;1815000,00
SECRETARIA DE ESTADO DE COMUNICAÇÃO SOCIAL - SECOM;FUNDAÇÃO TV MINAS CULTURAL E EDUCATIVA - TV MINAS;1311.00.0.0.00.000;4;;EXPLORAÇÃO DO PATRIMÔNIO IMOBILIÁRIO DO ESTADO;1815000,00
SECRETARIA DE ESTADO DE COMUNICAÇÃO SOCIAL - SECOM;FUNDAÇÃO TV MINAS CULTURAL E EDUCATIVA - TV MINAS;1311.01.0.0.00.000;5;;ALUGUÉIS, ARRENDAMENTOS, FOROS, LAUDÊMIOS, TARIFAS DE OCUPAÇÃO;1815000,00
SECRETARIA DE ESTADO DE COMUNICAÇÃO SOCIAL - SECOM;FUNDAÇÃO TV MINAS CULTURAL E EDUCATIVA - TV MINAS;1311.01.1.0.00.000;6;;ALUGUÉIS E ARRENDAMENTOS;1815000,00
SECRETARIA DE ESTADO DE COMUNICAÇÃO SOCIAL - SECOM;FUNDAÇÃO TV MINAS CULTURAL E EDUCATIVA - TV MINAS;1311.01.1.1.00.000;7;;ALUGUÉIS ARRENDAMENTOS - PRINCIPAL;1815000,00
SECRETARIA DE ESTADO DE COMUNICAÇÃO SOCIAL - SECOM;FUNDAÇÃO TV MINAS CULTURAL E EDUCATIVA - TV MINAS;1311.01.1.1.01.000;8;60;ALUGUÉIS ARRENDAMENTOS - PRINC. - ALUGUÉIS;1815000,00
SECRETARIA DE ESTADO DE COMUNICAÇÃO SOCIAL - SECOM;FUNDAÇÃO TV MINAS CULTURAL E EDUCATIVA - TV MINAS;1600.00.0.0.00.000;2;;RECEITA DE SERVIÇOS;2405000,00
SECRETARIA DE ESTADO DE COMUNICAÇÃO SOCIAL - SECOM;FUNDAÇÃO TV MINAS CULTURAL E EDUCATIVA - TV MINAS;1610.00.0.0.00.000;3;;SERVIÇOS ADMINISTRATIVOS E COMERCIAIS GERAIS;2405000,00
SECRETARIA DE ESTADO DE COMUNICAÇÃO SOCIAL - SECOM;FUNDAÇÃO TV MINAS CULTURAL E EDUCATIVA - TV MINAS;1611.00.0.0.00.000;4;;SERVIÇOS ADMINISTRATIVOS E COMERCIAIS GERAIS;2405000,00
SECRETARIA DE ESTADO DE COMUNICAÇÃO SOCIAL - SECOM;FUNDAÇÃO TV MINAS CULTURAL E EDUCATIVA - TV MINAS;1611.01.0.0.00.000;5;;SERVIÇOS ADMINISTRATIVOS E COMERCIAIS GERAIS;2405000,00
SECRETARIA DE ESTADO DE COMUNICAÇÃO SOCIAL - SECOM;FUNDAÇÃO TV MINAS CULTURAL E EDUCATIVA - TV MINAS;1611.01.0.1.00.000;7;;SERVIÇOS ADM. COMERC. GER. - PRINCIPAL;2405000,00
SECRETARIA DE ESTADO DE COMUNICAÇÃO SOCIAL - SECOM;FUNDAÇÃO TV MINAS CULTURAL E EDUCATIVA - TV MINAS;1611.01.0.1.07.000;8;60;SERVIÇOS ADM. COMERC. GER. - PRINC. - COMUNICAÇÃO;2405000,00
SECRETARIA DE ESTADO DE MEIO AMBIENTE E DESENVOLVIMENTO SUSTENTÁVEL - SEMAD;INSTITUTO MINEIRO DE GESTÃO DAS ÁGUAS - IGAM;1000.00.0.0.00.000;1;;RECEITAS CORRENTES;173294400,00
SECRETARIA DE ESTADO DE MEIO AMBIENTE E DESENVOLVIMENTO SUSTENTÁVEL - SEMAD;INSTITUTO MINEIRO DE GESTÃO DAS ÁGUAS - IGAM;1100.00.0.0.00.000;2;;IMPOSTOS, TAXAS E CONTRIBUIÇÕES DE MELHORIA;13522000,00
SECRETARIA DE ESTADO DE MEIO AMBIENTE E DESENVOLVIMENTO SUSTENTÁVEL - SEMAD;INSTITUTO MINEIRO DE GESTÃO DAS ÁGUAS - IGAM;1120.00.0.0.00.000;3;;TAXAS;13522000,00
SECRETARIA DE ESTADO DE MEIO AMBIENTE E DESENVOLVIMENTO SUSTENTÁVEL - SEMAD;INSTITUTO MINEIRO DE GESTÃO DAS ÁGUAS - IGAM;1121.00.0.0.00.000;4;;TAXAS PELO EXERCÍCIO DO PODER DE POLÍCIA;13522000,00
SECRETARIA DE ESTADO DE MEIO AMBIENTE E DESENVOLVIMENTO SUSTENTÁVEL - SEMAD;INSTITUTO MINEIRO DE GESTÃO DAS ÁGUAS - IGAM;1121.04.0.0.00.000;5;;TAXA DE CONTROLE E FISCALIZAÇÃO AMBIENTAL;13522000,00
SECRETARIA DE ESTADO DE MEIO AMBIENTE E DESENVOLVIMENTO SUSTENTÁVEL - SEMAD;INSTITUTO MINEIRO DE GESTÃO DAS ÁGUAS - IGAM;1121.04.0.1.00.000;7;;TX. CONTR. FISC. AMBIENT. - PRINCIPAL;13522000,00
SECRETARIA DE ESTADO DE MEIO AMBIENTE E DESENVOLVIMENTO SUSTENTÁVEL - SEMAD;INSTITUTO MINEIRO DE GESTÃO DAS ÁGUAS - IGAM;1121.04.0.1.04.000;8;91;TX. CONTR. FISC. AMBIENT. - PRINC. - TAXA DE REGULARIZAÇÃO AMBIENTAL;13500000,00
SECRETARIA DE ESTADO DE MEIO AMBIENTE E DESENVOLVIMENTO SUSTENTÁVEL - SEMAD;INSTITUTO MINEIRO DE GESTÃO DAS ÁGUAS - IGAM;1121.04.0.1.08.000;8;91;TX. CONTR. FISC. AMBIENT. - PRINC. - TAXA DE CADASTRO PERFURAÇÃO DE POÇOS TUBULARES;2000,00
SECRETARIA DE ESTADO DE MEIO AMBIENTE E DESENVOLVIMENTO SUSTENTÁVEL - SEMAD;INSTITUTO MINEIRO DE GESTÃO DAS ÁGUAS - IGAM;1121.04.0.1.09.000;8;91;TX. CONTR. FISC. AMBIENT. - PRINC. - TAXA DE REPROGRAFIA, CERTIDÕES E JULGAMENTO DE CONTENCIOSO;20000,00
SECRETARIA DE ESTADO DE MEIO AMBIENTE E DESENVOLVIMENTO SUSTENTÁVEL - SEMAD;INSTITUTO MINEIRO DE GESTÃO DAS ÁGUAS - IGAM;1300.00.0.0.00.000;2;;RECEITA PATRIMONIAL;153050400,00
SECRETARIA DE ESTADO DE MEIO AMBIENTE E DESENVOLVIMENTO SUSTENTÁVEL - SEMAD;INSTITUTO MINEIRO DE GESTÃO DAS ÁGUAS - IGAM;1320.00.0.0.00.000;3;;VALORES MOBILIÁRIOS;451000,00
SECRETARIA DE ESTADO DE MEIO AMBIENTE E DESENVOLVIMENTO SUSTENTÁVEL - SEMAD;INSTITUTO MINEIRO DE GESTÃO DAS ÁGUAS - IGAM;1321.00.0.0.00.000;4;;JUROS E CORREÇÕES MONETÁRIAS;451000,00
SECRETARIA DE ESTADO DE MEIO AMBIENTE E DESENVOLVIMENTO SUSTENTÁVEL - SEMAD;INSTITUTO MINEIRO DE GESTÃO DAS ÁGUAS - IGAM;1321.01.0.0.00.000;5;;REMUNERAÇÃO DE DEPÓSITOS BANCÁRIOS;451000,00
SECRETARIA DE ESTADO DE MEIO AMBIENTE E DESENVOLVIMENTO SUSTENTÁVEL - SEMAD;INSTITUTO MINEIRO DE GESTÃO DAS ÁGUAS - IGAM;1321.01.0.1.00.000;7;;REMUNERAÇÃO DEPÓSITOS BANCÁRIOS - PRINCIPAL;451000,00
SECRETARIA DE ESTADO DE MEIO AMBIENTE E DESENVOLVIMENTO SUSTENTÁVEL - SEMAD;INSTITUTO MINEIRO DE GESTÃO DAS ÁGUAS - IGAM;1321.01.0.1.01.000;8;24;REMUNERAÇÃO DEPÓSITOS BANCÁRIOS - PRINC.;161000,00
SECRETARIA DE ESTADO DE MEIO AMBIENTE E DESENVOLVIMENTO SUSTENTÁVEL - SEMAD;INSTITUTO MINEIRO DE GESTÃO DAS ÁGUAS - IGAM;1321.01.0.1.01.000;8;60;REMUNERAÇÃO DEPÓSITOS BANCÁRIOS - PRINC.;20000,00
SECRETARIA DE ESTADO DE MEIO AMBIENTE E DESENVOLVIMENTO SUSTENTÁVEL - SEMAD;INSTITUTO MINEIRO DE GESTÃO DAS ÁGUAS - IGAM;1321.01.0.1.01.000;8;73;REMUNERAÇÃO DEPÓSITOS BANCÁRIOS - PRINC.;270000,00
SECRETARIA DE ESTADO DE MEIO AMBIENTE E DESENVOLVIMENTO SUSTENTÁVEL - SEMAD;INSTITUTO MINEIRO DE GESTÃO DAS ÁGUAS - IGAM;1340.00.0.0.00.000;3;;EXPLORAÇÃO DE RECURSOS NATURAIS;152599400,00
SECRETARIA DE ESTADO DE MEIO AMBIENTE E DESENVOLVIMENTO SUSTENTÁVEL - SEMAD;INSTITUTO MINEIRO DE GESTÃO DAS ÁGUAS - IGAM;1345.00.0.0.00.000;4;;EXPLORAÇÃO DE RECURSOS HÍDRICOS;152599400,00
SECRETARIA DE ESTADO DE MEIO AMBIENTE E DESENVOLVIMENTO SUSTENTÁVEL - SEMAD;INSTITUTO MINEIRO DE GESTÃO DAS ÁGUAS - IGAM;1345.01.0.0.00.000;5;;OUTORGA DE DIREITOS DE USO DE RECURSOS HÍDRICOS;152599400,00
SECRETARIA DE ESTADO DE MEIO AMBIENTE E DESENVOLVIMENTO SUSTENTÁVEL - SEMAD;INSTITUTO MINEIRO DE GESTÃO DAS ÁGUAS - IGAM;1345.01.0.1.00.000;7;;OUTORGA DIR. USO RECURSOS HÍDRICOS - PRINCIPAL;152099400,00
SECRETARIA DE ESTADO DE MEIO AMBIENTE E DESENVOLVIMENTO SUSTENTÁVEL - SEMAD;INSTITUTO MINEIRO DE GESTÃO DAS ÁGUAS - IGAM;1345.01.0.1.01.000;8;61;OUTORGA DIR. USO RECURSOS HÍDRICOS - PRINC.;152099400,00
SECRETARIA DE ESTADO DE MEIO AMBIENTE E DESENVOLVIMENTO SUSTENTÁVEL - SEMAD;INSTITUTO MINEIRO DE GESTÃO DAS ÁGUAS - IGAM;1345.01.0.3.00.000;7;;OUTORGA DIR. USO RECURSOS HÍDRICOS - DÍVIDA ATIVA;500000,00
SECRETARIA DE ESTADO DE MEIO AMBIENTE E DESENVOLVIMENTO SUSTENTÁVEL - SEMAD;INSTITUTO MINEIRO DE GESTÃO DAS ÁGUAS - IGAM;1345.01.0.3.01.000;8;61;OUTORGA DIR. USO RECURSOS HÍDRICOS - DA;500000,00
SECRETARIA DE ESTADO DE MEIO AMBIENTE E DESENVOLVIMENTO SUSTENTÁVEL - SEMAD;INSTITUTO MINEIRO DE GESTÃO DAS ÁGUAS - IGAM;1600.00.0.0.00.000;2;;RECEITA DE SERVIÇOS;1500000,00
SECRETARIA DE ESTADO DE MEIO AMBIENTE E DESENVOLVIMENTO SUSTENTÁVEL - SEMAD;INSTITUTO MINEIRO DE GESTÃO DAS ÁGUAS - IGAM;1690.00.0.0.00.000;3;;OUTROS SERVIÇOS;1500000,00
SECRETARIA DE ESTADO DE MEIO AMBIENTE E DESENVOLVIMENTO SUSTENTÁVEL - SEMAD;INSTITUTO MINEIRO DE GESTÃO DAS ÁGUAS - IGAM;1699.00.0.0.00.000;4;;OUTROS SERVIÇOS;1500000,00
SECRETARIA DE ESTADO DE MEIO AMBIENTE E DESENVOLVIMENTO SUSTENTÁVEL - SEMAD;INSTITUTO MINEIRO DE GESTÃO DAS ÁGUAS - IGAM;1699.99.0.0.00.000;5;;OUTROS SERVIÇOS;1500000,00
SECRETARIA DE ESTADO DE MEIO AMBIENTE E DESENVOLVIMENTO SUSTENTÁVEL - SEMAD;INSTITUTO MINEIRO DE GESTÃO DAS ÁGUAS - IGAM;1699.99.0.3.00.000;7;;OUTROS SERVIÇOS - DÍVIDA ATIVA;1500000,00
SECRETARIA DE ESTADO DE MEIO AMBIENTE E DESENVOLVIMENTO SUSTENTÁVEL - SEMAD;INSTITUTO MINEIRO DE GESTÃO DAS ÁGUAS - IGAM;1699.99.0.3.01.000;8;60;OUTROS SERVIÇOS - DA;1500000,00
SECRETARIA DE ESTADO DE MEIO AMBIENTE E DESENVOLVIMENTO SUSTENTÁVEL - SEMAD;INSTITUTO MINEIRO DE GESTÃO DAS ÁGUAS - IGAM;1700.00.0.0.00.000;2;;TRANSFERÊNCIAS CORRENTES;4305000,00
SECRETARIA DE ESTADO DE MEIO AMBIENTE E DESENVOLVIMENTO SUSTENTÁVEL - SEMAD;INSTITUTO MINEIRO DE GESTÃO DAS ÁGUAS - IGAM;1710.00.0.0.00.000;3;;TRANSFERÊNCIAS DA UNIÃO E DE SUAS ENTIDADES;4305000,00
SECRETARIA DE ESTADO DE MEIO AMBIENTE E DESENVOLVIMENTO SUSTENTÁVEL - SEMAD;INSTITUTO MINEIRO DE GESTÃO DAS ÁGUAS - IGAM;1717.00.0.0.00.000;4;;TRANSFERÊNCIAS DE CONVÊNIOS DA UNIÃO E DE SUAS ENTIDADES;4305000,00
SECRETARIA DE ESTADO DE MEIO AMBIENTE E DESENVOLVIMENTO SUSTENTÁVEL - SEMAD;INSTITUTO MINEIRO DE GESTÃO DAS ÁGUAS - IGAM;1717.99.0.0.00.000;5;;OUTRAS TRANSFERÊNCIAS DE CONVÊNIOS DA UNIÃO E DE SUAS ENTIDADES;4305000,00
SECRETARIA DE ESTADO DE MEIO AMBIENTE E DESENVOLVIMENTO SUSTENTÁVEL - SEMAD;INSTITUTO MINEIRO DE GESTÃO DAS ÁGUAS - IGAM;1717.99.0.1.00.000;7;;OUTRAS TRANSF. CONVÊNIOS UNIÃO ENTIDADES - PRINCIPAL;4305000,00
SECRETARIA DE ESTADO DE MEIO AMBIENTE E DESENVOLVIMENTO SUSTENTÁVEL - SEMAD;INSTITUTO MINEIRO DE GESTÃO DAS ÁGUAS - IGAM;1717.99.0.1.16.000;8;;OUTRAS TRANSF. CONVÊNIOS UNIÃO ENTIDADES - PRINC. - MEIO AMBIENTE;4305000,00
SECRETARIA DE ESTADO DE MEIO AMBIENTE E DESENVOLVIMENTO SUSTENTÁVEL - SEMAD;INSTITUTO MINEIRO DE GESTÃO DAS ÁGUAS - IGAM;1717.99.0.1.16.002;9;73;MEIO AMBIENTE - AGÊNCIA NACIONAL DE ÁGUAS E SANEAMENTO - ANA;4305000,00
SECRETARIA DE ESTADO DE MEIO AMBIENTE E DESENVOLVIMENTO SUSTENTÁVEL - SEMAD;INSTITUTO MINEIRO DE GESTÃO DAS ÁGUAS - IGAM;1900.00.0.0.00.000;2;;OUTRAS RECEITAS CORRENTES;917000,00
SECRETARIA DE ESTADO DE MEIO AMBIENTE E DESENVOLVIMENTO SUSTENTÁVEL - SEMAD;INSTITUTO MINEIRO DE GESTÃO DAS ÁGUAS - IGAM;1910.00.0.0.00.000;3;;MULTAS ADMINISTRATIVAS, CONTRATUAIS E JUDICIAIS;750000,00
SECRETARIA DE ESTADO DE MEIO AMBIENTE E DESENVOLVIMENTO SUSTENTÁVEL - SEMAD;INSTITUTO MINEIRO DE GESTÃO DAS ÁGUAS - IGAM;1911.00.0.0.00.000;4;;MULTAS ADMINISTRATIVAS, CONTRATUAIS E JUDICIAIS;750000,00
SECRETARIA DE ESTADO DE MEIO AMBIENTE E DESENVOLVIMENTO SUSTENTÁVEL - SEMAD;INSTITUTO MINEIRO DE GESTÃO DAS ÁGUAS - IGAM;1911.06.0.0.00.000;5;;MULTAS POR DANOS AMBIENTAIS;650000,00
SECRETARIA DE ESTADO DE MEIO AMBIENTE E DESENVOLVIMENTO SUSTENTÁVEL - SEMAD;INSTITUTO MINEIRO DE GESTÃO DAS ÁGUAS - IGAM;1911.06.1.0.00.000;6;;MULTAS ADMINISTRATIVAS POR DANOS AMBIENTAIS;650000,00
SECRETARIA DE ESTADO DE MEIO AMBIENTE E DESENVOLVIMENTO SUSTENTÁVEL - SEMAD;INSTITUTO MINEIRO DE GESTÃO DAS ÁGUAS - IGAM;1911.06.1.1.00.000;7;;MULTAS ADM. DANOS AMBIENTAIS - PRINCIPAL;650000,00
SECRETARIA DE ESTADO DE MEIO AMBIENTE E DESENVOLVIMENTO SUSTENTÁVEL - SEMAD;INSTITUTO MINEIRO DE GESTÃO DAS ÁGUAS - IGAM;1911.06.1.1.01.000;8;60;MULTAS ADM. DANOS AMBIENTAIS - PRINC.;650000,00
SECRETARIA DE ESTADO DE MEIO AMBIENTE E DESENVOLVIMENTO SUSTENTÁVEL - SEMAD;INSTITUTO MINEIRO DE GESTÃO DAS ÁGUAS - IGAM;1911.09.0.0.00.000;5;;MULTAS E JUROS PREVISTOS EM CONTRATOS;100000,00
SECRETARIA DE ESTADO DE MEIO AMBIENTE E DESENVOLVIMENTO SUSTENTÁVEL - SEMAD;INSTITUTO MINEIRO DE GESTÃO DAS ÁGUAS - IGAM;1911.09.0.1.00.000;7;;MULTAS JUROS PREVISTOS CONTRATOS - PRINCIPAL;100000,00
SECRETARIA DE ESTADO DE MEIO AMBIENTE E DESENVOLVIMENTO SUSTENTÁVEL - SEMAD;INSTITUTO MINEIRO DE GESTÃO DAS ÁGUAS - IGAM;1911.09.0.1.99.000;8;60;MULTAS JUROS PREVISTOS CONTRATOS - PRINC. - DEMAIS;100000,00
SECRETARIA DE ESTADO DE MEIO AMBIENTE E DESENVOLVIMENTO SUSTENTÁVEL - SEMAD;INSTITUTO MINEIRO DE GESTÃO DAS ÁGUAS - IGAM;1920.00.0.0.00.000;3;;INDENIZAÇÕES, RESTITUIÇÕES E RESSARCIMENTOS;167000,00
SECRETARIA DE ESTADO DE MEIO AMBIENTE E DESENVOLVIMENTO SUSTENTÁVEL - SEMAD;INSTITUTO MINEIRO DE GESTÃO DAS ÁGUAS - IGAM;1922.00.0.0.00.000;4;;RESTITUIÇÕES;167000,00
SECRETARIA DE ESTADO DE MEIO AMBIENTE E DESENVOLVIMENTO SUSTENTÁVEL - SEMAD;INSTITUTO MINEIRO DE GESTÃO DAS ÁGUAS - IGAM;1922.99.0.0.00.000;5;;OUTRAS RESTITUIÇÕES;167000,00
SECRETARIA DE ESTADO DE MEIO AMBIENTE E DESENVOLVIMENTO SUSTENTÁVEL - SEMAD;INSTITUTO MINEIRO DE GESTÃO DAS ÁGUAS - IGAM;1922.99.0.1.00.000;7;;OUTRAS RESTITUIÇÕES - PRINCIPAL;167000,00
SECRETARIA DE ESTADO DE MEIO AMBIENTE E DESENVOLVIMENTO SUSTENTÁVEL - SEMAD;INSTITUTO MINEIRO DE GESTÃO DAS ÁGUAS - IGAM;1922.99.0.1.99.000;8;24;OUTRAS RESTITUIÇÕES - PRINC. - DEMAIS;1000,00
SECRETARIA DE ESTADO DE MEIO AMBIENTE E DESENVOLVIMENTO SUSTENTÁVEL - SEMAD;INSTITUTO MINEIRO DE GESTÃO DAS ÁGUAS - IGAM;1922.99.0.1.99.000;8;60;OUTRAS RESTITUIÇÕES - PRINC. - DEMAIS;60000,00
SECRETARIA DE ESTADO DE MEIO AMBIENTE E DESENVOLVIMENTO SUSTENTÁVEL - SEMAD;INSTITUTO MINEIRO DE GESTÃO DAS ÁGUAS - IGAM;1922.99.0.1.99.000;8;61;OUTRAS RESTITUIÇÕES - PRINC. - DEMAIS;100000,00
SECRETARIA DE ESTADO DE MEIO AMBIENTE E DESENVOLVIMENTO SUSTENTÁVEL - SEMAD;INSTITUTO MINEIRO DE GESTÃO DAS ÁGUAS - IGAM;1922.99.0.1.99.000;8;73;OUTRAS RESTITUIÇÕES - PRINC. - DEMAIS;1000,00
SECRETARIA DE ESTADO DE MEIO AMBIENTE E DESENVOLVIMENTO SUSTENTÁVEL - SEMAD;INSTITUTO MINEIRO DE GESTÃO DAS ÁGUAS - IGAM;1922.99.0.1.99.000;8;91;OUTRAS RESTITUIÇÕES - PRINC. - DEMAIS;5000,00
SECRETARIA DE ESTADO DE MEIO AMBIENTE E DESENVOLVIMENTO SUSTENTÁVEL - SEMAD;INSTITUTO MINEIRO DE GESTÃO DAS ÁGUAS - IGAM;2000.00.0.0.00.000;1;;RECEITAS DE CAPITAL;2000,00
SECRETARIA DE ESTADO DE MEIO AMBIENTE E DESENVOLVIMENTO SUSTENTÁVEL - SEMAD;INSTITUTO MINEIRO DE GESTÃO DAS ÁGUAS - IGAM;2200.00.0.0.00.000;2;;ALIENAÇÃO DE BENS;2000,00
SECRETARIA DE ESTADO DE MEIO AMBIENTE E DESENVOLVIMENTO SUSTENTÁVEL - SEMAD;INSTITUTO MINEIRO DE GESTÃO DAS ÁGUAS - IGAM;2210.00.0.0.00.000;3;;ALIENAÇÃO DE BENS MÓVEIS;2000,00
SECRETARIA DE ESTADO DE MEIO AMBIENTE E DESENVOLVIMENTO SUSTENTÁVEL - SEMAD;INSTITUTO MINEIRO DE GESTÃO DAS ÁGUAS - IGAM;2213.00.0.0.00.000;4;;ALIENAÇÃO DE BENS MÓVEIS E SEMOVENTES;2000,00
SECRETARIA DE ESTADO DE MEIO AMBIENTE E DESENVOLVIMENTO SUSTENTÁVEL - SEMAD;INSTITUTO MINEIRO DE GESTÃO DAS ÁGUAS - IGAM;2213.01.0.0.00.000;5;;ALIENAÇÃO DE BENS MÓVEIS E SEMOVENTES;2000,00
SECRETARIA DE ESTADO DE MEIO AMBIENTE E DESENVOLVIMENTO SUSTENTÁVEL - SEMAD;INSTITUTO MINEIRO DE GESTÃO DAS ÁGUAS - IGAM;2213.01.0.1.00.000;7;;ALIENAÇÃO BENS MÓVEIS SEMOVENTES - PRINCIPAL;2000,00
SECRETARIA DE ESTADO DE MEIO AMBIENTE E DESENVOLVIMENTO SUSTENTÁVEL - SEMAD;INSTITUTO MINEIRO DE GESTÃO DAS ÁGUAS - IGAM;2213.01.0.1.01.000;8;47;ALIENAÇÃO BENS MÓVEIS SEMOVENTES - PRINC.;2000,00
SECRETARIA DE ESTADO DE DESENVOLVIMENTO ECONÔMICO - SEDE;JUNTA COMERCIAL DO ESTADO DE MINAS GERAIS - JUCEMG;1000.00.0.0.00.000;1;;RECEITAS CORRENTES;96586015,00
SECRETARIA DE ESTADO DE DESENVOLVIMENTO ECONÔMICO - SEDE;JUNTA COMERCIAL DO ESTADO DE MINAS GERAIS - JUCEMG;1300.00.0.0.00.000;2;;RECEITA PATRIMONIAL;8750,00
SECRETARIA DE ESTADO DE DESENVOLVIMENTO ECONÔMICO - SEDE;JUNTA COMERCIAL DO ESTADO DE MINAS GERAIS - JUCEMG;1320.00.0.0.00.000;3;;VALORES MOBILIÁRIOS;8750,00
SECRETARIA DE ESTADO DE DESENVOLVIMENTO ECONÔMICO - SEDE;JUNTA COMERCIAL DO ESTADO DE MINAS GERAIS - JUCEMG;1321.00.0.0.00.000;4;;JUROS E CORREÇÕES MONETÁRIAS;1362,00
SECRETARIA DE ESTADO DE DESENVOLVIMENTO ECONÔMICO - SEDE;JUNTA COMERCIAL DO ESTADO DE MINAS GERAIS - JUCEMG;1321.06.0.0.00.000;5;;JUROS SOBRE O CAPITAL PRÓPRIO;1362,00
SECRETARIA DE ESTADO DE DESENVOLVIMENTO ECONÔMICO - SEDE;JUNTA COMERCIAL DO ESTADO DE MINAS GERAIS - JUCEMG;1321.06.0.1.00.000;7;;JUROS CAPITAL PRÓPRIO - PRINCIPAL;1362,00
SECRETARIA DE ESTADO DE DESENVOLVIMENTO ECONÔMICO - SEDE;JUNTA COMERCIAL DO ESTADO DE MINAS GERAIS - JUCEMG;1321.06.0.1.01.000;8;60;JUROS CAPITAL PRÓPRIO - PRINC. - EMPRESAS ESTATAIS;1362,00
SECRETARIA DE ESTADO DE DESENVOLVIMENTO ECONÔMICO - SEDE;JUNTA COMERCIAL DO ESTADO DE MINAS GERAIS - JUCEMG;1322.00.0.0.00.000;4;;DIVIDENDOS;7388,00
SECRETARIA DE ESTADO DE DESENVOLVIMENTO ECONÔMICO - SEDE;JUNTA COMERCIAL DO ESTADO DE MINAS GERAIS - JUCEMG;1322.01.0.0.00.000;5;;DIVIDENDOS;7388,00
SECRETARIA DE ESTADO DE DESENVOLVIMENTO ECONÔMICO - SEDE;JUNTA COMERCIAL DO ESTADO DE MINAS GERAIS - JUCEMG;1322.01.0.1.00.000;7;;DIVIDENDOS - PRINCIPAL;7388,00
SECRETARIA DE ESTADO DE DESENVOLVIMENTO ECONÔMICO - SEDE;JUNTA COMERCIAL DO ESTADO DE MINAS GERAIS - JUCEMG;1322.01.0.1.01.000;8;60;DIVIDENDOS - PRINC. - EMPRESAS ESTATAIS;7388,00
SECRETARIA DE ESTADO DE DESENVOLVIMENTO ECONÔMICO - SEDE;JUNTA COMERCIAL DO ESTADO DE MINAS GERAIS - JUCEMG;1600.00.0.0.00.000;2;;RECEITA DE SERVIÇOS;96573265,00
SECRETARIA DE ESTADO DE DESENVOLVIMENTO ECONÔMICO - SEDE;JUNTA COMERCIAL DO ESTADO DE MINAS GERAIS - JUCEMG;1610.00.0.0.00.000;3;;SERVIÇOS ADMINISTRATIVOS E COMERCIAIS GERAIS;96573265,00
SECRETARIA DE ESTADO DE DESENVOLVIMENTO ECONÔMICO - SEDE;JUNTA COMERCIAL DO ESTADO DE MINAS GERAIS - JUCEMG;1611.00.0.0.00.000;4;;SERVIÇOS ADMINISTRATIVOS E COMERCIAIS GERAIS;96573265,00
SECRETARIA DE ESTADO DE DESENVOLVIMENTO ECONÔMICO - SEDE;JUNTA COMERCIAL DO ESTADO DE MINAS GERAIS - JUCEMG;1611.03.0.0.00.000;5;;SERVIÇOS DE REGISTRO, CERTIFICAÇÃO E FISCALIZAÇÃO;93259895,00
SECRETARIA DE ESTADO DE DESENVOLVIMENTO ECONÔMICO - SEDE;JUNTA COMERCIAL DO ESTADO DE MINAS GERAIS - JUCEMG;1611.03.0.1.00.000;7;;SERVIÇOS REG. CERTIF. FISCALIZ. - PRINCIPAL;93259895,00
SECRETARIA DE ESTADO DE DESENVOLVIMENTO ECONÔMICO - SEDE;JUNTA COMERCIAL DO ESTADO DE MINAS GERAIS - JUCEMG;1611.03.0.1.06.000;8;60;SERVIÇOS REG. CERTIF. FISCALIZ. - PRINC. - REGISTRO DO COMÉRCIO;93259895,00
SECRETARIA DE ESTADO DE DESENVOLVIMENTO ECONÔMICO - SEDE;JUNTA COMERCIAL DO ESTADO DE MINAS GERAIS - JUCEMG;1611.04.0.0.00.000;5;;SERVIÇOS DE INFORMAÇÃO E TECNOLOGIA;3313370,00
SECRETARIA DE ESTADO DE DESENVOLVIMENTO ECONÔMICO - SEDE;JUNTA COMERCIAL DO ESTADO DE MINAS GERAIS - JUCEMG;1611.04.0.1.00.000;7;;SERVIÇOS INFORMAÇÃO TECNOLOGIA - PRINCIPAL;3313370,00
SECRETARIA DE ESTADO DE DESENVOLVIMENTO ECONÔMICO - SEDE;JUNTA COMERCIAL DO ESTADO DE MINAS GERAIS - JUCEMG;1611.04.0.1.01.000;8;60;SERVIÇOS INFORMAÇÃO TECNOLOGIA - PRINC. - PROCESSAMENTO DE DADOS;3313370,00
SECRETARIA DE ESTADO DE DESENVOLVIMENTO ECONÔMICO - SEDE;JUNTA COMERCIAL DO ESTADO DE MINAS GERAIS - JUCEMG;1900.00.0.0.00.000;2;;OUTRAS RECEITAS CORRENTES;4000,00
SECRETARIA DE ESTADO DE DESENVOLVIMENTO ECONÔMICO - SEDE;JUNTA COMERCIAL DO ESTADO DE MINAS GERAIS - JUCEMG;1920.00.0.0.00.000;3;;INDENIZAÇÕES, RESTITUIÇÕES E RESSARCIMENTOS;4000,00
SECRETARIA DE ESTADO DE DESENVOLVIMENTO ECONÔMICO - SEDE;JUNTA COMERCIAL DO ESTADO DE MINAS GERAIS - JUCEMG;1922.00.0.0.00.000;4;;RESTITUIÇÕES;4000,00
SECRETARIA DE ESTADO DE DESENVOLVIMENTO ECONÔMICO - SEDE;JUNTA COMERCIAL DO ESTADO DE MINAS GERAIS - JUCEMG;1922.52.0.0.00.000;5;;RESTITUIÇÃO DE REMUNERAÇÃO DE FOLHA DE PAGAMENTO - PESSOAL ATIVO;2000,00
SECRETARIA DE ESTADO DE DESENVOLVIMENTO ECONÔMICO - SEDE;JUNTA COMERCIAL DO ESTADO DE MINAS GERAIS - JUCEMG;1922.52.0.1.00.000;7;;RESTITUIÇÃO REMUNERAÇÃO FOLHA PAGAMENTO - PESSOAL ATIVO - PRINCIPAL;2000,00
SECRETARIA DE ESTADO DE DESENVOLVIMENTO ECONÔMICO - SEDE;JUNTA COMERCIAL DO ESTADO DE MINAS GERAIS - JUCEMG;1922.52.0.1.01.000;8;60;RESTITUIÇÃO REMUNERAÇÃO FOLHA PAGAMENTO - PESSOAL ATIVO - PRINC.;2000,00
SECRETARIA DE ESTADO DE DESENVOLVIMENTO ECONÔMICO - SEDE;JUNTA COMERCIAL DO ESTADO DE MINAS GERAIS - JUCEMG;1922.99.0.0.00.000;5;;OUTRAS RESTITUIÇÕES;2000,00
SECRETARIA DE ESTADO DE DESENVOLVIMENTO ECONÔMICO - SEDE;JUNTA COMERCIAL DO ESTADO DE MINAS GERAIS - JUCEMG;1922.99.0.1.00.000;7;;OUTRAS RESTITUIÇÕES - PRINCIPAL;2000,00
SECRETARIA DE ESTADO DE DESENVOLVIMENTO ECONÔMICO - SEDE;JUNTA COMERCIAL DO ESTADO DE MINAS GERAIS - JUCEMG;1922.99.0.1.99.000;8;60;OUTRAS RESTITUIÇÕES - PRINC. - DEMAIS;2000,00
SECRETARIA DE ESTADO DE DESENVOLVIMENTO ECONÔMICO - SEDE;JUNTA COMERCIAL DO ESTADO DE MINAS GERAIS - JUCEMG;7000.00.0.0.00.000;1;;RECEITA INTRAORÇAMENTÁRIA;18000,00
SECRETARIA DE ESTADO DE DESENVOLVIMENTO ECONÔMICO - SEDE;JUNTA COMERCIAL DO ESTADO DE MINAS GERAIS - JUCEMG;7600.00.0.0.00.000;2;;REC. INTRA. - RECEITA DE SERVIÇOS;18000,00
SECRETARIA DE ESTADO DE DESENVOLVIMENTO ECONÔMICO - SEDE;JUNTA COMERCIAL DO ESTADO DE MINAS GERAIS - JUCEMG;7610.00.0.0.00.000;3;;REC. INTRA. - SERVIÇOS ADMINISTRATIVOS E COMERCIAIS GERAIS;18000,00
SECRETARIA DE ESTADO DE DESENVOLVIMENTO ECONÔMICO - SEDE;JUNTA COMERCIAL DO ESTADO DE MINAS GERAIS - JUCEMG;7611.00.0.0.00.000;4;;REC. INTRA. - SERVIÇOS ADMINISTRATIVOS E COMERCIAIS GERAIS;18000,00
SECRETARIA DE ESTADO DE DESENVOLVIMENTO ECONÔMICO - SEDE;JUNTA COMERCIAL DO ESTADO DE MINAS GERAIS - JUCEMG;7611.03.0.0.00.000;5;;REC. INTRA. - SERVIÇOS DE REGISTRO, CERTIFICAÇÃO E FISCALIZAÇÃO;18000,00
SECRETARIA DE ESTADO DE DESENVOLVIMENTO ECONÔMICO - SEDE;JUNTA COMERCIAL DO ESTADO DE MINAS GERAIS - JUCEMG;7611.03.0.1.00.000;7;;REC. INTRA. - SERVIÇOS REG. CERTIF. FISCALIZ. - PRINCIPAL;18000,00
SECRETARIA DE ESTADO DE DESENVOLVIMENTO ECONÔMICO - SEDE;JUNTA COMERCIAL DO ESTADO DE MINAS GERAIS - JUCEMG;7611.03.0.1.06.000;8;60;REC. INTRA. - SERVIÇOS REG. CERTIF. FISCALIZ. - PRINC. - REGISTRO DO COMÉRCIO;18000,00
SECRETARIA DE ESTADO DE SAÚDE - SES;FUNDAÇÃO EZEQUIEL DIAS - FUNED;1000.00.0.0.00.000;1;;RECEITAS CORRENTES;374546937,00
SECRETARIA DE ESTADO DE SAÚDE - SES;FUNDAÇÃO EZEQUIEL DIAS - FUNED;1300.00.0.0.00.000;2;;RECEITA PATRIMONIAL;103911,00
SECRETARIA DE ESTADO DE SAÚDE - SES;FUNDAÇÃO EZEQUIEL DIAS - FUNED;1310.00.0.0.00.000;3;;EXPLORAÇÃO DO PATRIMÔNIO IMOBILIÁRIO DO ESTADO;20000,00
SECRETARIA DE ESTADO DE SAÚDE - SES;FUNDAÇÃO EZEQUIEL DIAS - FUNED;1311.00.0.0.00.000;4;;EXPLORAÇÃO DO PATRIMÔNIO IMOBILIÁRIO DO ESTADO;20000,00
SECRETARIA DE ESTADO DE SAÚDE - SES;FUNDAÇÃO EZEQUIEL DIAS - FUNED;1311.01.0.0.00.000;5;;ALUGUÉIS, ARRENDAMENTOS, FOROS, LAUDÊMIOS, TARIFAS DE OCUPAÇÃO;20000,00
SECRETARIA DE ESTADO DE SAÚDE - SES;FUNDAÇÃO EZEQUIEL DIAS - FUNED;1311.01.1.0.00.000;6;;ALUGUÉIS E ARRENDAMENTOS;20000,00
SECRETARIA DE ESTADO DE SAÚDE - SES;FUNDAÇÃO EZEQUIEL DIAS - FUNED;1311.01.1.1.00.000;7;;ALUGUÉIS ARRENDAMENTOS - PRINCIPAL;20000,00
SECRETARIA DE ESTADO DE SAÚDE - SES;FUNDAÇÃO EZEQUIEL DIAS - FUNED;1311.01.1.1.01.000;8;60;ALUGUÉIS ARRENDAMENTOS - PRINC. - ALUGUÉIS;20000,00
SECRETARIA DE ESTADO DE SAÚDE - SES;FUNDAÇÃO EZEQUIEL DIAS - FUNED;1320.00.0.0.00.000;3;;VALORES MOBILIÁRIOS;1000,00
SECRETARIA DE ESTADO DE SAÚDE - SES;FUNDAÇÃO EZEQUIEL DIAS - FUNED;1321.00.0.0.00.000;4;;JUROS E CORREÇÕES MONETÁRIAS;1000,00
SECRETARIA DE ESTADO DE SAÚDE - SES;FUNDAÇÃO EZEQUIEL DIAS - FUNED;1321.01.0.0.00.000;5;;REMUNERAÇÃO DE DEPÓSITOS BANCÁRIOS;1000,00
SECRETARIA DE ESTADO DE SAÚDE - SES;FUNDAÇÃO EZEQUIEL DIAS - FUNED;1321.01.0.1.00.000;7;;REMUNERAÇÃO DEPÓSITOS BANCÁRIOS - PRINCIPAL;1000,00
SECRETARIA DE ESTADO DE SAÚDE - SES;FUNDAÇÃO EZEQUIEL DIAS - FUNED;1321.01.0.1.01.000;8;24;REMUNERAÇÃO DEPÓSITOS BANCÁRIOS - PRINC.;1000,00
SECRETARIA DE ESTADO DE SAÚDE - SES;FUNDAÇÃO EZEQUIEL DIAS - FUNED;1350.00.0.0.00.000;3;;EXPLORAÇÃO DO PATRIMÔNIO INTANGÍVEL;82911,00
SECRETARIA DE ESTADO DE SAÚDE - SES;FUNDAÇÃO EZEQUIEL DIAS - FUNED;1351.00.0.0.00.000;4;;EXPLORAÇÃO DO PATRIMÔNIO INTANGÍVEL;82911,00
SECRETARIA DE ESTADO DE SAÚDE - SES;FUNDAÇÃO EZEQUIEL DIAS - FUNED;1351.01.0.0.00.000;5;;OUTORGA DE DIREITO DE USO OU DE EXPLORAÇÃO DE CRIAÇÃO PROTEGIDA - INSTITUIÇÃO CIENTÍFICA E TECNOLÓGICA;82911,00
SECRETARIA DE ESTADO DE SAÚDE - SES;FUNDAÇÃO EZEQUIEL DIAS - FUNED;1351.01.0.1.00.000;7;;OUTORGA DIR. USO EXPLORAÇÃO CRIAÇÃO PROTEGIDA - INSTITUIÇÃO CIENTÍFICA TECNOLÓGICA - PRINCIPAL;82911,00
SECRETARIA DE ESTADO DE SAÚDE - SES;FUNDAÇÃO EZEQUIEL DIAS - FUNED;1351.01.0.1.01.000;8;60;OUTORGA DIR. USO EXPLORAÇÃO CRIAÇÃO PROTEGIDA - INSTITUIÇÃO CIENTÍFICA TECNOLÓGICA - PRINC.;82911,00
SECRETARIA DE ESTADO DE SAÚDE - SES;FUNDAÇÃO EZEQUIEL DIAS - FUNED;1500.00.0.0.00.000;2;;RECEITA INDUSTRIAL;372651061,00
SECRETARIA DE ESTADO DE SAÚDE - SES;FUNDAÇÃO EZEQUIEL DIAS - FUNED;1510.00.0.0.00.000;3;;RECEITA INDUSTRIAL;372651061,00
SECRETARIA DE ESTADO DE SAÚDE - SES;FUNDAÇÃO EZEQUIEL DIAS - FUNED;1511.00.0.0.00.000;4;;RECEITA INDUSTRIAL;372651061,00
SECRETARIA DE ESTADO DE SAÚDE - SES;FUNDAÇÃO EZEQUIEL DIAS - FUNED;1511.01.0.0.00.000;5;;RECEITA INDUSTRIAL;372651061,00
SECRETARIA DE ESTADO DE SAÚDE - SES;FUNDAÇÃO EZEQUIEL DIAS - FUNED;1511.01.0.1.00.000;7;;REC. INDUSTRIAL - PRINCIPAL;372651061,00
SECRETARIA DE ESTADO DE SAÚDE - SES;FUNDAÇÃO EZEQUIEL DIAS - FUNED;1511.01.0.1.01.000;8;;REC. INDUSTRIAL - PRINC. - INDÚSTRIA DE TRANSFORMAÇÃO;372651061,00
SECRETARIA DE ESTADO DE SAÚDE - SES;FUNDAÇÃO EZEQUIEL DIAS - FUNED;1511.01.0.1.01.003;9;60;REC. INDUSTRIAL - PRINC. - INDÚSTRIA TRANSFORMAÇÃO - INDÚSTRIA DE PRODUTOS FARMACÊUTICOS E VETERINÁRIOS;372651061,00
SECRETARIA DE ESTADO DE SAÚDE - SES;FUNDAÇÃO EZEQUIEL DIAS - FUNED;1600.00.0.0.00.000;2;;RECEITA DE SERVIÇOS;14965,00
SECRETARIA DE ESTADO DE SAÚDE - SES;FUNDAÇÃO EZEQUIEL DIAS - FUNED;1610.00.0.0.00.000;3;;SERVIÇOS ADMINISTRATIVOS E COMERCIAIS GERAIS;14965,00
SECRETARIA DE ESTADO DE SAÚDE - SES;FUNDAÇÃO EZEQUIEL DIAS - FUNED;1611.00.0.0.00.000;4;;SERVIÇOS ADMINISTRATIVOS E COMERCIAIS GERAIS;14965,00
SECRETARIA DE ESTADO DE SAÚDE - SES;FUNDAÇÃO EZEQUIEL DIAS - FUNED;1611.04.0.0.00.000;5;;SERVIÇOS DE INFORMAÇÃO E TECNOLOGIA;14965,00
SECRETARIA DE ESTADO DE SAÚDE - SES;FUNDAÇÃO EZEQUIEL DIAS - FUNED;1611.04.0.1.00.000;7;;SERVIÇOS INFORMAÇÃO TECNOLOGIA - PRINCIPAL;14965,00
SECRETARIA DE ESTADO DE SAÚDE - SES;FUNDAÇÃO EZEQUIEL DIAS - FUNED;1611.04.0.1.99.000;8;60;SERVIÇOS INFORMAÇÃO TECNOLOGIA - PRINC. - DEMAIS SERVIÇOS TECNOLÓGICOS;14965,00
SECRETARIA DE ESTADO DE SAÚDE - SES;FUNDAÇÃO EZEQUIEL DIAS - FUNED;1900.00.0.0.00.000;2;;OUTRAS RECEITAS CORRENTES;1777000,00
SECRETARIA DE ESTADO DE SAÚDE - SES;FUNDAÇÃO EZEQUIEL DIAS - FUNED;1920.00.0.0.00.000;3;;INDENIZAÇÕES, RESTITUIÇÕES E RESSARCIMENTOS;1777000,00
SECRETARIA DE ESTADO DE SAÚDE - SES;FUNDAÇÃO EZEQUIEL DIAS - FUNED;1922.00.0.0.00.000;4;;RESTITUIÇÕES;1777000,00
SECRETARIA DE ESTADO DE SAÚDE - SES;FUNDAÇÃO EZEQUIEL DIAS - FUNED;1922.99.0.0.00.000;5;;OUTRAS RESTITUIÇÕES;1777000,00
SECRETARIA DE ESTADO DE SAÚDE - SES;FUNDAÇÃO EZEQUIEL DIAS - FUNED;1922.99.0.1.00.000;7;;OUTRAS RESTITUIÇÕES - PRINCIPAL;1777000,00
SECRETARIA DE ESTADO DE SAÚDE - SES;FUNDAÇÃO EZEQUIEL DIAS - FUNED;1922.99.0.1.01.000;8;10;OUTRAS RESTITUIÇÕES - PRINC. - RECURSOS ORIGINÁRIOS DO FUNDO ESTADUAL DE SAÚDE - FES;676000,00
SECRETARIA DE ESTADO DE SAÚDE - SES;FUNDAÇÃO EZEQUIEL DIAS - FUNED;1922.99.0.1.99.000;8;24;OUTRAS RESTITUIÇÕES - PRINC. - DEMAIS;1000,00
SECRETARIA DE ESTADO DE SAÚDE - SES;FUNDAÇÃO EZEQUIEL DIAS - FUNED;1922.99.0.1.99.000;8;60;OUTRAS RESTITUIÇÕES - PRINC. - DEMAIS;1100000,00
SECRETARIA DE ESTADO DE SAÚDE - SES;FUNDAÇÃO EZEQUIEL DIAS - FUNED;2000.00.0.0.00.000;1;;RECEITAS DE CAPITAL;4001371,00
SECRETARIA DE ESTADO DE SAÚDE - SES;FUNDAÇÃO EZEQUIEL DIAS - FUNED;2400.00.0.0.00.000;2;;TRANSFERÊNCIAS DE CAPITAL;4001371,00
SECRETARIA DE ESTADO DE SAÚDE - SES;FUNDAÇÃO EZEQUIEL DIAS - FUNED;2410.00.0.0.00.000;3;;TRANSFERÊNCIAS DA UNIÃO E DE SUAS ENTIDADES;4001371,00
SECRETARIA DE ESTADO DE SAÚDE - SES;FUNDAÇÃO EZEQUIEL DIAS - FUNED;2414.00.0.0.00.000;4;;TRANSFERÊNCIAS DE CONVÊNIOS DA UNIÃO E DE SUAS ENTIDADES;4001371,00
SECRETARIA DE ESTADO DE SAÚDE - SES;FUNDAÇÃO EZEQUIEL DIAS - FUNED;2414.50.0.0.00.000;5;;TRANSFERÊNCIAS DE CONVÊNIOS DA UNIÃO PARA O SISTEMA ÚNICO DE SAÚDE - SUS;4001371,00
SECRETARIA DE ESTADO DE SAÚDE - SES;FUNDAÇÃO EZEQUIEL DIAS - FUNED;2414.50.0.1.00.000;7;;TRANSF. CONVÊNIOS UNIÃO SUS-SAÚDE - PRINCIPAL;4001371,00
SECRETARIA DE ESTADO DE SAÚDE - SES;FUNDAÇÃO EZEQUIEL DIAS - FUNED;2414.50.0.1.01.000;8;24;SUS-SAÚDE - MINISTÉRIO DA SAÚDE;4001371,00
SECRETARIA DE ESTADO DE SAÚDE - SES;FUNDAÇÃO EZEQUIEL DIAS - FUNED;7000.00.0.0.00.000;1;;RECEITA INTRAORÇAMENTÁRIA;652857538,00
SECRETARIA DE ESTADO DE SAÚDE - SES;FUNDAÇÃO EZEQUIEL DIAS - FUNED;7600.00.0.0.00.000;2;;REC. INTRA. - RECEITA DE SERVIÇOS;1371012,00
SECRETARIA DE ESTADO DE SAÚDE - SES;FUNDAÇÃO EZEQUIEL DIAS - FUNED;7630.00.0.0.00.000;3;;REC. INTRA. - SERVIÇOS E ATIVIDADES REFERENTES À SAÚDE;1371012,00
SECRETARIA DE ESTADO DE SAÚDE - SES;FUNDAÇÃO EZEQUIEL DIAS - FUNED;7631.00.0.0.00.000;4;;REC. INTRA. - SERVIÇOS DE ATENDIMENTO À SAÚDE;1371012,00
SECRETARIA DE ESTADO DE SAÚDE - SES;FUNDAÇÃO EZEQUIEL DIAS - FUNED;7631.52.0.0.00.000;5;;REC. INTRA. - SERVIÇOS RADIOLÓGICOS E LABORATORIAIS;1371012,00
SECRETARIA DE ESTADO DE SAÚDE - SES;FUNDAÇÃO EZEQUIEL DIAS - FUNED;7631.52.0.1.00.000;7;;REC. INTRA. - SERVIÇOS RADIOLÓGICOS LABORATORIAIS - PRINCIPAL;1371012,00
SECRETARIA DE ESTADO DE SAÚDE - SES;FUNDAÇÃO EZEQUIEL DIAS - FUNED;7631.52.0.1.01.000;8;60;REC. INTRA. - SERVIÇOS RADIOLÓGICOS LABORATORIAIS - PRINC.;1371012,00
SECRETARIA DE ESTADO DE SAÚDE - SES;FUNDAÇÃO EZEQUIEL DIAS - FUNED;7700.00.0.0.00.000;2;;REC. INTRA. - TRANSFERÊNCIAS CORRENTES;651486526,00
SECRETARIA DE ESTADO DE SAÚDE - SES;FUNDAÇÃO EZEQUIEL DIAS - FUNED;7720.00.0.0.00.000;3;;REC. INTRA. - TRANSFERÊNCIAS DOS ESTADOS E DO DISTRITO FEDERAL E DE SUAS ENTIDADES;651486526,00
SECRETARIA DE ESTADO DE SAÚDE - SES;FUNDAÇÃO EZEQUIEL DIAS - FUNED;7729.00.0.0.00.000;4;;REC. INTRA. - OUTRAS TRANSFERÊNCIAS DOS ESTADOS E DISTRITO FEDERAL;651486526,00
SECRETARIA DE ESTADO DE SAÚDE - SES;FUNDAÇÃO EZEQUIEL DIAS - FUNED;7729.99.0.0.00.000;5;;REC. INTRA. - OUTRAS TRANSFERÊNCIAS DOS ESTADOS E DF;651486526,00
SECRETARIA DE ESTADO DE SAÚDE - SES;FUNDAÇÃO EZEQUIEL DIAS - FUNED;7729.99.0.1.00.000;7;;REC. INTRA. - OUTRAS TRANSF. ESTADOS DF - PRINCIPAL;651486526,00
SECRETARIA DE ESTADO DE SAÚDE - SES;FUNDAÇÃO EZEQUIEL DIAS - FUNED;7729.99.0.1.25.000;8;10;REC. INTRA. - OUTRAS TRANSF. ESTADOS DF - PRINC. - REPASSE DO FUNDO ESTADUAL DE SAÚDE - FES - LC FEDERAL N\degree 141/12;651486526,00
SECRETARIA DE ESTADO DE SAÚDE - SES;FUNDAÇÃO HOSPITALAR DO ESTADO DE MINAS GERAIS - FHEMIG;1000.00.0.0.00.000;1;;RECEITAS CORRENTES;267129123,00
SECRETARIA DE ESTADO DE SAÚDE - SES;FUNDAÇÃO HOSPITALAR DO ESTADO DE MINAS GERAIS - FHEMIG;1300.00.0.0.00.000;2;;RECEITA PATRIMONIAL;2267547,00
SECRETARIA DE ESTADO DE SAÚDE - SES;FUNDAÇÃO HOSPITALAR DO ESTADO DE MINAS GERAIS - FHEMIG;1310.00.0.0.00.000;3;;EXPLORAÇÃO DO PATRIMÔNIO IMOBILIÁRIO DO ESTADO;31519,00
SECRETARIA DE ESTADO DE SAÚDE - SES;FUNDAÇÃO HOSPITALAR DO ESTADO DE MINAS GERAIS - FHEMIG;1311.00.0.0.00.000;4;;EXPLORAÇÃO DO PATRIMÔNIO IMOBILIÁRIO DO ESTADO;31519,00
SECRETARIA DE ESTADO DE SAÚDE - SES;FUNDAÇÃO HOSPITALAR DO ESTADO DE MINAS GERAIS - FHEMIG;1311.01.0.0.00.000;5;;ALUGUÉIS, ARRENDAMENTOS, FOROS, LAUDÊMIOS, TARIFAS DE OCUPAÇÃO;31519,00
SECRETARIA DE ESTADO DE SAÚDE - SES;FUNDAÇÃO HOSPITALAR DO ESTADO DE MINAS GERAIS - FHEMIG;1311.01.1.0.00.000;6;;ALUGUÉIS E ARRENDAMENTOS;31519,00
SECRETARIA DE ESTADO DE SAÚDE - SES;FUNDAÇÃO HOSPITALAR DO ESTADO DE MINAS GERAIS - FHEMIG;1311.01.1.1.00.000;7;;ALUGUÉIS ARRENDAMENTOS - PRINCIPAL;31519,00
SECRETARIA DE ESTADO DE SAÚDE - SES;FUNDAÇÃO HOSPITALAR DO ESTADO DE MINAS GERAIS - FHEMIG;1311.01.1.1.01.000;8;60;ALUGUÉIS ARRENDAMENTOS - PRINC. - ALUGUÉIS;31519,00
SECRETARIA DE ESTADO DE SAÚDE - SES;FUNDAÇÃO HOSPITALAR DO ESTADO DE MINAS GERAIS - FHEMIG;1320.00.0.0.00.000;3;;VALORES MOBILIÁRIOS;2236028,00
SECRETARIA DE ESTADO DE SAÚDE - SES;FUNDAÇÃO HOSPITALAR DO ESTADO DE MINAS GERAIS - FHEMIG;1321.00.0.0.00.000;4;;JUROS E CORREÇÕES MONETÁRIAS;2236028,00
SECRETARIA DE ESTADO DE SAÚDE - SES;FUNDAÇÃO HOSPITALAR DO ESTADO DE MINAS GERAIS - FHEMIG;1321.01.0.0.00.000;5;;REMUNERAÇÃO DE DEPÓSITOS BANCÁRIOS;2236028,00
SECRETARIA DE ESTADO DE SAÚDE - SES;FUNDAÇÃO HOSPITALAR DO ESTADO DE MINAS GERAIS - FHEMIG;1321.01.0.1.00.000;7;;REMUNERAÇÃO DEPÓSITOS BANCÁRIOS - PRINCIPAL;2236028,00
SECRETARIA DE ESTADO DE SAÚDE - SES;FUNDAÇÃO HOSPITALAR DO ESTADO DE MINAS GERAIS - FHEMIG;1321.01.0.1.01.000;8;24;REMUNERAÇÃO DEPÓSITOS BANCÁRIOS - PRINC.;1000,00
SECRETARIA DE ESTADO DE SAÚDE - SES;FUNDAÇÃO HOSPITALAR DO ESTADO DE MINAS GERAIS - FHEMIG;1321.01.0.1.01.000;8;45;REMUNERAÇÃO DEPÓSITOS BANCÁRIOS - PRINC.;7109,00
SECRETARIA DE ESTADO DE SAÚDE - SES;FUNDAÇÃO HOSPITALAR DO ESTADO DE MINAS GERAIS - FHEMIG;1321.01.0.1.01.000;8;60;REMUNERAÇÃO DEPÓSITOS BANCÁRIOS - PRINC.;46,00
SECRETARIA DE ESTADO DE SAÚDE - SES;FUNDAÇÃO HOSPITALAR DO ESTADO DE MINAS GERAIS - FHEMIG;1321.01.0.1.01.000;8;68;REMUNERAÇÃO DEPÓSITOS BANCÁRIOS - PRINC.;727873,00
SECRETARIA DE ESTADO DE SAÚDE - SES;FUNDAÇÃO HOSPITALAR DO ESTADO DE MINAS GERAIS - FHEMIG;1321.01.0.1.01.000;8;70;REMUNERAÇÃO DEPÓSITOS BANCÁRIOS - PRINC.;1500000,00
SECRETARIA DE ESTADO DE SAÚDE - SES;FUNDAÇÃO HOSPITALAR DO ESTADO DE MINAS GERAIS - FHEMIG;1500.00.0.0.00.000;2;;RECEITA INDUSTRIAL;672,00
SECRETARIA DE ESTADO DE SAÚDE - SES;FUNDAÇÃO HOSPITALAR DO ESTADO DE MINAS GERAIS - FHEMIG;1510.00.0.0.00.000;3;;RECEITA INDUSTRIAL;672,00
SECRETARIA DE ESTADO DE SAÚDE - SES;FUNDAÇÃO HOSPITALAR DO ESTADO DE MINAS GERAIS - FHEMIG;1511.00.0.0.00.000;4;;RECEITA INDUSTRIAL;672,00
SECRETARIA DE ESTADO DE SAÚDE - SES;FUNDAÇÃO HOSPITALAR DO ESTADO DE MINAS GERAIS - FHEMIG;1511.01.0.0.00.000;5;;RECEITA INDUSTRIAL;672,00
SECRETARIA DE ESTADO DE SAÚDE - SES;FUNDAÇÃO HOSPITALAR DO ESTADO DE MINAS GERAIS - FHEMIG;1511.01.0.1.00.000;7;;REC. INDUSTRIAL - PRINCIPAL;672,00
SECRETARIA DE ESTADO DE SAÚDE - SES;FUNDAÇÃO HOSPITALAR DO ESTADO DE MINAS GERAIS - FHEMIG;1511.01.0.1.01.000;8;;REC. INDUSTRIAL - PRINC. - INDÚSTRIA DE TRANSFORMAÇÃO;672,00
SECRETARIA DE ESTADO DE SAÚDE - SES;FUNDAÇÃO HOSPITALAR DO ESTADO DE MINAS GERAIS - FHEMIG;1511.01.0.1.01.002;9;60;REC. INDUSTRIAL - PRINC. - INDÚSTRIA TRANSFORMAÇÃO - INDÚSTRIA QUÍMICA;672,00
SECRETARIA DE ESTADO DE SAÚDE - SES;FUNDAÇÃO HOSPITALAR DO ESTADO DE MINAS GERAIS - FHEMIG;1600.00.0.0.00.000;2;;RECEITA DE SERVIÇOS;234031969,00
SECRETARIA DE ESTADO DE SAÚDE - SES;FUNDAÇÃO HOSPITALAR DO ESTADO DE MINAS GERAIS - FHEMIG;1610.00.0.0.00.000;3;;SERVIÇOS ADMINISTRATIVOS E COMERCIAIS GERAIS;132100,00
SECRETARIA DE ESTADO DE SAÚDE - SES;FUNDAÇÃO HOSPITALAR DO ESTADO DE MINAS GERAIS - FHEMIG;1611.00.0.0.00.000;4;;SERVIÇOS ADMINISTRATIVOS E COMERCIAIS GERAIS;132100,00
SECRETARIA DE ESTADO DE SAÚDE - SES;FUNDAÇÃO HOSPITALAR DO ESTADO DE MINAS GERAIS - FHEMIG;1611.01.0.0.00.000;5;;SERVIÇOS ADMINISTRATIVOS E COMERCIAIS GERAIS;132100,00
SECRETARIA DE ESTADO DE SAÚDE - SES;FUNDAÇÃO HOSPITALAR DO ESTADO DE MINAS GERAIS - FHEMIG;1611.01.0.1.00.000;7;;SERVIÇOS ADM. COMERC. GER. - PRINCIPAL;132100,00
SECRETARIA DE ESTADO DE SAÚDE - SES;FUNDAÇÃO HOSPITALAR DO ESTADO DE MINAS GERAIS - FHEMIG;1611.01.0.1.24.000;8;60;SERVIÇOS ADM. COMERC. GER. - PRINC. - EDUCACIONAIS E CAPACITAÇÃO;132100,00
SECRETARIA DE ESTADO DE SAÚDE - SES;FUNDAÇÃO HOSPITALAR DO ESTADO DE MINAS GERAIS - FHEMIG;1630.00.0.0.00.000;3;;SERVIÇOS E ATIVIDADES REFERENTES À SAÚDE;233899869,00
SECRETARIA DE ESTADO DE SAÚDE - SES;FUNDAÇÃO HOSPITALAR DO ESTADO DE MINAS GERAIS - FHEMIG;1631.00.0.0.00.000;4;;SERVIÇOS DE ATENDIMENTO À SAÚDE;233899869,00
SECRETARIA DE ESTADO DE SAÚDE - SES;FUNDAÇÃO HOSPITALAR DO ESTADO DE MINAS GERAIS - FHEMIG;1631.50.0.0.00.000;5;;SERVIÇOS HOSPITALARES;233899869,00
SECRETARIA DE ESTADO DE SAÚDE - SES;FUNDAÇÃO HOSPITALAR DO ESTADO DE MINAS GERAIS - FHEMIG;1631.50.0.1.00.000;7;;SERVIÇOS HOSPITALARES - PRINCIPAL;233899869,00
SECRETARIA DE ESTADO DE SAÚDE - SES;FUNDAÇÃO HOSPITALAR DO ESTADO DE MINAS GERAIS - FHEMIG;1631.50.0.1.01.000;8;60;SERVIÇOS HOSPITALARES - PRINC.;233899869,00
SECRETARIA DE ESTADO DE SAÚDE - SES;FUNDAÇÃO HOSPITALAR DO ESTADO DE MINAS GERAIS - FHEMIG;1700.00.0.0.00.000;2;;TRANSFERÊNCIAS CORRENTES;19472747,00
SECRETARIA DE ESTADO DE SAÚDE - SES;FUNDAÇÃO HOSPITALAR DO ESTADO DE MINAS GERAIS - FHEMIG;1730.00.0.0.00.000;3;;TRANSFERÊNCIAS DOS MUNICÍPIOS E DE SUAS ENTIDADES;12435970,00
SECRETARIA DE ESTADO DE SAÚDE - SES;FUNDAÇÃO HOSPITALAR DO ESTADO DE MINAS GERAIS - FHEMIG;1732.00.0.0.00.000;4;;TRANSFERÊNCIAS DE CONVÊNIOS DOS MUNICÍPIOS E DE SUAS ENTIDADES;12435970,00
SECRETARIA DE ESTADO DE SAÚDE - SES;FUNDAÇÃO HOSPITALAR DO ESTADO DE MINAS GERAIS - FHEMIG;1732.50.0.0.00.000;5;;TRANSFERÊNCIAS DE CONVÊNIOS DOS MUNICÍPIOS PARA O SISTEMA ÚNICO DE SAÚDE - SUS;12435970,00
SECRETARIA DE ESTADO DE SAÚDE - SES;FUNDAÇÃO HOSPITALAR DO ESTADO DE MINAS GERAIS - FHEMIG;1732.50.0.1.00.000;7;;TRANSF. CONVÊNIOS MUNICÍPIOS - SUS-SAÚDE - PRINCIPAL;12435970,00
SECRETARIA DE ESTADO DE SAÚDE - SES;FUNDAÇÃO HOSPITALAR DO ESTADO DE MINAS GERAIS - FHEMIG;1732.50.0.1.01.000;8;70;SUS-SAÚDE - DIVERSOS MUNICÍPIOS;12435970,00
SECRETARIA DE ESTADO DE SAÚDE - SES;FUNDAÇÃO HOSPITALAR DO ESTADO DE MINAS GERAIS - FHEMIG;1740.00.0.0.00.000;3;;TRANSFERÊNCIAS DE INSTITUIÇÕES PRIVADAS;7036777,00
SECRETARIA DE ESTADO DE SAÚDE - SES;FUNDAÇÃO HOSPITALAR DO ESTADO DE MINAS GERAIS - FHEMIG;1741.00.0.0.00.000;4;;TRANSFERÊNCIAS DE INSTITUIÇÕES PRIVADAS;7036777,00
SECRETARIA DE ESTADO DE SAÚDE - SES;FUNDAÇÃO HOSPITALAR DO ESTADO DE MINAS GERAIS - FHEMIG;1741.50.0.0.00.000;5;;TRANSFERÊNCIAS DE CONVÊNIOS DE INSTITUIÇÕES PRIVADAS PARA PROGRAMAS DE SAÚDE;7036777,00
SECRETARIA DE ESTADO DE SAÚDE - SES;FUNDAÇÃO HOSPITALAR DO ESTADO DE MINAS GERAIS - FHEMIG;1741.50.0.1.00.000;7;;TRANSF. CONVÊNIOS INSTIT. PRIVADAS - SUS-SAÚDE - PRINCIPAL;7036777,00
SECRETARIA DE ESTADO DE SAÚDE - SES;FUNDAÇÃO HOSPITALAR DO ESTADO DE MINAS GERAIS - FHEMIG;1741.50.0.1.99.000;8;68;SUS-SAÚDE - OUTROS;7036777,00
SECRETARIA DE ESTADO DE SAÚDE - SES;FUNDAÇÃO HOSPITALAR DO ESTADO DE MINAS GERAIS - FHEMIG;1900.00.0.0.00.000;2;;OUTRAS RECEITAS CORRENTES;11356188,00
SECRETARIA DE ESTADO DE SAÚDE - SES;FUNDAÇÃO HOSPITALAR DO ESTADO DE MINAS GERAIS - FHEMIG;1910.00.0.0.00.000;3;;MULTAS ADMINISTRATIVAS, CONTRATUAIS E JUDICIAIS;89026,00
SECRETARIA DE ESTADO DE SAÚDE - SES;FUNDAÇÃO HOSPITALAR DO ESTADO DE MINAS GERAIS - FHEMIG;1911.00.0.0.00.000;4;;MULTAS ADMINISTRATIVAS, CONTRATUAIS E JUDICIAIS;89026,00
SECRETARIA DE ESTADO DE SAÚDE - SES;FUNDAÇÃO HOSPITALAR DO ESTADO DE MINAS GERAIS - FHEMIG;1911.09.0.0.00.000;5;;MULTAS E JUROS PREVISTOS EM CONTRATOS;89026,00
SECRETARIA DE ESTADO DE SAÚDE - SES;FUNDAÇÃO HOSPITALAR DO ESTADO DE MINAS GERAIS - FHEMIG;1911.09.0.1.00.000;7;;MULTAS JUROS PREVISTOS CONTRATOS - PRINCIPAL;89026,00
SECRETARIA DE ESTADO DE SAÚDE - SES;FUNDAÇÃO HOSPITALAR DO ESTADO DE MINAS GERAIS - FHEMIG;1911.09.0.1.99.000;8;60;MULTAS JUROS PREVISTOS CONTRATOS - PRINC. - DEMAIS;89026,00
SECRETARIA DE ESTADO DE SAÚDE - SES;FUNDAÇÃO HOSPITALAR DO ESTADO DE MINAS GERAIS - FHEMIG;1920.00.0.0.00.000;3;;INDENIZAÇÕES, RESTITUIÇÕES E RESSARCIMENTOS;10931808,00
SECRETARIA DE ESTADO DE SAÚDE - SES;FUNDAÇÃO HOSPITALAR DO ESTADO DE MINAS GERAIS - FHEMIG;1922.00.0.0.00.000;4;;RESTITUIÇÕES;10931808,00
SECRETARIA DE ESTADO DE SAÚDE - SES;FUNDAÇÃO HOSPITALAR DO ESTADO DE MINAS GERAIS - FHEMIG;1922.99.0.0.00.000;5;;OUTRAS RESTITUIÇÕES;10931808,00
SECRETARIA DE ESTADO DE SAÚDE - SES;FUNDAÇÃO HOSPITALAR DO ESTADO DE MINAS GERAIS - FHEMIG;1922.99.0.1.00.000;7;;OUTRAS RESTITUIÇÕES - PRINCIPAL;10931808,00
SECRETARIA DE ESTADO DE SAÚDE - SES;FUNDAÇÃO HOSPITALAR DO ESTADO DE MINAS GERAIS - FHEMIG;1922.99.0.1.01.000;8;10;OUTRAS RESTITUIÇÕES - PRINC. - RECURSOS ORIGINÁRIOS DO FUNDO ESTADUAL DE SAÚDE - FES;10198885,00
SECRETARIA DE ESTADO DE SAÚDE - SES;FUNDAÇÃO HOSPITALAR DO ESTADO DE MINAS GERAIS - FHEMIG;1922.99.0.1.99.000;8;24;OUTRAS RESTITUIÇÕES - PRINC. - DEMAIS;1000,00
SECRETARIA DE ESTADO DE SAÚDE - SES;FUNDAÇÃO HOSPITALAR DO ESTADO DE MINAS GERAIS - FHEMIG;1922.99.0.1.99.000;8;60;OUTRAS RESTITUIÇÕES - PRINC. - DEMAIS;729923,00
SECRETARIA DE ESTADO DE SAÚDE - SES;FUNDAÇÃO HOSPITALAR DO ESTADO DE MINAS GERAIS - FHEMIG;1922.99.0.1.99.000;8;68;OUTRAS RESTITUIÇÕES - PRINC. - DEMAIS;1000,00
SECRETARIA DE ESTADO DE SAÚDE - SES;FUNDAÇÃO HOSPITALAR DO ESTADO DE MINAS GERAIS - FHEMIG;1922.99.0.1.99.000;8;70;OUTRAS RESTITUIÇÕES - PRINC. - DEMAIS;1000,00
SECRETARIA DE ESTADO DE SAÚDE - SES;FUNDAÇÃO HOSPITALAR DO ESTADO DE MINAS GERAIS - FHEMIG;1990.00.0.0.00.000;3;;DEMAIS RECEITAS CORRENTES;335354,00
SECRETARIA DE ESTADO DE SAÚDE - SES;FUNDAÇÃO HOSPITALAR DO ESTADO DE MINAS GERAIS - FHEMIG;1999.00.0.0.00.000;4;;OUTRAS RECEITAS CORRENTES;335354,00
SECRETARIA DE ESTADO DE SAÚDE - SES;FUNDAÇÃO HOSPITALAR DO ESTADO DE MINAS GERAIS - FHEMIG;1999.99.0.0.00.000;5;;OUTRAS RECEITAS;335354,00
SECRETARIA DE ESTADO DE SAÚDE - SES;FUNDAÇÃO HOSPITALAR DO ESTADO DE MINAS GERAIS - FHEMIG;1999.99.2.0.00.000;6;;OUTRAS RECEITAS NÃO ARRECADADAS E NÃO PROJETADAS PELA RFB - PRIMÁRIAS;335354,00
SECRETARIA DE ESTADO DE SAÚDE - SES;FUNDAÇÃO HOSPITALAR DO ESTADO DE MINAS GERAIS - FHEMIG;1999.99.2.1.00.000;7;;OUTRAS REC. - PRIMÁRIAS - PRINCIPAL;335354,00
SECRETARIA DE ESTADO DE SAÚDE - SES;FUNDAÇÃO HOSPITALAR DO ESTADO DE MINAS GERAIS - FHEMIG;1999.99.2.1.99.000;8;60;OUTRAS REC. - PRIMÁRIAS - PRINC. - DEMAIS;335354,00
SECRETARIA DE ESTADO DE SAÚDE - SES;FUNDAÇÃO HOSPITALAR DO ESTADO DE MINAS GERAIS - FHEMIG;2000.00.0.0.00.000;1;;RECEITAS DE CAPITAL;153194604,00
SECRETARIA DE ESTADO DE SAÚDE - SES;FUNDAÇÃO HOSPITALAR DO ESTADO DE MINAS GERAIS - FHEMIG;2200.00.0.0.00.000;2;;ALIENAÇÃO DE BENS;194604,00
SECRETARIA DE ESTADO DE SAÚDE - SES;FUNDAÇÃO HOSPITALAR DO ESTADO DE MINAS GERAIS - FHEMIG;2210.00.0.0.00.000;3;;ALIENAÇÃO DE BENS MÓVEIS;194604,00
SECRETARIA DE ESTADO DE SAÚDE - SES;FUNDAÇÃO HOSPITALAR DO ESTADO DE MINAS GERAIS - FHEMIG;2213.00.0.0.00.000;4;;ALIENAÇÃO DE BENS MÓVEIS E SEMOVENTES;194604,00
SECRETARIA DE ESTADO DE SAÚDE - SES;FUNDAÇÃO HOSPITALAR DO ESTADO DE MINAS GERAIS - FHEMIG;2213.01.0.0.00.000;5;;ALIENAÇÃO DE BENS MÓVEIS E SEMOVENTES;194604,00
SECRETARIA DE ESTADO DE SAÚDE - SES;FUNDAÇÃO HOSPITALAR DO ESTADO DE MINAS GERAIS - FHEMIG;2213.01.0.1.00.000;7;;ALIENAÇÃO BENS MÓVEIS SEMOVENTES - PRINCIPAL;194604,00
SECRETARIA DE ESTADO DE SAÚDE - SES;FUNDAÇÃO HOSPITALAR DO ESTADO DE MINAS GERAIS - FHEMIG;2213.01.0.1.01.000;8;47;ALIENAÇÃO BENS MÓVEIS SEMOVENTES - PRINC.;194604,00
SECRETARIA DE ESTADO DE SAÚDE - SES;FUNDAÇÃO HOSPITALAR DO ESTADO DE MINAS GERAIS - FHEMIG;2400.00.0.0.00.000;2;;TRANSFERÊNCIAS DE CAPITAL;153000000,00
SECRETARIA DE ESTADO DE SAÚDE - SES;FUNDAÇÃO HOSPITALAR DO ESTADO DE MINAS GERAIS - FHEMIG;2410.00.0.0.00.000;3;;TRANSFERÊNCIAS DA UNIÃO E DE SUAS ENTIDADES;153000000,00
SECRETARIA DE ESTADO DE SAÚDE - SES;FUNDAÇÃO HOSPITALAR DO ESTADO DE MINAS GERAIS - FHEMIG;2411.00.0.0.00.000;4;;TRANSFERÊNCIAS DE RECURSOS DO SISTEMA ÚNICO DE SAÚDE - SUS;153000000,00
SECRETARIA DE ESTADO DE SAÚDE - SES;FUNDAÇÃO HOSPITALAR DO ESTADO DE MINAS GERAIS - FHEMIG;2411.51.0.0.00.000;5;;TRANSFERÊNCIAS DE RECURSOS DO SISTEMA ÚNICO DE SAÚDE - SUS - FUNDO A FUNDO - BLOCO DE ESTRUTURAÇÃO DA REDE DE SERVIÇOS PÚBLICOS DE SAÚDE;153000000,00
SECRETARIA DE ESTADO DE SAÚDE - SES;FUNDAÇÃO HOSPITALAR DO ESTADO DE MINAS GERAIS - FHEMIG;2411.51.2.0.00.000;6;;TRANSFERÊNCIAS DE RECURSOS DO BLOCO DE ESTRUTURAÇÃO DA REDE DE SERVIÇOS PÚBLICOS DE SAÚDE - ATENÇÃO ESPECIALIZADA;153000000,00
SECRETARIA DE ESTADO DE SAÚDE - SES;FUNDAÇÃO HOSPITALAR DO ESTADO DE MINAS GERAIS - FHEMIG;2411.51.2.1.00.000;7;;TRANSF. BLOCO ESTRUT. REDE SERV. SAÚDE - ATENÇÃO ESPECIALIZADA - PRINCIPAL;153000000,00
SECRETARIA DE ESTADO DE SAÚDE - SES;FUNDAÇÃO HOSPITALAR DO ESTADO DE MINAS GERAIS - FHEMIG;2411.51.2.1.03.000;8;24;TRANSF. BLOCO ESTRUT. REDE SERV. SAÚDE - ATENÇÃO ESPECIALIZADA - PRINC. - PARTO E NASCIMENTO;153000000,00
SECRETARIA DE ESTADO DE SAÚDE - SES;FUNDAÇÃO HOSPITALAR DO ESTADO DE MINAS GERAIS - FHEMIG;7000.00.0.0.00.000;1;;RECEITA INTRAORÇAMENTÁRIA;2397229409,00
SECRETARIA DE ESTADO DE SAÚDE - SES;FUNDAÇÃO HOSPITALAR DO ESTADO DE MINAS GERAIS - FHEMIG;7700.00.0.0.00.000;2;;REC. INTRA. - TRANSFERÊNCIAS CORRENTES;2397229409,00
SECRETARIA DE ESTADO DE SAÚDE - SES;FUNDAÇÃO HOSPITALAR DO ESTADO DE MINAS GERAIS - FHEMIG;7720.00.0.0.00.000;3;;REC. INTRA. - TRANSFERÊNCIAS DOS ESTADOS E DO DISTRITO FEDERAL E DE SUAS ENTIDADES;2397229409,00
SECRETARIA DE ESTADO DE SAÚDE - SES;FUNDAÇÃO HOSPITALAR DO ESTADO DE MINAS GERAIS - FHEMIG;7729.00.0.0.00.000;4;;REC. INTRA. - OUTRAS TRANSFERÊNCIAS DOS ESTADOS E DISTRITO FEDERAL;2397229409,00
SECRETARIA DE ESTADO DE SAÚDE - SES;FUNDAÇÃO HOSPITALAR DO ESTADO DE MINAS GERAIS - FHEMIG;7729.99.0.0.00.000;5;;REC. INTRA. - OUTRAS TRANSFERÊNCIAS DOS ESTADOS E DF;2397229409,00
SECRETARIA DE ESTADO DE SAÚDE - SES;FUNDAÇÃO HOSPITALAR DO ESTADO DE MINAS GERAIS - FHEMIG;7729.99.0.1.00.000;7;;REC. INTRA. - OUTRAS TRANSF. ESTADOS DF - PRINCIPAL;2397229409,00
SECRETARIA DE ESTADO DE SAÚDE - SES;FUNDAÇÃO HOSPITALAR DO ESTADO DE MINAS GERAIS - FHEMIG;7729.99.0.1.25.000;8;10;REC. INTRA. - OUTRAS TRANSF. ESTADOS DF - PRINC. - REPASSE DO FUNDO ESTADUAL DE SAÚDE - FES - LC FEDERAL N\degree 141/12;2397229409,00
SECRETARIA DE ESTADO DE DESENVOLVIMENTO SOCIAL - SEDESE;FUNDAÇÃO DE EDUCAÇÃO PARA O TRABALHO DE MINAS GERAIS - UTRAMIG;1000.00.0.0.00.000;1;;RECEITAS CORRENTES;467920,00
SECRETARIA DE ESTADO DE DESENVOLVIMENTO SOCIAL - SEDESE;FUNDAÇÃO DE EDUCAÇÃO PARA O TRABALHO DE MINAS GERAIS - UTRAMIG;1300.00.0.0.00.000;2;;RECEITA PATRIMONIAL;437420,00
SECRETARIA DE ESTADO DE DESENVOLVIMENTO SOCIAL - SEDESE;FUNDAÇÃO DE EDUCAÇÃO PARA O TRABALHO DE MINAS GERAIS - UTRAMIG;1320.00.0.0.00.000;3;;VALORES MOBILIÁRIOS;437420,00
SECRETARIA DE ESTADO DE DESENVOLVIMENTO SOCIAL - SEDESE;FUNDAÇÃO DE EDUCAÇÃO PARA O TRABALHO DE MINAS GERAIS - UTRAMIG;1321.00.0.0.00.000;4;;JUROS E CORREÇÕES MONETÁRIAS;437420,00
SECRETARIA DE ESTADO DE DESENVOLVIMENTO SOCIAL - SEDESE;FUNDAÇÃO DE EDUCAÇÃO PARA O TRABALHO DE MINAS GERAIS - UTRAMIG;1321.01.0.0.00.000;5;;REMUNERAÇÃO DE DEPÓSITOS BANCÁRIOS;437420,00
SECRETARIA DE ESTADO DE DESENVOLVIMENTO SOCIAL - SEDESE;FUNDAÇÃO DE EDUCAÇÃO PARA O TRABALHO DE MINAS GERAIS - UTRAMIG;1321.01.0.1.00.000;7;;REMUNERAÇÃO DEPÓSITOS BANCÁRIOS - PRINCIPAL;437420,00
SECRETARIA DE ESTADO DE DESENVOLVIMENTO SOCIAL - SEDESE;FUNDAÇÃO DE EDUCAÇÃO PARA O TRABALHO DE MINAS GERAIS - UTRAMIG;1321.01.0.1.01.000;8;36;REMUNERAÇÃO DEPÓSITOS BANCÁRIOS - PRINC.;437420,00
SECRETARIA DE ESTADO DE DESENVOLVIMENTO SOCIAL - SEDESE;FUNDAÇÃO DE EDUCAÇÃO PARA O TRABALHO DE MINAS GERAIS - UTRAMIG;1700.00.0.0.00.000;2;;TRANSFERÊNCIAS CORRENTES;30000,00
SECRETARIA DE ESTADO DE DESENVOLVIMENTO SOCIAL - SEDESE;FUNDAÇÃO DE EDUCAÇÃO PARA O TRABALHO DE MINAS GERAIS - UTRAMIG;1710.00.0.0.00.000;3;;TRANSFERÊNCIAS DA UNIÃO E DE SUAS ENTIDADES;30000,00
SECRETARIA DE ESTADO DE DESENVOLVIMENTO SOCIAL - SEDESE;FUNDAÇÃO DE EDUCAÇÃO PARA O TRABALHO DE MINAS GERAIS - UTRAMIG;1714.00.0.0.00.000;4;;TRANSFERÊNCIAS DE RECURSOS DO FUNDO NACIONAL DO DESENVOLVIMENTO DA EDUCAÇÃO - FNDE;30000,00
SECRETARIA DE ESTADO DE DESENVOLVIMENTO SOCIAL - SEDESE;FUNDAÇÃO DE EDUCAÇÃO PARA O TRABALHO DE MINAS GERAIS - UTRAMIG;1714.99.0.0.00.000;5;;OUTRAS TRANSFERÊNCIAS DIRETAS DO FUNDO NACIONAL DO DESENVOLVIMENTO DA EDUCAÇÃO - FNDE;30000,00
SECRETARIA DE ESTADO DE DESENVOLVIMENTO SOCIAL - SEDESE;FUNDAÇÃO DE EDUCAÇÃO PARA O TRABALHO DE MINAS GERAIS - UTRAMIG;1714.99.0.1.00.000;7;;OUTRAS TRANSF. DIRETAS FNDE - PRINCIPAL;30000,00
SECRETARIA DE ESTADO DE DESENVOLVIMENTO SOCIAL - SEDESE;FUNDAÇÃO DE EDUCAÇÃO PARA O TRABALHO DE MINAS GERAIS - UTRAMIG;1714.99.0.1.02.000;8;36;OUTRAS TRANSF. DIRETAS FNDE - PRINC. - PRONATEC;30000,00
SECRETARIA DE ESTADO DE DESENVOLVIMENTO SOCIAL - SEDESE;FUNDAÇÃO DE EDUCAÇÃO PARA O TRABALHO DE MINAS GERAIS - UTRAMIG;1900.00.0.0.00.000;2;;OUTRAS RECEITAS CORRENTES;500,00
SECRETARIA DE ESTADO DE DESENVOLVIMENTO SOCIAL - SEDESE;FUNDAÇÃO DE EDUCAÇÃO PARA O TRABALHO DE MINAS GERAIS - UTRAMIG;1920.00.0.0.00.000;3;;INDENIZAÇÕES, RESTITUIÇÕES E RESSARCIMENTOS;500,00
SECRETARIA DE ESTADO DE DESENVOLVIMENTO SOCIAL - SEDESE;FUNDAÇÃO DE EDUCAÇÃO PARA O TRABALHO DE MINAS GERAIS - UTRAMIG;1922.00.0.0.00.000;4;;RESTITUIÇÕES;500,00
SECRETARIA DE ESTADO DE DESENVOLVIMENTO SOCIAL - SEDESE;FUNDAÇÃO DE EDUCAÇÃO PARA O TRABALHO DE MINAS GERAIS - UTRAMIG;1922.99.0.0.00.000;5;;OUTRAS RESTITUIÇÕES;500,00
SECRETARIA DE ESTADO DE DESENVOLVIMENTO SOCIAL - SEDESE;FUNDAÇÃO DE EDUCAÇÃO PARA O TRABALHO DE MINAS GERAIS - UTRAMIG;1922.99.0.1.00.000;7;;OUTRAS RESTITUIÇÕES - PRINCIPAL;500,00
SECRETARIA DE ESTADO DE DESENVOLVIMENTO SOCIAL - SEDESE;FUNDAÇÃO DE EDUCAÇÃO PARA O TRABALHO DE MINAS GERAIS - UTRAMIG;1922.99.0.1.99.000;8;36;OUTRAS RESTITUIÇÕES - PRINC. - DEMAIS;500,00
SECRETARIA DE ESTADO DE INFRAESTRUTURA, MOBILIDADE E PARCERIA - SEINFRA;DEPARTAMENTO DE ESTRADAS DE RODAGEM DO ESTADO DE MINAS GERAIS - DER-MG;1000.00.0.0.00.000;1;;RECEITAS CORRENTES;12929456,00
SECRETARIA DE ESTADO DE INFRAESTRUTURA, MOBILIDADE E PARCERIA - SEINFRA;DEPARTAMENTO DE ESTRADAS DE RODAGEM DO ESTADO DE MINAS GERAIS - DER-MG;1100.00.0.0.00.000;2;;IMPOSTOS, TAXAS E CONTRIBUIÇÕES DE MELHORIA;5209550,00
SECRETARIA DE ESTADO DE INFRAESTRUTURA, MOBILIDADE E PARCERIA - SEINFRA;DEPARTAMENTO DE ESTRADAS DE RODAGEM DO ESTADO DE MINAS GERAIS - DER-MG;1120.00.0.0.00.000;3;;TAXAS;5209550,00
SECRETARIA DE ESTADO DE INFRAESTRUTURA, MOBILIDADE E PARCERIA - SEINFRA;DEPARTAMENTO DE ESTRADAS DE RODAGEM DO ESTADO DE MINAS GERAIS - DER-MG;1122.00.0.0.00.000;4;;TAXAS PELA PRESTAÇÃO DE SERVIÇOS;5209550,00
SECRETARIA DE ESTADO DE INFRAESTRUTURA, MOBILIDADE E PARCERIA - SEINFRA;DEPARTAMENTO DE ESTRADAS DE RODAGEM DO ESTADO DE MINAS GERAIS - DER-MG;1122.01.0.0.00.000;5;;TAXAS PELA PRESTAÇÃO DE SERVIÇOS EM GERAL;5209550,00
SECRETARIA DE ESTADO DE INFRAESTRUTURA, MOBILIDADE E PARCERIA - SEINFRA;DEPARTAMENTO DE ESTRADAS DE RODAGEM DO ESTADO DE MINAS GERAIS - DER-MG;1122.01.0.1.00.000;7;;TX. PREST. SERV. G. - PRINCIPAL;5209550,00
SECRETARIA DE ESTADO DE INFRAESTRUTURA, MOBILIDADE E PARCERIA - SEINFRA;DEPARTAMENTO DE ESTRADAS DE RODAGEM DO ESTADO DE MINAS GERAIS - DER-MG;1122.01.0.1.01.000;8;;TX. PREST. SERV. G. - PRINC. - TAXA DE EXPEDIENTE;5170314,00
SECRETARIA DE ESTADO DE INFRAESTRUTURA, MOBILIDADE E PARCERIA - SEINFRA;DEPARTAMENTO DE ESTRADAS DE RODAGEM DO ESTADO DE MINAS GERAIS - DER-MG;1122.01.0.1.01.001;9;91;TX. PREST. SERV. G. - PRINC. - TX. EXP. - DEPARTAMENTO DE EDIFICAÇÕES E ESTRADAS DE RODAGEM DO ESTADO DE MINAS GERAIS - DERMG;5170314,00
SECRETARIA DE ESTADO DE INFRAESTRUTURA, MOBILIDADE E PARCERIA - SEINFRA;DEPARTAMENTO DE ESTRADAS DE RODAGEM DO ESTADO DE MINAS GERAIS - DER-MG;1122.01.0.1.04.000;8;91;TX. PREST. SERV. G. - PRINC. - TAXA DE GERENCIAMENTO DO SISTEMA TRANSPORTE RODOVIÁRIO INTERMUNICIPAL - DEPARTAMENTO DE EDIFICAÇÕES E ESTRADAS DE RODAGEM DO ESTADO DE MINAS GERAIS - DERMG;39236,00
SECRETARIA DE ESTADO DE INFRAESTRUTURA, MOBILIDADE E PARCERIA - SEINFRA;DEPARTAMENTO DE ESTRADAS DE RODAGEM DO ESTADO DE MINAS GERAIS - DER-MG;1300.00.0.0.00.000;2;;RECEITA PATRIMONIAL;7715906,00
SECRETARIA DE ESTADO DE INFRAESTRUTURA, MOBILIDADE E PARCERIA - SEINFRA;DEPARTAMENTO DE ESTRADAS DE RODAGEM DO ESTADO DE MINAS GERAIS - DER-MG;1320.00.0.0.00.000;3;;VALORES MOBILIÁRIOS;7715906,00
SECRETARIA DE ESTADO DE INFRAESTRUTURA, MOBILIDADE E PARCERIA - SEINFRA;DEPARTAMENTO DE ESTRADAS DE RODAGEM DO ESTADO DE MINAS GERAIS - DER-MG;1321.00.0.0.00.000;4;;JUROS E CORREÇÕES MONETÁRIAS;7715906,00
SECRETARIA DE ESTADO DE INFRAESTRUTURA, MOBILIDADE E PARCERIA - SEINFRA;DEPARTAMENTO DE ESTRADAS DE RODAGEM DO ESTADO DE MINAS GERAIS - DER-MG;1321.01.0.0.00.000;5;;REMUNERAÇÃO DE DEPÓSITOS BANCÁRIOS;7715906,00
SECRETARIA DE ESTADO DE INFRAESTRUTURA, MOBILIDADE E PARCERIA - SEINFRA;DEPARTAMENTO DE ESTRADAS DE RODAGEM DO ESTADO DE MINAS GERAIS - DER-MG;1321.01.0.1.00.000;7;;REMUNERAÇÃO DEPÓSITOS BANCÁRIOS - PRINCIPAL;7715906,00
SECRETARIA DE ESTADO DE INFRAESTRUTURA, MOBILIDADE E PARCERIA - SEINFRA;DEPARTAMENTO DE ESTRADAS DE RODAGEM DO ESTADO DE MINAS GERAIS - DER-MG;1321.01.0.1.01.000;8;51;REMUNERAÇÃO DEPÓSITOS BANCÁRIOS - PRINC.;7711906,00
SECRETARIA DE ESTADO DE INFRAESTRUTURA, MOBILIDADE E PARCERIA - SEINFRA;DEPARTAMENTO DE ESTRADAS DE RODAGEM DO ESTADO DE MINAS GERAIS - DER-MG;1321.01.0.1.01.000;8;68;REMUNERAÇÃO DEPÓSITOS BANCÁRIOS - PRINC.;1000,00
SECRETARIA DE ESTADO DE INFRAESTRUTURA, MOBILIDADE E PARCERIA - SEINFRA;DEPARTAMENTO DE ESTRADAS DE RODAGEM DO ESTADO DE MINAS GERAIS - DER-MG;1321.01.0.1.01.000;8;69;REMUNERAÇÃO DEPÓSITOS BANCÁRIOS - PRINC.;1000,00
SECRETARIA DE ESTADO DE INFRAESTRUTURA, MOBILIDADE E PARCERIA - SEINFRA;DEPARTAMENTO DE ESTRADAS DE RODAGEM DO ESTADO DE MINAS GERAIS - DER-MG;1321.01.0.1.01.000;8;70;REMUNERAÇÃO DEPÓSITOS BANCÁRIOS - PRINC.;1000,00
SECRETARIA DE ESTADO DE INFRAESTRUTURA, MOBILIDADE E PARCERIA - SEINFRA;DEPARTAMENTO DE ESTRADAS DE RODAGEM DO ESTADO DE MINAS GERAIS - DER-MG;1321.01.0.1.01.000;8;74;REMUNERAÇÃO DEPÓSITOS BANCÁRIOS - PRINC.;1000,00
SECRETARIA DE ESTADO DE INFRAESTRUTURA, MOBILIDADE E PARCERIA - SEINFRA;DEPARTAMENTO DE ESTRADAS DE RODAGEM DO ESTADO DE MINAS GERAIS - DER-MG;1900.00.0.0.00.000;2;;OUTRAS RECEITAS CORRENTES;4000,00
SECRETARIA DE ESTADO DE INFRAESTRUTURA, MOBILIDADE E PARCERIA - SEINFRA;DEPARTAMENTO DE ESTRADAS DE RODAGEM DO ESTADO DE MINAS GERAIS - DER-MG;1920.00.0.0.00.000;3;;INDENIZAÇÕES, RESTITUIÇÕES E RESSARCIMENTOS;4000,00
SECRETARIA DE ESTADO DE INFRAESTRUTURA, MOBILIDADE E PARCERIA - SEINFRA;DEPARTAMENTO DE ESTRADAS DE RODAGEM DO ESTADO DE MINAS GERAIS - DER-MG;1922.00.0.0.00.000;4;;RESTITUIÇÕES;4000,00
SECRETARIA DE ESTADO DE INFRAESTRUTURA, MOBILIDADE E PARCERIA - SEINFRA;DEPARTAMENTO DE ESTRADAS DE RODAGEM DO ESTADO DE MINAS GERAIS - DER-MG;1922.99.0.0.00.000;5;;OUTRAS RESTITUIÇÕES;4000,00
SECRETARIA DE ESTADO DE INFRAESTRUTURA, MOBILIDADE E PARCERIA - SEINFRA;DEPARTAMENTO DE ESTRADAS DE RODAGEM DO ESTADO DE MINAS GERAIS - DER-MG;1922.99.0.1.00.000;7;;OUTRAS RESTITUIÇÕES - PRINCIPAL;4000,00
SECRETARIA DE ESTADO DE INFRAESTRUTURA, MOBILIDADE E PARCERIA - SEINFRA;DEPARTAMENTO DE ESTRADAS DE RODAGEM DO ESTADO DE MINAS GERAIS - DER-MG;1922.99.0.1.99.000;8;68;OUTRAS RESTITUIÇÕES - PRINC. - DEMAIS;1000,00
SECRETARIA DE ESTADO DE INFRAESTRUTURA, MOBILIDADE E PARCERIA - SEINFRA;DEPARTAMENTO DE ESTRADAS DE RODAGEM DO ESTADO DE MINAS GERAIS - DER-MG;1922.99.0.1.99.000;8;69;OUTRAS RESTITUIÇÕES - PRINC. - DEMAIS;1000,00
SECRETARIA DE ESTADO DE INFRAESTRUTURA, MOBILIDADE E PARCERIA - SEINFRA;DEPARTAMENTO DE ESTRADAS DE RODAGEM DO ESTADO DE MINAS GERAIS - DER-MG;1922.99.0.1.99.000;8;70;OUTRAS RESTITUIÇÕES - PRINC. - DEMAIS;1000,00
SECRETARIA DE ESTADO DE INFRAESTRUTURA, MOBILIDADE E PARCERIA - SEINFRA;DEPARTAMENTO DE ESTRADAS DE RODAGEM DO ESTADO DE MINAS GERAIS - DER-MG;1922.99.0.1.99.000;8;74;OUTRAS RESTITUIÇÕES - PRINC. - DEMAIS;1000,00
SECRETARIA DE ESTADO DE INFRAESTRUTURA, MOBILIDADE E PARCERIA - SEINFRA;DEPARTAMENTO DE ESTRADAS DE RODAGEM DO ESTADO DE MINAS GERAIS - DER-MG;2000.00.0.0.00.000;1;;RECEITAS DE CAPITAL;59858916,00
SECRETARIA DE ESTADO DE INFRAESTRUTURA, MOBILIDADE E PARCERIA - SEINFRA;DEPARTAMENTO DE ESTRADAS DE RODAGEM DO ESTADO DE MINAS GERAIS - DER-MG;2200.00.0.0.00.000;2;;ALIENAÇÃO DE BENS;12943496,00
SECRETARIA DE ESTADO DE INFRAESTRUTURA, MOBILIDADE E PARCERIA - SEINFRA;DEPARTAMENTO DE ESTRADAS DE RODAGEM DO ESTADO DE MINAS GERAIS - DER-MG;2220.00.0.0.00.000;3;;ALIENAÇÃO DE BENS IMÓVEIS;12943496,00
SECRETARIA DE ESTADO DE INFRAESTRUTURA, MOBILIDADE E PARCERIA - SEINFRA;DEPARTAMENTO DE ESTRADAS DE RODAGEM DO ESTADO DE MINAS GERAIS - DER-MG;2221.00.0.0.00.000;4;;ALIENAÇÃO DE BENS IMÓVEIS;12943496,00
SECRETARIA DE ESTADO DE INFRAESTRUTURA, MOBILIDADE E PARCERIA - SEINFRA;DEPARTAMENTO DE ESTRADAS DE RODAGEM DO ESTADO DE MINAS GERAIS - DER-MG;2221.01.0.0.00.000;5;;ALIENAÇÃO DE BENS IMÓVEIS;12943496,00
SECRETARIA DE ESTADO DE INFRAESTRUTURA, MOBILIDADE E PARCERIA - SEINFRA;DEPARTAMENTO DE ESTRADAS DE RODAGEM DO ESTADO DE MINAS GERAIS - DER-MG;2221.01.0.1.00.000;7;;ALIENAÇÃO BENS IMÓVEIS - PRINCIPAL;12943496,00
SECRETARIA DE ESTADO DE INFRAESTRUTURA, MOBILIDADE E PARCERIA - SEINFRA;DEPARTAMENTO DE ESTRADAS DE RODAGEM DO ESTADO DE MINAS GERAIS - DER-MG;2221.01.0.1.01.000;8;47;ALIENAÇÃO BENS IMÓVEIS - PRINC.;12943496,00
SECRETARIA DE ESTADO DE INFRAESTRUTURA, MOBILIDADE E PARCERIA - SEINFRA;DEPARTAMENTO DE ESTRADAS DE RODAGEM DO ESTADO DE MINAS GERAIS - DER-MG;2400.00.0.0.00.000;2;;TRANSFERÊNCIAS DE CAPITAL;46915420,00
SECRETARIA DE ESTADO DE INFRAESTRUTURA, MOBILIDADE E PARCERIA - SEINFRA;DEPARTAMENTO DE ESTRADAS DE RODAGEM DO ESTADO DE MINAS GERAIS - DER-MG;2430.00.0.0.00.000;3;;TRANSFERÊNCIAS DOS MUNICÍPIOS E DE SUAS ENTIDADES;14000000,00
SECRETARIA DE ESTADO DE INFRAESTRUTURA, MOBILIDADE E PARCERIA - SEINFRA;DEPARTAMENTO DE ESTRADAS DE RODAGEM DO ESTADO DE MINAS GERAIS - DER-MG;2432.00.0.0.00.000;4;;TRANSFERÊNCIAS DE CONVÊNIOS DOS MUNICÍPIOS E DE SUAS ENTIDADES;14000000,00
SECRETARIA DE ESTADO DE INFRAESTRUTURA, MOBILIDADE E PARCERIA - SEINFRA;DEPARTAMENTO DE ESTRADAS DE RODAGEM DO ESTADO DE MINAS GERAIS - DER-MG;2432.99.0.0.00.000;5;;OUTRAS TRANSFERÊNCIAS DE CONVÊNIOS DOS MUNICÍPIOS E DE SUAS ENTIDADES;14000000,00
SECRETARIA DE ESTADO DE INFRAESTRUTURA, MOBILIDADE E PARCERIA - SEINFRA;DEPARTAMENTO DE ESTRADAS DE RODAGEM DO ESTADO DE MINAS GERAIS - DER-MG;2432.99.0.1.00.000;7;;OUTRAS TRANSF. CONVÊNIOS MUNICÍPIOS ENTIDADES - PRINCIPAL;14000000,00
SECRETARIA DE ESTADO DE INFRAESTRUTURA, MOBILIDADE E PARCERIA - SEINFRA;DEPARTAMENTO DE ESTRADAS DE RODAGEM DO ESTADO DE MINAS GERAIS - DER-MG;2432.99.0.1.17.000;8;;OUTRAS TRANSF. CONVÊNIOS MUNICÍPIOS ENTIDADES - PRINC. - INFRAESTRUTURA EM TRANSPORTE;14000000,00
SECRETARIA DE ESTADO DE INFRAESTRUTURA, MOBILIDADE E PARCERIA - SEINFRA;DEPARTAMENTO DE ESTRADAS DE RODAGEM DO ESTADO DE MINAS GERAIS - DER-MG;2432.99.0.1.17.001;9;70;TRANSPORTE - DIVERSOS MUNICÍPIOS;14000000,00
SECRETARIA DE ESTADO DE INFRAESTRUTURA, MOBILIDADE E PARCERIA - SEINFRA;DEPARTAMENTO DE ESTRADAS DE RODAGEM DO ESTADO DE MINAS GERAIS - DER-MG;2440.00.0.0.00.000;3;;TRANSFERÊNCIAS DE INSTITUIÇÕES PRIVADAS;32915420,00
SECRETARIA DE ESTADO DE INFRAESTRUTURA, MOBILIDADE E PARCERIA - SEINFRA;DEPARTAMENTO DE ESTRADAS DE RODAGEM DO ESTADO DE MINAS GERAIS - DER-MG;2441.00.0.0.00.000;4;;TRANSFERÊNCIAS DE INSTITUIÇÕES PRIVADAS;32915420,00
SECRETARIA DE ESTADO DE INFRAESTRUTURA, MOBILIDADE E PARCERIA - SEINFRA;DEPARTAMENTO DE ESTRADAS DE RODAGEM DO ESTADO DE MINAS GERAIS - DER-MG;2441.99.0.0.00.000;5;;OUTRAS TRANSFERÊNCIAS DE INSTITUIÇÕES PRIVADAS;32915420,00
SECRETARIA DE ESTADO DE INFRAESTRUTURA, MOBILIDADE E PARCERIA - SEINFRA;DEPARTAMENTO DE ESTRADAS DE RODAGEM DO ESTADO DE MINAS GERAIS - DER-MG;2441.99.0.1.00.000;7;;OUTRAS TRANSF. INSTIT. PRIVADAS - PRINCIPAL;32915420,00
SECRETARIA DE ESTADO DE INFRAESTRUTURA, MOBILIDADE E PARCERIA - SEINFRA;DEPARTAMENTO DE ESTRADAS DE RODAGEM DO ESTADO DE MINAS GERAIS - DER-MG;2441.99.0.1.18.000;8;;OUTRAS TRANSF. INSTIT. PRIVADAS - PRINC. - CONVÊNIOS - INFRAESTRUTURA EM TRANSPORTE;32915420,00
SECRETARIA DE ESTADO DE INFRAESTRUTURA, MOBILIDADE E PARCERIA - SEINFRA;DEPARTAMENTO DE ESTRADAS DE RODAGEM DO ESTADO DE MINAS GERAIS - DER-MG;2441.99.0.1.18.001;9;68;TRANSPORTE - ANGLO AMERICAN MINÉRIO DE FERRO BRASIL;2915420,00
SECRETARIA DE ESTADO DE INFRAESTRUTURA, MOBILIDADE E PARCERIA - SEINFRA;DEPARTAMENTO DE ESTRADAS DE RODAGEM DO ESTADO DE MINAS GERAIS - DER-MG;2441.99.0.1.18.002;9;74;TRANSPORTE - EMPRESAS DO SETOR SUCROENERGÉTICO;20000000,00
SECRETARIA DE ESTADO DE INFRAESTRUTURA, MOBILIDADE E PARCERIA - SEINFRA;DEPARTAMENTO DE ESTRADAS DE RODAGEM DO ESTADO DE MINAS GERAIS - DER-MG;2441.99.0.1.18.003;9;68;TRANSPORTE - TAQUARIL MINERAÇÃO;10000000,00
SECRETARIA DE ESTADO DE EDUCAÇÃO - SEE;UNIVERSIDADE ESTADUAL DE MONTES CLAROS - UNIMONTES;1000.00.0.0.00.000;1;;RECEITAS CORRENTES;54442061,00
SECRETARIA DE ESTADO DE EDUCAÇÃO - SEE;UNIVERSIDADE ESTADUAL DE MONTES CLAROS - UNIMONTES;1300.00.0.0.00.000;2;;RECEITA PATRIMONIAL;2797457,00
SECRETARIA DE ESTADO DE EDUCAÇÃO - SEE;UNIVERSIDADE ESTADUAL DE MONTES CLAROS - UNIMONTES;1310.00.0.0.00.000;3;;EXPLORAÇÃO DO PATRIMÔNIO IMOBILIÁRIO DO ESTADO;113148,00
SECRETARIA DE ESTADO DE EDUCAÇÃO - SEE;UNIVERSIDADE ESTADUAL DE MONTES CLAROS - UNIMONTES;1311.00.0.0.00.000;4;;EXPLORAÇÃO DO PATRIMÔNIO IMOBILIÁRIO DO ESTADO;113148,00
SECRETARIA DE ESTADO DE EDUCAÇÃO - SEE;UNIVERSIDADE ESTADUAL DE MONTES CLAROS - UNIMONTES;1311.01.0.0.00.000;5;;ALUGUÉIS, ARRENDAMENTOS, FOROS, LAUDÊMIOS, TARIFAS DE OCUPAÇÃO;113148,00
SECRETARIA DE ESTADO DE EDUCAÇÃO - SEE;UNIVERSIDADE ESTADUAL DE MONTES CLAROS - UNIMONTES;1311.01.1.0.00.000;6;;ALUGUÉIS E ARRENDAMENTOS;113148,00
SECRETARIA DE ESTADO DE EDUCAÇÃO - SEE;UNIVERSIDADE ESTADUAL DE MONTES CLAROS - UNIMONTES;1311.01.1.1.00.000;7;;ALUGUÉIS ARRENDAMENTOS - PRINCIPAL;113148,00
SECRETARIA DE ESTADO DE EDUCAÇÃO - SEE;UNIVERSIDADE ESTADUAL DE MONTES CLAROS - UNIMONTES;1311.01.1.1.01.000;8;60;ALUGUÉIS ARRENDAMENTOS - PRINC. - ALUGUÉIS;113148,00
SECRETARIA DE ESTADO DE EDUCAÇÃO - SEE;UNIVERSIDADE ESTADUAL DE MONTES CLAROS - UNIMONTES;1320.00.0.0.00.000;3;;VALORES MOBILIÁRIOS;2684309,00
SECRETARIA DE ESTADO DE EDUCAÇÃO - SEE;UNIVERSIDADE ESTADUAL DE MONTES CLAROS - UNIMONTES;1321.00.0.0.00.000;4;;JUROS E CORREÇÕES MONETÁRIAS;2684309,00
SECRETARIA DE ESTADO DE EDUCAÇÃO - SEE;UNIVERSIDADE ESTADUAL DE MONTES CLAROS - UNIMONTES;1321.01.0.0.00.000;5;;REMUNERAÇÃO DE DEPÓSITOS BANCÁRIOS;2684309,00
SECRETARIA DE ESTADO DE EDUCAÇÃO - SEE;UNIVERSIDADE ESTADUAL DE MONTES CLAROS - UNIMONTES;1321.01.0.1.00.000;7;;REMUNERAÇÃO DEPÓSITOS BANCÁRIOS - PRINCIPAL;2684309,00
SECRETARIA DE ESTADO DE EDUCAÇÃO - SEE;UNIVERSIDADE ESTADUAL DE MONTES CLAROS - UNIMONTES;1321.01.0.1.01.000;8;1;REMUNERAÇÃO DEPÓSITOS BANCÁRIOS - PRINC.;6976,00
SECRETARIA DE ESTADO DE EDUCAÇÃO - SEE;UNIVERSIDADE ESTADUAL DE MONTES CLAROS - UNIMONTES;1321.01.0.1.01.000;8;24;REMUNERAÇÃO DEPÓSITOS BANCÁRIOS - PRINC.;184659,00
SECRETARIA DE ESTADO DE EDUCAÇÃO - SEE;UNIVERSIDADE ESTADUAL DE MONTES CLAROS - UNIMONTES;1321.01.0.1.01.000;8;36;REMUNERAÇÃO DEPÓSITOS BANCÁRIOS - PRINC.;516257,00
SECRETARIA DE ESTADO DE EDUCAÇÃO - SEE;UNIVERSIDADE ESTADUAL DE MONTES CLAROS - UNIMONTES;1321.01.0.1.01.000;8;60;REMUNERAÇÃO DEPÓSITOS BANCÁRIOS - PRINC.;25645,00
SECRETARIA DE ESTADO DE EDUCAÇÃO - SEE;UNIVERSIDADE ESTADUAL DE MONTES CLAROS - UNIMONTES;1321.01.0.1.01.000;8;68;REMUNERAÇÃO DEPÓSITOS BANCÁRIOS - PRINC.;54000,00
SECRETARIA DE ESTADO DE EDUCAÇÃO - SEE;UNIVERSIDADE ESTADUAL DE MONTES CLAROS - UNIMONTES;1321.01.0.1.01.000;8;70;REMUNERAÇÃO DEPÓSITOS BANCÁRIOS - PRINC.;1896772,00
SECRETARIA DE ESTADO DE EDUCAÇÃO - SEE;UNIVERSIDADE ESTADUAL DE MONTES CLAROS - UNIMONTES;1600.00.0.0.00.000;2;;RECEITA DE SERVIÇOS;14339733,00
SECRETARIA DE ESTADO DE EDUCAÇÃO - SEE;UNIVERSIDADE ESTADUAL DE MONTES CLAROS - UNIMONTES;1610.00.0.0.00.000;3;;SERVIÇOS ADMINISTRATIVOS E COMERCIAIS GERAIS;521638,00
SECRETARIA DE ESTADO DE EDUCAÇÃO - SEE;UNIVERSIDADE ESTADUAL DE MONTES CLAROS - UNIMONTES;1611.00.0.0.00.000;4;;SERVIÇOS ADMINISTRATIVOS E COMERCIAIS GERAIS;521638,00
SECRETARIA DE ESTADO DE EDUCAÇÃO - SEE;UNIVERSIDADE ESTADUAL DE MONTES CLAROS - UNIMONTES;1611.01.0.0.00.000;5;;SERVIÇOS ADMINISTRATIVOS E COMERCIAIS GERAIS;37334,00
SECRETARIA DE ESTADO DE EDUCAÇÃO - SEE;UNIVERSIDADE ESTADUAL DE MONTES CLAROS - UNIMONTES;1611.01.0.1.00.000;7;;SERVIÇOS ADM. COMERC. GER. - PRINCIPAL;37334,00
SECRETARIA DE ESTADO DE EDUCAÇÃO - SEE;UNIVERSIDADE ESTADUAL DE MONTES CLAROS - UNIMONTES;1611.01.0.1.24.000;8;60;SERVIÇOS ADM. COMERC. GER. - PRINC. - EDUCACIONAIS E CAPACITAÇÃO;37334,00
SECRETARIA DE ESTADO DE EDUCAÇÃO - SEE;UNIVERSIDADE ESTADUAL DE MONTES CLAROS - UNIMONTES;1611.02.0.0.00.000;5;;INSCRIÇÃO EM CONCURSOS E PROCESSOS SELETIVOS;484304,00
SECRETARIA DE ESTADO DE EDUCAÇÃO - SEE;UNIVERSIDADE ESTADUAL DE MONTES CLAROS - UNIMONTES;1611.02.0.1.00.000;7;;INSCRIÇÃO CONCURSOS PROCESSOS SELETIVOS - PRINCIPAL;484304,00
SECRETARIA DE ESTADO DE EDUCAÇÃO - SEE;UNIVERSIDADE ESTADUAL DE MONTES CLAROS - UNIMONTES;1611.02.0.1.01.000;8;60;INSCRIÇÃO CONCURSOS PROCESSOS SELETIVOS - PRINC.;484304,00
SECRETARIA DE ESTADO DE EDUCAÇÃO - SEE;UNIVERSIDADE ESTADUAL DE MONTES CLAROS - UNIMONTES;1630.00.0.0.00.000;3;;SERVIÇOS E ATIVIDADES REFERENTES À SAÚDE;13818095,00
SECRETARIA DE ESTADO DE EDUCAÇÃO - SEE;UNIVERSIDADE ESTADUAL DE MONTES CLAROS - UNIMONTES;1631.00.0.0.00.000;4;;SERVIÇOS DE ATENDIMENTO À SAÚDE;13818095,00
SECRETARIA DE ESTADO DE EDUCAÇÃO - SEE;UNIVERSIDADE ESTADUAL DE MONTES CLAROS - UNIMONTES;1631.50.0.0.00.000;5;;SERVIÇOS HOSPITALARES;13818095,00
SECRETARIA DE ESTADO DE EDUCAÇÃO - SEE;UNIVERSIDADE ESTADUAL DE MONTES CLAROS - UNIMONTES;1631.50.0.1.00.000;7;;SERVIÇOS HOSPITALARES - PRINCIPAL;13818095,00
SECRETARIA DE ESTADO DE EDUCAÇÃO - SEE;UNIVERSIDADE ESTADUAL DE MONTES CLAROS - UNIMONTES;1631.50.0.1.01.000;8;60;SERVIÇOS HOSPITALARES - PRINC.;13818095,00
SECRETARIA DE ESTADO DE EDUCAÇÃO - SEE;UNIVERSIDADE ESTADUAL DE MONTES CLAROS - UNIMONTES;1700.00.0.0.00.000;2;;TRANSFERÊNCIAS CORRENTES;37303013,00
SECRETARIA DE ESTADO DE EDUCAÇÃO - SEE;UNIVERSIDADE ESTADUAL DE MONTES CLAROS - UNIMONTES;1710.00.0.0.00.000;3;;TRANSFERÊNCIAS DA UNIÃO E DE SUAS ENTIDADES;20323372,00
SECRETARIA DE ESTADO DE EDUCAÇÃO - SEE;UNIVERSIDADE ESTADUAL DE MONTES CLAROS - UNIMONTES;1714.00.0.0.00.000;4;;TRANSFERÊNCIAS DE RECURSOS DO FUNDO NACIONAL DO DESENVOLVIMENTO DA EDUCAÇÃO - FNDE;120000,00
SECRETARIA DE ESTADO DE EDUCAÇÃO - SEE;UNIVERSIDADE ESTADUAL DE MONTES CLAROS - UNIMONTES;1714.99.0.0.00.000;5;;OUTRAS TRANSFERÊNCIAS DIRETAS DO FUNDO NACIONAL DO DESENVOLVIMENTO DA EDUCAÇÃO - FNDE;120000,00
SECRETARIA DE ESTADO DE EDUCAÇÃO - SEE;UNIVERSIDADE ESTADUAL DE MONTES CLAROS - UNIMONTES;1714.99.0.1.00.000;7;;OUTRAS TRANSF. DIRETAS FNDE - PRINCIPAL;120000,00
SECRETARIA DE ESTADO DE EDUCAÇÃO - SEE;UNIVERSIDADE ESTADUAL DE MONTES CLAROS - UNIMONTES;1714.99.0.1.02.000;8;36;OUTRAS TRANSF. DIRETAS FNDE - PRINC. - PRONATEC;120000,00
SECRETARIA DE ESTADO DE EDUCAÇÃO - SEE;UNIVERSIDADE ESTADUAL DE MONTES CLAROS - UNIMONTES;1717.00.0.0.00.000;4;;TRANSFERÊNCIAS DE CONVÊNIOS DA UNIÃO E DE SUAS ENTIDADES;20203372,00
SECRETARIA DE ESTADO DE EDUCAÇÃO - SEE;UNIVERSIDADE ESTADUAL DE MONTES CLAROS - UNIMONTES;1717.51.0.0.00.000;5;;TRANSFERÊNCIAS DE CONVÊNIOS DA UNIÃO DESTINADAS A PROGRAMAS DE EDUCAÇÃO;20203372,00
SECRETARIA DE ESTADO DE EDUCAÇÃO - SEE;UNIVERSIDADE ESTADUAL DE MONTES CLAROS - UNIMONTES;1717.51.0.1.00.000;7;;TRANSF. CONVÊNIOS UNIÃO EDUCAÇÃO - PRINCIPAL;20203372,00
SECRETARIA DE ESTADO DE EDUCAÇÃO - SEE;UNIVERSIDADE ESTADUAL DE MONTES CLAROS - UNIMONTES;1717.51.0.1.04.000;8;24;EDUCAÇÃO - COORDENAÇÃO DE APERFEIÇOAMENTO DE PESSOAL DE NÍVEL SUPERIOR - CAPES;19422416,00
SECRETARIA DE ESTADO DE EDUCAÇÃO - SEE;UNIVERSIDADE ESTADUAL DE MONTES CLAROS - UNIMONTES;1717.51.0.1.10.000;8;24;EDUCAÇÃO - INSTITUTO FEDERAL DO NORTE DE MINAS GERAIS - IFNMG;780956,00
SECRETARIA DE ESTADO DE EDUCAÇÃO - SEE;UNIVERSIDADE ESTADUAL DE MONTES CLAROS - UNIMONTES;1730.00.0.0.00.000;3;;TRANSFERÊNCIAS DOS MUNICÍPIOS E DE SUAS ENTIDADES;15179641,00
SECRETARIA DE ESTADO DE EDUCAÇÃO - SEE;UNIVERSIDADE ESTADUAL DE MONTES CLAROS - UNIMONTES;1732.00.0.0.00.000;4;;TRANSFERÊNCIAS DE CONVÊNIOS DOS MUNICÍPIOS E DE SUAS ENTIDADES;15179641,00
SECRETARIA DE ESTADO DE EDUCAÇÃO - SEE;UNIVERSIDADE ESTADUAL DE MONTES CLAROS - UNIMONTES;1732.50.0.0.00.000;5;;TRANSFERÊNCIAS DE CONVÊNIOS DOS MUNICÍPIOS PARA O SISTEMA ÚNICO DE SAÚDE - SUS;15179641,00
SECRETARIA DE ESTADO DE EDUCAÇÃO - SEE;UNIVERSIDADE ESTADUAL DE MONTES CLAROS - UNIMONTES;1732.50.0.1.00.000;7;;TRANSF. CONVÊNIOS MUNICÍPIOS - SUS-SAÚDE - PRINCIPAL;15179641,00
SECRETARIA DE ESTADO DE EDUCAÇÃO - SEE;UNIVERSIDADE ESTADUAL DE MONTES CLAROS - UNIMONTES;1732.50.0.1.01.000;8;70;SUS-SAÚDE - DIVERSOS MUNICÍPIOS;15179641,00
SECRETARIA DE ESTADO DE EDUCAÇÃO - SEE;UNIVERSIDADE ESTADUAL DE MONTES CLAROS - UNIMONTES;1740.00.0.0.00.000;3;;TRANSFERÊNCIAS DE INSTITUIÇÕES PRIVADAS;1800000,00
SECRETARIA DE ESTADO DE EDUCAÇÃO - SEE;UNIVERSIDADE ESTADUAL DE MONTES CLAROS - UNIMONTES;1741.00.0.0.00.000;4;;TRANSFERÊNCIAS DE INSTITUIÇÕES PRIVADAS;1800000,00
SECRETARIA DE ESTADO DE EDUCAÇÃO - SEE;UNIVERSIDADE ESTADUAL DE MONTES CLAROS - UNIMONTES;1741.99.0.0.00.000;5;;OUTRAS TRANSFERÊNCIAS DE INSTITUIÇÕES PRIVADAS;1800000,00
SECRETARIA DE ESTADO DE EDUCAÇÃO - SEE;UNIVERSIDADE ESTADUAL DE MONTES CLAROS - UNIMONTES;1741.99.0.1.00.000;7;;OUTRAS TRANSF. INSTIT. PRIVADAS - PRINCIPAL;1800000,00
SECRETARIA DE ESTADO DE EDUCAÇÃO - SEE;UNIVERSIDADE ESTADUAL DE MONTES CLAROS - UNIMONTES;1741.99.0.1.46.000;8;;OUTRAS TRANSF. INSTIT. PRIVADAS - PRINC. - DEMAIS - MEIO AMBIENTE;1800000,00
SECRETARIA DE ESTADO DE EDUCAÇÃO - SEE;UNIVERSIDADE ESTADUAL DE MONTES CLAROS - UNIMONTES;1741.99.0.1.46.999;9;68;MEIO AMBIENTE - OUTROS;1800000,00
SECRETARIA DE ESTADO DE EDUCAÇÃO - SEE;UNIVERSIDADE ESTADUAL DE MONTES CLAROS - UNIMONTES;1900.00.0.0.00.000;2;;OUTRAS RECEITAS CORRENTES;1858,00
SECRETARIA DE ESTADO DE EDUCAÇÃO - SEE;UNIVERSIDADE ESTADUAL DE MONTES CLAROS - UNIMONTES;1920.00.0.0.00.000;3;;INDENIZAÇÕES, RESTITUIÇÕES E RESSARCIMENTOS;1858,00
SECRETARIA DE ESTADO DE EDUCAÇÃO - SEE;UNIVERSIDADE ESTADUAL DE MONTES CLAROS - UNIMONTES;1922.00.0.0.00.000;4;;RESTITUIÇÕES;1858,00
SECRETARIA DE ESTADO DE EDUCAÇÃO - SEE;UNIVERSIDADE ESTADUAL DE MONTES CLAROS - UNIMONTES;1922.52.0.0.00.000;5;;RESTITUIÇÃO DE REMUNERAÇÃO DE FOLHA DE PAGAMENTO - PESSOAL ATIVO;300,00
SECRETARIA DE ESTADO DE EDUCAÇÃO - SEE;UNIVERSIDADE ESTADUAL DE MONTES CLAROS - UNIMONTES;1922.52.0.1.00.000;7;;RESTITUIÇÃO REMUNERAÇÃO FOLHA PAGAMENTO - PESSOAL ATIVO - PRINCIPAL;300,00
SECRETARIA DE ESTADO DE EDUCAÇÃO - SEE;UNIVERSIDADE ESTADUAL DE MONTES CLAROS - UNIMONTES;1922.52.0.1.01.000;8;60;RESTITUIÇÃO REMUNERAÇÃO FOLHA PAGAMENTO - PESSOAL ATIVO - PRINC.;300,00
SECRETARIA DE ESTADO DE EDUCAÇÃO - SEE;UNIVERSIDADE ESTADUAL DE MONTES CLAROS - UNIMONTES;1922.99.0.0.00.000;5;;OUTRAS RESTITUIÇÕES;1558,00
SECRETARIA DE ESTADO DE EDUCAÇÃO - SEE;UNIVERSIDADE ESTADUAL DE MONTES CLAROS - UNIMONTES;1922.99.0.1.00.000;7;;OUTRAS RESTITUIÇÕES - PRINCIPAL;1558,00
SECRETARIA DE ESTADO DE EDUCAÇÃO - SEE;UNIVERSIDADE ESTADUAL DE MONTES CLAROS - UNIMONTES;1922.99.0.1.99.000;8;1;OUTRAS RESTITUIÇÕES - PRINC. - DEMAIS;1000,00
SECRETARIA DE ESTADO DE EDUCAÇÃO - SEE;UNIVERSIDADE ESTADUAL DE MONTES CLAROS - UNIMONTES;1922.99.0.1.99.000;8;24;OUTRAS RESTITUIÇÕES - PRINC. - DEMAIS;100,00
SECRETARIA DE ESTADO DE EDUCAÇÃO - SEE;UNIVERSIDADE ESTADUAL DE MONTES CLAROS - UNIMONTES;1922.99.0.1.99.000;8;36;OUTRAS RESTITUIÇÕES - PRINC. - DEMAIS;100,00
SECRETARIA DE ESTADO DE EDUCAÇÃO - SEE;UNIVERSIDADE ESTADUAL DE MONTES CLAROS - UNIMONTES;1922.99.0.1.99.000;8;60;OUTRAS RESTITUIÇÕES - PRINC. - DEMAIS;158,00
SECRETARIA DE ESTADO DE EDUCAÇÃO - SEE;UNIVERSIDADE ESTADUAL DE MONTES CLAROS - UNIMONTES;1922.99.0.1.99.000;8;68;OUTRAS RESTITUIÇÕES - PRINC. - DEMAIS;100,00
SECRETARIA DE ESTADO DE EDUCAÇÃO - SEE;UNIVERSIDADE ESTADUAL DE MONTES CLAROS - UNIMONTES;1922.99.0.1.99.000;8;70;OUTRAS RESTITUIÇÕES - PRINC. - DEMAIS;100,00
SECRETARIA DE ESTADO DE EDUCAÇÃO - SEE;UNIVERSIDADE ESTADUAL DE MONTES CLAROS - UNIMONTES;2000.00.0.0.00.000;1;;RECEITAS DE CAPITAL;24076187,00
SECRETARIA DE ESTADO DE EDUCAÇÃO - SEE;UNIVERSIDADE ESTADUAL DE MONTES CLAROS - UNIMONTES;2400.00.0.0.00.000;2;;TRANSFERÊNCIAS DE CAPITAL;24076187,00
SECRETARIA DE ESTADO DE EDUCAÇÃO - SEE;UNIVERSIDADE ESTADUAL DE MONTES CLAROS - UNIMONTES;2410.00.0.0.00.000;3;;TRANSFERÊNCIAS DA UNIÃO E DE SUAS ENTIDADES;19598451,00
SECRETARIA DE ESTADO DE EDUCAÇÃO - SEE;UNIVERSIDADE ESTADUAL DE MONTES CLAROS - UNIMONTES;2412.00.0.0.00.000;4;;TRANSFERÊNCIAS DE RECURSOS DO FUNDO NACIONAL DO DESENVOLVIMENTO DA EDUCAÇÃO - FNDE;18799152,00
SECRETARIA DE ESTADO DE EDUCAÇÃO - SEE;UNIVERSIDADE ESTADUAL DE MONTES CLAROS - UNIMONTES;2412.50.0.0.00.000;5;;TRANSFERÊNCIAS DE RECURSOS DESTINADOS A PROGRAMAS DE EDUCAÇÃO;18799152,00
SECRETARIA DE ESTADO DE EDUCAÇÃO - SEE;UNIVERSIDADE ESTADUAL DE MONTES CLAROS - UNIMONTES;2412.50.9.0.00.000;6;;OUTRAS TRANSFERÊNCIAS DESTINADAS A PROGRAMAS DE EDUCAÇÃO;18799152,00
SECRETARIA DE ESTADO DE EDUCAÇÃO - SEE;UNIVERSIDADE ESTADUAL DE MONTES CLAROS - UNIMONTES;2412.50.9.1.00.000;7;;OUTRAS TRANSF. EDUCAÇÃO - PRINCIPAL;18799152,00
SECRETARIA DE ESTADO DE EDUCAÇÃO - SEE;UNIVERSIDADE ESTADUAL DE MONTES CLAROS - UNIMONTES;2412.50.9.1.04.000;8;24;EDUCAÇÃO - FNDE - PLANO TODOS PELA EDUCAÇÃO;17547336,00
SECRETARIA DE ESTADO DE EDUCAÇÃO - SEE;UNIVERSIDADE ESTADUAL DE MONTES CLAROS - UNIMONTES;2412.50.9.1.04.000;8;36;EDUCAÇÃO - FNDE - PLANO TODOS PELA EDUCAÇÃO;1251816,00
SECRETARIA DE ESTADO DE EDUCAÇÃO - SEE;UNIVERSIDADE ESTADUAL DE MONTES CLAROS - UNIMONTES;2414.00.0.0.00.000;4;;TRANSFERÊNCIAS DE CONVÊNIOS DA UNIÃO E DE SUAS ENTIDADES;799299,00
SECRETARIA DE ESTADO DE EDUCAÇÃO - SEE;UNIVERSIDADE ESTADUAL DE MONTES CLAROS - UNIMONTES;2414.51.0.0.00.000;5;;TRANSFERÊNCIAS DE CONVÊNIOS DA UNIÃO DESTINADAS A PROGRAMAS DE EDUCAÇÃO;799299,00
SECRETARIA DE ESTADO DE EDUCAÇÃO - SEE;UNIVERSIDADE ESTADUAL DE MONTES CLAROS - UNIMONTES;2414.51.0.1.00.000;7;;TRANSF. CONVÊNIOS UNIÃO EDUCAÇÃO - PRINCIPAL;799299,00
SECRETARIA DE ESTADO DE EDUCAÇÃO - SEE;UNIVERSIDADE ESTADUAL DE MONTES CLAROS - UNIMONTES;2414.51.0.1.03.000;8;24;EDUCAÇÃO - MINISTÉRIO DA EDUCAÇÃO;600000,00
SECRETARIA DE ESTADO DE EDUCAÇÃO - SEE;UNIVERSIDADE ESTADUAL DE MONTES CLAROS - UNIMONTES;2414.51.0.1.06.000;8;1;EDUCAÇÃO - MINISTÉRIO DA SAÚDE;199299,00
SECRETARIA DE ESTADO DE EDUCAÇÃO - SEE;UNIVERSIDADE ESTADUAL DE MONTES CLAROS - UNIMONTES;2430.00.0.0.00.000;3;;TRANSFERÊNCIAS DOS MUNICÍPIOS E DE SUAS ENTIDADES;4477736,00
SECRETARIA DE ESTADO DE EDUCAÇÃO - SEE;UNIVERSIDADE ESTADUAL DE MONTES CLAROS - UNIMONTES;2432.00.0.0.00.000;4;;TRANSFERÊNCIAS DE CONVÊNIOS DOS MUNICÍPIOS E DE SUAS ENTIDADES;4477736,00
SECRETARIA DE ESTADO DE EDUCAÇÃO - SEE;UNIVERSIDADE ESTADUAL DE MONTES CLAROS - UNIMONTES;2432.50.0.0.00.000;5;;TRANSFERÊNCIAS DE CONVÊNIOS DOS MUNICÍPIOS DESTINADOS A PROGRAMAS DE SAÚDE;4477736,00
SECRETARIA DE ESTADO DE EDUCAÇÃO - SEE;UNIVERSIDADE ESTADUAL DE MONTES CLAROS - UNIMONTES;2432.50.0.1.00.000;7;;TRANSF. CONVÊNIOS MUNICÍPIOS SUS-SAÚDE - PRINCIPAL;4477736,00
SECRETARIA DE ESTADO DE EDUCAÇÃO - SEE;UNIVERSIDADE ESTADUAL DE MONTES CLAROS - UNIMONTES;2432.50.0.1.01.000;8;70;SUS-SAÚDE - DIVERSOS MUNICÍPIOS;4477736,00
SECRETARIA DE ESTADO DE SAÚDE - SES;FUNDAÇÃO CENTRO DE HEMATOLOGIA E HEMOTERAPIA DE MINAS GERAIS - HEMOMINAS;1000.00.0.0.00.000;1;;RECEITAS CORRENTES;20494612,00
SECRETARIA DE ESTADO DE SAÚDE - SES;FUNDAÇÃO CENTRO DE HEMATOLOGIA E HEMOTERAPIA DE MINAS GERAIS - HEMOMINAS;1300.00.0.0.00.000;2;;RECEITA PATRIMONIAL;592527,00
SECRETARIA DE ESTADO DE SAÚDE - SES;FUNDAÇÃO CENTRO DE HEMATOLOGIA E HEMOTERAPIA DE MINAS GERAIS - HEMOMINAS;1320.00.0.0.00.000;3;;VALORES MOBILIÁRIOS;592527,00
SECRETARIA DE ESTADO DE SAÚDE - SES;FUNDAÇÃO CENTRO DE HEMATOLOGIA E HEMOTERAPIA DE MINAS GERAIS - HEMOMINAS;1321.00.0.0.00.000;4;;JUROS E CORREÇÕES MONETÁRIAS;592443,00
SECRETARIA DE ESTADO DE SAÚDE - SES;FUNDAÇÃO CENTRO DE HEMATOLOGIA E HEMOTERAPIA DE MINAS GERAIS - HEMOMINAS;1321.01.0.0.00.000;5;;REMUNERAÇÃO DE DEPÓSITOS BANCÁRIOS;592443,00
SECRETARIA DE ESTADO DE SAÚDE - SES;FUNDAÇÃO CENTRO DE HEMATOLOGIA E HEMOTERAPIA DE MINAS GERAIS - HEMOMINAS;1321.01.0.1.00.000;7;;REMUNERAÇÃO DEPÓSITOS BANCÁRIOS - PRINCIPAL;592443,00
SECRETARIA DE ESTADO DE SAÚDE - SES;FUNDAÇÃO CENTRO DE HEMATOLOGIA E HEMOTERAPIA DE MINAS GERAIS - HEMOMINAS;1321.01.0.1.01.000;8;1;REMUNERAÇÃO DEPÓSITOS BANCÁRIOS - PRINC.;285673,00
SECRETARIA DE ESTADO DE SAÚDE - SES;FUNDAÇÃO CENTRO DE HEMATOLOGIA E HEMOTERAPIA DE MINAS GERAIS - HEMOMINAS;1321.01.0.1.01.000;8;24;REMUNERAÇÃO DEPÓSITOS BANCÁRIOS - PRINC.;305070,00
SECRETARIA DE ESTADO DE SAÚDE - SES;FUNDAÇÃO CENTRO DE HEMATOLOGIA E HEMOTERAPIA DE MINAS GERAIS - HEMOMINAS;1321.01.0.1.01.000;8;60;REMUNERAÇÃO DEPÓSITOS BANCÁRIOS - PRINC.;1700,00
SECRETARIA DE ESTADO DE SAÚDE - SES;FUNDAÇÃO CENTRO DE HEMATOLOGIA E HEMOTERAPIA DE MINAS GERAIS - HEMOMINAS;1322.00.0.0.00.000;4;;DIVIDENDOS;84,00
SECRETARIA DE ESTADO DE SAÚDE - SES;FUNDAÇÃO CENTRO DE HEMATOLOGIA E HEMOTERAPIA DE MINAS GERAIS - HEMOMINAS;1322.01.0.0.00.000;5;;DIVIDENDOS;84,00
SECRETARIA DE ESTADO DE SAÚDE - SES;FUNDAÇÃO CENTRO DE HEMATOLOGIA E HEMOTERAPIA DE MINAS GERAIS - HEMOMINAS;1322.01.0.1.00.000;7;;DIVIDENDOS - PRINCIPAL;84,00
SECRETARIA DE ESTADO DE SAÚDE - SES;FUNDAÇÃO CENTRO DE HEMATOLOGIA E HEMOTERAPIA DE MINAS GERAIS - HEMOMINAS;1322.01.0.1.02.000;8;60;DIVIDENDOS - PRINC. - EMPRESAS NÃO ESTATAIS;84,00
SECRETARIA DE ESTADO DE SAÚDE - SES;FUNDAÇÃO CENTRO DE HEMATOLOGIA E HEMOTERAPIA DE MINAS GERAIS - HEMOMINAS;1600.00.0.0.00.000;2;;RECEITA DE SERVIÇOS;18126325,00
SECRETARIA DE ESTADO DE SAÚDE - SES;FUNDAÇÃO CENTRO DE HEMATOLOGIA E HEMOTERAPIA DE MINAS GERAIS - HEMOMINAS;1630.00.0.0.00.000;3;;SERVIÇOS E ATIVIDADES REFERENTES À SAÚDE;18126325,00
SECRETARIA DE ESTADO DE SAÚDE - SES;FUNDAÇÃO CENTRO DE HEMATOLOGIA E HEMOTERAPIA DE MINAS GERAIS - HEMOMINAS;1631.00.0.0.00.000;4;;SERVIÇOS DE ATENDIMENTO À SAÚDE;18126325,00
SECRETARIA DE ESTADO DE SAÚDE - SES;FUNDAÇÃO CENTRO DE HEMATOLOGIA E HEMOTERAPIA DE MINAS GERAIS - HEMOMINAS;1631.50.0.0.00.000;5;;SERVIÇOS HOSPITALARES;900250,00
SECRETARIA DE ESTADO DE SAÚDE - SES;FUNDAÇÃO CENTRO DE HEMATOLOGIA E HEMOTERAPIA DE MINAS GERAIS - HEMOMINAS;1631.50.0.1.00.000;7;;SERVIÇOS HOSPITALARES - PRINCIPAL;900000,00
SECRETARIA DE ESTADO DE SAÚDE - SES;FUNDAÇÃO CENTRO DE HEMATOLOGIA E HEMOTERAPIA DE MINAS GERAIS - HEMOMINAS;1631.50.0.1.01.000;8;60;SERVIÇOS HOSPITALARES - PRINC.;900000,00
SECRETARIA DE ESTADO DE SAÚDE - SES;FUNDAÇÃO CENTRO DE HEMATOLOGIA E HEMOTERAPIA DE MINAS GERAIS - HEMOMINAS;1631.50.0.2.00.000;7;;SERVIÇOS HOSPITALARES - MULTAS E JUROS DE MORA;250,00
SECRETARIA DE ESTADO DE SAÚDE - SES;FUNDAÇÃO CENTRO DE HEMATOLOGIA E HEMOTERAPIA DE MINAS GERAIS - HEMOMINAS;1631.50.0.2.01.000;8;60;SERVIÇOS HOSPITALARES - MJM;250,00
SECRETARIA DE ESTADO DE SAÚDE - SES;FUNDAÇÃO CENTRO DE HEMATOLOGIA E HEMOTERAPIA DE MINAS GERAIS - HEMOMINAS;1631.53.0.0.00.000;5;;SERVIÇOS AMBULATORIAIS;1440000,00
SECRETARIA DE ESTADO DE SAÚDE - SES;FUNDAÇÃO CENTRO DE HEMATOLOGIA E HEMOTERAPIA DE MINAS GERAIS - HEMOMINAS;1631.53.0.1.00.000;7;;SERVIÇOS AMBULATORIAIS - PRINCIPAL;1440000,00
SECRETARIA DE ESTADO DE SAÚDE - SES;FUNDAÇÃO CENTRO DE HEMATOLOGIA E HEMOTERAPIA DE MINAS GERAIS - HEMOMINAS;1631.53.0.1.01.000;8;60;SERVIÇOS AMBULATORIAIS - PRINC.;1440000,00
SECRETARIA DE ESTADO DE SAÚDE - SES;FUNDAÇÃO CENTRO DE HEMATOLOGIA E HEMOTERAPIA DE MINAS GERAIS - HEMOMINAS;1631.99.0.0.00.000;5;;OUTROS SERVIÇOS DE ATENDIMENTO À SAÚDE;15786075,00
SECRETARIA DE ESTADO DE SAÚDE - SES;FUNDAÇÃO CENTRO DE HEMATOLOGIA E HEMOTERAPIA DE MINAS GERAIS - HEMOMINAS;1631.99.0.1.00.000;7;;OUTROS SERV. ATEND. SAÚDE - PRINCIPAL;15720000,00
SECRETARIA DE ESTADO DE SAÚDE - SES;FUNDAÇÃO CENTRO DE HEMATOLOGIA E HEMOTERAPIA DE MINAS GERAIS - HEMOMINAS;1631.99.0.1.02.000;8;60;OUTROS SERV. ATEND. SAÚDE - PRINC. - SERVIÇOS DE COLETA, PROCESSAMENTO E ARMAZENAMENTO DE CÉLULAS E TECIDOS BIOLÓGICOS;1320000,00
SECRETARIA DE ESTADO DE SAÚDE - SES;FUNDAÇÃO CENTRO DE HEMATOLOGIA E HEMOTERAPIA DE MINAS GERAIS - HEMOMINAS;1631.99.0.1.04.000;8;60;OUTROS SERV. ATEND. SAÚDE - PRINC. - SERVIÇOS DE SAÚDE PRESTADOS A PARTICULARES;14400000,00
SECRETARIA DE ESTADO DE SAÚDE - SES;FUNDAÇÃO CENTRO DE HEMATOLOGIA E HEMOTERAPIA DE MINAS GERAIS - HEMOMINAS;1631.99.0.2.00.000;7;;OUTROS SERV. ATEND. SAÚDE - MULTAS E JUROS DE MORA;66075,00
SECRETARIA DE ESTADO DE SAÚDE - SES;FUNDAÇÃO CENTRO DE HEMATOLOGIA E HEMOTERAPIA DE MINAS GERAIS - HEMOMINAS;1631.99.0.2.02.000;8;60;OUTROS SERV. ATEND. SAÚDE - MJM - SERVIÇOS DE COLETA, PROCESSAMENTO E ARMAZENAMENTO DE CÉLULAS E TECIDOS BIOLÓGICOS;2625,00
SECRETARIA DE ESTADO DE SAÚDE - SES;FUNDAÇÃO CENTRO DE HEMATOLOGIA E HEMOTERAPIA DE MINAS GERAIS - HEMOMINAS;1631.99.0.2.04.000;8;60;OUTROS SERV. ATEND. SAÚDE - MJM - SERVIÇOS DE SAÚDE PRESTADOS A PARTICULARES;63450,00
SECRETARIA DE ESTADO DE SAÚDE - SES;FUNDAÇÃO CENTRO DE HEMATOLOGIA E HEMOTERAPIA DE MINAS GERAIS - HEMOMINAS;1700.00.0.0.00.000;2;;TRANSFERÊNCIAS CORRENTES;578886,00
SECRETARIA DE ESTADO DE SAÚDE - SES;FUNDAÇÃO CENTRO DE HEMATOLOGIA E HEMOTERAPIA DE MINAS GERAIS - HEMOMINAS;1710.00.0.0.00.000;3;;TRANSFERÊNCIAS DA UNIÃO E DE SUAS ENTIDADES;578886,00
SECRETARIA DE ESTADO DE SAÚDE - SES;FUNDAÇÃO CENTRO DE HEMATOLOGIA E HEMOTERAPIA DE MINAS GERAIS - HEMOMINAS;1717.00.0.0.00.000;4;;TRANSFERÊNCIAS DE CONVÊNIOS DA UNIÃO E DE SUAS ENTIDADES;578886,00
SECRETARIA DE ESTADO DE SAÚDE - SES;FUNDAÇÃO CENTRO DE HEMATOLOGIA E HEMOTERAPIA DE MINAS GERAIS - HEMOMINAS;1717.50.0.0.00.000;5;;TRANSFERÊNCIAS DE CONVÊNIOS DA UNIÃO PARA O SISTEMA ÚNICO DE SAÚDE - SUS;578886,00
SECRETARIA DE ESTADO DE SAÚDE - SES;FUNDAÇÃO CENTRO DE HEMATOLOGIA E HEMOTERAPIA DE MINAS GERAIS - HEMOMINAS;1717.50.0.1.00.000;7;;TRANSF. CONVÊNIOS UNIÃO SUS-SAÚDE - PRINCIPAL;578886,00
SECRETARIA DE ESTADO DE SAÚDE - SES;FUNDAÇÃO CENTRO DE HEMATOLOGIA E HEMOTERAPIA DE MINAS GERAIS - HEMOMINAS;1717.50.0.1.01.000;8;24;SUS-SAÚDE - MINISTÉRIO DA SAÚDE;578886,00
SECRETARIA DE ESTADO DE SAÚDE - SES;FUNDAÇÃO CENTRO DE HEMATOLOGIA E HEMOTERAPIA DE MINAS GERAIS - HEMOMINAS;1900.00.0.0.00.000;2;;OUTRAS RECEITAS CORRENTES;1196874,00
SECRETARIA DE ESTADO DE SAÚDE - SES;FUNDAÇÃO CENTRO DE HEMATOLOGIA E HEMOTERAPIA DE MINAS GERAIS - HEMOMINAS;1910.00.0.0.00.000;3;;MULTAS ADMINISTRATIVAS, CONTRATUAIS E JUDICIAIS;497589,00
SECRETARIA DE ESTADO DE SAÚDE - SES;FUNDAÇÃO CENTRO DE HEMATOLOGIA E HEMOTERAPIA DE MINAS GERAIS - HEMOMINAS;1911.00.0.0.00.000;4;;MULTAS ADMINISTRATIVAS, CONTRATUAIS E JUDICIAIS;497589,00
SECRETARIA DE ESTADO DE SAÚDE - SES;FUNDAÇÃO CENTRO DE HEMATOLOGIA E HEMOTERAPIA DE MINAS GERAIS - HEMOMINAS;1911.09.0.0.00.000;5;;MULTAS E JUROS PREVISTOS EM CONTRATOS;497589,00
SECRETARIA DE ESTADO DE SAÚDE - SES;FUNDAÇÃO CENTRO DE HEMATOLOGIA E HEMOTERAPIA DE MINAS GERAIS - HEMOMINAS;1911.09.0.1.00.000;7;;MULTAS JUROS PREVISTOS CONTRATOS - PRINCIPAL;491763,00
SECRETARIA DE ESTADO DE SAÚDE - SES;FUNDAÇÃO CENTRO DE HEMATOLOGIA E HEMOTERAPIA DE MINAS GERAIS - HEMOMINAS;1911.09.0.1.99.000;8;60;MULTAS JUROS PREVISTOS CONTRATOS - PRINC. - DEMAIS;491763,00
SECRETARIA DE ESTADO DE SAÚDE - SES;FUNDAÇÃO CENTRO DE HEMATOLOGIA E HEMOTERAPIA DE MINAS GERAIS - HEMOMINAS;1911.09.0.2.00.000;7;;MULTAS JUROS PREVISTOS CONTRATO - MULTAS E JUROS DE MORA;5826,00
SECRETARIA DE ESTADO DE SAÚDE - SES;FUNDAÇÃO CENTRO DE HEMATOLOGIA E HEMOTERAPIA DE MINAS GERAIS - HEMOMINAS;1911.09.0.2.99.000;8;60;MULTAS JUROS PREVISTOS CONTRATO - MJM - DEMAIS;5826,00
SECRETARIA DE ESTADO DE SAÚDE - SES;FUNDAÇÃO CENTRO DE HEMATOLOGIA E HEMOTERAPIA DE MINAS GERAIS - HEMOMINAS;1920.00.0.0.00.000;3;;INDENIZAÇÕES, RESTITUIÇÕES E RESSARCIMENTOS;681192,00
SECRETARIA DE ESTADO DE SAÚDE - SES;FUNDAÇÃO CENTRO DE HEMATOLOGIA E HEMOTERAPIA DE MINAS GERAIS - HEMOMINAS;1922.00.0.0.00.000;4;;RESTITUIÇÕES;681192,00
SECRETARIA DE ESTADO DE SAÚDE - SES;FUNDAÇÃO CENTRO DE HEMATOLOGIA E HEMOTERAPIA DE MINAS GERAIS - HEMOMINAS;1922.99.0.0.00.000;5;;OUTRAS RESTITUIÇÕES;681192,00
SECRETARIA DE ESTADO DE SAÚDE - SES;FUNDAÇÃO CENTRO DE HEMATOLOGIA E HEMOTERAPIA DE MINAS GERAIS - HEMOMINAS;1922.99.0.1.00.000;7;;OUTRAS RESTITUIÇÕES - PRINCIPAL;681192,00
SECRETARIA DE ESTADO DE SAÚDE - SES;FUNDAÇÃO CENTRO DE HEMATOLOGIA E HEMOTERAPIA DE MINAS GERAIS - HEMOMINAS;1922.99.0.1.01.000;8;10;OUTRAS RESTITUIÇÕES - PRINC. - RECURSOS ORIGINÁRIOS DO FUNDO ESTADUAL DE SAÚDE - FES;632523,00
SECRETARIA DE ESTADO DE SAÚDE - SES;FUNDAÇÃO CENTRO DE HEMATOLOGIA E HEMOTERAPIA DE MINAS GERAIS - HEMOMINAS;1922.99.0.1.01.000;8;60;OUTRAS RESTITUIÇÕES - PRINC. - RECURSOS ORIGINÁRIOS DO FUNDO ESTADUAL DE SAÚDE - FES;44669,00
SECRETARIA DE ESTADO DE SAÚDE - SES;FUNDAÇÃO CENTRO DE HEMATOLOGIA E HEMOTERAPIA DE MINAS GERAIS - HEMOMINAS;1922.99.0.1.99.000;8;1;OUTRAS RESTITUIÇÕES - PRINC. - DEMAIS;1000,00
SECRETARIA DE ESTADO DE SAÚDE - SES;FUNDAÇÃO CENTRO DE HEMATOLOGIA E HEMOTERAPIA DE MINAS GERAIS - HEMOMINAS;1922.99.0.1.99.000;8;24;OUTRAS RESTITUIÇÕES - PRINC. - DEMAIS;1000,00
SECRETARIA DE ESTADO DE SAÚDE - SES;FUNDAÇÃO CENTRO DE HEMATOLOGIA E HEMOTERAPIA DE MINAS GERAIS - HEMOMINAS;1922.99.0.1.99.000;8;60;OUTRAS RESTITUIÇÕES - PRINC. - DEMAIS;2000,00
SECRETARIA DE ESTADO DE SAÚDE - SES;FUNDAÇÃO CENTRO DE HEMATOLOGIA E HEMOTERAPIA DE MINAS GERAIS - HEMOMINAS;1990.00.0.0.00.000;3;;DEMAIS RECEITAS CORRENTES;18093,00
SECRETARIA DE ESTADO DE SAÚDE - SES;FUNDAÇÃO CENTRO DE HEMATOLOGIA E HEMOTERAPIA DE MINAS GERAIS - HEMOMINAS;1999.00.0.0.00.000;4;;OUTRAS RECEITAS CORRENTES;18093,00
SECRETARIA DE ESTADO DE SAÚDE - SES;FUNDAÇÃO CENTRO DE HEMATOLOGIA E HEMOTERAPIA DE MINAS GERAIS - HEMOMINAS;1999.99.0.0.00.000;5;;OUTRAS RECEITAS;18093,00
SECRETARIA DE ESTADO DE SAÚDE - SES;FUNDAÇÃO CENTRO DE HEMATOLOGIA E HEMOTERAPIA DE MINAS GERAIS - HEMOMINAS;1999.99.2.0.00.000;6;;OUTRAS RECEITAS NÃO ARRECADADAS E NÃO PROJETADAS PELA RFB - PRIMÁRIAS;18093,00
SECRETARIA DE ESTADO DE SAÚDE - SES;FUNDAÇÃO CENTRO DE HEMATOLOGIA E HEMOTERAPIA DE MINAS GERAIS - HEMOMINAS;1999.99.2.1.00.000;7;;OUTRAS REC. - PRIMÁRIAS - PRINCIPAL;18093,00
SECRETARIA DE ESTADO DE SAÚDE - SES;FUNDAÇÃO CENTRO DE HEMATOLOGIA E HEMOTERAPIA DE MINAS GERAIS - HEMOMINAS;1999.99.2.1.99.000;8;60;OUTRAS REC. - PRIMÁRIAS - PRINC. - DEMAIS;18093,00
SECRETARIA DE ESTADO DE SAÚDE - SES;FUNDAÇÃO CENTRO DE HEMATOLOGIA E HEMOTERAPIA DE MINAS GERAIS - HEMOMINAS;2000.00.0.0.00.000;1;;RECEITAS DE CAPITAL;2597466,00
SECRETARIA DE ESTADO DE SAÚDE - SES;FUNDAÇÃO CENTRO DE HEMATOLOGIA E HEMOTERAPIA DE MINAS GERAIS - HEMOMINAS;2200.00.0.0.00.000;2;;ALIENAÇÃO DE BENS;100000,00
SECRETARIA DE ESTADO DE SAÚDE - SES;FUNDAÇÃO CENTRO DE HEMATOLOGIA E HEMOTERAPIA DE MINAS GERAIS - HEMOMINAS;2210.00.0.0.00.000;3;;ALIENAÇÃO DE BENS MÓVEIS;100000,00
SECRETARIA DE ESTADO DE SAÚDE - SES;FUNDAÇÃO CENTRO DE HEMATOLOGIA E HEMOTERAPIA DE MINAS GERAIS - HEMOMINAS;2213.00.0.0.00.000;4;;ALIENAÇÃO DE BENS MÓVEIS E SEMOVENTES;100000,00
SECRETARIA DE ESTADO DE SAÚDE - SES;FUNDAÇÃO CENTRO DE HEMATOLOGIA E HEMOTERAPIA DE MINAS GERAIS - HEMOMINAS;2213.01.0.0.00.000;5;;ALIENAÇÃO DE BENS MÓVEIS E SEMOVENTES;100000,00
SECRETARIA DE ESTADO DE SAÚDE - SES;FUNDAÇÃO CENTRO DE HEMATOLOGIA E HEMOTERAPIA DE MINAS GERAIS - HEMOMINAS;2213.01.0.1.00.000;7;;ALIENAÇÃO BENS MÓVEIS SEMOVENTES - PRINCIPAL;100000,00
SECRETARIA DE ESTADO DE SAÚDE - SES;FUNDAÇÃO CENTRO DE HEMATOLOGIA E HEMOTERAPIA DE MINAS GERAIS - HEMOMINAS;2213.01.0.1.01.000;8;47;ALIENAÇÃO BENS MÓVEIS SEMOVENTES - PRINC.;100000,00
SECRETARIA DE ESTADO DE SAÚDE - SES;FUNDAÇÃO CENTRO DE HEMATOLOGIA E HEMOTERAPIA DE MINAS GERAIS - HEMOMINAS;2400.00.0.0.00.000;2;;TRANSFERÊNCIAS DE CAPITAL;2497466,00
SECRETARIA DE ESTADO DE SAÚDE - SES;FUNDAÇÃO CENTRO DE HEMATOLOGIA E HEMOTERAPIA DE MINAS GERAIS - HEMOMINAS;2410.00.0.0.00.000;3;;TRANSFERÊNCIAS DA UNIÃO E DE SUAS ENTIDADES;2497466,00
SECRETARIA DE ESTADO DE SAÚDE - SES;FUNDAÇÃO CENTRO DE HEMATOLOGIA E HEMOTERAPIA DE MINAS GERAIS - HEMOMINAS;2414.00.0.0.00.000;4;;TRANSFERÊNCIAS DE CONVÊNIOS DA UNIÃO E DE SUAS ENTIDADES;2497466,00
SECRETARIA DE ESTADO DE SAÚDE - SES;FUNDAÇÃO CENTRO DE HEMATOLOGIA E HEMOTERAPIA DE MINAS GERAIS - HEMOMINAS;2414.50.0.0.00.000;5;;TRANSFERÊNCIAS DE CONVÊNIOS DA UNIÃO PARA O SISTEMA ÚNICO DE SAÚDE - SUS;2497466,00
SECRETARIA DE ESTADO DE SAÚDE - SES;FUNDAÇÃO CENTRO DE HEMATOLOGIA E HEMOTERAPIA DE MINAS GERAIS - HEMOMINAS;2414.50.0.1.00.000;7;;TRANSF. CONVÊNIOS UNIÃO SUS-SAÚDE - PRINCIPAL;2497466,00
SECRETARIA DE ESTADO DE SAÚDE - SES;FUNDAÇÃO CENTRO DE HEMATOLOGIA E HEMOTERAPIA DE MINAS GERAIS - HEMOMINAS;2414.50.0.1.01.000;8;1;SUS-SAÚDE - MINISTÉRIO DA SAÚDE;260310,00
SECRETARIA DE ESTADO DE SAÚDE - SES;FUNDAÇÃO CENTRO DE HEMATOLOGIA E HEMOTERAPIA DE MINAS GERAIS - HEMOMINAS;2414.50.0.1.01.000;8;24;SUS-SAÚDE - MINISTÉRIO DA SAÚDE;2237156,00
SECRETARIA DE ESTADO DE SAÚDE - SES;FUNDAÇÃO CENTRO DE HEMATOLOGIA E HEMOTERAPIA DE MINAS GERAIS - HEMOMINAS;7000.00.0.0.00.000;1;;RECEITA INTRAORÇAMENTÁRIA;487249378,00
SECRETARIA DE ESTADO DE SAÚDE - SES;FUNDAÇÃO CENTRO DE HEMATOLOGIA E HEMOTERAPIA DE MINAS GERAIS - HEMOMINAS;7600.00.0.0.00.000;2;;REC. INTRA. - RECEITA DE SERVIÇOS;60585464,00
SECRETARIA DE ESTADO DE SAÚDE - SES;FUNDAÇÃO CENTRO DE HEMATOLOGIA E HEMOTERAPIA DE MINAS GERAIS - HEMOMINAS;7630.00.0.0.00.000;3;;REC. INTRA. - SERVIÇOS E ATIVIDADES REFERENTES À SAÚDE;60585464,00
SECRETARIA DE ESTADO DE SAÚDE - SES;FUNDAÇÃO CENTRO DE HEMATOLOGIA E HEMOTERAPIA DE MINAS GERAIS - HEMOMINAS;7631.00.0.0.00.000;4;;REC. INTRA. - SERVIÇOS DE ATENDIMENTO À SAÚDE;60585464,00
SECRETARIA DE ESTADO DE SAÚDE - SES;FUNDAÇÃO CENTRO DE HEMATOLOGIA E HEMOTERAPIA DE MINAS GERAIS - HEMOMINAS;7631.99.0.0.00.000;5;;REC. INTRA. - OUTROS SERVIÇOS DE ATENDIMENTO À SAÚDE;60585464,00
SECRETARIA DE ESTADO DE SAÚDE - SES;FUNDAÇÃO CENTRO DE HEMATOLOGIA E HEMOTERAPIA DE MINAS GERAIS - HEMOMINAS;7631.99.0.1.00.000;7;;REC. INTRA. - OUTROS SERV. ATEND. SAÚDE - PRINCIPAL;60580464,00
SECRETARIA DE ESTADO DE SAÚDE - SES;FUNDAÇÃO CENTRO DE HEMATOLOGIA E HEMOTERAPIA DE MINAS GERAIS - HEMOMINAS;7631.99.0.1.03.000;8;60;REC. INTRA. - OUTROS SERV. ATEND. SAÚDE - PRINC. - SERVIÇOS DE SAÚDE PRESTADOS AO SIA/SUS;60340464,00
SECRETARIA DE ESTADO DE SAÚDE - SES;FUNDAÇÃO CENTRO DE HEMATOLOGIA E HEMOTERAPIA DE MINAS GERAIS - HEMOMINAS;7631.99.0.1.04.000;8;60;REC. INTRA. - OUTROS SERV. ATEND. SAÚDE - PRINC. - SERVIÇOS DE SAÚDE PRESTADOS A PARTICULARES;240000,00
SECRETARIA DE ESTADO DE SAÚDE - SES;FUNDAÇÃO CENTRO DE HEMATOLOGIA E HEMOTERAPIA DE MINAS GERAIS - HEMOMINAS;7631.99.0.2.00.000;7;;REC. INTRA. - OUTROS SERV. ATEND. SAÚDE - MULTAS E JUROS DE MORA;5000,00
SECRETARIA DE ESTADO DE SAÚDE - SES;FUNDAÇÃO CENTRO DE HEMATOLOGIA E HEMOTERAPIA DE MINAS GERAIS - HEMOMINAS;7631.99.0.2.04.000;8;60;REC. INTRA. - OUTROS SERV. ATEND. SAÚDE - MJM - SERVIÇOS DE SAÚDE PRESTADOS A PARTICULARES;5000,00
SECRETARIA DE ESTADO DE SAÚDE - SES;FUNDAÇÃO CENTRO DE HEMATOLOGIA E HEMOTERAPIA DE MINAS GERAIS - HEMOMINAS;7700.00.0.0.00.000;2;;REC. INTRA. - TRANSFERÊNCIAS CORRENTES;426663914,00
SECRETARIA DE ESTADO DE SAÚDE - SES;FUNDAÇÃO CENTRO DE HEMATOLOGIA E HEMOTERAPIA DE MINAS GERAIS - HEMOMINAS;7720.00.0.0.00.000;3;;REC. INTRA. - TRANSFERÊNCIAS DOS ESTADOS E DO DISTRITO FEDERAL E DE SUAS ENTIDADES;426663914,00
SECRETARIA DE ESTADO DE SAÚDE - SES;FUNDAÇÃO CENTRO DE HEMATOLOGIA E HEMOTERAPIA DE MINAS GERAIS - HEMOMINAS;7729.00.0.0.00.000;4;;REC. INTRA. - OUTRAS TRANSFERÊNCIAS DOS ESTADOS E DISTRITO FEDERAL;426663914,00
SECRETARIA DE ESTADO DE SAÚDE - SES;FUNDAÇÃO CENTRO DE HEMATOLOGIA E HEMOTERAPIA DE MINAS GERAIS - HEMOMINAS;7729.99.0.0.00.000;5;;REC. INTRA. - OUTRAS TRANSFERÊNCIAS DOS ESTADOS E DF;426663914,00
SECRETARIA DE ESTADO DE SAÚDE - SES;FUNDAÇÃO CENTRO DE HEMATOLOGIA E HEMOTERAPIA DE MINAS GERAIS - HEMOMINAS;7729.99.0.1.00.000;7;;REC. INTRA. - OUTRAS TRANSF. ESTADOS DF - PRINCIPAL;426663914,00
SECRETARIA DE ESTADO DE SAÚDE - SES;FUNDAÇÃO CENTRO DE HEMATOLOGIA E HEMOTERAPIA DE MINAS GERAIS - HEMOMINAS;7729.99.0.1.25.000;8;10;REC. INTRA. - OUTRAS TRANSF. ESTADOS DF - PRINC. - REPASSE DO FUNDO ESTADUAL DE SAÚDE - FES - LC FEDERAL N\degree 141/12;426663914,00
SECRETARIA DE ESTADO DE PLANEJAMENTO E GESTÃO - SEPLAG;INSTITUTO DE METROLOGIA E QUALIDADE DO ESTADO DE MINAS GERAIS - IPEMMG;1000.00.0.0.00.000;1;;RECEITAS CORRENTES;43100000,00
SECRETARIA DE ESTADO DE PLANEJAMENTO E GESTÃO - SEPLAG;INSTITUTO DE METROLOGIA E QUALIDADE DO ESTADO DE MINAS GERAIS - IPEMMG;1300.00.0.0.00.000;2;;RECEITA PATRIMONIAL;330000,00
SECRETARIA DE ESTADO DE PLANEJAMENTO E GESTÃO - SEPLAG;INSTITUTO DE METROLOGIA E QUALIDADE DO ESTADO DE MINAS GERAIS - IPEMMG;1320.00.0.0.00.000;3;;VALORES MOBILIÁRIOS;330000,00
SECRETARIA DE ESTADO DE PLANEJAMENTO E GESTÃO - SEPLAG;INSTITUTO DE METROLOGIA E QUALIDADE DO ESTADO DE MINAS GERAIS - IPEMMG;1321.00.0.0.00.000;4;;JUROS E CORREÇÕES MONETÁRIAS;330000,00
SECRETARIA DE ESTADO DE PLANEJAMENTO E GESTÃO - SEPLAG;INSTITUTO DE METROLOGIA E QUALIDADE DO ESTADO DE MINAS GERAIS - IPEMMG;1321.01.0.0.00.000;5;;REMUNERAÇÃO DE DEPÓSITOS BANCÁRIOS;330000,00
SECRETARIA DE ESTADO DE PLANEJAMENTO E GESTÃO - SEPLAG;INSTITUTO DE METROLOGIA E QUALIDADE DO ESTADO DE MINAS GERAIS - IPEMMG;1321.01.0.1.00.000;7;;REMUNERAÇÃO DEPÓSITOS BANCÁRIOS - PRINCIPAL;330000,00
SECRETARIA DE ESTADO DE PLANEJAMENTO E GESTÃO - SEPLAG;INSTITUTO DE METROLOGIA E QUALIDADE DO ESTADO DE MINAS GERAIS - IPEMMG;1321.01.0.1.01.000;8;73;REMUNERAÇÃO DEPÓSITOS BANCÁRIOS - PRINC.;330000,00
SECRETARIA DE ESTADO DE PLANEJAMENTO E GESTÃO - SEPLAG;INSTITUTO DE METROLOGIA E QUALIDADE DO ESTADO DE MINAS GERAIS - IPEMMG;1700.00.0.0.00.000;2;;TRANSFERÊNCIAS CORRENTES;42750000,00
SECRETARIA DE ESTADO DE PLANEJAMENTO E GESTÃO - SEPLAG;INSTITUTO DE METROLOGIA E QUALIDADE DO ESTADO DE MINAS GERAIS - IPEMMG;1710.00.0.0.00.000;3;;TRANSFERÊNCIAS DA UNIÃO E DE SUAS ENTIDADES;42750000,00
SECRETARIA DE ESTADO DE PLANEJAMENTO E GESTÃO - SEPLAG;INSTITUTO DE METROLOGIA E QUALIDADE DO ESTADO DE MINAS GERAIS - IPEMMG;1717.00.0.0.00.000;4;;TRANSFERÊNCIAS DE CONVÊNIOS DA UNIÃO E DE SUAS ENTIDADES;42750000,00
SECRETARIA DE ESTADO DE PLANEJAMENTO E GESTÃO - SEPLAG;INSTITUTO DE METROLOGIA E QUALIDADE DO ESTADO DE MINAS GERAIS - IPEMMG;1717.99.0.0.00.000;5;;OUTRAS TRANSFERÊNCIAS DE CONVÊNIOS DA UNIÃO E DE SUAS ENTIDADES;42750000,00
SECRETARIA DE ESTADO DE PLANEJAMENTO E GESTÃO - SEPLAG;INSTITUTO DE METROLOGIA E QUALIDADE DO ESTADO DE MINAS GERAIS - IPEMMG;1717.99.0.1.00.000;7;;OUTRAS TRANSF. CONVÊNIOS UNIÃO ENTIDADES - PRINCIPAL;42750000,00
SECRETARIA DE ESTADO DE PLANEJAMENTO E GESTÃO - SEPLAG;INSTITUTO DE METROLOGIA E QUALIDADE DO ESTADO DE MINAS GERAIS - IPEMMG;1717.99.0.1.06.000;8;;OUTRAS TRANSF. CONVÊNIOS UNIÃO ENTIDADES - PRINC. - CIÊNCIA E TECNOLOGIA;42750000,00
SECRETARIA DE ESTADO DE PLANEJAMENTO E GESTÃO - SEPLAG;INSTITUTO DE METROLOGIA E QUALIDADE DO ESTADO DE MINAS GERAIS - IPEMMG;1717.99.0.1.06.001;9;73;CIÊNCIA TECNOLOGIA - INSTITUTO NACIONAL DE METROLOGIA, QUALIDADE E TECNOLOGIA - INMETRO;42750000,00
SECRETARIA DE ESTADO DE PLANEJAMENTO E GESTÃO - SEPLAG;INSTITUTO DE METROLOGIA E QUALIDADE DO ESTADO DE MINAS GERAIS - IPEMMG;1900.00.0.0.00.000;2;;OUTRAS RECEITAS CORRENTES;20000,00
SECRETARIA DE ESTADO DE PLANEJAMENTO E GESTÃO - SEPLAG;INSTITUTO DE METROLOGIA E QUALIDADE DO ESTADO DE MINAS GERAIS - IPEMMG;1920.00.0.0.00.000;3;;INDENIZAÇÕES, RESTITUIÇÕES E RESSARCIMENTOS;20000,00
SECRETARIA DE ESTADO DE PLANEJAMENTO E GESTÃO - SEPLAG;INSTITUTO DE METROLOGIA E QUALIDADE DO ESTADO DE MINAS GERAIS - IPEMMG;1922.00.0.0.00.000;4;;RESTITUIÇÕES;20000,00
SECRETARIA DE ESTADO DE PLANEJAMENTO E GESTÃO - SEPLAG;INSTITUTO DE METROLOGIA E QUALIDADE DO ESTADO DE MINAS GERAIS - IPEMMG;1922.52.0.0.00.000;5;;RESTITUIÇÃO DE REMUNERAÇÃO DE FOLHA DE PAGAMENTO - PESSOAL ATIVO;10000,00
SECRETARIA DE ESTADO DE PLANEJAMENTO E GESTÃO - SEPLAG;INSTITUTO DE METROLOGIA E QUALIDADE DO ESTADO DE MINAS GERAIS - IPEMMG;1922.52.0.1.00.000;7;;RESTITUIÇÃO REMUNERAÇÃO FOLHA PAGAMENTO - PESSOAL ATIVO - PRINCIPAL;10000,00
SECRETARIA DE ESTADO DE PLANEJAMENTO E GESTÃO - SEPLAG;INSTITUTO DE METROLOGIA E QUALIDADE DO ESTADO DE MINAS GERAIS - IPEMMG;1922.52.0.1.01.000;8;73;RESTITUIÇÃO REMUNERAÇÃO FOLHA PAGAMENTO - PESSOAL ATIVO - PRINC.;10000,00
SECRETARIA DE ESTADO DE PLANEJAMENTO E GESTÃO - SEPLAG;INSTITUTO DE METROLOGIA E QUALIDADE DO ESTADO DE MINAS GERAIS - IPEMMG;1922.99.0.0.00.000;5;;OUTRAS RESTITUIÇÕES;10000,00
SECRETARIA DE ESTADO DE PLANEJAMENTO E GESTÃO - SEPLAG;INSTITUTO DE METROLOGIA E QUALIDADE DO ESTADO DE MINAS GERAIS - IPEMMG;1922.99.0.1.00.000;7;;OUTRAS RESTITUIÇÕES - PRINCIPAL;10000,00
SECRETARIA DE ESTADO DE PLANEJAMENTO E GESTÃO - SEPLAG;INSTITUTO DE METROLOGIA E QUALIDADE DO ESTADO DE MINAS GERAIS - IPEMMG;1922.99.0.1.99.000;8;73;OUTRAS RESTITUIÇÕES - PRINC. - DEMAIS;10000,00
SECRETARIA DE ESTADO DE PLANEJAMENTO E GESTÃO - SEPLAG;INSTITUTO DE METROLOGIA E QUALIDADE DO ESTADO DE MINAS GERAIS - IPEMMG;2000.00.0.0.00.000;1;;RECEITAS DE CAPITAL;1150000,00
SECRETARIA DE ESTADO DE PLANEJAMENTO E GESTÃO - SEPLAG;INSTITUTO DE METROLOGIA E QUALIDADE DO ESTADO DE MINAS GERAIS - IPEMMG;2400.00.0.0.00.000;2;;TRANSFERÊNCIAS DE CAPITAL;1150000,00
SECRETARIA DE ESTADO DE PLANEJAMENTO E GESTÃO - SEPLAG;INSTITUTO DE METROLOGIA E QUALIDADE DO ESTADO DE MINAS GERAIS - IPEMMG;2410.00.0.0.00.000;3;;TRANSFERÊNCIAS DA UNIÃO E DE SUAS ENTIDADES;1150000,00
SECRETARIA DE ESTADO DE PLANEJAMENTO E GESTÃO - SEPLAG;INSTITUTO DE METROLOGIA E QUALIDADE DO ESTADO DE MINAS GERAIS - IPEMMG;2414.00.0.0.00.000;4;;TRANSFERÊNCIAS DE CONVÊNIOS DA UNIÃO E DE SUAS ENTIDADES;1150000,00
SECRETARIA DE ESTADO DE PLANEJAMENTO E GESTÃO - SEPLAG;INSTITUTO DE METROLOGIA E QUALIDADE DO ESTADO DE MINAS GERAIS - IPEMMG;2414.99.0.0.00.000;5;;OUTRAS TRANSFERÊNCIAS DE CONVÊNIOS DA UNIÃO E DE SUAS ENTIDADES;1150000,00
SECRETARIA DE ESTADO DE PLANEJAMENTO E GESTÃO - SEPLAG;INSTITUTO DE METROLOGIA E QUALIDADE DO ESTADO DE MINAS GERAIS - IPEMMG;2414.99.0.1.00.000;7;;OUTRAS TRANSF. CONVÊNIOS UNIÃO - PRINCIPAL;1150000,00
SECRETARIA DE ESTADO DE PLANEJAMENTO E GESTÃO - SEPLAG;INSTITUTO DE METROLOGIA E QUALIDADE DO ESTADO DE MINAS GERAIS - IPEMMG;2414.99.0.1.08.000;8;;OUTRAS TRANSF. CONVÊNIOS UNIÃO - PRINC. - CIÊNCIA E TECNOLOGIA;1150000,00
SECRETARIA DE ESTADO DE PLANEJAMENTO E GESTÃO - SEPLAG;INSTITUTO DE METROLOGIA E QUALIDADE DO ESTADO DE MINAS GERAIS - IPEMMG;2414.99.0.1.08.001;9;73;CIÊNCIA TECNOLOGIA - INSTITUTO NACIONAL DE METROLOGIA, QUALIDADE E TECNOLOGIA - INMETRO;1150000,00
SECRETARIA DE ESTADO DE EDUCAÇÃO - SEE;UNIVERSIDADE DO ESTADO DE MINAS GERAIS - UEMG;1000.00.0.0.00.000;1;;RECEITAS CORRENTES;4358610,00
SECRETARIA DE ESTADO DE EDUCAÇÃO - SEE;UNIVERSIDADE DO ESTADO DE MINAS GERAIS - UEMG;1300.00.0.0.00.000;2;;RECEITA PATRIMONIAL;243000,00
SECRETARIA DE ESTADO DE EDUCAÇÃO - SEE;UNIVERSIDADE DO ESTADO DE MINAS GERAIS - UEMG;1310.00.0.0.00.000;3;;EXPLORAÇÃO DO PATRIMÔNIO IMOBILIÁRIO DO ESTADO;200000,00
SECRETARIA DE ESTADO DE EDUCAÇÃO - SEE;UNIVERSIDADE DO ESTADO DE MINAS GERAIS - UEMG;1311.00.0.0.00.000;4;;EXPLORAÇÃO DO PATRIMÔNIO IMOBILIÁRIO DO ESTADO;200000,00
SECRETARIA DE ESTADO DE EDUCAÇÃO - SEE;UNIVERSIDADE DO ESTADO DE MINAS GERAIS - UEMG;1311.01.0.0.00.000;5;;ALUGUÉIS, ARRENDAMENTOS, FOROS, LAUDÊMIOS, TARIFAS DE OCUPAÇÃO;200000,00
SECRETARIA DE ESTADO DE EDUCAÇÃO - SEE;UNIVERSIDADE DO ESTADO DE MINAS GERAIS - UEMG;1311.01.1.0.00.000;6;;ALUGUÉIS E ARRENDAMENTOS;200000,00
SECRETARIA DE ESTADO DE EDUCAÇÃO - SEE;UNIVERSIDADE DO ESTADO DE MINAS GERAIS - UEMG;1311.01.1.1.00.000;7;;ALUGUÉIS ARRENDAMENTOS - PRINCIPAL;200000,00
SECRETARIA DE ESTADO DE EDUCAÇÃO - SEE;UNIVERSIDADE DO ESTADO DE MINAS GERAIS - UEMG;1311.01.1.1.02.000;8;60;ALUGUÉIS ARRENDAMENTOS - PRINC. - ARRENDAMENTOS;200000,00
SECRETARIA DE ESTADO DE EDUCAÇÃO - SEE;UNIVERSIDADE DO ESTADO DE MINAS GERAIS - UEMG;1320.00.0.0.00.000;3;;VALORES MOBILIÁRIOS;43000,00
SECRETARIA DE ESTADO DE EDUCAÇÃO - SEE;UNIVERSIDADE DO ESTADO DE MINAS GERAIS - UEMG;1321.00.0.0.00.000;4;;JUROS E CORREÇÕES MONETÁRIAS;3000,00
SECRETARIA DE ESTADO DE EDUCAÇÃO - SEE;UNIVERSIDADE DO ESTADO DE MINAS GERAIS - UEMG;1321.01.0.0.00.000;5;;REMUNERAÇÃO DE DEPÓSITOS BANCÁRIOS;3000,00
SECRETARIA DE ESTADO DE EDUCAÇÃO - SEE;UNIVERSIDADE DO ESTADO DE MINAS GERAIS - UEMG;1321.01.0.1.00.000;7;;REMUNERAÇÃO DEPÓSITOS BANCÁRIOS - PRINCIPAL;3000,00
SECRETARIA DE ESTADO DE EDUCAÇÃO - SEE;UNIVERSIDADE DO ESTADO DE MINAS GERAIS - UEMG;1321.01.0.1.01.000;8;1;REMUNERAÇÃO DEPÓSITOS BANCÁRIOS - PRINC.;1000,00
SECRETARIA DE ESTADO DE EDUCAÇÃO - SEE;UNIVERSIDADE DO ESTADO DE MINAS GERAIS - UEMG;1321.01.0.1.01.000;8;24;REMUNERAÇÃO DEPÓSITOS BANCÁRIOS - PRINC.;1000,00
SECRETARIA DE ESTADO DE EDUCAÇÃO - SEE;UNIVERSIDADE DO ESTADO DE MINAS GERAIS - UEMG;1321.01.0.1.01.000;8;68;REMUNERAÇÃO DEPÓSITOS BANCÁRIOS - PRINC.;1000,00
SECRETARIA DE ESTADO DE EDUCAÇÃO - SEE;UNIVERSIDADE DO ESTADO DE MINAS GERAIS - UEMG;1322.00.0.0.00.000;4;;DIVIDENDOS;40000,00
SECRETARIA DE ESTADO DE EDUCAÇÃO - SEE;UNIVERSIDADE DO ESTADO DE MINAS GERAIS - UEMG;1322.01.0.0.00.000;5;;DIVIDENDOS;40000,00
SECRETARIA DE ESTADO DE EDUCAÇÃO - SEE;UNIVERSIDADE DO ESTADO DE MINAS GERAIS - UEMG;1322.01.0.1.00.000;7;;DIVIDENDOS - PRINCIPAL;40000,00
SECRETARIA DE ESTADO DE EDUCAÇÃO - SEE;UNIVERSIDADE DO ESTADO DE MINAS GERAIS - UEMG;1322.01.0.1.02.000;8;60;DIVIDENDOS - PRINC. - EMPRESAS NÃO ESTATAIS;40000,00
SECRETARIA DE ESTADO DE EDUCAÇÃO - SEE;UNIVERSIDADE DO ESTADO DE MINAS GERAIS - UEMG;1600.00.0.0.00.000;2;;RECEITA DE SERVIÇOS;800000,00
SECRETARIA DE ESTADO DE EDUCAÇÃO - SEE;UNIVERSIDADE DO ESTADO DE MINAS GERAIS - UEMG;1610.00.0.0.00.000;3;;SERVIÇOS ADMINISTRATIVOS E COMERCIAIS GERAIS;800000,00
SECRETARIA DE ESTADO DE EDUCAÇÃO - SEE;UNIVERSIDADE DO ESTADO DE MINAS GERAIS - UEMG;1611.00.0.0.00.000;4;;SERVIÇOS ADMINISTRATIVOS E COMERCIAIS GERAIS;800000,00
SECRETARIA DE ESTADO DE EDUCAÇÃO - SEE;UNIVERSIDADE DO ESTADO DE MINAS GERAIS - UEMG;1611.01.0.0.00.000;5;;SERVIÇOS ADMINISTRATIVOS E COMERCIAIS GERAIS;200000,00
SECRETARIA DE ESTADO DE EDUCAÇÃO - SEE;UNIVERSIDADE DO ESTADO DE MINAS GERAIS - UEMG;1611.01.0.1.00.000;7;;SERVIÇOS ADM. COMERC. GER. - PRINCIPAL;200000,00
SECRETARIA DE ESTADO DE EDUCAÇÃO - SEE;UNIVERSIDADE DO ESTADO DE MINAS GERAIS - UEMG;1611.01.0.1.24.000;8;60;SERVIÇOS ADM. COMERC. GER. - PRINC. - EDUCACIONAIS E CAPACITAÇÃO;200000,00
SECRETARIA DE ESTADO DE EDUCAÇÃO - SEE;UNIVERSIDADE DO ESTADO DE MINAS GERAIS - UEMG;1611.02.0.0.00.000;5;;INSCRIÇÃO EM CONCURSOS E PROCESSOS SELETIVOS;600000,00
SECRETARIA DE ESTADO DE EDUCAÇÃO - SEE;UNIVERSIDADE DO ESTADO DE MINAS GERAIS - UEMG;1611.02.0.1.00.000;7;;INSCRIÇÃO CONCURSOS PROCESSOS SELETIVOS - PRINCIPAL;600000,00
SECRETARIA DE ESTADO DE EDUCAÇÃO - SEE;UNIVERSIDADE DO ESTADO DE MINAS GERAIS - UEMG;1611.02.0.1.01.000;8;60;INSCRIÇÃO CONCURSOS PROCESSOS SELETIVOS - PRINC.;600000,00
SECRETARIA DE ESTADO DE EDUCAÇÃO - SEE;UNIVERSIDADE DO ESTADO DE MINAS GERAIS - UEMG;1700.00.0.0.00.000;2;;TRANSFERÊNCIAS CORRENTES;3212610,00
SECRETARIA DE ESTADO DE EDUCAÇÃO - SEE;UNIVERSIDADE DO ESTADO DE MINAS GERAIS - UEMG;1710.00.0.0.00.000;3;;TRANSFERÊNCIAS DA UNIÃO E DE SUAS ENTIDADES;3212610,00
SECRETARIA DE ESTADO DE EDUCAÇÃO - SEE;UNIVERSIDADE DO ESTADO DE MINAS GERAIS - UEMG;1717.00.0.0.00.000;4;;TRANSFERÊNCIAS DE CONVÊNIOS DA UNIÃO E DE SUAS ENTIDADES;3212610,00
SECRETARIA DE ESTADO DE EDUCAÇÃO - SEE;UNIVERSIDADE DO ESTADO DE MINAS GERAIS - UEMG;1717.51.0.0.00.000;5;;TRANSFERÊNCIAS DE CONVÊNIOS DA UNIÃO DESTINADAS A PROGRAMAS DE EDUCAÇÃO;3212610,00
SECRETARIA DE ESTADO DE EDUCAÇÃO - SEE;UNIVERSIDADE DO ESTADO DE MINAS GERAIS - UEMG;1717.51.0.1.00.000;7;;TRANSF. CONVÊNIOS UNIÃO EDUCAÇÃO - PRINCIPAL;3212610,00
SECRETARIA DE ESTADO DE EDUCAÇÃO - SEE;UNIVERSIDADE DO ESTADO DE MINAS GERAIS - UEMG;1717.51.0.1.04.000;8;24;EDUCAÇÃO - COORDENAÇÃO DE APERFEIÇOAMENTO DE PESSOAL DE NÍVEL SUPERIOR - CAPES;2843318,00
SECRETARIA DE ESTADO DE EDUCAÇÃO - SEE;UNIVERSIDADE DO ESTADO DE MINAS GERAIS - UEMG;1717.51.0.1.08.000;8;1;EDUCAÇÃO - MINISTÉRIO DA EDUCAÇÃO;369292,00
SECRETARIA DE ESTADO DE EDUCAÇÃO - SEE;UNIVERSIDADE DO ESTADO DE MINAS GERAIS - UEMG;1900.00.0.0.00.000;2;;OUTRAS RECEITAS CORRENTES;103000,00
SECRETARIA DE ESTADO DE EDUCAÇÃO - SEE;UNIVERSIDADE DO ESTADO DE MINAS GERAIS - UEMG;1920.00.0.0.00.000;3;;INDENIZAÇÕES, RESTITUIÇÕES E RESSARCIMENTOS;103000,00
SECRETARIA DE ESTADO DE EDUCAÇÃO - SEE;UNIVERSIDADE DO ESTADO DE MINAS GERAIS - UEMG;1922.00.0.0.00.000;4;;RESTITUIÇÕES;103000,00
SECRETARIA DE ESTADO DE EDUCAÇÃO - SEE;UNIVERSIDADE DO ESTADO DE MINAS GERAIS - UEMG;1922.99.0.0.00.000;5;;OUTRAS RESTITUIÇÕES;103000,00
SECRETARIA DE ESTADO DE EDUCAÇÃO - SEE;UNIVERSIDADE DO ESTADO DE MINAS GERAIS - UEMG;1922.99.0.1.00.000;7;;OUTRAS RESTITUIÇÕES - PRINCIPAL;103000,00
SECRETARIA DE ESTADO DE EDUCAÇÃO - SEE;UNIVERSIDADE DO ESTADO DE MINAS GERAIS - UEMG;1922.99.0.1.99.000;8;1;OUTRAS RESTITUIÇÕES - PRINC. - DEMAIS;1000,00
SECRETARIA DE ESTADO DE EDUCAÇÃO - SEE;UNIVERSIDADE DO ESTADO DE MINAS GERAIS - UEMG;1922.99.0.1.99.000;8;24;OUTRAS RESTITUIÇÕES - PRINC. - DEMAIS;1000,00
SECRETARIA DE ESTADO DE EDUCAÇÃO - SEE;UNIVERSIDADE DO ESTADO DE MINAS GERAIS - UEMG;1922.99.0.1.99.000;8;60;OUTRAS RESTITUIÇÕES - PRINC. - DEMAIS;100000,00
SECRETARIA DE ESTADO DE EDUCAÇÃO - SEE;UNIVERSIDADE DO ESTADO DE MINAS GERAIS - UEMG;1922.99.0.1.99.000;8;68;OUTRAS RESTITUIÇÕES - PRINC. - DEMAIS;1000,00
SECRETARIA DE ESTADO DE EDUCAÇÃO - SEE;UNIVERSIDADE DO ESTADO DE MINAS GERAIS - UEMG;2000.00.0.0.00.000;1;;RECEITAS DE CAPITAL;895119,00
SECRETARIA DE ESTADO DE EDUCAÇÃO - SEE;UNIVERSIDADE DO ESTADO DE MINAS GERAIS - UEMG;2200.00.0.0.00.000;2;;ALIENAÇÃO DE BENS;10000,00
SECRETARIA DE ESTADO DE EDUCAÇÃO - SEE;UNIVERSIDADE DO ESTADO DE MINAS GERAIS - UEMG;2210.00.0.0.00.000;3;;ALIENAÇÃO DE BENS MÓVEIS;10000,00
SECRETARIA DE ESTADO DE EDUCAÇÃO - SEE;UNIVERSIDADE DO ESTADO DE MINAS GERAIS - UEMG;2213.00.0.0.00.000;4;;ALIENAÇÃO DE BENS MÓVEIS E SEMOVENTES;10000,00
SECRETARIA DE ESTADO DE EDUCAÇÃO - SEE;UNIVERSIDADE DO ESTADO DE MINAS GERAIS - UEMG;2213.01.0.0.00.000;5;;ALIENAÇÃO DE BENS MÓVEIS E SEMOVENTES;10000,00
SECRETARIA DE ESTADO DE EDUCAÇÃO - SEE;UNIVERSIDADE DO ESTADO DE MINAS GERAIS - UEMG;2213.01.0.1.00.000;7;;ALIENAÇÃO BENS MÓVEIS SEMOVENTES - PRINCIPAL;10000,00
SECRETARIA DE ESTADO DE EDUCAÇÃO - SEE;UNIVERSIDADE DO ESTADO DE MINAS GERAIS - UEMG;2213.01.0.1.01.000;8;60;ALIENAÇÃO BENS MÓVEIS SEMOVENTES - PRINC.;10000,00
SECRETARIA DE ESTADO DE EDUCAÇÃO - SEE;UNIVERSIDADE DO ESTADO DE MINAS GERAIS - UEMG;2400.00.0.0.00.000;2;;TRANSFERÊNCIAS DE CAPITAL;885119,00
SECRETARIA DE ESTADO DE EDUCAÇÃO - SEE;UNIVERSIDADE DO ESTADO DE MINAS GERAIS - UEMG;2410.00.0.0.00.000;3;;TRANSFERÊNCIAS DA UNIÃO E DE SUAS ENTIDADES;885119,00
SECRETARIA DE ESTADO DE EDUCAÇÃO - SEE;UNIVERSIDADE DO ESTADO DE MINAS GERAIS - UEMG;2412.00.0.0.00.000;4;;TRANSFERÊNCIAS DE RECURSOS DO FUNDO NACIONAL DO DESENVOLVIMENTO DA EDUCAÇÃO - FNDE;789394,00
SECRETARIA DE ESTADO DE EDUCAÇÃO - SEE;UNIVERSIDADE DO ESTADO DE MINAS GERAIS - UEMG;2412.50.0.0.00.000;5;;TRANSFERÊNCIAS DE RECURSOS DESTINADOS A PROGRAMAS DE EDUCAÇÃO;789394,00
SECRETARIA DE ESTADO DE EDUCAÇÃO - SEE;UNIVERSIDADE DO ESTADO DE MINAS GERAIS - UEMG;2412.50.9.0.00.000;6;;OUTRAS TRANSFERÊNCIAS DESTINADAS A PROGRAMAS DE EDUCAÇÃO;789394,00
SECRETARIA DE ESTADO DE EDUCAÇÃO - SEE;UNIVERSIDADE DO ESTADO DE MINAS GERAIS - UEMG;2412.50.9.1.00.000;7;;OUTRAS TRANSF. EDUCAÇÃO - PRINCIPAL;789394,00
SECRETARIA DE ESTADO DE EDUCAÇÃO - SEE;UNIVERSIDADE DO ESTADO DE MINAS GERAIS - UEMG;2412.50.9.1.03.000;8;3;EDUCAÇÃO - FNDE - AQUISIÇÃO DE EQUIPAMENTOS DE MATERIAL PERMANENTE;139394,00
SECRETARIA DE ESTADO DE EDUCAÇÃO - SEE;UNIVERSIDADE DO ESTADO DE MINAS GERAIS - UEMG;2412.50.9.1.03.000;8;36;EDUCAÇÃO - FNDE - AQUISIÇÃO DE EQUIPAMENTOS DE MATERIAL PERMANENTE;400000,00
SECRETARIA DE ESTADO DE EDUCAÇÃO - SEE;UNIVERSIDADE DO ESTADO DE MINAS GERAIS - UEMG;2412.50.9.1.99.000;8;3;EDUCAÇÃO - FNDE - DEMAIS;250000,00
SECRETARIA DE ESTADO DE EDUCAÇÃO - SEE;UNIVERSIDADE DO ESTADO DE MINAS GERAIS - UEMG;2414.00.0.0.00.000;4;;TRANSFERÊNCIAS DE CONVÊNIOS DA UNIÃO E DE SUAS ENTIDADES;95725,00
SECRETARIA DE ESTADO DE EDUCAÇÃO - SEE;UNIVERSIDADE DO ESTADO DE MINAS GERAIS - UEMG;2414.51.0.0.00.000;5;;TRANSFERÊNCIAS DE CONVÊNIOS DA UNIÃO DESTINADAS A PROGRAMAS DE EDUCAÇÃO;95725,00
SECRETARIA DE ESTADO DE EDUCAÇÃO - SEE;UNIVERSIDADE DO ESTADO DE MINAS GERAIS - UEMG;2414.51.0.1.00.000;7;;TRANSF. CONVÊNIOS UNIÃO EDUCAÇÃO - PRINCIPAL;95725,00
SECRETARIA DE ESTADO DE EDUCAÇÃO - SEE;UNIVERSIDADE DO ESTADO DE MINAS GERAIS - UEMG;2414.51.0.1.03.000;8;1;EDUCAÇÃO - MINISTÉRIO DA EDUCAÇÃO;95725,00
ASSEMBLEIA LEGISLATIVA DO ESTADO DE MINAS GERAIS - ALMG;INSTITUTO DE PREVIDÊNCIA DO LEGISLATIVO DO ESTADO DE MINAS GERAIS - IPLEMG;1000.00.0.0.00.000;1;;RECEITAS CORRENTES;62477500,00
ASSEMBLEIA LEGISLATIVA DO ESTADO DE MINAS GERAIS - ALMG;INSTITUTO DE PREVIDÊNCIA DO LEGISLATIVO DO ESTADO DE MINAS GERAIS - IPLEMG;1200.00.0.0.00.000;2;;CONTRIBUIÇÕES;7691000,00
ASSEMBLEIA LEGISLATIVA DO ESTADO DE MINAS GERAIS - ALMG;INSTITUTO DE PREVIDÊNCIA DO LEGISLATIVO DO ESTADO DE MINAS GERAIS - IPLEMG;1210.00.0.0.00.000;3;;CONTRIBUIÇÕES SOCIAIS;7691000,00
ASSEMBLEIA LEGISLATIVA DO ESTADO DE MINAS GERAIS - ALMG;INSTITUTO DE PREVIDÊNCIA DO LEGISLATIVO DO ESTADO DE MINAS GERAIS - IPLEMG;1219.00.0.0.00.000;4;;OUTRAS CONTRIBUIÇÕES SOCIAIS;7691000,00
ASSEMBLEIA LEGISLATIVA DO ESTADO DE MINAS GERAIS - ALMG;INSTITUTO DE PREVIDÊNCIA DO LEGISLATIVO DO ESTADO DE MINAS GERAIS - IPLEMG;1219.99.0.0.00.000;5;;DEMAIS CONTRIBUIÇÕES SOCIAIS;7691000,00
ASSEMBLEIA LEGISLATIVA DO ESTADO DE MINAS GERAIS - ALMG;INSTITUTO DE PREVIDÊNCIA DO LEGISLATIVO DO ESTADO DE MINAS GERAIS - IPLEMG;1219.99.1.0.00.000;6;;DEMAIS CONTRIBUIÇÕES SOCIAIS NÃO ARRECADADAS E NÃO PROJETADAS PELA RFB;7691000,00
ASSEMBLEIA LEGISLATIVA DO ESTADO DE MINAS GERAIS - ALMG;INSTITUTO DE PREVIDÊNCIA DO LEGISLATIVO DO ESTADO DE MINAS GERAIS - IPLEMG;1219.99.1.1.00.000;7;;DEMAIS CONTRIB. SOC. - PRINCIPAL;7691000,00
ASSEMBLEIA LEGISLATIVA DO ESTADO DE MINAS GERAIS - ALMG;INSTITUTO DE PREVIDÊNCIA DO LEGISLATIVO DO ESTADO DE MINAS GERAIS - IPLEMG;1219.99.1.1.01.000;8;;DEMAIS CONTRIB. SOC. - PRINC. - CONTRIB. PATRONAL DO CIVIL PARA A SAÚDE;1457500,00
ASSEMBLEIA LEGISLATIVA DO ESTADO DE MINAS GERAIS - ALMG;INSTITUTO DE PREVIDÊNCIA DO LEGISLATIVO DO ESTADO DE MINAS GERAIS - IPLEMG;1219.99.1.1.01.001;9;60;DEMAIS CONTRIB. SOC. - PRINC. - CONTRIB. PATRON. CIVIL SAÚDE - SERVIDOR ATIVO;1457500,00
ASSEMBLEIA LEGISLATIVA DO ESTADO DE MINAS GERAIS - ALMG;INSTITUTO DE PREVIDÊNCIA DO LEGISLATIVO DO ESTADO DE MINAS GERAIS - IPLEMG;1219.99.1.1.04.000;8;;DEMAIS CONTRIB. SOC. - PRINC. - INSTITUTO DE PREVIDÊNCIA DO LEGISLATIVO DO ESTADO DE MINAS GERAIS - IPLEMG;6233500,00
ASSEMBLEIA LEGISLATIVA DO ESTADO DE MINAS GERAIS - ALMG;INSTITUTO DE PREVIDÊNCIA DO LEGISLATIVO DO ESTADO DE MINAS GERAIS - IPLEMG;1219.99.1.1.04.002;9;60;DEMAIS CONTRIB. SOC. - PRINC. - IPLEMG - CONTRIB. DO SEGURADO - INATIVO;2572500,00
ASSEMBLEIA LEGISLATIVA DO ESTADO DE MINAS GERAIS - ALMG;INSTITUTO DE PREVIDÊNCIA DO LEGISLATIVO DO ESTADO DE MINAS GERAIS - IPLEMG;1219.99.1.1.04.003;9;60;DEMAIS CONTRIB. SOC. - PRINC. - IPLEMG - CONTRIB. DO SEGURADO - PENSIONISTA;2275000,00
ASSEMBLEIA LEGISLATIVA DO ESTADO DE MINAS GERAIS - ALMG;INSTITUTO DE PREVIDÊNCIA DO LEGISLATIVO DO ESTADO DE MINAS GERAIS - IPLEMG;1219.99.1.1.04.052;9;60;DEMAIS CONTRIB. SOC. - PRINC. - IPLEMG - CONTRIB. PATRONAL - EXERCENTE DE MANDATO ELETIVO FEDERAL OU MUNICIPAL;1386000,00
ASSEMBLEIA LEGISLATIVA DO ESTADO DE MINAS GERAIS - ALMG;INSTITUTO DE PREVIDÊNCIA DO LEGISLATIVO DO ESTADO DE MINAS GERAIS - IPLEMG;1300.00.0.0.00.000;2;;RECEITA PATRIMONIAL;49070750,00
ASSEMBLEIA LEGISLATIVA DO ESTADO DE MINAS GERAIS - ALMG;INSTITUTO DE PREVIDÊNCIA DO LEGISLATIVO DO ESTADO DE MINAS GERAIS - IPLEMG;1310.00.0.0.00.000;3;;EXPLORAÇÃO DO PATRIMÔNIO IMOBILIÁRIO DO ESTADO;52500,00
ASSEMBLEIA LEGISLATIVA DO ESTADO DE MINAS GERAIS - ALMG;INSTITUTO DE PREVIDÊNCIA DO LEGISLATIVO DO ESTADO DE MINAS GERAIS - IPLEMG;1311.00.0.0.00.000;4;;EXPLORAÇÃO DO PATRIMÔNIO IMOBILIÁRIO DO ESTADO;52500,00
ASSEMBLEIA LEGISLATIVA DO ESTADO DE MINAS GERAIS - ALMG;INSTITUTO DE PREVIDÊNCIA DO LEGISLATIVO DO ESTADO DE MINAS GERAIS - IPLEMG;1311.01.0.0.00.000;5;;ALUGUÉIS, ARRENDAMENTOS, FOROS, LAUDÊMIOS, TARIFAS DE OCUPAÇÃO;52500,00
ASSEMBLEIA LEGISLATIVA DO ESTADO DE MINAS GERAIS - ALMG;INSTITUTO DE PREVIDÊNCIA DO LEGISLATIVO DO ESTADO DE MINAS GERAIS - IPLEMG;1311.01.1.0.00.000;6;;ALUGUÉIS E ARRENDAMENTOS;52500,00
ASSEMBLEIA LEGISLATIVA DO ESTADO DE MINAS GERAIS - ALMG;INSTITUTO DE PREVIDÊNCIA DO LEGISLATIVO DO ESTADO DE MINAS GERAIS - IPLEMG;1311.01.1.1.00.000;7;;ALUGUÉIS ARRENDAMENTOS - PRINCIPAL;52500,00
ASSEMBLEIA LEGISLATIVA DO ESTADO DE MINAS GERAIS - ALMG;INSTITUTO DE PREVIDÊNCIA DO LEGISLATIVO DO ESTADO DE MINAS GERAIS - IPLEMG;1311.01.1.1.01.000;8;60;ALUGUÉIS ARRENDAMENTOS - PRINC. - ALUGUÉIS;52500,00
ASSEMBLEIA LEGISLATIVA DO ESTADO DE MINAS GERAIS - ALMG;INSTITUTO DE PREVIDÊNCIA DO LEGISLATIVO DO ESTADO DE MINAS GERAIS - IPLEMG;1320.00.0.0.00.000;3;;VALORES MOBILIÁRIOS;49018250,00
ASSEMBLEIA LEGISLATIVA DO ESTADO DE MINAS GERAIS - ALMG;INSTITUTO DE PREVIDÊNCIA DO LEGISLATIVO DO ESTADO DE MINAS GERAIS - IPLEMG;1321.00.0.0.00.000;4;;JUROS E CORREÇÕES MONETÁRIAS;48992000,00
ASSEMBLEIA LEGISLATIVA DO ESTADO DE MINAS GERAIS - ALMG;INSTITUTO DE PREVIDÊNCIA DO LEGISLATIVO DO ESTADO DE MINAS GERAIS - IPLEMG;1321.01.0.0.00.000;5;;REMUNERAÇÃO DE DEPÓSITOS BANCÁRIOS;48992000,00
ASSEMBLEIA LEGISLATIVA DO ESTADO DE MINAS GERAIS - ALMG;INSTITUTO DE PREVIDÊNCIA DO LEGISLATIVO DO ESTADO DE MINAS GERAIS - IPLEMG;1321.01.0.1.00.000;7;;REMUNERAÇÃO DEPÓSITOS BANCÁRIOS - PRINCIPAL;48992000,00
ASSEMBLEIA LEGISLATIVA DO ESTADO DE MINAS GERAIS - ALMG;INSTITUTO DE PREVIDÊNCIA DO LEGISLATIVO DO ESTADO DE MINAS GERAIS - IPLEMG;1321.01.0.1.01.000;8;60;REMUNERAÇÃO DEPÓSITOS BANCÁRIOS - PRINC.;48992000,00
ASSEMBLEIA LEGISLATIVA DO ESTADO DE MINAS GERAIS - ALMG;INSTITUTO DE PREVIDÊNCIA DO LEGISLATIVO DO ESTADO DE MINAS GERAIS - IPLEMG;1322.00.0.0.00.000;4;;DIVIDENDOS;26250,00
ASSEMBLEIA LEGISLATIVA DO ESTADO DE MINAS GERAIS - ALMG;INSTITUTO DE PREVIDÊNCIA DO LEGISLATIVO DO ESTADO DE MINAS GERAIS - IPLEMG;1322.01.0.0.00.000;5;;DIVIDENDOS;26250,00
ASSEMBLEIA LEGISLATIVA DO ESTADO DE MINAS GERAIS - ALMG;INSTITUTO DE PREVIDÊNCIA DO LEGISLATIVO DO ESTADO DE MINAS GERAIS - IPLEMG;1322.01.0.1.00.000;7;;DIVIDENDOS - PRINCIPAL;26250,00
ASSEMBLEIA LEGISLATIVA DO ESTADO DE MINAS GERAIS - ALMG;INSTITUTO DE PREVIDÊNCIA DO LEGISLATIVO DO ESTADO DE MINAS GERAIS - IPLEMG;1322.01.0.1.02.000;8;60;DIVIDENDOS - PRINC. - EMPRESAS NÃO ESTATAIS;26250,00
ASSEMBLEIA LEGISLATIVA DO ESTADO DE MINAS GERAIS - ALMG;INSTITUTO DE PREVIDÊNCIA DO LEGISLATIVO DO ESTADO DE MINAS GERAIS - IPLEMG;1600.00.0.0.00.000;2;;RECEITA DE SERVIÇOS;1379250,00
ASSEMBLEIA LEGISLATIVA DO ESTADO DE MINAS GERAIS - ALMG;INSTITUTO DE PREVIDÊNCIA DO LEGISLATIVO DO ESTADO DE MINAS GERAIS - IPLEMG;1640.00.0.0.00.000;3;;SERVIÇOS E ATIVIDADES FINANCEIRAS;1379250,00
ASSEMBLEIA LEGISLATIVA DO ESTADO DE MINAS GERAIS - ALMG;INSTITUTO DE PREVIDÊNCIA DO LEGISLATIVO DO ESTADO DE MINAS GERAIS - IPLEMG;1641.00.0.0.00.000;4;;SERVIÇOS E ATIVIDADES FINANCEIRAS;1379250,00
ASSEMBLEIA LEGISLATIVA DO ESTADO DE MINAS GERAIS - ALMG;INSTITUTO DE PREVIDÊNCIA DO LEGISLATIVO DO ESTADO DE MINAS GERAIS - IPLEMG;1641.01.0.0.00.000;5;;RETORNO DE OPERAÇÕES, JUROS E ENCARGOS FINANCEIROS;1379250,00
ASSEMBLEIA LEGISLATIVA DO ESTADO DE MINAS GERAIS - ALMG;INSTITUTO DE PREVIDÊNCIA DO LEGISLATIVO DO ESTADO DE MINAS GERAIS - IPLEMG;1641.01.0.1.00.000;7;;RETORNO OPER. JUROS ENCARG. FINANCEIROS - PRINCIPAL;1379250,00
ASSEMBLEIA LEGISLATIVA DO ESTADO DE MINAS GERAIS - ALMG;INSTITUTO DE PREVIDÊNCIA DO LEGISLATIVO DO ESTADO DE MINAS GERAIS - IPLEMG;1641.01.0.1.01.000;8;60;RETORNO OPER. JUROS ENCARG. FINANCEIROS - PRINC. - JUROS DE EMPRÉSTIMOS;1248000,00
ASSEMBLEIA LEGISLATIVA DO ESTADO DE MINAS GERAIS - ALMG;INSTITUTO DE PREVIDÊNCIA DO LEGISLATIVO DO ESTADO DE MINAS GERAIS - IPLEMG;1641.01.0.1.99.000;8;60;RETORNO OPER. JUROS ENCARG. FINANCEIROS - PRINC. - DEMAIS;131250,00
ASSEMBLEIA LEGISLATIVA DO ESTADO DE MINAS GERAIS - ALMG;INSTITUTO DE PREVIDÊNCIA DO LEGISLATIVO DO ESTADO DE MINAS GERAIS - IPLEMG;1900.00.0.0.00.000;2;;OUTRAS RECEITAS CORRENTES;4336500,00
ASSEMBLEIA LEGISLATIVA DO ESTADO DE MINAS GERAIS - ALMG;INSTITUTO DE PREVIDÊNCIA DO LEGISLATIVO DO ESTADO DE MINAS GERAIS - IPLEMG;1920.00.0.0.00.000;3;;INDENIZAÇÕES, RESTITUIÇÕES E RESSARCIMENTOS;136500,00
ASSEMBLEIA LEGISLATIVA DO ESTADO DE MINAS GERAIS - ALMG;INSTITUTO DE PREVIDÊNCIA DO LEGISLATIVO DO ESTADO DE MINAS GERAIS - IPLEMG;1922.00.0.0.00.000;4;;RESTITUIÇÕES;136500,00
ASSEMBLEIA LEGISLATIVA DO ESTADO DE MINAS GERAIS - ALMG;INSTITUTO DE PREVIDÊNCIA DO LEGISLATIVO DO ESTADO DE MINAS GERAIS - IPLEMG;1922.99.0.0.00.000;5;;OUTRAS RESTITUIÇÕES;136500,00
ASSEMBLEIA LEGISLATIVA DO ESTADO DE MINAS GERAIS - ALMG;INSTITUTO DE PREVIDÊNCIA DO LEGISLATIVO DO ESTADO DE MINAS GERAIS - IPLEMG;1922.99.0.1.00.000;7;;OUTRAS RESTITUIÇÕES - PRINCIPAL;136500,00
ASSEMBLEIA LEGISLATIVA DO ESTADO DE MINAS GERAIS - ALMG;INSTITUTO DE PREVIDÊNCIA DO LEGISLATIVO DO ESTADO DE MINAS GERAIS - IPLEMG;1922.99.0.1.99.000;8;60;OUTRAS RESTITUIÇÕES - PRINC. - DEMAIS;136500,00
ASSEMBLEIA LEGISLATIVA DO ESTADO DE MINAS GERAIS - ALMG;INSTITUTO DE PREVIDÊNCIA DO LEGISLATIVO DO ESTADO DE MINAS GERAIS - IPLEMG;1990.00.0.0.00.000;3;;DEMAIS RECEITAS CORRENTES;4200000,00
ASSEMBLEIA LEGISLATIVA DO ESTADO DE MINAS GERAIS - ALMG;INSTITUTO DE PREVIDÊNCIA DO LEGISLATIVO DO ESTADO DE MINAS GERAIS - IPLEMG;1999.00.0.0.00.000;4;;OUTRAS RECEITAS CORRENTES;4200000,00
ASSEMBLEIA LEGISLATIVA DO ESTADO DE MINAS GERAIS - ALMG;INSTITUTO DE PREVIDÊNCIA DO LEGISLATIVO DO ESTADO DE MINAS GERAIS - IPLEMG;1999.99.0.0.00.000;5;;OUTRAS RECEITAS;4200000,00
ASSEMBLEIA LEGISLATIVA DO ESTADO DE MINAS GERAIS - ALMG;INSTITUTO DE PREVIDÊNCIA DO LEGISLATIVO DO ESTADO DE MINAS GERAIS - IPLEMG;1999.99.2.0.00.000;6;;OUTRAS RECEITAS NÃO ARRECADADAS E NÃO PROJETADAS PELA RFB - PRIMÁRIAS;4200000,00
ASSEMBLEIA LEGISLATIVA DO ESTADO DE MINAS GERAIS - ALMG;INSTITUTO DE PREVIDÊNCIA DO LEGISLATIVO DO ESTADO DE MINAS GERAIS - IPLEMG;1999.99.2.1.00.000;7;;OUTRAS REC. - PRIMÁRIAS - PRINCIPAL;4200000,00
ASSEMBLEIA LEGISLATIVA DO ESTADO DE MINAS GERAIS - ALMG;INSTITUTO DE PREVIDÊNCIA DO LEGISLATIVO DO ESTADO DE MINAS GERAIS - IPLEMG;1999.99.2.1.99.000;8;60;OUTRAS REC. - PRIMÁRIAS - PRINC. - DEMAIS;4200000,00
ASSEMBLEIA LEGISLATIVA DO ESTADO DE MINAS GERAIS - ALMG;INSTITUTO DE PREVIDÊNCIA DO LEGISLATIVO DO ESTADO DE MINAS GERAIS - IPLEMG;2000.00.0.0.00.000;1;;RECEITAS DE CAPITAL;32000000,00
ASSEMBLEIA LEGISLATIVA DO ESTADO DE MINAS GERAIS - ALMG;INSTITUTO DE PREVIDÊNCIA DO LEGISLATIVO DO ESTADO DE MINAS GERAIS - IPLEMG;2900.00.0.0.00.000;2;;OUTRAS RECEITAS DE CAPITAL;32000000,00
ASSEMBLEIA LEGISLATIVA DO ESTADO DE MINAS GERAIS - ALMG;INSTITUTO DE PREVIDÊNCIA DO LEGISLATIVO DO ESTADO DE MINAS GERAIS - IPLEMG;2990.00.0.0.00.000;3;;DEMAIS RECEITAS DE CAPITAL;32000000,00
ASSEMBLEIA LEGISLATIVA DO ESTADO DE MINAS GERAIS - ALMG;INSTITUTO DE PREVIDÊNCIA DO LEGISLATIVO DO ESTADO DE MINAS GERAIS - IPLEMG;2999.00.0.0.00.000;4;;OUTRAS RECEITAS DE CAPITAL;32000000,00
ASSEMBLEIA LEGISLATIVA DO ESTADO DE MINAS GERAIS - ALMG;INSTITUTO DE PREVIDÊNCIA DO LEGISLATIVO DO ESTADO DE MINAS GERAIS - IPLEMG;2999.99.0.0.00.000;5;;OUTRAS RECEITAS DE CAPITAL;32000000,00
ASSEMBLEIA LEGISLATIVA DO ESTADO DE MINAS GERAIS - ALMG;INSTITUTO DE PREVIDÊNCIA DO LEGISLATIVO DO ESTADO DE MINAS GERAIS - IPLEMG;2999.99.0.1.00.000;7;;DEMAIS REC. CAPITAL - PRINC.;32000000,00
ASSEMBLEIA LEGISLATIVA DO ESTADO DE MINAS GERAIS - ALMG;INSTITUTO DE PREVIDÊNCIA DO LEGISLATIVO DO ESTADO DE MINAS GERAIS - IPLEMG;2999.99.0.1.01.000;8;60;DEMAIS REC. CAPITAL - PRINC. - RESERVA ATUARIAL;23000000,00
ASSEMBLEIA LEGISLATIVA DO ESTADO DE MINAS GERAIS - ALMG;INSTITUTO DE PREVIDÊNCIA DO LEGISLATIVO DO ESTADO DE MINAS GERAIS - IPLEMG;2999.99.0.1.99.000;8;60;DEMAIS REC. CAPITAL - PRINC. - DEMAIS;9000000,00
ASSEMBLEIA LEGISLATIVA DO ESTADO DE MINAS GERAIS - ALMG;INSTITUTO DE PREVIDÊNCIA DO LEGISLATIVO DO ESTADO DE MINAS GERAIS - IPLEMG;7000.00.0.0.00.000;1;;RECEITA INTRAORÇAMENTÁRIA;15037000,00
ASSEMBLEIA LEGISLATIVA DO ESTADO DE MINAS GERAIS - ALMG;INSTITUTO DE PREVIDÊNCIA DO LEGISLATIVO DO ESTADO DE MINAS GERAIS - IPLEMG;7200.00.0.0.00.000;2;;REC. INTRA. - CONTRIBUIÇÕES;3084000,00
ASSEMBLEIA LEGISLATIVA DO ESTADO DE MINAS GERAIS - ALMG;INSTITUTO DE PREVIDÊNCIA DO LEGISLATIVO DO ESTADO DE MINAS GERAIS - IPLEMG;7210.00.0.0.00.000;3;;REC. INTRA. - CONTRIBUIÇÕES SOCIAIS;3084000,00
ASSEMBLEIA LEGISLATIVA DO ESTADO DE MINAS GERAIS - ALMG;INSTITUTO DE PREVIDÊNCIA DO LEGISLATIVO DO ESTADO DE MINAS GERAIS - IPLEMG;7219.00.0.0.00.000;4;;REC. INTRA. - OUTRAS CONTRIBUIÇÕES SOCIAIS;3084000,00
ASSEMBLEIA LEGISLATIVA DO ESTADO DE MINAS GERAIS - ALMG;INSTITUTO DE PREVIDÊNCIA DO LEGISLATIVO DO ESTADO DE MINAS GERAIS - IPLEMG;7219.99.0.0.00.000;5;;REC. INTRA. - DEMAIS CONTRIBUIÇÕES SOCIAIS;3084000,00
ASSEMBLEIA LEGISLATIVA DO ESTADO DE MINAS GERAIS - ALMG;INSTITUTO DE PREVIDÊNCIA DO LEGISLATIVO DO ESTADO DE MINAS GERAIS - IPLEMG;7219.99.1.0.00.000;6;;REC. INTRA. - DEMAIS CONTRIBUIÇÕES SOCIAIS NÃO ARRECADADAS E NÃO PROJETADAS PELA RFB;3084000,00
ASSEMBLEIA LEGISLATIVA DO ESTADO DE MINAS GERAIS - ALMG;INSTITUTO DE PREVIDÊNCIA DO LEGISLATIVO DO ESTADO DE MINAS GERAIS - IPLEMG;7219.99.1.1.00.000;7;;REC. INTRA. - DEMAIS CONTRIB. SOC. - PRINCIPAL;3084000,00
ASSEMBLEIA LEGISLATIVA DO ESTADO DE MINAS GERAIS - ALMG;INSTITUTO DE PREVIDÊNCIA DO LEGISLATIVO DO ESTADO DE MINAS GERAIS - IPLEMG;7219.99.1.1.04.000;8;;REC. INTRA. - DEMAIS CONTRIB. SOC. - PRINC. - INSTITUTO DE PREVIDÊNCIA DO LEGISLATIVO DO ESTADO DE MINAS GERAIS - IPLEMG;3084000,00
ASSEMBLEIA LEGISLATIVA DO ESTADO DE MINAS GERAIS - ALMG;INSTITUTO DE PREVIDÊNCIA DO LEGISLATIVO DO ESTADO DE MINAS GERAIS - IPLEMG;7219.99.1.1.04.051;9;60;REC. INTRA. - DEMAIS CONTRIB. SOC. - PRINC. - IPLEMG - CONTRIB. PATRONAL - EXERCENTE DE MANDATO ESTADUAL;3084000,00
ASSEMBLEIA LEGISLATIVA DO ESTADO DE MINAS GERAIS - ALMG;INSTITUTO DE PREVIDÊNCIA DO LEGISLATIVO DO ESTADO DE MINAS GERAIS - IPLEMG;7900.00.0.0.00.000;2;;REC. INTRA. - OUTRAS RECEITAS CORRENTES;11953000,00
ASSEMBLEIA LEGISLATIVA DO ESTADO DE MINAS GERAIS - ALMG;INSTITUTO DE PREVIDÊNCIA DO LEGISLATIVO DO ESTADO DE MINAS GERAIS - IPLEMG;7990.00.0.0.00.000;3;;REC. INTRA. - DEMAIS RECEITAS CORRENTES;11953000,00
ASSEMBLEIA LEGISLATIVA DO ESTADO DE MINAS GERAIS - ALMG;INSTITUTO DE PREVIDÊNCIA DO LEGISLATIVO DO ESTADO DE MINAS GERAIS - IPLEMG;7999.00.0.0.00.000;4;;REC. INTRA. - OUTRAS RECEITAS CORRENTES;11953000,00
ASSEMBLEIA LEGISLATIVA DO ESTADO DE MINAS GERAIS - ALMG;INSTITUTO DE PREVIDÊNCIA DO LEGISLATIVO DO ESTADO DE MINAS GERAIS - IPLEMG;7999.99.0.0.00.000;5;;REC. INTRA. - OUTRAS RECEITAS;11953000,00
ASSEMBLEIA LEGISLATIVA DO ESTADO DE MINAS GERAIS - ALMG;INSTITUTO DE PREVIDÊNCIA DO LEGISLATIVO DO ESTADO DE MINAS GERAIS - IPLEMG;7999.99.2.0.00.000;6;;REC. INTRA. - OUTRAS RECEITAS NÃO ARRECADADAS E NÃO PROJETADAS PELA RFB - PRIMÁRIAS;11953000,00
ASSEMBLEIA LEGISLATIVA DO ESTADO DE MINAS GERAIS - ALMG;INSTITUTO DE PREVIDÊNCIA DO LEGISLATIVO DO ESTADO DE MINAS GERAIS - IPLEMG;7999.99.2.1.00.000;7;;REC. INTRA. - OUTRAS REC. - PRIMÁRIAS - PRINCIPAL;11953000,00
ASSEMBLEIA LEGISLATIVA DO ESTADO DE MINAS GERAIS - ALMG;INSTITUTO DE PREVIDÊNCIA DO LEGISLATIVO DO ESTADO DE MINAS GERAIS - IPLEMG;7999.99.2.1.05.000;8;60;REC. INTRA. - OUTRAS REC. - PRIMÁRIAS - PRINC. - RESERVA TÉCNICA OBRIGATÓRIA - EQUILÍBRIO ATUARIAL;11953000,00
SECRETARIA DE ESTADO DE AGRICULTURA, PECUÁRIA E ABASTECIMENTO - SEAPA;INSTITUTO MINEIRO DE AGROPECUÁRIA - IMA;1000.00.0.0.00.000;1;;RECEITAS CORRENTES;82745312,00
SECRETARIA DE ESTADO DE AGRICULTURA, PECUÁRIA E ABASTECIMENTO - SEAPA;INSTITUTO MINEIRO DE AGROPECUÁRIA - IMA;1100.00.0.0.00.000;2;;IMPOSTOS, TAXAS E CONTRIBUIÇÕES DE MELHORIA;63018030,00
SECRETARIA DE ESTADO DE AGRICULTURA, PECUÁRIA E ABASTECIMENTO - SEAPA;INSTITUTO MINEIRO DE AGROPECUÁRIA - IMA;1120.00.0.0.00.000;3;;TAXAS;63018030,00
SECRETARIA DE ESTADO DE AGRICULTURA, PECUÁRIA E ABASTECIMENTO - SEAPA;INSTITUTO MINEIRO DE AGROPECUÁRIA - IMA;1122.00.0.0.00.000;4;;TAXAS PELA PRESTAÇÃO DE SERVIÇOS;63018030,00
SECRETARIA DE ESTADO DE AGRICULTURA, PECUÁRIA E ABASTECIMENTO - SEAPA;INSTITUTO MINEIRO DE AGROPECUÁRIA - IMA;1122.01.0.0.00.000;5;;TAXAS PELA PRESTAÇÃO DE SERVIÇOS EM GERAL;63018030,00
SECRETARIA DE ESTADO DE AGRICULTURA, PECUÁRIA E ABASTECIMENTO - SEAPA;INSTITUTO MINEIRO DE AGROPECUÁRIA - IMA;1122.01.0.1.00.000;7;;TX. PREST. SERV. G. - PRINCIPAL;63018030,00
SECRETARIA DE ESTADO DE AGRICULTURA, PECUÁRIA E ABASTECIMENTO - SEAPA;INSTITUTO MINEIRO DE AGROPECUÁRIA - IMA;1122.01.0.1.01.000;8;;TX. PREST. SERV. G. - PRINC. - TAXA DE EXPEDIENTE;63018030,00
SECRETARIA DE ESTADO DE AGRICULTURA, PECUÁRIA E ABASTECIMENTO - SEAPA;INSTITUTO MINEIRO DE AGROPECUÁRIA - IMA;1122.01.0.1.01.003;9;91;TX. PREST. SERV. G. - PRINC. - TX. EXP. - INSTITUTO MINEIRO DE AGROPECUÁRIA - IMA;63018030,00
SECRETARIA DE ESTADO DE AGRICULTURA, PECUÁRIA E ABASTECIMENTO - SEAPA;INSTITUTO MINEIRO DE AGROPECUÁRIA - IMA;1300.00.0.0.00.000;2;;RECEITA PATRIMONIAL;183121,00
SECRETARIA DE ESTADO DE AGRICULTURA, PECUÁRIA E ABASTECIMENTO - SEAPA;INSTITUTO MINEIRO DE AGROPECUÁRIA - IMA;1310.00.0.0.00.000;3;;EXPLORAÇÃO DO PATRIMÔNIO IMOBILIÁRIO DO ESTADO;179249,00
SECRETARIA DE ESTADO DE AGRICULTURA, PECUÁRIA E ABASTECIMENTO - SEAPA;INSTITUTO MINEIRO DE AGROPECUÁRIA - IMA;1311.00.0.0.00.000;4;;EXPLORAÇÃO DO PATRIMÔNIO IMOBILIÁRIO DO ESTADO;179249,00
SECRETARIA DE ESTADO DE AGRICULTURA, PECUÁRIA E ABASTECIMENTO - SEAPA;INSTITUTO MINEIRO DE AGROPECUÁRIA - IMA;1311.01.0.0.00.000;5;;ALUGUÉIS, ARRENDAMENTOS, FOROS, LAUDÊMIOS, TARIFAS DE OCUPAÇÃO;179249,00
SECRETARIA DE ESTADO DE AGRICULTURA, PECUÁRIA E ABASTECIMENTO - SEAPA;INSTITUTO MINEIRO DE AGROPECUÁRIA - IMA;1311.01.1.0.00.000;6;;ALUGUÉIS E ARRENDAMENTOS;179249,00
SECRETARIA DE ESTADO DE AGRICULTURA, PECUÁRIA E ABASTECIMENTO - SEAPA;INSTITUTO MINEIRO DE AGROPECUÁRIA - IMA;1311.01.1.1.00.000;7;;ALUGUÉIS ARRENDAMENTOS - PRINCIPAL;179249,00
SECRETARIA DE ESTADO DE AGRICULTURA, PECUÁRIA E ABASTECIMENTO - SEAPA;INSTITUTO MINEIRO DE AGROPECUÁRIA - IMA;1311.01.1.1.01.000;8;60;ALUGUÉIS ARRENDAMENTOS - PRINC. - ALUGUÉIS;179249,00
SECRETARIA DE ESTADO DE AGRICULTURA, PECUÁRIA E ABASTECIMENTO - SEAPA;INSTITUTO MINEIRO DE AGROPECUÁRIA - IMA;1320.00.0.0.00.000;3;;VALORES MOBILIÁRIOS;3872,00
SECRETARIA DE ESTADO DE AGRICULTURA, PECUÁRIA E ABASTECIMENTO - SEAPA;INSTITUTO MINEIRO DE AGROPECUÁRIA - IMA;1321.00.0.0.00.000;4;;JUROS E CORREÇÕES MONETÁRIAS;3872,00
SECRETARIA DE ESTADO DE AGRICULTURA, PECUÁRIA E ABASTECIMENTO - SEAPA;INSTITUTO MINEIRO DE AGROPECUÁRIA - IMA;1321.01.0.0.00.000;5;;REMUNERAÇÃO DE DEPÓSITOS BANCÁRIOS;3872,00
SECRETARIA DE ESTADO DE AGRICULTURA, PECUÁRIA E ABASTECIMENTO - SEAPA;INSTITUTO MINEIRO DE AGROPECUÁRIA - IMA;1321.01.0.1.00.000;7;;REMUNERAÇÃO DEPÓSITOS BANCÁRIOS - PRINCIPAL;3872,00
SECRETARIA DE ESTADO DE AGRICULTURA, PECUÁRIA E ABASTECIMENTO - SEAPA;INSTITUTO MINEIRO DE AGROPECUÁRIA - IMA;1321.01.0.1.01.000;8;1;REMUNERAÇÃO DEPÓSITOS BANCÁRIOS - PRINC.;1000,00
SECRETARIA DE ESTADO DE AGRICULTURA, PECUÁRIA E ABASTECIMENTO - SEAPA;INSTITUTO MINEIRO DE AGROPECUÁRIA - IMA;1321.01.0.1.01.000;8;24;REMUNERAÇÃO DEPÓSITOS BANCÁRIOS - PRINC.;1000,00
SECRETARIA DE ESTADO DE AGRICULTURA, PECUÁRIA E ABASTECIMENTO - SEAPA;INSTITUTO MINEIRO DE AGROPECUÁRIA - IMA;1321.01.0.1.01.000;8;60;REMUNERAÇÃO DEPÓSITOS BANCÁRIOS - PRINC.;241,00
SECRETARIA DE ESTADO DE AGRICULTURA, PECUÁRIA E ABASTECIMENTO - SEAPA;INSTITUTO MINEIRO DE AGROPECUÁRIA - IMA;1321.01.0.1.01.000;8;91;REMUNERAÇÃO DEPÓSITOS BANCÁRIOS - PRINC.;1631,00
SECRETARIA DE ESTADO DE AGRICULTURA, PECUÁRIA E ABASTECIMENTO - SEAPA;INSTITUTO MINEIRO DE AGROPECUÁRIA - IMA;1600.00.0.0.00.000;2;;RECEITA DE SERVIÇOS;3627874,00
SECRETARIA DE ESTADO DE AGRICULTURA, PECUÁRIA E ABASTECIMENTO - SEAPA;INSTITUTO MINEIRO DE AGROPECUÁRIA - IMA;1610.00.0.0.00.000;3;;SERVIÇOS ADMINISTRATIVOS E COMERCIAIS GERAIS;2718089,00
SECRETARIA DE ESTADO DE AGRICULTURA, PECUÁRIA E ABASTECIMENTO - SEAPA;INSTITUTO MINEIRO DE AGROPECUÁRIA - IMA;1611.00.0.0.00.000;4;;SERVIÇOS ADMINISTRATIVOS E COMERCIAIS GERAIS;2718089,00
SECRETARIA DE ESTADO DE AGRICULTURA, PECUÁRIA E ABASTECIMENTO - SEAPA;INSTITUTO MINEIRO DE AGROPECUÁRIA - IMA;1611.01.0.0.00.000;5;;SERVIÇOS ADMINISTRATIVOS E COMERCIAIS GERAIS;367002,00
SECRETARIA DE ESTADO DE AGRICULTURA, PECUÁRIA E ABASTECIMENTO - SEAPA;INSTITUTO MINEIRO DE AGROPECUÁRIA - IMA;1611.01.0.1.00.000;7;;SERVIÇOS ADM. COMERC. GER. - PRINCIPAL;367002,00
SECRETARIA DE ESTADO DE AGRICULTURA, PECUÁRIA E ABASTECIMENTO - SEAPA;INSTITUTO MINEIRO DE AGROPECUÁRIA - IMA;1611.01.0.1.25.000;8;60;SERVIÇOS ADM. COMERC. GER. - PRINC. - AGROPECUÁRIOS;367002,00
SECRETARIA DE ESTADO DE AGRICULTURA, PECUÁRIA E ABASTECIMENTO - SEAPA;INSTITUTO MINEIRO DE AGROPECUÁRIA - IMA;1611.03.0.0.00.000;5;;SERVIÇOS DE REGISTRO, CERTIFICAÇÃO E FISCALIZAÇÃO;2351087,00
SECRETARIA DE ESTADO DE AGRICULTURA, PECUÁRIA E ABASTECIMENTO - SEAPA;INSTITUTO MINEIRO DE AGROPECUÁRIA - IMA;1611.03.0.1.00.000;7;;SERVIÇOS REG. CERTIF. FISCALIZ. - PRINCIPAL;2351087,00
SECRETARIA DE ESTADO DE AGRICULTURA, PECUÁRIA E ABASTECIMENTO - SEAPA;INSTITUTO MINEIRO DE AGROPECUÁRIA - IMA;1611.03.0.1.04.000;8;60;SERVIÇOS REG. CERTIF. FISCALIZ. - PRINC. - EXPEDIÇÃO DE CERTIFICADOS;324642,00
SECRETARIA DE ESTADO DE AGRICULTURA, PECUÁRIA E ABASTECIMENTO - SEAPA;INSTITUTO MINEIRO DE AGROPECUÁRIA - IMA;1611.03.0.1.06.000;8;60;SERVIÇOS REG. CERTIF. FISCALIZ. - PRINC. - REGISTRO DO COMÉRCIO;1179331,00
SECRETARIA DE ESTADO DE AGRICULTURA, PECUÁRIA E ABASTECIMENTO - SEAPA;INSTITUTO MINEIRO DE AGROPECUÁRIA - IMA;1611.03.0.1.99.000;8;60;SERVIÇOS REG. CERTIF. FISCALIZ. - PRINC. - DEMAIS;847114,00
SECRETARIA DE ESTADO DE AGRICULTURA, PECUÁRIA E ABASTECIMENTO - SEAPA;INSTITUTO MINEIRO DE AGROPECUÁRIA - IMA;1690.00.0.0.00.000;3;;OUTROS SERVIÇOS;909785,00
SECRETARIA DE ESTADO DE AGRICULTURA, PECUÁRIA E ABASTECIMENTO - SEAPA;INSTITUTO MINEIRO DE AGROPECUÁRIA - IMA;1699.00.0.0.00.000;4;;OUTROS SERVIÇOS;909785,00
SECRETARIA DE ESTADO DE AGRICULTURA, PECUÁRIA E ABASTECIMENTO - SEAPA;INSTITUTO MINEIRO DE AGROPECUÁRIA - IMA;1699.99.0.0.00.000;5;;OUTROS SERVIÇOS;909785,00
SECRETARIA DE ESTADO DE AGRICULTURA, PECUÁRIA E ABASTECIMENTO - SEAPA;INSTITUTO MINEIRO DE AGROPECUÁRIA - IMA;1699.99.0.1.00.000;7;;OUTROS SERVIÇOS - PRINCIPAL;909785,00
SECRETARIA DE ESTADO DE AGRICULTURA, PECUÁRIA E ABASTECIMENTO - SEAPA;INSTITUTO MINEIRO DE AGROPECUÁRIA - IMA;1699.99.0.1.01.000;8;60;OUTROS SERVIÇOS - PRINC.;909785,00
SECRETARIA DE ESTADO DE AGRICULTURA, PECUÁRIA E ABASTECIMENTO - SEAPA;INSTITUTO MINEIRO DE AGROPECUÁRIA - IMA;1900.00.0.0.00.000;2;;OUTRAS RECEITAS CORRENTES;15916287,00
SECRETARIA DE ESTADO DE AGRICULTURA, PECUÁRIA E ABASTECIMENTO - SEAPA;INSTITUTO MINEIRO DE AGROPECUÁRIA - IMA;1920.00.0.0.00.000;3;;INDENIZAÇÕES, RESTITUIÇÕES E RESSARCIMENTOS;345360,00
SECRETARIA DE ESTADO DE AGRICULTURA, PECUÁRIA E ABASTECIMENTO - SEAPA;INSTITUTO MINEIRO DE AGROPECUÁRIA - IMA;1922.00.0.0.00.000;4;;RESTITUIÇÕES;345360,00
SECRETARIA DE ESTADO DE AGRICULTURA, PECUÁRIA E ABASTECIMENTO - SEAPA;INSTITUTO MINEIRO DE AGROPECUÁRIA - IMA;1922.52.0.0.00.000;5;;RESTITUIÇÃO DE REMUNERAÇÃO DE FOLHA DE PAGAMENTO - PESSOAL ATIVO;50000,00
SECRETARIA DE ESTADO DE AGRICULTURA, PECUÁRIA E ABASTECIMENTO - SEAPA;INSTITUTO MINEIRO DE AGROPECUÁRIA - IMA;1922.52.0.1.00.000;7;;RESTITUIÇÃO REMUNERAÇÃO FOLHA PAGAMENTO - PESSOAL ATIVO - PRINCIPAL;50000,00
SECRETARIA DE ESTADO DE AGRICULTURA, PECUÁRIA E ABASTECIMENTO - SEAPA;INSTITUTO MINEIRO DE AGROPECUÁRIA - IMA;1922.52.0.1.01.000;8;91;RESTITUIÇÃO REMUNERAÇÃO FOLHA PAGAMENTO - PESSOAL ATIVO - PRINC.;50000,00
SECRETARIA DE ESTADO DE AGRICULTURA, PECUÁRIA E ABASTECIMENTO - SEAPA;INSTITUTO MINEIRO DE AGROPECUÁRIA - IMA;1922.99.0.0.00.000;5;;OUTRAS RESTITUIÇÕES;295360,00
SECRETARIA DE ESTADO DE AGRICULTURA, PECUÁRIA E ABASTECIMENTO - SEAPA;INSTITUTO MINEIRO DE AGROPECUÁRIA - IMA;1922.99.0.1.00.000;7;;OUTRAS RESTITUIÇÕES - PRINCIPAL;295360,00
SECRETARIA DE ESTADO DE AGRICULTURA, PECUÁRIA E ABASTECIMENTO - SEAPA;INSTITUTO MINEIRO DE AGROPECUÁRIA - IMA;1922.99.0.1.99.000;8;1;OUTRAS RESTITUIÇÕES - PRINC. - DEMAIS;1000,00
SECRETARIA DE ESTADO DE AGRICULTURA, PECUÁRIA E ABASTECIMENTO - SEAPA;INSTITUTO MINEIRO DE AGROPECUÁRIA - IMA;1922.99.0.1.99.000;8;24;OUTRAS RESTITUIÇÕES - PRINC. - DEMAIS;1000,00
SECRETARIA DE ESTADO DE AGRICULTURA, PECUÁRIA E ABASTECIMENTO - SEAPA;INSTITUTO MINEIRO DE AGROPECUÁRIA - IMA;1922.99.0.1.99.000;8;60;OUTRAS RESTITUIÇÕES - PRINC. - DEMAIS;235178,00
SECRETARIA DE ESTADO DE AGRICULTURA, PECUÁRIA E ABASTECIMENTO - SEAPA;INSTITUTO MINEIRO DE AGROPECUÁRIA - IMA;1922.99.0.1.99.000;8;91;OUTRAS RESTITUIÇÕES - PRINC. - DEMAIS;58182,00
SECRETARIA DE ESTADO DE AGRICULTURA, PECUÁRIA E ABASTECIMENTO - SEAPA;INSTITUTO MINEIRO DE AGROPECUÁRIA - IMA;1990.00.0.0.00.000;3;;DEMAIS RECEITAS CORRENTES;15570927,00
SECRETARIA DE ESTADO DE AGRICULTURA, PECUÁRIA E ABASTECIMENTO - SEAPA;INSTITUTO MINEIRO DE AGROPECUÁRIA - IMA;1999.00.0.0.00.000;4;;OUTRAS RECEITAS CORRENTES;15570927,00
SECRETARIA DE ESTADO DE AGRICULTURA, PECUÁRIA E ABASTECIMENTO - SEAPA;INSTITUTO MINEIRO DE AGROPECUÁRIA - IMA;1999.99.0.0.00.000;5;;OUTRAS RECEITAS;15570927,00
SECRETARIA DE ESTADO DE AGRICULTURA, PECUÁRIA E ABASTECIMENTO - SEAPA;INSTITUTO MINEIRO DE AGROPECUÁRIA - IMA;1999.99.2.0.00.000;6;;OUTRAS RECEITAS NÃO ARRECADADAS E NÃO PROJETADAS PELA RFB - PRIMÁRIAS;15570927,00
SECRETARIA DE ESTADO DE AGRICULTURA, PECUÁRIA E ABASTECIMENTO - SEAPA;INSTITUTO MINEIRO DE AGROPECUÁRIA - IMA;1999.99.2.2.00.000;7;;OUTRAS REC. - PRIMÁRIAS - MULTAS E JUROS DE MORA;15570927,00
SECRETARIA DE ESTADO DE AGRICULTURA, PECUÁRIA E ABASTECIMENTO - SEAPA;INSTITUTO MINEIRO DE AGROPECUÁRIA - IMA;1999.99.2.2.99.000;8;60;OUTRAS REC. - PRIMÁRIAS - MJM - DEMAIS;15570927,00
SECRETARIA DE ESTADO DE AGRICULTURA, PECUÁRIA E ABASTECIMENTO - SEAPA;INSTITUTO MINEIRO DE AGROPECUÁRIA - IMA;2000.00.0.0.00.000;1;;RECEITAS DE CAPITAL;480960,00
SECRETARIA DE ESTADO DE AGRICULTURA, PECUÁRIA E ABASTECIMENTO - SEAPA;INSTITUTO MINEIRO DE AGROPECUÁRIA - IMA;2200.00.0.0.00.000;2;;ALIENAÇÃO DE BENS;300000,00
SECRETARIA DE ESTADO DE AGRICULTURA, PECUÁRIA E ABASTECIMENTO - SEAPA;INSTITUTO MINEIRO DE AGROPECUÁRIA - IMA;2210.00.0.0.00.000;3;;ALIENAÇÃO DE BENS MÓVEIS;300000,00
SECRETARIA DE ESTADO DE AGRICULTURA, PECUÁRIA E ABASTECIMENTO - SEAPA;INSTITUTO MINEIRO DE AGROPECUÁRIA - IMA;2213.00.0.0.00.000;4;;ALIENAÇÃO DE BENS MÓVEIS E SEMOVENTES;300000,00
SECRETARIA DE ESTADO DE AGRICULTURA, PECUÁRIA E ABASTECIMENTO - SEAPA;INSTITUTO MINEIRO DE AGROPECUÁRIA - IMA;2213.01.0.0.00.000;5;;ALIENAÇÃO DE BENS MÓVEIS E SEMOVENTES;300000,00
SECRETARIA DE ESTADO DE AGRICULTURA, PECUÁRIA E ABASTECIMENTO - SEAPA;INSTITUTO MINEIRO DE AGROPECUÁRIA - IMA;2213.01.0.1.00.000;7;;ALIENAÇÃO BENS MÓVEIS SEMOVENTES - PRINCIPAL;300000,00
SECRETARIA DE ESTADO DE AGRICULTURA, PECUÁRIA E ABASTECIMENTO - SEAPA;INSTITUTO MINEIRO DE AGROPECUÁRIA - IMA;2213.01.0.1.01.000;8;47;ALIENAÇÃO BENS MÓVEIS SEMOVENTES - PRINC.;300000,00
SECRETARIA DE ESTADO DE AGRICULTURA, PECUÁRIA E ABASTECIMENTO - SEAPA;INSTITUTO MINEIRO DE AGROPECUÁRIA - IMA;2400.00.0.0.00.000;2;;TRANSFERÊNCIAS DE CAPITAL;180960,00
SECRETARIA DE ESTADO DE AGRICULTURA, PECUÁRIA E ABASTECIMENTO - SEAPA;INSTITUTO MINEIRO DE AGROPECUÁRIA - IMA;2410.00.0.0.00.000;3;;TRANSFERÊNCIAS DA UNIÃO E DE SUAS ENTIDADES;180960,00
SECRETARIA DE ESTADO DE AGRICULTURA, PECUÁRIA E ABASTECIMENTO - SEAPA;INSTITUTO MINEIRO DE AGROPECUÁRIA - IMA;2414.00.0.0.00.000;4;;TRANSFERÊNCIAS DE CONVÊNIOS DA UNIÃO E DE SUAS ENTIDADES;180960,00
SECRETARIA DE ESTADO DE AGRICULTURA, PECUÁRIA E ABASTECIMENTO - SEAPA;INSTITUTO MINEIRO DE AGROPECUÁRIA - IMA;2414.99.0.0.00.000;5;;OUTRAS TRANSFERÊNCIAS DE CONVÊNIOS DA UNIÃO E DE SUAS ENTIDADES;180960,00
SECRETARIA DE ESTADO DE AGRICULTURA, PECUÁRIA E ABASTECIMENTO - SEAPA;INSTITUTO MINEIRO DE AGROPECUÁRIA - IMA;2414.99.0.1.00.000;7;;OUTRAS TRANSF. CONVÊNIOS UNIÃO - PRINCIPAL;180960,00
SECRETARIA DE ESTADO DE AGRICULTURA, PECUÁRIA E ABASTECIMENTO - SEAPA;INSTITUTO MINEIRO DE AGROPECUÁRIA - IMA;2414.99.0.1.07.000;8;;OUTRAS TRANSF. CONVÊNIOS UNIÃO - PRINC. - AGROPECUÁRIA;180960,00
SECRETARIA DE ESTADO DE AGRICULTURA, PECUÁRIA E ABASTECIMENTO - SEAPA;INSTITUTO MINEIRO DE AGROPECUÁRIA - IMA;2414.99.0.1.07.007;9;24;AGROPECUÁRIA - MINISTÉRIO DO DESENVOLVIMENTO AGRÁRIO E AGRICULTURA FAMILIAR;180960,00
SECRETARIA DE ESTADO DE DESENVOLVIMENTO SOCIAL - SEDESE;INSTITUTO DE DESENVOLVIMENTO DO NORTE E NORDESTE DE MINAS GERAIS - IDENE;1000.00.0.0.00.000;1;;RECEITAS CORRENTES;17393363,00
SECRETARIA DE ESTADO DE DESENVOLVIMENTO SOCIAL - SEDESE;INSTITUTO DE DESENVOLVIMENTO DO NORTE E NORDESTE DE MINAS GERAIS - IDENE;1300.00.0.0.00.000;2;;RECEITA PATRIMONIAL;1000,00
SECRETARIA DE ESTADO DE DESENVOLVIMENTO SOCIAL - SEDESE;INSTITUTO DE DESENVOLVIMENTO DO NORTE E NORDESTE DE MINAS GERAIS - IDENE;1320.00.0.0.00.000;3;;VALORES MOBILIÁRIOS;1000,00
SECRETARIA DE ESTADO DE DESENVOLVIMENTO SOCIAL - SEDESE;INSTITUTO DE DESENVOLVIMENTO DO NORTE E NORDESTE DE MINAS GERAIS - IDENE;1321.00.0.0.00.000;4;;JUROS E CORREÇÕES MONETÁRIAS;1000,00
SECRETARIA DE ESTADO DE DESENVOLVIMENTO SOCIAL - SEDESE;INSTITUTO DE DESENVOLVIMENTO DO NORTE E NORDESTE DE MINAS GERAIS - IDENE;1321.01.0.0.00.000;5;;REMUNERAÇÃO DE DEPÓSITOS BANCÁRIOS;1000,00
SECRETARIA DE ESTADO DE DESENVOLVIMENTO SOCIAL - SEDESE;INSTITUTO DE DESENVOLVIMENTO DO NORTE E NORDESTE DE MINAS GERAIS - IDENE;1321.01.0.1.00.000;7;;REMUNERAÇÃO DEPÓSITOS BANCÁRIOS - PRINCIPAL;1000,00
SECRETARIA DE ESTADO DE DESENVOLVIMENTO SOCIAL - SEDESE;INSTITUTO DE DESENVOLVIMENTO DO NORTE E NORDESTE DE MINAS GERAIS - IDENE;1321.01.0.1.01.000;8;24;REMUNERAÇÃO DEPÓSITOS BANCÁRIOS - PRINC.;1000,00
SECRETARIA DE ESTADO DE DESENVOLVIMENTO SOCIAL - SEDESE;INSTITUTO DE DESENVOLVIMENTO DO NORTE E NORDESTE DE MINAS GERAIS - IDENE;1700.00.0.0.00.000;2;;TRANSFERÊNCIAS CORRENTES;17391363,00
SECRETARIA DE ESTADO DE DESENVOLVIMENTO SOCIAL - SEDESE;INSTITUTO DE DESENVOLVIMENTO DO NORTE E NORDESTE DE MINAS GERAIS - IDENE;1710.00.0.0.00.000;3;;TRANSFERÊNCIAS DA UNIÃO E DE SUAS ENTIDADES;17391363,00
SECRETARIA DE ESTADO DE DESENVOLVIMENTO SOCIAL - SEDESE;INSTITUTO DE DESENVOLVIMENTO DO NORTE E NORDESTE DE MINAS GERAIS - IDENE;1717.00.0.0.00.000;4;;TRANSFERÊNCIAS DE CONVÊNIOS DA UNIÃO E DE SUAS ENTIDADES;17391363,00
SECRETARIA DE ESTADO DE DESENVOLVIMENTO SOCIAL - SEDESE;INSTITUTO DE DESENVOLVIMENTO DO NORTE E NORDESTE DE MINAS GERAIS - IDENE;1717.99.0.0.00.000;5;;OUTRAS TRANSFERÊNCIAS DE CONVÊNIOS DA UNIÃO E DE SUAS ENTIDADES;17391363,00
SECRETARIA DE ESTADO DE DESENVOLVIMENTO SOCIAL - SEDESE;INSTITUTO DE DESENVOLVIMENTO DO NORTE E NORDESTE DE MINAS GERAIS - IDENE;1717.99.0.1.00.000;7;;OUTRAS TRANSF. CONVÊNIOS UNIÃO ENTIDADES - PRINCIPAL;17391363,00
SECRETARIA DE ESTADO DE DESENVOLVIMENTO SOCIAL - SEDESE;INSTITUTO DE DESENVOLVIMENTO DO NORTE E NORDESTE DE MINAS GERAIS - IDENE;1717.99.0.1.05.000;8;;OUTRAS TRANSF. CONVÊNIOS UNIÃO ENTIDADES - PRINC. - AGROPECUÁRIA;17391363,00
SECRETARIA DE ESTADO DE DESENVOLVIMENTO SOCIAL - SEDESE;INSTITUTO DE DESENVOLVIMENTO DO NORTE E NORDESTE DE MINAS GERAIS - IDENE;1717.99.0.1.05.003;9;24;AGROPECUÁRIA - COMPANHIA DE DESENVOLVIMENTO DOS VALES DO SÃO FRANCISCO E DO PARNAÍBA - CODEVASF;17104267,00
SECRETARIA DE ESTADO DE DESENVOLVIMENTO SOCIAL - SEDESE;INSTITUTO DE DESENVOLVIMENTO DO NORTE E NORDESTE DE MINAS GERAIS - IDENE;1717.99.0.1.05.005;9;24;AGROPECUÁRIA - MINISTÉRIO DO DESENVOLVIMENTO REGIONAL;287096,00
SECRETARIA DE ESTADO DE DESENVOLVIMENTO SOCIAL - SEDESE;INSTITUTO DE DESENVOLVIMENTO DO NORTE E NORDESTE DE MINAS GERAIS - IDENE;1900.00.0.0.00.000;2;;OUTRAS RECEITAS CORRENTES;1000,00
SECRETARIA DE ESTADO DE DESENVOLVIMENTO SOCIAL - SEDESE;INSTITUTO DE DESENVOLVIMENTO DO NORTE E NORDESTE DE MINAS GERAIS - IDENE;1920.00.0.0.00.000;3;;INDENIZAÇÕES, RESTITUIÇÕES E RESSARCIMENTOS;1000,00
SECRETARIA DE ESTADO DE DESENVOLVIMENTO SOCIAL - SEDESE;INSTITUTO DE DESENVOLVIMENTO DO NORTE E NORDESTE DE MINAS GERAIS - IDENE;1922.00.0.0.00.000;4;;RESTITUIÇÕES;1000,00
SECRETARIA DE ESTADO DE DESENVOLVIMENTO SOCIAL - SEDESE;INSTITUTO DE DESENVOLVIMENTO DO NORTE E NORDESTE DE MINAS GERAIS - IDENE;1922.99.0.0.00.000;5;;OUTRAS RESTITUIÇÕES;1000,00
SECRETARIA DE ESTADO DE DESENVOLVIMENTO SOCIAL - SEDESE;INSTITUTO DE DESENVOLVIMENTO DO NORTE E NORDESTE DE MINAS GERAIS - IDENE;1922.99.0.1.00.000;7;;OUTRAS RESTITUIÇÕES - PRINCIPAL;1000,00
SECRETARIA DE ESTADO DE DESENVOLVIMENTO SOCIAL - SEDESE;INSTITUTO DE DESENVOLVIMENTO DO NORTE E NORDESTE DE MINAS GERAIS - IDENE;1922.99.0.1.99.000;8;24;OUTRAS RESTITUIÇÕES - PRINC. - DEMAIS;1000,00
SECRETARIA DE ESTADO DE DESENVOLVIMENTO SOCIAL - SEDESE;INSTITUTO DE DESENVOLVIMENTO DO NORTE E NORDESTE DE MINAS GERAIS - IDENE;2000.00.0.0.00.000;1;;RECEITAS DE CAPITAL;112852112,00
SECRETARIA DE ESTADO DE DESENVOLVIMENTO SOCIAL - SEDESE;INSTITUTO DE DESENVOLVIMENTO DO NORTE E NORDESTE DE MINAS GERAIS - IDENE;2400.00.0.0.00.000;2;;TRANSFERÊNCIAS DE CAPITAL;112852112,00
SECRETARIA DE ESTADO DE DESENVOLVIMENTO SOCIAL - SEDESE;INSTITUTO DE DESENVOLVIMENTO DO NORTE E NORDESTE DE MINAS GERAIS - IDENE;2410.00.0.0.00.000;3;;TRANSFERÊNCIAS DA UNIÃO E DE SUAS ENTIDADES;112852112,00
SECRETARIA DE ESTADO DE DESENVOLVIMENTO SOCIAL - SEDESE;INSTITUTO DE DESENVOLVIMENTO DO NORTE E NORDESTE DE MINAS GERAIS - IDENE;2414.00.0.0.00.000;4;;TRANSFERÊNCIAS DE CONVÊNIOS DA UNIÃO E DE SUAS ENTIDADES;112852112,00
SECRETARIA DE ESTADO DE DESENVOLVIMENTO SOCIAL - SEDESE;INSTITUTO DE DESENVOLVIMENTO DO NORTE E NORDESTE DE MINAS GERAIS - IDENE;2414.99.0.0.00.000;5;;OUTRAS TRANSFERÊNCIAS DE CONVÊNIOS DA UNIÃO E DE SUAS ENTIDADES;112852112,00
SECRETARIA DE ESTADO DE DESENVOLVIMENTO SOCIAL - SEDESE;INSTITUTO DE DESENVOLVIMENTO DO NORTE E NORDESTE DE MINAS GERAIS - IDENE;2414.99.0.1.00.000;7;;OUTRAS TRANSF. CONVÊNIOS UNIÃO - PRINCIPAL;112852112,00
SECRETARIA DE ESTADO DE DESENVOLVIMENTO SOCIAL - SEDESE;INSTITUTO DE DESENVOLVIMENTO DO NORTE E NORDESTE DE MINAS GERAIS - IDENE;2414.99.0.1.07.000;8;;OUTRAS TRANSF. CONVÊNIOS UNIÃO - PRINC. - AGROPECUÁRIA;112852112,00
SECRETARIA DE ESTADO DE DESENVOLVIMENTO SOCIAL - SEDESE;INSTITUTO DE DESENVOLVIMENTO DO NORTE E NORDESTE DE MINAS GERAIS - IDENE;2414.99.0.1.07.002;9;24;AGROPECUÁRIA - MINISTÉRIO DO DESENVOLVIMENTO REGIONAL;960019,00
SECRETARIA DE ESTADO DE DESENVOLVIMENTO SOCIAL - SEDESE;INSTITUTO DE DESENVOLVIMENTO DO NORTE E NORDESTE DE MINAS GERAIS - IDENE;2414.99.0.1.07.004;9;24;AGROPECUÁRIA - COMPANHIA DE DESENVOLVIMENTO DOS VALES DO SÃO FRANCISCO E DO PARNAÍBA - CODEVASF;111892093,00
SECRETARIA DE ESTADO DE INFRAESTRUTURA, MOBILIDADE E PARCERIA - SEINFRA;AGÊNCIA DE DESENVOLVIMENTO DA REGIÃO METROPOLITANA DE BELO HORIZONTE - AGÊNCIA RMBH;1000.00.0.0.00.000;1;;RECEITAS CORRENTES;1262340,00
SECRETARIA DE ESTADO DE INFRAESTRUTURA, MOBILIDADE E PARCERIA - SEINFRA;AGÊNCIA DE DESENVOLVIMENTO DA REGIÃO METROPOLITANA DE BELO HORIZONTE - AGÊNCIA RMBH;1300.00.0.0.00.000;2;;RECEITA PATRIMONIAL;1000,00
SECRETARIA DE ESTADO DE INFRAESTRUTURA, MOBILIDADE E PARCERIA - SEINFRA;AGÊNCIA DE DESENVOLVIMENTO DA REGIÃO METROPOLITANA DE BELO HORIZONTE - AGÊNCIA RMBH;1320.00.0.0.00.000;3;;VALORES MOBILIÁRIOS;1000,00
SECRETARIA DE ESTADO DE INFRAESTRUTURA, MOBILIDADE E PARCERIA - SEINFRA;AGÊNCIA DE DESENVOLVIMENTO DA REGIÃO METROPOLITANA DE BELO HORIZONTE - AGÊNCIA RMBH;1321.00.0.0.00.000;4;;JUROS E CORREÇÕES MONETÁRIAS;1000,00
SECRETARIA DE ESTADO DE INFRAESTRUTURA, MOBILIDADE E PARCERIA - SEINFRA;AGÊNCIA DE DESENVOLVIMENTO DA REGIÃO METROPOLITANA DE BELO HORIZONTE - AGÊNCIA RMBH;1321.01.0.0.00.000;5;;REMUNERAÇÃO DE DEPÓSITOS BANCÁRIOS;1000,00
SECRETARIA DE ESTADO DE INFRAESTRUTURA, MOBILIDADE E PARCERIA - SEINFRA;AGÊNCIA DE DESENVOLVIMENTO DA REGIÃO METROPOLITANA DE BELO HORIZONTE - AGÊNCIA RMBH;1321.01.0.1.00.000;7;;REMUNERAÇÃO DEPÓSITOS BANCÁRIOS - PRINCIPAL;1000,00
SECRETARIA DE ESTADO DE INFRAESTRUTURA, MOBILIDADE E PARCERIA - SEINFRA;AGÊNCIA DE DESENVOLVIMENTO DA REGIÃO METROPOLITANA DE BELO HORIZONTE - AGÊNCIA RMBH;1321.01.0.1.01.000;8;24;REMUNERAÇÃO DEPÓSITOS BANCÁRIOS - PRINC.;1000,00
SECRETARIA DE ESTADO DE INFRAESTRUTURA, MOBILIDADE E PARCERIA - SEINFRA;AGÊNCIA DE DESENVOLVIMENTO DA REGIÃO METROPOLITANA DE BELO HORIZONTE - AGÊNCIA RMBH;1600.00.0.0.00.000;2;;RECEITA DE SERVIÇOS;1260340,00
SECRETARIA DE ESTADO DE INFRAESTRUTURA, MOBILIDADE E PARCERIA - SEINFRA;AGÊNCIA DE DESENVOLVIMENTO DA REGIÃO METROPOLITANA DE BELO HORIZONTE - AGÊNCIA RMBH;1610.00.0.0.00.000;3;;SERVIÇOS ADMINISTRATIVOS E COMERCIAIS GERAIS;1260340,00
SECRETARIA DE ESTADO DE INFRAESTRUTURA, MOBILIDADE E PARCERIA - SEINFRA;AGÊNCIA DE DESENVOLVIMENTO DA REGIÃO METROPOLITANA DE BELO HORIZONTE - AGÊNCIA RMBH;1611.00.0.0.00.000;4;;SERVIÇOS ADMINISTRATIVOS E COMERCIAIS GERAIS;1260340,00
SECRETARIA DE ESTADO DE INFRAESTRUTURA, MOBILIDADE E PARCERIA - SEINFRA;AGÊNCIA DE DESENVOLVIMENTO DA REGIÃO METROPOLITANA DE BELO HORIZONTE - AGÊNCIA RMBH;1611.01.0.0.00.000;5;;SERVIÇOS ADMINISTRATIVOS E COMERCIAIS GERAIS;1260340,00
SECRETARIA DE ESTADO DE INFRAESTRUTURA, MOBILIDADE E PARCERIA - SEINFRA;AGÊNCIA DE DESENVOLVIMENTO DA REGIÃO METROPOLITANA DE BELO HORIZONTE - AGÊNCIA RMBH;1611.01.0.1.00.000;7;;SERVIÇOS ADM. COMERC. GER. - PRINCIPAL;1260340,00
SECRETARIA DE ESTADO DE INFRAESTRUTURA, MOBILIDADE E PARCERIA - SEINFRA;AGÊNCIA DE DESENVOLVIMENTO DA REGIÃO METROPOLITANA DE BELO HORIZONTE - AGÊNCIA RMBH;1611.01.0.1.99.000;8;;SERVIÇOS ADM. COMERC. GER. - PRINC. - DEMAIS;1260340,00
SECRETARIA DE ESTADO DE INFRAESTRUTURA, MOBILIDADE E PARCERIA - SEINFRA;AGÊNCIA DE DESENVOLVIMENTO DA REGIÃO METROPOLITANA DE BELO HORIZONTE - AGÊNCIA RMBH;1611.01.0.1.99.001;9;60;SERVIÇOS ADM. COMERC. GER. - PRINC. - DEMAIS - SERVIÇOS ADMINISTRATIVOS;1260340,00
SECRETARIA DE ESTADO DE INFRAESTRUTURA, MOBILIDADE E PARCERIA - SEINFRA;AGÊNCIA DE DESENVOLVIMENTO DA REGIÃO METROPOLITANA DE BELO HORIZONTE - AGÊNCIA RMBH;1900.00.0.0.00.000;2;;OUTRAS RECEITAS CORRENTES;1000,00
SECRETARIA DE ESTADO DE INFRAESTRUTURA, MOBILIDADE E PARCERIA - SEINFRA;AGÊNCIA DE DESENVOLVIMENTO DA REGIÃO METROPOLITANA DE BELO HORIZONTE - AGÊNCIA RMBH;1920.00.0.0.00.000;3;;INDENIZAÇÕES, RESTITUIÇÕES E RESSARCIMENTOS;1000,00
SECRETARIA DE ESTADO DE INFRAESTRUTURA, MOBILIDADE E PARCERIA - SEINFRA;AGÊNCIA DE DESENVOLVIMENTO DA REGIÃO METROPOLITANA DE BELO HORIZONTE - AGÊNCIA RMBH;1922.00.0.0.00.000;4;;RESTITUIÇÕES;1000,00
SECRETARIA DE ESTADO DE INFRAESTRUTURA, MOBILIDADE E PARCERIA - SEINFRA;AGÊNCIA DE DESENVOLVIMENTO DA REGIÃO METROPOLITANA DE BELO HORIZONTE - AGÊNCIA RMBH;1922.99.0.0.00.000;5;;OUTRAS RESTITUIÇÕES;1000,00
SECRETARIA DE ESTADO DE INFRAESTRUTURA, MOBILIDADE E PARCERIA - SEINFRA;AGÊNCIA DE DESENVOLVIMENTO DA REGIÃO METROPOLITANA DE BELO HORIZONTE - AGÊNCIA RMBH;1922.99.0.1.00.000;7;;OUTRAS RESTITUIÇÕES - PRINCIPAL;1000,00
SECRETARIA DE ESTADO DE INFRAESTRUTURA, MOBILIDADE E PARCERIA - SEINFRA;AGÊNCIA DE DESENVOLVIMENTO DA REGIÃO METROPOLITANA DE BELO HORIZONTE - AGÊNCIA RMBH;1922.99.0.1.99.000;8;24;OUTRAS RESTITUIÇÕES - PRINC. - DEMAIS;1000,00
SECRETARIA DE ESTADO DE INFRAESTRUTURA, MOBILIDADE E PARCERIA - SEINFRA;AGÊNCIA DE DESENVOLVIMENTO DA REGIÃO METROPOLITANA DE BELO HORIZONTE - AGÊNCIA RMBH;2000.00.0.0.00.000;1;;RECEITAS DE CAPITAL;14524527,00
SECRETARIA DE ESTADO DE INFRAESTRUTURA, MOBILIDADE E PARCERIA - SEINFRA;AGÊNCIA DE DESENVOLVIMENTO DA REGIÃO METROPOLITANA DE BELO HORIZONTE - AGÊNCIA RMBH;2400.00.0.0.00.000;2;;TRANSFERÊNCIAS DE CAPITAL;14524527,00
SECRETARIA DE ESTADO DE INFRAESTRUTURA, MOBILIDADE E PARCERIA - SEINFRA;AGÊNCIA DE DESENVOLVIMENTO DA REGIÃO METROPOLITANA DE BELO HORIZONTE - AGÊNCIA RMBH;2410.00.0.0.00.000;3;;TRANSFERÊNCIAS DA UNIÃO E DE SUAS ENTIDADES;14524527,00
SECRETARIA DE ESTADO DE INFRAESTRUTURA, MOBILIDADE E PARCERIA - SEINFRA;AGÊNCIA DE DESENVOLVIMENTO DA REGIÃO METROPOLITANA DE BELO HORIZONTE - AGÊNCIA RMBH;2414.00.0.0.00.000;4;;TRANSFERÊNCIAS DE CONVÊNIOS DA UNIÃO E DE SUAS ENTIDADES;14524527,00
SECRETARIA DE ESTADO DE INFRAESTRUTURA, MOBILIDADE E PARCERIA - SEINFRA;AGÊNCIA DE DESENVOLVIMENTO DA REGIÃO METROPOLITANA DE BELO HORIZONTE - AGÊNCIA RMBH;2414.52.0.0.00.000;5;;TRANSFERÊNCIAS DE CONVÊNIOS DA UNIÃO DESTINADAS A PROGRAMAS DE SANEAMENTO BÁSICO;14524527,00
SECRETARIA DE ESTADO DE INFRAESTRUTURA, MOBILIDADE E PARCERIA - SEINFRA;AGÊNCIA DE DESENVOLVIMENTO DA REGIÃO METROPOLITANA DE BELO HORIZONTE - AGÊNCIA RMBH;2414.52.0.1.00.000;7;;TRANSF. CONVÊNIOS UNIÃO SANEAMENTO - PRINCIPAL;14524527,00
SECRETARIA DE ESTADO DE INFRAESTRUTURA, MOBILIDADE E PARCERIA - SEINFRA;AGÊNCIA DE DESENVOLVIMENTO DA REGIÃO METROPOLITANA DE BELO HORIZONTE - AGÊNCIA RMBH;2414.52.0.1.02.000;8;24;SANEAMENTO - MINISTÉRIO DAS CIDADES;14524527,00
SECRETARIA DE ESTADO DE MEIO AMBIENTE E DESENVOLVIMENTO SUSTENTÁVEL - SEMAD;AGÊNCIA REGULADORA DE SERVIÇOS DE ABASTECIMENTO DE ÁGUA E DE ESGOTAMENTO SANITÁRIO DO ESTADO DE MINAS GERAIS - ARSAE -MG;1000.00.0.0.00.000;1;;RECEITAS CORRENTES;45888052,00
SECRETARIA DE ESTADO DE MEIO AMBIENTE E DESENVOLVIMENTO SUSTENTÁVEL - SEMAD;AGÊNCIA REGULADORA DE SERVIÇOS DE ABASTECIMENTO DE ÁGUA E DE ESGOTAMENTO SANITÁRIO DO ESTADO DE MINAS GERAIS - ARSAE -MG;1100.00.0.0.00.000;2;;IMPOSTOS, TAXAS E CONTRIBUIÇÕES DE MELHORIA;45868052,00
SECRETARIA DE ESTADO DE MEIO AMBIENTE E DESENVOLVIMENTO SUSTENTÁVEL - SEMAD;AGÊNCIA REGULADORA DE SERVIÇOS DE ABASTECIMENTO DE ÁGUA E DE ESGOTAMENTO SANITÁRIO DO ESTADO DE MINAS GERAIS - ARSAE -MG;1120.00.0.0.00.000;3;;TAXAS;45868052,00
SECRETARIA DE ESTADO DE MEIO AMBIENTE E DESENVOLVIMENTO SUSTENTÁVEL - SEMAD;AGÊNCIA REGULADORA DE SERVIÇOS DE ABASTECIMENTO DE ÁGUA E DE ESGOTAMENTO SANITÁRIO DO ESTADO DE MINAS GERAIS - ARSAE -MG;1121.00.0.0.00.000;4;;TAXAS PELO EXERCÍCIO DO PODER DE POLÍCIA;45868052,00
SECRETARIA DE ESTADO DE MEIO AMBIENTE E DESENVOLVIMENTO SUSTENTÁVEL - SEMAD;AGÊNCIA REGULADORA DE SERVIÇOS DE ABASTECIMENTO DE ÁGUA E DE ESGOTAMENTO SANITÁRIO DO ESTADO DE MINAS GERAIS - ARSAE -MG;1121.01.0.0.00.000;5;;TAXAS DE INSPEÇÃO, CONTROLE E FISCALIZAÇÃO;45868052,00
SECRETARIA DE ESTADO DE MEIO AMBIENTE E DESENVOLVIMENTO SUSTENTÁVEL - SEMAD;AGÊNCIA REGULADORA DE SERVIÇOS DE ABASTECIMENTO DE ÁGUA E DE ESGOTAMENTO SANITÁRIO DO ESTADO DE MINAS GERAIS - ARSAE -MG;1121.01.0.1.00.000;7;;TX. INSP. CONTR. FISC. - PRINCIPAL;45858052,00
SECRETARIA DE ESTADO DE MEIO AMBIENTE E DESENVOLVIMENTO SUSTENTÁVEL - SEMAD;AGÊNCIA REGULADORA DE SERVIÇOS DE ABASTECIMENTO DE ÁGUA E DE ESGOTAMENTO SANITÁRIO DO ESTADO DE MINAS GERAIS - ARSAE -MG;1121.01.0.1.04.000;8;59;TX. INSP. CONTR. FISC. - PRINC. - TAXA DE FISCALIZAÇÃO SOBRE SERVIÇOS PÚBLICOS DE ABASTECIMENTO DE ÁGUA E SANEAMENTO;45858052,00
SECRETARIA DE ESTADO DE MEIO AMBIENTE E DESENVOLVIMENTO SUSTENTÁVEL - SEMAD;AGÊNCIA REGULADORA DE SERVIÇOS DE ABASTECIMENTO DE ÁGUA E DE ESGOTAMENTO SANITÁRIO DO ESTADO DE MINAS GERAIS - ARSAE -MG;1121.01.0.2.00.000;7;;TX. INSP. CONTR. FISC. - MULTAS E JUROS DE MORA;10000,00
SECRETARIA DE ESTADO DE MEIO AMBIENTE E DESENVOLVIMENTO SUSTENTÁVEL - SEMAD;AGÊNCIA REGULADORA DE SERVIÇOS DE ABASTECIMENTO DE ÁGUA E DE ESGOTAMENTO SANITÁRIO DO ESTADO DE MINAS GERAIS - ARSAE -MG;1121.01.0.2.04.000;8;59;TX. INSP. CONTR. FISC. - MJM - TAXA DE FISCALIZAÇÃO SOBRE SERVIÇOS PÚBLICOS DE ABASTECIMENTO DE ÁGUA E SANEAMENTO;10000,00
SECRETARIA DE ESTADO DE MEIO AMBIENTE E DESENVOLVIMENTO SUSTENTÁVEL - SEMAD;AGÊNCIA REGULADORA DE SERVIÇOS DE ABASTECIMENTO DE ÁGUA E DE ESGOTAMENTO SANITÁRIO DO ESTADO DE MINAS GERAIS - ARSAE -MG;1900.00.0.0.00.000;2;;OUTRAS RECEITAS CORRENTES;20000,00
SECRETARIA DE ESTADO DE MEIO AMBIENTE E DESENVOLVIMENTO SUSTENTÁVEL - SEMAD;AGÊNCIA REGULADORA DE SERVIÇOS DE ABASTECIMENTO DE ÁGUA E DE ESGOTAMENTO SANITÁRIO DO ESTADO DE MINAS GERAIS - ARSAE -MG;1920.00.0.0.00.000;3;;INDENIZAÇÕES, RESTITUIÇÕES E RESSARCIMENTOS;20000,00
SECRETARIA DE ESTADO DE MEIO AMBIENTE E DESENVOLVIMENTO SUSTENTÁVEL - SEMAD;AGÊNCIA REGULADORA DE SERVIÇOS DE ABASTECIMENTO DE ÁGUA E DE ESGOTAMENTO SANITÁRIO DO ESTADO DE MINAS GERAIS - ARSAE -MG;1922.00.0.0.00.000;4;;RESTITUIÇÕES;20000,00
SECRETARIA DE ESTADO DE MEIO AMBIENTE E DESENVOLVIMENTO SUSTENTÁVEL - SEMAD;AGÊNCIA REGULADORA DE SERVIÇOS DE ABASTECIMENTO DE ÁGUA E DE ESGOTAMENTO SANITÁRIO DO ESTADO DE MINAS GERAIS - ARSAE -MG;1922.52.0.0.00.000;5;;RESTITUIÇÃO DE REMUNERAÇÃO DE FOLHA DE PAGAMENTO - PESSOAL ATIVO;10000,00
SECRETARIA DE ESTADO DE MEIO AMBIENTE E DESENVOLVIMENTO SUSTENTÁVEL - SEMAD;AGÊNCIA REGULADORA DE SERVIÇOS DE ABASTECIMENTO DE ÁGUA E DE ESGOTAMENTO SANITÁRIO DO ESTADO DE MINAS GERAIS - ARSAE -MG;1922.52.0.1.00.000;7;;RESTITUIÇÃO REMUNERAÇÃO FOLHA PAGAMENTO - PESSOAL ATIVO - PRINCIPAL;10000,00
SECRETARIA DE ESTADO DE MEIO AMBIENTE E DESENVOLVIMENTO SUSTENTÁVEL - SEMAD;AGÊNCIA REGULADORA DE SERVIÇOS DE ABASTECIMENTO DE ÁGUA E DE ESGOTAMENTO SANITÁRIO DO ESTADO DE MINAS GERAIS - ARSAE -MG;1922.52.0.1.01.000;8;59;RESTITUIÇÃO REMUNERAÇÃO FOLHA PAGAMENTO - PESSOAL ATIVO - PRINC.;10000,00
SECRETARIA DE ESTADO DE MEIO AMBIENTE E DESENVOLVIMENTO SUSTENTÁVEL - SEMAD;AGÊNCIA REGULADORA DE SERVIÇOS DE ABASTECIMENTO DE ÁGUA E DE ESGOTAMENTO SANITÁRIO DO ESTADO DE MINAS GERAIS - ARSAE -MG;1922.99.0.0.00.000;5;;OUTRAS RESTITUIÇÕES;10000,00
SECRETARIA DE ESTADO DE MEIO AMBIENTE E DESENVOLVIMENTO SUSTENTÁVEL - SEMAD;AGÊNCIA REGULADORA DE SERVIÇOS DE ABASTECIMENTO DE ÁGUA E DE ESGOTAMENTO SANITÁRIO DO ESTADO DE MINAS GERAIS - ARSAE -MG;1922.99.0.1.00.000;7;;OUTRAS RESTITUIÇÕES - PRINCIPAL;10000,00
SECRETARIA DE ESTADO DE MEIO AMBIENTE E DESENVOLVIMENTO SUSTENTÁVEL - SEMAD;AGÊNCIA REGULADORA DE SERVIÇOS DE ABASTECIMENTO DE ÁGUA E DE ESGOTAMENTO SANITÁRIO DO ESTADO DE MINAS GERAIS - ARSAE -MG;1922.99.0.1.99.000;8;59;OUTRAS RESTITUIÇÕES - PRINC. - DEMAIS;10000,00
SECRETARIA DE ESTADO DE INFRAESTRUTURA, MOBILIDADE E PARCERIA - SEINFRA;AGÊNCIA DE DESENVOLVIMENTO DA REGIÃO METROPOLITANA DO VALE DO AÇO - ARMVA;1000.00.0.0.00.000;1;;RECEITAS CORRENTES;13689007,00
SECRETARIA DE ESTADO DE INFRAESTRUTURA, MOBILIDADE E PARCERIA - SEINFRA;AGÊNCIA DE DESENVOLVIMENTO DA REGIÃO METROPOLITANA DO VALE DO AÇO - ARMVA;1300.00.0.0.00.000;2;;RECEITA PATRIMONIAL;1000,00
SECRETARIA DE ESTADO DE INFRAESTRUTURA, MOBILIDADE E PARCERIA - SEINFRA;AGÊNCIA DE DESENVOLVIMENTO DA REGIÃO METROPOLITANA DO VALE DO AÇO - ARMVA;1320.00.0.0.00.000;3;;VALORES MOBILIÁRIOS;1000,00
SECRETARIA DE ESTADO DE INFRAESTRUTURA, MOBILIDADE E PARCERIA - SEINFRA;AGÊNCIA DE DESENVOLVIMENTO DA REGIÃO METROPOLITANA DO VALE DO AÇO - ARMVA;1321.00.0.0.00.000;4;;JUROS E CORREÇÕES MONETÁRIAS;1000,00
SECRETARIA DE ESTADO DE INFRAESTRUTURA, MOBILIDADE E PARCERIA - SEINFRA;AGÊNCIA DE DESENVOLVIMENTO DA REGIÃO METROPOLITANA DO VALE DO AÇO - ARMVA;1321.01.0.0.00.000;5;;REMUNERAÇÃO DE DEPÓSITOS BANCÁRIOS;1000,00
SECRETARIA DE ESTADO DE INFRAESTRUTURA, MOBILIDADE E PARCERIA - SEINFRA;AGÊNCIA DE DESENVOLVIMENTO DA REGIÃO METROPOLITANA DO VALE DO AÇO - ARMVA;1321.01.0.1.00.000;7;;REMUNERAÇÃO DEPÓSITOS BANCÁRIOS - PRINCIPAL;1000,00
SECRETARIA DE ESTADO DE INFRAESTRUTURA, MOBILIDADE E PARCERIA - SEINFRA;AGÊNCIA DE DESENVOLVIMENTO DA REGIÃO METROPOLITANA DO VALE DO AÇO - ARMVA;1321.01.0.1.01.000;8;24;REMUNERAÇÃO DEPÓSITOS BANCÁRIOS - PRINC.;1000,00
SECRETARIA DE ESTADO DE INFRAESTRUTURA, MOBILIDADE E PARCERIA - SEINFRA;AGÊNCIA DE DESENVOLVIMENTO DA REGIÃO METROPOLITANA DO VALE DO AÇO - ARMVA;1600.00.0.0.00.000;2;;RECEITA DE SERVIÇOS;55000,00
SECRETARIA DE ESTADO DE INFRAESTRUTURA, MOBILIDADE E PARCERIA - SEINFRA;AGÊNCIA DE DESENVOLVIMENTO DA REGIÃO METROPOLITANA DO VALE DO AÇO - ARMVA;1610.00.0.0.00.000;3;;SERVIÇOS ADMINISTRATIVOS E COMERCIAIS GERAIS;55000,00
SECRETARIA DE ESTADO DE INFRAESTRUTURA, MOBILIDADE E PARCERIA - SEINFRA;AGÊNCIA DE DESENVOLVIMENTO DA REGIÃO METROPOLITANA DO VALE DO AÇO - ARMVA;1611.00.0.0.00.000;4;;SERVIÇOS ADMINISTRATIVOS E COMERCIAIS GERAIS;55000,00
SECRETARIA DE ESTADO DE INFRAESTRUTURA, MOBILIDADE E PARCERIA - SEINFRA;AGÊNCIA DE DESENVOLVIMENTO DA REGIÃO METROPOLITANA DO VALE DO AÇO - ARMVA;1611.01.0.0.00.000;5;;SERVIÇOS ADMINISTRATIVOS E COMERCIAIS GERAIS;55000,00
SECRETARIA DE ESTADO DE INFRAESTRUTURA, MOBILIDADE E PARCERIA - SEINFRA;AGÊNCIA DE DESENVOLVIMENTO DA REGIÃO METROPOLITANA DO VALE DO AÇO - ARMVA;1611.01.0.1.00.000;7;;SERVIÇOS ADM. COMERC. GER. - PRINCIPAL;55000,00
SECRETARIA DE ESTADO DE INFRAESTRUTURA, MOBILIDADE E PARCERIA - SEINFRA;AGÊNCIA DE DESENVOLVIMENTO DA REGIÃO METROPOLITANA DO VALE DO AÇO - ARMVA;1611.01.0.1.99.000;8;;SERVIÇOS ADM. COMERC. GER. - PRINC. - DEMAIS;55000,00
SECRETARIA DE ESTADO DE INFRAESTRUTURA, MOBILIDADE E PARCERIA - SEINFRA;AGÊNCIA DE DESENVOLVIMENTO DA REGIÃO METROPOLITANA DO VALE DO AÇO - ARMVA;1611.01.0.1.99.001;9;60;SERVIÇOS ADM. COMERC. GER. - PRINC. - DEMAIS - SERVIÇOS ADMINISTRATIVOS;55000,00
SECRETARIA DE ESTADO DE INFRAESTRUTURA, MOBILIDADE E PARCERIA - SEINFRA;AGÊNCIA DE DESENVOLVIMENTO DA REGIÃO METROPOLITANA DO VALE DO AÇO - ARMVA;1700.00.0.0.00.000;2;;TRANSFERÊNCIAS CORRENTES;13632007,00
SECRETARIA DE ESTADO DE INFRAESTRUTURA, MOBILIDADE E PARCERIA - SEINFRA;AGÊNCIA DE DESENVOLVIMENTO DA REGIÃO METROPOLITANA DO VALE DO AÇO - ARMVA;1710.00.0.0.00.000;3;;TRANSFERÊNCIAS DA UNIÃO E DE SUAS ENTIDADES;13632007,00
SECRETARIA DE ESTADO DE INFRAESTRUTURA, MOBILIDADE E PARCERIA - SEINFRA;AGÊNCIA DE DESENVOLVIMENTO DA REGIÃO METROPOLITANA DO VALE DO AÇO - ARMVA;1717.00.0.0.00.000;4;;TRANSFERÊNCIAS DE CONVÊNIOS DA UNIÃO E DE SUAS ENTIDADES;13632007,00
SECRETARIA DE ESTADO DE INFRAESTRUTURA, MOBILIDADE E PARCERIA - SEINFRA;AGÊNCIA DE DESENVOLVIMENTO DA REGIÃO METROPOLITANA DO VALE DO AÇO - ARMVA;1717.99.0.0.00.000;5;;OUTRAS TRANSFERÊNCIAS DE CONVÊNIOS DA UNIÃO E DE SUAS ENTIDADES;13632007,00
SECRETARIA DE ESTADO DE INFRAESTRUTURA, MOBILIDADE E PARCERIA - SEINFRA;AGÊNCIA DE DESENVOLVIMENTO DA REGIÃO METROPOLITANA DO VALE DO AÇO - ARMVA;1717.99.0.1.00.000;7;;OUTRAS TRANSF. CONVÊNIOS UNIÃO ENTIDADES - PRINCIPAL;13632007,00
SECRETARIA DE ESTADO DE INFRAESTRUTURA, MOBILIDADE E PARCERIA - SEINFRA;AGÊNCIA DE DESENVOLVIMENTO DA REGIÃO METROPOLITANA DO VALE DO AÇO - ARMVA;1717.99.0.1.22.000;8;;OUTRAS TRANSF. CONVÊNIOS UNIÃO ENTIDADES - PRINC. - URBANISMO;13632007,00
SECRETARIA DE ESTADO DE INFRAESTRUTURA, MOBILIDADE E PARCERIA - SEINFRA;AGÊNCIA DE DESENVOLVIMENTO DA REGIÃO METROPOLITANA DO VALE DO AÇO - ARMVA;1717.99.0.1.22.001;9;24;URBANISMO - MINISTÉRIO DAS CIDADES;13632007,00
SECRETARIA DE ESTADO DE INFRAESTRUTURA, MOBILIDADE E PARCERIA - SEINFRA;AGÊNCIA DE DESENVOLVIMENTO DA REGIÃO METROPOLITANA DO VALE DO AÇO - ARMVA;1900.00.0.0.00.000;2;;OUTRAS RECEITAS CORRENTES;1000,00
SECRETARIA DE ESTADO DE INFRAESTRUTURA, MOBILIDADE E PARCERIA - SEINFRA;AGÊNCIA DE DESENVOLVIMENTO DA REGIÃO METROPOLITANA DO VALE DO AÇO - ARMVA;1920.00.0.0.00.000;3;;INDENIZAÇÕES, RESTITUIÇÕES E RESSARCIMENTOS;1000,00
SECRETARIA DE ESTADO DE INFRAESTRUTURA, MOBILIDADE E PARCERIA - SEINFRA;AGÊNCIA DE DESENVOLVIMENTO DA REGIÃO METROPOLITANA DO VALE DO AÇO - ARMVA;1922.00.0.0.00.000;4;;RESTITUIÇÕES;1000,00
SECRETARIA DE ESTADO DE INFRAESTRUTURA, MOBILIDADE E PARCERIA - SEINFRA;AGÊNCIA DE DESENVOLVIMENTO DA REGIÃO METROPOLITANA DO VALE DO AÇO - ARMVA;1922.99.0.0.00.000;5;;OUTRAS RESTITUIÇÕES;1000,00
SECRETARIA DE ESTADO DE INFRAESTRUTURA, MOBILIDADE E PARCERIA - SEINFRA;AGÊNCIA DE DESENVOLVIMENTO DA REGIÃO METROPOLITANA DO VALE DO AÇO - ARMVA;1922.99.0.1.00.000;7;;OUTRAS RESTITUIÇÕES - PRINCIPAL;1000,00
SECRETARIA DE ESTADO DE INFRAESTRUTURA, MOBILIDADE E PARCERIA - SEINFRA;AGÊNCIA DE DESENVOLVIMENTO DA REGIÃO METROPOLITANA DO VALE DO AÇO - ARMVA;1922.99.0.1.99.000;8;24;OUTRAS RESTITUIÇÕES - PRINC. - DEMAIS;1000,00
SECRETARIA DE ESTADO DE AGRICULTURA, PECUÁRIA E ABASTECIMENTO - SEAPA;EMPRESA DE ASSISTÊNCIA TÉCNICA E EXTENSÃO RURAL DO ESTADO DE MINAS GERAIS - EMATER;1000.00.0.0.00.000;1;;RECEITAS CORRENTES;166170909,00
SECRETARIA DE ESTADO DE AGRICULTURA, PECUÁRIA E ABASTECIMENTO - SEAPA;EMPRESA DE ASSISTÊNCIA TÉCNICA E EXTENSÃO RURAL DO ESTADO DE MINAS GERAIS - EMATER;1300.00.0.0.00.000;2;;RECEITA PATRIMONIAL;2000,00
SECRETARIA DE ESTADO DE AGRICULTURA, PECUÁRIA E ABASTECIMENTO - SEAPA;EMPRESA DE ASSISTÊNCIA TÉCNICA E EXTENSÃO RURAL DO ESTADO DE MINAS GERAIS - EMATER;1320.00.0.0.00.000;3;;VALORES MOBILIÁRIOS;2000,00
SECRETARIA DE ESTADO DE AGRICULTURA, PECUÁRIA E ABASTECIMENTO - SEAPA;EMPRESA DE ASSISTÊNCIA TÉCNICA E EXTENSÃO RURAL DO ESTADO DE MINAS GERAIS - EMATER;1321.00.0.0.00.000;4;;JUROS E CORREÇÕES MONETÁRIAS;2000,00
SECRETARIA DE ESTADO DE AGRICULTURA, PECUÁRIA E ABASTECIMENTO - SEAPA;EMPRESA DE ASSISTÊNCIA TÉCNICA E EXTENSÃO RURAL DO ESTADO DE MINAS GERAIS - EMATER;1321.01.0.0.00.000;5;;REMUNERAÇÃO DE DEPÓSITOS BANCÁRIOS;2000,00
SECRETARIA DE ESTADO DE AGRICULTURA, PECUÁRIA E ABASTECIMENTO - SEAPA;EMPRESA DE ASSISTÊNCIA TÉCNICA E EXTENSÃO RURAL DO ESTADO DE MINAS GERAIS - EMATER;1321.01.0.1.00.000;7;;REMUNERAÇÃO DEPÓSITOS BANCÁRIOS - PRINCIPAL;2000,00
SECRETARIA DE ESTADO DE AGRICULTURA, PECUÁRIA E ABASTECIMENTO - SEAPA;EMPRESA DE ASSISTÊNCIA TÉCNICA E EXTENSÃO RURAL DO ESTADO DE MINAS GERAIS - EMATER;1321.01.0.1.01.000;8;1;REMUNERAÇÃO DEPÓSITOS BANCÁRIOS - PRINC.;1000,00
SECRETARIA DE ESTADO DE AGRICULTURA, PECUÁRIA E ABASTECIMENTO - SEAPA;EMPRESA DE ASSISTÊNCIA TÉCNICA E EXTENSÃO RURAL DO ESTADO DE MINAS GERAIS - EMATER;1321.01.0.1.01.000;8;24;REMUNERAÇÃO DEPÓSITOS BANCÁRIOS - PRINC.;1000,00
SECRETARIA DE ESTADO DE AGRICULTURA, PECUÁRIA E ABASTECIMENTO - SEAPA;EMPRESA DE ASSISTÊNCIA TÉCNICA E EXTENSÃO RURAL DO ESTADO DE MINAS GERAIS - EMATER;1600.00.0.0.00.000;2;;RECEITA DE SERVIÇOS;52700000,00
SECRETARIA DE ESTADO DE AGRICULTURA, PECUÁRIA E ABASTECIMENTO - SEAPA;EMPRESA DE ASSISTÊNCIA TÉCNICA E EXTENSÃO RURAL DO ESTADO DE MINAS GERAIS - EMATER;1610.00.0.0.00.000;3;;SERVIÇOS ADMINISTRATIVOS E COMERCIAIS GERAIS;52700000,00
SECRETARIA DE ESTADO DE AGRICULTURA, PECUÁRIA E ABASTECIMENTO - SEAPA;EMPRESA DE ASSISTÊNCIA TÉCNICA E EXTENSÃO RURAL DO ESTADO DE MINAS GERAIS - EMATER;1611.00.0.0.00.000;4;;SERVIÇOS ADMINISTRATIVOS E COMERCIAIS GERAIS;52700000,00
SECRETARIA DE ESTADO DE AGRICULTURA, PECUÁRIA E ABASTECIMENTO - SEAPA;EMPRESA DE ASSISTÊNCIA TÉCNICA E EXTENSÃO RURAL DO ESTADO DE MINAS GERAIS - EMATER;1611.01.0.0.00.000;5;;SERVIÇOS ADMINISTRATIVOS E COMERCIAIS GERAIS;52700000,00
SECRETARIA DE ESTADO DE AGRICULTURA, PECUÁRIA E ABASTECIMENTO - SEAPA;EMPRESA DE ASSISTÊNCIA TÉCNICA E EXTENSÃO RURAL DO ESTADO DE MINAS GERAIS - EMATER;1611.01.0.1.00.000;7;;SERVIÇOS ADM. COMERC. GER. - PRINCIPAL;52700000,00
SECRETARIA DE ESTADO DE AGRICULTURA, PECUÁRIA E ABASTECIMENTO - SEAPA;EMPRESA DE ASSISTÊNCIA TÉCNICA E EXTENSÃO RURAL DO ESTADO DE MINAS GERAIS - EMATER;1611.01.0.1.28.000;8;60;SERVIÇOS ADM. COMERC. GER. - PRINC. - CONSULTORIA, ASSISTÊNCIA TÉCNICA E ANÁLISE DE PROJETOS;52700000,00
SECRETARIA DE ESTADO DE AGRICULTURA, PECUÁRIA E ABASTECIMENTO - SEAPA;EMPRESA DE ASSISTÊNCIA TÉCNICA E EXTENSÃO RURAL DO ESTADO DE MINAS GERAIS - EMATER;1700.00.0.0.00.000;2;;TRANSFERÊNCIAS CORRENTES;113466909,00
SECRETARIA DE ESTADO DE AGRICULTURA, PECUÁRIA E ABASTECIMENTO - SEAPA;EMPRESA DE ASSISTÊNCIA TÉCNICA E EXTENSÃO RURAL DO ESTADO DE MINAS GERAIS - EMATER;1710.00.0.0.00.000;3;;TRANSFERÊNCIAS DA UNIÃO E DE SUAS ENTIDADES;7666909,00
SECRETARIA DE ESTADO DE AGRICULTURA, PECUÁRIA E ABASTECIMENTO - SEAPA;EMPRESA DE ASSISTÊNCIA TÉCNICA E EXTENSÃO RURAL DO ESTADO DE MINAS GERAIS - EMATER;1717.00.0.0.00.000;4;;TRANSFERÊNCIAS DE CONVÊNIOS DA UNIÃO E DE SUAS ENTIDADES;7666909,00
SECRETARIA DE ESTADO DE AGRICULTURA, PECUÁRIA E ABASTECIMENTO - SEAPA;EMPRESA DE ASSISTÊNCIA TÉCNICA E EXTENSÃO RURAL DO ESTADO DE MINAS GERAIS - EMATER;1717.99.0.0.00.000;5;;OUTRAS TRANSFERÊNCIAS DE CONVÊNIOS DA UNIÃO E DE SUAS ENTIDADES;7666909,00
SECRETARIA DE ESTADO DE AGRICULTURA, PECUÁRIA E ABASTECIMENTO - SEAPA;EMPRESA DE ASSISTÊNCIA TÉCNICA E EXTENSÃO RURAL DO ESTADO DE MINAS GERAIS - EMATER;1717.99.0.1.00.000;7;;OUTRAS TRANSF. CONVÊNIOS UNIÃO ENTIDADES - PRINCIPAL;7666909,00
SECRETARIA DE ESTADO DE AGRICULTURA, PECUÁRIA E ABASTECIMENTO - SEAPA;EMPRESA DE ASSISTÊNCIA TÉCNICA E EXTENSÃO RURAL DO ESTADO DE MINAS GERAIS - EMATER;1717.99.0.1.05.000;8;;OUTRAS TRANSF. CONVÊNIOS UNIÃO ENTIDADES - PRINC. - AGROPECUÁRIA;7666909,00
SECRETARIA DE ESTADO DE AGRICULTURA, PECUÁRIA E ABASTECIMENTO - SEAPA;EMPRESA DE ASSISTÊNCIA TÉCNICA E EXTENSÃO RURAL DO ESTADO DE MINAS GERAIS - EMATER;1717.99.0.1.05.007;9;1;AGROPECUÁRIA - MINISTÉRIO DO DESENVOLVIMENTO AGRÁRIO E AGRICULTURA FAMILIAR;286500,00
SECRETARIA DE ESTADO DE AGRICULTURA, PECUÁRIA E ABASTECIMENTO - SEAPA;EMPRESA DE ASSISTÊNCIA TÉCNICA E EXTENSÃO RURAL DO ESTADO DE MINAS GERAIS - EMATER;1717.99.0.1.05.007;9;2;AGROPECUÁRIA - MINISTÉRIO DO DESENVOLVIMENTO AGRÁRIO E AGRICULTURA FAMILIAR;6380409,00
SECRETARIA DE ESTADO DE AGRICULTURA, PECUÁRIA E ABASTECIMENTO - SEAPA;EMPRESA DE ASSISTÊNCIA TÉCNICA E EXTENSÃO RURAL DO ESTADO DE MINAS GERAIS - EMATER;1717.99.0.1.05.007;9;24;AGROPECUÁRIA - MINISTÉRIO DO DESENVOLVIMENTO AGRÁRIO E AGRICULTURA FAMILIAR;1000000,00
SECRETARIA DE ESTADO DE AGRICULTURA, PECUÁRIA E ABASTECIMENTO - SEAPA;EMPRESA DE ASSISTÊNCIA TÉCNICA E EXTENSÃO RURAL DO ESTADO DE MINAS GERAIS - EMATER;1730.00.0.0.00.000;3;;TRANSFERÊNCIAS DOS MUNICÍPIOS E DE SUAS ENTIDADES;105800000,00
SECRETARIA DE ESTADO DE AGRICULTURA, PECUÁRIA E ABASTECIMENTO - SEAPA;EMPRESA DE ASSISTÊNCIA TÉCNICA E EXTENSÃO RURAL DO ESTADO DE MINAS GERAIS - EMATER;1732.00.0.0.00.000;4;;TRANSFERÊNCIAS DE CONVÊNIOS DOS MUNICÍPIOS E DE SUAS ENTIDADES;105800000,00
SECRETARIA DE ESTADO DE AGRICULTURA, PECUÁRIA E ABASTECIMENTO - SEAPA;EMPRESA DE ASSISTÊNCIA TÉCNICA E EXTENSÃO RURAL DO ESTADO DE MINAS GERAIS - EMATER;1732.99.0.0.00.000;5;;OUTRAS TRANSFERÊNCIAS DE CONVÊNIOS DOS MUNICÍPIOS E DE SUAS ENTIDADES;105800000,00
SECRETARIA DE ESTADO DE AGRICULTURA, PECUÁRIA E ABASTECIMENTO - SEAPA;EMPRESA DE ASSISTÊNCIA TÉCNICA E EXTENSÃO RURAL DO ESTADO DE MINAS GERAIS - EMATER;1732.99.0.1.00.000;7;;OUTRAS TRANSF. CONVÊNIOS MUNICÍPIOS ENTIDADES - PRINCIPAL;105800000,00
SECRETARIA DE ESTADO DE AGRICULTURA, PECUÁRIA E ABASTECIMENTO - SEAPA;EMPRESA DE ASSISTÊNCIA TÉCNICA E EXTENSÃO RURAL DO ESTADO DE MINAS GERAIS - EMATER;1732.99.0.1.08.000;8;;OUTRAS TRANSF. CONVÊNIOS MUNICÍPIOS ENTIDADES - PRINC. - AGROPECUÁRIA;105800000,00
SECRETARIA DE ESTADO DE AGRICULTURA, PECUÁRIA E ABASTECIMENTO - SEAPA;EMPRESA DE ASSISTÊNCIA TÉCNICA E EXTENSÃO RURAL DO ESTADO DE MINAS GERAIS - EMATER;1732.99.0.1.08.001;9;67;AGROPECUÁRIA - DIVERSOS MUNICÍPIOS;105800000,00
SECRETARIA DE ESTADO DE AGRICULTURA, PECUÁRIA E ABASTECIMENTO - SEAPA;EMPRESA DE ASSISTÊNCIA TÉCNICA E EXTENSÃO RURAL DO ESTADO DE MINAS GERAIS - EMATER;1900.00.0.0.00.000;2;;OUTRAS RECEITAS CORRENTES;2000,00
SECRETARIA DE ESTADO DE AGRICULTURA, PECUÁRIA E ABASTECIMENTO - SEAPA;EMPRESA DE ASSISTÊNCIA TÉCNICA E EXTENSÃO RURAL DO ESTADO DE MINAS GERAIS - EMATER;1920.00.0.0.00.000;3;;INDENIZAÇÕES, RESTITUIÇÕES E RESSARCIMENTOS;2000,00
SECRETARIA DE ESTADO DE AGRICULTURA, PECUÁRIA E ABASTECIMENTO - SEAPA;EMPRESA DE ASSISTÊNCIA TÉCNICA E EXTENSÃO RURAL DO ESTADO DE MINAS GERAIS - EMATER;1922.00.0.0.00.000;4;;RESTITUIÇÕES;2000,00
SECRETARIA DE ESTADO DE AGRICULTURA, PECUÁRIA E ABASTECIMENTO - SEAPA;EMPRESA DE ASSISTÊNCIA TÉCNICA E EXTENSÃO RURAL DO ESTADO DE MINAS GERAIS - EMATER;1922.99.0.0.00.000;5;;OUTRAS RESTITUIÇÕES;2000,00
SECRETARIA DE ESTADO DE AGRICULTURA, PECUÁRIA E ABASTECIMENTO - SEAPA;EMPRESA DE ASSISTÊNCIA TÉCNICA E EXTENSÃO RURAL DO ESTADO DE MINAS GERAIS - EMATER;1922.99.0.1.00.000;7;;OUTRAS RESTITUIÇÕES - PRINCIPAL;2000,00
SECRETARIA DE ESTADO DE AGRICULTURA, PECUÁRIA E ABASTECIMENTO - SEAPA;EMPRESA DE ASSISTÊNCIA TÉCNICA E EXTENSÃO RURAL DO ESTADO DE MINAS GERAIS - EMATER;1922.99.0.1.99.000;8;1;OUTRAS RESTITUIÇÕES - PRINC. - DEMAIS;1000,00
SECRETARIA DE ESTADO DE AGRICULTURA, PECUÁRIA E ABASTECIMENTO - SEAPA;EMPRESA DE ASSISTÊNCIA TÉCNICA E EXTENSÃO RURAL DO ESTADO DE MINAS GERAIS - EMATER;1922.99.0.1.99.000;8;24;OUTRAS RESTITUIÇÕES - PRINC. - DEMAIS;1000,00
SECRETARIA DE ESTADO DE AGRICULTURA, PECUÁRIA E ABASTECIMENTO - SEAPA;EMPRESA DE ASSISTÊNCIA TÉCNICA E EXTENSÃO RURAL DO ESTADO DE MINAS GERAIS - EMATER;2000.00.0.0.00.000;1;;RECEITAS DE CAPITAL;10444070,00
SECRETARIA DE ESTADO DE AGRICULTURA, PECUÁRIA E ABASTECIMENTO - SEAPA;EMPRESA DE ASSISTÊNCIA TÉCNICA E EXTENSÃO RURAL DO ESTADO DE MINAS GERAIS - EMATER;2400.00.0.0.00.000;2;;TRANSFERÊNCIAS DE CAPITAL;10444070,00
SECRETARIA DE ESTADO DE AGRICULTURA, PECUÁRIA E ABASTECIMENTO - SEAPA;EMPRESA DE ASSISTÊNCIA TÉCNICA E EXTENSÃO RURAL DO ESTADO DE MINAS GERAIS - EMATER;2410.00.0.0.00.000;3;;TRANSFERÊNCIAS DA UNIÃO E DE SUAS ENTIDADES;10444070,00
SECRETARIA DE ESTADO DE AGRICULTURA, PECUÁRIA E ABASTECIMENTO - SEAPA;EMPRESA DE ASSISTÊNCIA TÉCNICA E EXTENSÃO RURAL DO ESTADO DE MINAS GERAIS - EMATER;2414.00.0.0.00.000;4;;TRANSFERÊNCIAS DE CONVÊNIOS DA UNIÃO E DE SUAS ENTIDADES;10444070,00
SECRETARIA DE ESTADO DE AGRICULTURA, PECUÁRIA E ABASTECIMENTO - SEAPA;EMPRESA DE ASSISTÊNCIA TÉCNICA E EXTENSÃO RURAL DO ESTADO DE MINAS GERAIS - EMATER;2414.99.0.0.00.000;5;;OUTRAS TRANSFERÊNCIAS DE CONVÊNIOS DA UNIÃO E DE SUAS ENTIDADES;10444070,00
SECRETARIA DE ESTADO DE AGRICULTURA, PECUÁRIA E ABASTECIMENTO - SEAPA;EMPRESA DE ASSISTÊNCIA TÉCNICA E EXTENSÃO RURAL DO ESTADO DE MINAS GERAIS - EMATER;2414.99.0.1.00.000;7;;OUTRAS TRANSF. CONVÊNIOS UNIÃO - PRINCIPAL;10444070,00
SECRETARIA DE ESTADO DE AGRICULTURA, PECUÁRIA E ABASTECIMENTO - SEAPA;EMPRESA DE ASSISTÊNCIA TÉCNICA E EXTENSÃO RURAL DO ESTADO DE MINAS GERAIS - EMATER;2414.99.0.1.07.000;8;;OUTRAS TRANSF. CONVÊNIOS UNIÃO - PRINC. - AGROPECUÁRIA;10444070,00
SECRETARIA DE ESTADO DE AGRICULTURA, PECUÁRIA E ABASTECIMENTO - SEAPA;EMPRESA DE ASSISTÊNCIA TÉCNICA E EXTENSÃO RURAL DO ESTADO DE MINAS GERAIS - EMATER;2414.99.0.1.07.001;9;2;AGROPECUÁRIA - MINISTÉRIO DA AGRICULTURA, PECUÁRIA E ABASTECIMENTO;2320149,00
SECRETARIA DE ESTADO DE AGRICULTURA, PECUÁRIA E ABASTECIMENTO - SEAPA;EMPRESA DE ASSISTÊNCIA TÉCNICA E EXTENSÃO RURAL DO ESTADO DE MINAS GERAIS - EMATER;2414.99.0.1.07.002;9;24;AGROPECUÁRIA - MINISTÉRIO DO DESENVOLVIMENTO REGIONAL;5800000,00
SECRETARIA DE ESTADO DE AGRICULTURA, PECUÁRIA E ABASTECIMENTO - SEAPA;EMPRESA DE ASSISTÊNCIA TÉCNICA E EXTENSÃO RURAL DO ESTADO DE MINAS GERAIS - EMATER;2414.99.0.1.07.007;9;1;AGROPECUÁRIA - MINISTÉRIO DO DESENVOLVIMENTO AGRÁRIO E AGRICULTURA FAMILIAR;257850,00
SECRETARIA DE ESTADO DE AGRICULTURA, PECUÁRIA E ABASTECIMENTO - SEAPA;EMPRESA DE ASSISTÊNCIA TÉCNICA E EXTENSÃO RURAL DO ESTADO DE MINAS GERAIS - EMATER;2414.99.0.1.07.007;9;2;AGROPECUÁRIA - MINISTÉRIO DO DESENVOLVIMENTO AGRÁRIO E AGRICULTURA FAMILIAR;580037,00
SECRETARIA DE ESTADO DE AGRICULTURA, PECUÁRIA E ABASTECIMENTO - SEAPA;EMPRESA DE ASSISTÊNCIA TÉCNICA E EXTENSÃO RURAL DO ESTADO DE MINAS GERAIS - EMATER;2414.99.0.1.07.007;9;24;AGROPECUÁRIA - MINISTÉRIO DO DESENVOLVIMENTO AGRÁRIO E AGRICULTURA FAMILIAR;1486034,00
SECRETARIA DE ESTADO DE AGRICULTURA, PECUÁRIA E ABASTECIMENTO - SEAPA;EMPRESA DE PESQUISA AGROPECUÁRIA DE MINAS GERAIS - EPAMIG;1000.00.0.0.00.000;1;;RECEITAS CORRENTES;26343002,00
SECRETARIA DE ESTADO DE AGRICULTURA, PECUÁRIA E ABASTECIMENTO - SEAPA;EMPRESA DE PESQUISA AGROPECUÁRIA DE MINAS GERAIS - EPAMIG;1300.00.0.0.00.000;2;;RECEITA PATRIMONIAL;4000,00
SECRETARIA DE ESTADO DE AGRICULTURA, PECUÁRIA E ABASTECIMENTO - SEAPA;EMPRESA DE PESQUISA AGROPECUÁRIA DE MINAS GERAIS - EPAMIG;1320.00.0.0.00.000;3;;VALORES MOBILIÁRIOS;4000,00
SECRETARIA DE ESTADO DE AGRICULTURA, PECUÁRIA E ABASTECIMENTO - SEAPA;EMPRESA DE PESQUISA AGROPECUÁRIA DE MINAS GERAIS - EPAMIG;1321.00.0.0.00.000;4;;JUROS E CORREÇÕES MONETÁRIAS;4000,00
SECRETARIA DE ESTADO DE AGRICULTURA, PECUÁRIA E ABASTECIMENTO - SEAPA;EMPRESA DE PESQUISA AGROPECUÁRIA DE MINAS GERAIS - EPAMIG;1321.01.0.0.00.000;5;;REMUNERAÇÃO DE DEPÓSITOS BANCÁRIOS;4000,00
SECRETARIA DE ESTADO DE AGRICULTURA, PECUÁRIA E ABASTECIMENTO - SEAPA;EMPRESA DE PESQUISA AGROPECUÁRIA DE MINAS GERAIS - EPAMIG;1321.01.0.1.00.000;7;;REMUNERAÇÃO DEPÓSITOS BANCÁRIOS - PRINCIPAL;4000,00
SECRETARIA DE ESTADO DE AGRICULTURA, PECUÁRIA E ABASTECIMENTO - SEAPA;EMPRESA DE PESQUISA AGROPECUÁRIA DE MINAS GERAIS - EPAMIG;1321.01.0.1.01.000;8;1;REMUNERAÇÃO DEPÓSITOS BANCÁRIOS - PRINC.;1000,00
SECRETARIA DE ESTADO DE AGRICULTURA, PECUÁRIA E ABASTECIMENTO - SEAPA;EMPRESA DE PESQUISA AGROPECUÁRIA DE MINAS GERAIS - EPAMIG;1321.01.0.1.01.000;8;2;REMUNERAÇÃO DEPÓSITOS BANCÁRIOS - PRINC.;1000,00
SECRETARIA DE ESTADO DE AGRICULTURA, PECUÁRIA E ABASTECIMENTO - SEAPA;EMPRESA DE PESQUISA AGROPECUÁRIA DE MINAS GERAIS - EPAMIG;1321.01.0.1.01.000;8;24;REMUNERAÇÃO DEPÓSITOS BANCÁRIOS - PRINC.;1000,00
SECRETARIA DE ESTADO DE AGRICULTURA, PECUÁRIA E ABASTECIMENTO - SEAPA;EMPRESA DE PESQUISA AGROPECUÁRIA DE MINAS GERAIS - EPAMIG;1321.01.0.1.01.000;8;68;REMUNERAÇÃO DEPÓSITOS BANCÁRIOS - PRINC.;1000,00
SECRETARIA DE ESTADO DE AGRICULTURA, PECUÁRIA E ABASTECIMENTO - SEAPA;EMPRESA DE PESQUISA AGROPECUÁRIA DE MINAS GERAIS - EPAMIG;1400.00.0.0.00.000;2;;RECEITA AGROPECUÁRIA;13936209,00
SECRETARIA DE ESTADO DE AGRICULTURA, PECUÁRIA E ABASTECIMENTO - SEAPA;EMPRESA DE PESQUISA AGROPECUÁRIA DE MINAS GERAIS - EPAMIG;1410.00.0.0.00.000;3;;RECEITA AGROPECUÁRIA;13936209,00
SECRETARIA DE ESTADO DE AGRICULTURA, PECUÁRIA E ABASTECIMENTO - SEAPA;EMPRESA DE PESQUISA AGROPECUÁRIA DE MINAS GERAIS - EPAMIG;1411.00.0.0.00.000;4;;RECEITA AGROPECUÁRIA;13936209,00
SECRETARIA DE ESTADO DE AGRICULTURA, PECUÁRIA E ABASTECIMENTO - SEAPA;EMPRESA DE PESQUISA AGROPECUÁRIA DE MINAS GERAIS - EPAMIG;1411.01.0.0.00.000;5;;RECEITA AGROPECUÁRIA;13936209,00
SECRETARIA DE ESTADO DE AGRICULTURA, PECUÁRIA E ABASTECIMENTO - SEAPA;EMPRESA DE PESQUISA AGROPECUÁRIA DE MINAS GERAIS - EPAMIG;1411.01.0.1.00.000;7;;REC. AGROPECUÁRIA - PRINCIPAL;13936209,00
SECRETARIA DE ESTADO DE AGRICULTURA, PECUÁRIA E ABASTECIMENTO - SEAPA;EMPRESA DE PESQUISA AGROPECUÁRIA DE MINAS GERAIS - EPAMIG;1411.01.0.1.01.000;8;60;REC. AGROPECUÁRIA - PRINC. - PRODUÇÃO VEGETAL;8879190,00
SECRETARIA DE ESTADO DE AGRICULTURA, PECUÁRIA E ABASTECIMENTO - SEAPA;EMPRESA DE PESQUISA AGROPECUÁRIA DE MINAS GERAIS - EPAMIG;1411.01.0.1.02.000;8;;REC. AGROPECUÁRIA - PRINC. - PRODUÇÃO ANIMAL E DERIVADOS;5056019,00
SECRETARIA DE ESTADO DE AGRICULTURA, PECUÁRIA E ABASTECIMENTO - SEAPA;EMPRESA DE PESQUISA AGROPECUÁRIA DE MINAS GERAIS - EPAMIG;1411.01.0.1.02.999;9;60;REC. AGROPECUÁRIA - PRINC. - PRODUÇÃO ANIMAL DERIVADOS - OUTROS;5056019,00
SECRETARIA DE ESTADO DE AGRICULTURA, PECUÁRIA E ABASTECIMENTO - SEAPA;EMPRESA DE PESQUISA AGROPECUÁRIA DE MINAS GERAIS - EPAMIG;1411.01.0.1.99.000;8;60;REC. AGROPECUÁRIA - PRINC. - DEMAIS;1000,00
SECRETARIA DE ESTADO DE AGRICULTURA, PECUÁRIA E ABASTECIMENTO - SEAPA;EMPRESA DE PESQUISA AGROPECUÁRIA DE MINAS GERAIS - EPAMIG;1500.00.0.0.00.000;2;;RECEITA INDUSTRIAL;940272,00
SECRETARIA DE ESTADO DE AGRICULTURA, PECUÁRIA E ABASTECIMENTO - SEAPA;EMPRESA DE PESQUISA AGROPECUÁRIA DE MINAS GERAIS - EPAMIG;1510.00.0.0.00.000;3;;RECEITA INDUSTRIAL;940272,00
SECRETARIA DE ESTADO DE AGRICULTURA, PECUÁRIA E ABASTECIMENTO - SEAPA;EMPRESA DE PESQUISA AGROPECUÁRIA DE MINAS GERAIS - EPAMIG;1511.00.0.0.00.000;4;;RECEITA INDUSTRIAL;940272,00
SECRETARIA DE ESTADO DE AGRICULTURA, PECUÁRIA E ABASTECIMENTO - SEAPA;EMPRESA DE PESQUISA AGROPECUÁRIA DE MINAS GERAIS - EPAMIG;1511.01.0.0.00.000;5;;RECEITA INDUSTRIAL;940272,00
SECRETARIA DE ESTADO DE AGRICULTURA, PECUÁRIA E ABASTECIMENTO - SEAPA;EMPRESA DE PESQUISA AGROPECUÁRIA DE MINAS GERAIS - EPAMIG;1511.01.0.1.00.000;7;;REC. INDUSTRIAL - PRINCIPAL;940272,00
SECRETARIA DE ESTADO DE AGRICULTURA, PECUÁRIA E ABASTECIMENTO - SEAPA;EMPRESA DE PESQUISA AGROPECUÁRIA DE MINAS GERAIS - EPAMIG;1511.01.0.1.01.000;8;;REC. INDUSTRIAL - PRINC. - INDÚSTRIA DE TRANSFORMAÇÃO;940272,00
SECRETARIA DE ESTADO DE AGRICULTURA, PECUÁRIA E ABASTECIMENTO - SEAPA;EMPRESA DE PESQUISA AGROPECUÁRIA DE MINAS GERAIS - EPAMIG;1511.01.0.1.01.004;9;60;REC. INDUSTRIAL - PRINC. - INDÚSTRIA TRANSFORMAÇÃO - INDÚSTRIA DE PRODUTOS ALIMENTARES;940272,00
SECRETARIA DE ESTADO DE AGRICULTURA, PECUÁRIA E ABASTECIMENTO - SEAPA;EMPRESA DE PESQUISA AGROPECUÁRIA DE MINAS GERAIS - EPAMIG;1600.00.0.0.00.000;2;;RECEITA DE SERVIÇOS;9389290,00
SECRETARIA DE ESTADO DE AGRICULTURA, PECUÁRIA E ABASTECIMENTO - SEAPA;EMPRESA DE PESQUISA AGROPECUÁRIA DE MINAS GERAIS - EPAMIG;1610.00.0.0.00.000;3;;SERVIÇOS ADMINISTRATIVOS E COMERCIAIS GERAIS;7131290,00
SECRETARIA DE ESTADO DE AGRICULTURA, PECUÁRIA E ABASTECIMENTO - SEAPA;EMPRESA DE PESQUISA AGROPECUÁRIA DE MINAS GERAIS - EPAMIG;1611.00.0.0.00.000;4;;SERVIÇOS ADMINISTRATIVOS E COMERCIAIS GERAIS;7131290,00
SECRETARIA DE ESTADO DE AGRICULTURA, PECUÁRIA E ABASTECIMENTO - SEAPA;EMPRESA DE PESQUISA AGROPECUÁRIA DE MINAS GERAIS - EPAMIG;1611.01.0.0.00.000;5;;SERVIÇOS ADMINISTRATIVOS E COMERCIAIS GERAIS;7046470,00
SECRETARIA DE ESTADO DE AGRICULTURA, PECUÁRIA E ABASTECIMENTO - SEAPA;EMPRESA DE PESQUISA AGROPECUÁRIA DE MINAS GERAIS - EPAMIG;1611.01.0.1.00.000;7;;SERVIÇOS ADM. COMERC. GER. - PRINCIPAL;7046470,00
SECRETARIA DE ESTADO DE AGRICULTURA, PECUÁRIA E ABASTECIMENTO - SEAPA;EMPRESA DE PESQUISA AGROPECUÁRIA DE MINAS GERAIS - EPAMIG;1611.01.0.1.24.000;8;60;SERVIÇOS ADM. COMERC. GER. - PRINC. - EDUCACIONAIS E CAPACITAÇÃO;77000,00
SECRETARIA DE ESTADO DE AGRICULTURA, PECUÁRIA E ABASTECIMENTO - SEAPA;EMPRESA DE PESQUISA AGROPECUÁRIA DE MINAS GERAIS - EPAMIG;1611.01.0.1.30.000;8;60;SERVIÇOS ADM. COMERC. GER. - PRINC. - ESTUDOS E PESQUISA;6969470,00
SECRETARIA DE ESTADO DE AGRICULTURA, PECUÁRIA E ABASTECIMENTO - SEAPA;EMPRESA DE PESQUISA AGROPECUÁRIA DE MINAS GERAIS - EPAMIG;1611.04.0.0.00.000;5;;SERVIÇOS DE INFORMAÇÃO E TECNOLOGIA;84820,00
SECRETARIA DE ESTADO DE AGRICULTURA, PECUÁRIA E ABASTECIMENTO - SEAPA;EMPRESA DE PESQUISA AGROPECUÁRIA DE MINAS GERAIS - EPAMIG;1611.04.0.1.00.000;7;;SERVIÇOS INFORMAÇÃO TECNOLOGIA - PRINCIPAL;84820,00
SECRETARIA DE ESTADO DE AGRICULTURA, PECUÁRIA E ABASTECIMENTO - SEAPA;EMPRESA DE PESQUISA AGROPECUÁRIA DE MINAS GERAIS - EPAMIG;1611.04.0.1.02.000;8;60;SERVIÇOS INFORMAÇÃO TECNOLOGIA - PRINC. - INFORMAÇÕES CIENTÍFICAS E TECNOLÓGICAS;84820,00
SECRETARIA DE ESTADO DE AGRICULTURA, PECUÁRIA E ABASTECIMENTO - SEAPA;EMPRESA DE PESQUISA AGROPECUÁRIA DE MINAS GERAIS - EPAMIG;1690.00.0.0.00.000;3;;OUTROS SERVIÇOS;2258000,00
SECRETARIA DE ESTADO DE AGRICULTURA, PECUÁRIA E ABASTECIMENTO - SEAPA;EMPRESA DE PESQUISA AGROPECUÁRIA DE MINAS GERAIS - EPAMIG;1699.00.0.0.00.000;4;;OUTROS SERVIÇOS;2258000,00
SECRETARIA DE ESTADO DE AGRICULTURA, PECUÁRIA E ABASTECIMENTO - SEAPA;EMPRESA DE PESQUISA AGROPECUÁRIA DE MINAS GERAIS - EPAMIG;1699.99.0.0.00.000;5;;OUTROS SERVIÇOS;2258000,00
SECRETARIA DE ESTADO DE AGRICULTURA, PECUÁRIA E ABASTECIMENTO - SEAPA;EMPRESA DE PESQUISA AGROPECUÁRIA DE MINAS GERAIS - EPAMIG;1699.99.0.1.00.000;7;;OUTROS SERVIÇOS - PRINCIPAL;2258000,00
SECRETARIA DE ESTADO DE AGRICULTURA, PECUÁRIA E ABASTECIMENTO - SEAPA;EMPRESA DE PESQUISA AGROPECUÁRIA DE MINAS GERAIS - EPAMIG;1699.99.0.1.01.000;8;60;OUTROS SERVIÇOS - PRINC.;2258000,00
SECRETARIA DE ESTADO DE AGRICULTURA, PECUÁRIA E ABASTECIMENTO - SEAPA;EMPRESA DE PESQUISA AGROPECUÁRIA DE MINAS GERAIS - EPAMIG;1700.00.0.0.00.000;2;;TRANSFERÊNCIAS CORRENTES;1601910,00
SECRETARIA DE ESTADO DE AGRICULTURA, PECUÁRIA E ABASTECIMENTO - SEAPA;EMPRESA DE PESQUISA AGROPECUÁRIA DE MINAS GERAIS - EPAMIG;1710.00.0.0.00.000;3;;TRANSFERÊNCIAS DA UNIÃO E DE SUAS ENTIDADES;1516671,00
SECRETARIA DE ESTADO DE AGRICULTURA, PECUÁRIA E ABASTECIMENTO - SEAPA;EMPRESA DE PESQUISA AGROPECUÁRIA DE MINAS GERAIS - EPAMIG;1717.00.0.0.00.000;4;;TRANSFERÊNCIAS DE CONVÊNIOS DA UNIÃO E DE SUAS ENTIDADES;1516671,00
SECRETARIA DE ESTADO DE AGRICULTURA, PECUÁRIA E ABASTECIMENTO - SEAPA;EMPRESA DE PESQUISA AGROPECUÁRIA DE MINAS GERAIS - EPAMIG;1717.99.0.0.00.000;5;;OUTRAS TRANSFERÊNCIAS DE CONVÊNIOS DA UNIÃO E DE SUAS ENTIDADES;1516671,00
SECRETARIA DE ESTADO DE AGRICULTURA, PECUÁRIA E ABASTECIMENTO - SEAPA;EMPRESA DE PESQUISA AGROPECUÁRIA DE MINAS GERAIS - EPAMIG;1717.99.0.1.00.000;7;;OUTRAS TRANSF. CONVÊNIOS UNIÃO ENTIDADES - PRINCIPAL;1516671,00
SECRETARIA DE ESTADO DE AGRICULTURA, PECUÁRIA E ABASTECIMENTO - SEAPA;EMPRESA DE PESQUISA AGROPECUÁRIA DE MINAS GERAIS - EPAMIG;1717.99.0.1.05.000;8;;OUTRAS TRANSF. CONVÊNIOS UNIÃO ENTIDADES - PRINC. - AGROPECUÁRIA;1516671,00
SECRETARIA DE ESTADO DE AGRICULTURA, PECUÁRIA E ABASTECIMENTO - SEAPA;EMPRESA DE PESQUISA AGROPECUÁRIA DE MINAS GERAIS - EPAMIG;1717.99.0.1.05.006;9;24;AGROPECUÁRIA - EMPRESA BRASILEIRA DE PESQUISA AGROPECUÁRIA - EMBRAPA;1107353,00
SECRETARIA DE ESTADO DE AGRICULTURA, PECUÁRIA E ABASTECIMENTO - SEAPA;EMPRESA DE PESQUISA AGROPECUÁRIA DE MINAS GERAIS - EPAMIG;1717.99.0.1.05.009;9;24;AGROPECUÁRIA - BANCO DO NORDESTE - BNB;409318,00
SECRETARIA DE ESTADO DE AGRICULTURA, PECUÁRIA E ABASTECIMENTO - SEAPA;EMPRESA DE PESQUISA AGROPECUÁRIA DE MINAS GERAIS - EPAMIG;1730.00.0.0.00.000;3;;TRANSFERÊNCIAS DOS MUNICÍPIOS E DE SUAS ENTIDADES;85239,00
SECRETARIA DE ESTADO DE AGRICULTURA, PECUÁRIA E ABASTECIMENTO - SEAPA;EMPRESA DE PESQUISA AGROPECUÁRIA DE MINAS GERAIS - EPAMIG;1732.00.0.0.00.000;4;;TRANSFERÊNCIAS DE CONVÊNIOS DOS MUNICÍPIOS E DE SUAS ENTIDADES;85239,00
SECRETARIA DE ESTADO DE AGRICULTURA, PECUÁRIA E ABASTECIMENTO - SEAPA;EMPRESA DE PESQUISA AGROPECUÁRIA DE MINAS GERAIS - EPAMIG;1732.99.0.0.00.000;5;;OUTRAS TRANSFERÊNCIAS DE CONVÊNIOS DOS MUNICÍPIOS E DE SUAS ENTIDADES;85239,00
SECRETARIA DE ESTADO DE AGRICULTURA, PECUÁRIA E ABASTECIMENTO - SEAPA;EMPRESA DE PESQUISA AGROPECUÁRIA DE MINAS GERAIS - EPAMIG;1732.99.0.1.00.000;7;;OUTRAS TRANSF. CONVÊNIOS MUNICÍPIOS ENTIDADES - PRINCIPAL;85239,00
SECRETARIA DE ESTADO DE AGRICULTURA, PECUÁRIA E ABASTECIMENTO - SEAPA;EMPRESA DE PESQUISA AGROPECUÁRIA DE MINAS GERAIS - EPAMIG;1732.99.0.1.08.000;8;;OUTRAS TRANSF. CONVÊNIOS MUNICÍPIOS ENTIDADES - PRINC. - AGROPECUÁRIA;85239,00
SECRETARIA DE ESTADO DE AGRICULTURA, PECUÁRIA E ABASTECIMENTO - SEAPA;EMPRESA DE PESQUISA AGROPECUÁRIA DE MINAS GERAIS - EPAMIG;1732.99.0.1.08.001;9;70;AGROPECUÁRIA - DIVERSOS MUNICÍPIOS;85239,00
SECRETARIA DE ESTADO DE AGRICULTURA, PECUÁRIA E ABASTECIMENTO - SEAPA;EMPRESA DE PESQUISA AGROPECUÁRIA DE MINAS GERAIS - EPAMIG;1900.00.0.0.00.000;2;;OUTRAS RECEITAS CORRENTES;471321,00
SECRETARIA DE ESTADO DE AGRICULTURA, PECUÁRIA E ABASTECIMENTO - SEAPA;EMPRESA DE PESQUISA AGROPECUÁRIA DE MINAS GERAIS - EPAMIG;1920.00.0.0.00.000;3;;INDENIZAÇÕES, RESTITUIÇÕES E RESSARCIMENTOS;4000,00
SECRETARIA DE ESTADO DE AGRICULTURA, PECUÁRIA E ABASTECIMENTO - SEAPA;EMPRESA DE PESQUISA AGROPECUÁRIA DE MINAS GERAIS - EPAMIG;1922.00.0.0.00.000;4;;RESTITUIÇÕES;4000,00
SECRETARIA DE ESTADO DE AGRICULTURA, PECUÁRIA E ABASTECIMENTO - SEAPA;EMPRESA DE PESQUISA AGROPECUÁRIA DE MINAS GERAIS - EPAMIG;1922.99.0.0.00.000;5;;OUTRAS RESTITUIÇÕES;4000,00
SECRETARIA DE ESTADO DE AGRICULTURA, PECUÁRIA E ABASTECIMENTO - SEAPA;EMPRESA DE PESQUISA AGROPECUÁRIA DE MINAS GERAIS - EPAMIG;1922.99.0.1.00.000;7;;OUTRAS RESTITUIÇÕES - PRINCIPAL;4000,00
SECRETARIA DE ESTADO DE AGRICULTURA, PECUÁRIA E ABASTECIMENTO - SEAPA;EMPRESA DE PESQUISA AGROPECUÁRIA DE MINAS GERAIS - EPAMIG;1922.99.0.1.99.000;8;1;OUTRAS RESTITUIÇÕES - PRINC. - DEMAIS;1000,00
SECRETARIA DE ESTADO DE AGRICULTURA, PECUÁRIA E ABASTECIMENTO - SEAPA;EMPRESA DE PESQUISA AGROPECUÁRIA DE MINAS GERAIS - EPAMIG;1922.99.0.1.99.000;8;2;OUTRAS RESTITUIÇÕES - PRINC. - DEMAIS;1000,00
SECRETARIA DE ESTADO DE AGRICULTURA, PECUÁRIA E ABASTECIMENTO - SEAPA;EMPRESA DE PESQUISA AGROPECUÁRIA DE MINAS GERAIS - EPAMIG;1922.99.0.1.99.000;8;24;OUTRAS RESTITUIÇÕES - PRINC. - DEMAIS;1000,00
SECRETARIA DE ESTADO DE AGRICULTURA, PECUÁRIA E ABASTECIMENTO - SEAPA;EMPRESA DE PESQUISA AGROPECUÁRIA DE MINAS GERAIS - EPAMIG;1922.99.0.1.99.000;8;68;OUTRAS RESTITUIÇÕES - PRINC. - DEMAIS;1000,00
SECRETARIA DE ESTADO DE AGRICULTURA, PECUÁRIA E ABASTECIMENTO - SEAPA;EMPRESA DE PESQUISA AGROPECUÁRIA DE MINAS GERAIS - EPAMIG;1990.00.0.0.00.000;3;;DEMAIS RECEITAS CORRENTES;467321,00
SECRETARIA DE ESTADO DE AGRICULTURA, PECUÁRIA E ABASTECIMENTO - SEAPA;EMPRESA DE PESQUISA AGROPECUÁRIA DE MINAS GERAIS - EPAMIG;1999.00.0.0.00.000;4;;OUTRAS RECEITAS CORRENTES;467321,00
SECRETARIA DE ESTADO DE AGRICULTURA, PECUÁRIA E ABASTECIMENTO - SEAPA;EMPRESA DE PESQUISA AGROPECUÁRIA DE MINAS GERAIS - EPAMIG;1999.99.0.0.00.000;5;;OUTRAS RECEITAS;467321,00
SECRETARIA DE ESTADO DE AGRICULTURA, PECUÁRIA E ABASTECIMENTO - SEAPA;EMPRESA DE PESQUISA AGROPECUÁRIA DE MINAS GERAIS - EPAMIG;1999.99.2.0.00.000;6;;OUTRAS RECEITAS NÃO ARRECADADAS E NÃO PROJETADAS PELA RFB - PRIMÁRIAS;467321,00
SECRETARIA DE ESTADO DE AGRICULTURA, PECUÁRIA E ABASTECIMENTO - SEAPA;EMPRESA DE PESQUISA AGROPECUÁRIA DE MINAS GERAIS - EPAMIG;1999.99.2.1.00.000;7;;OUTRAS REC. - PRIMÁRIAS - PRINCIPAL;467321,00
SECRETARIA DE ESTADO DE AGRICULTURA, PECUÁRIA E ABASTECIMENTO - SEAPA;EMPRESA DE PESQUISA AGROPECUÁRIA DE MINAS GERAIS - EPAMIG;1999.99.2.1.99.000;8;60;OUTRAS REC. - PRIMÁRIAS - PRINC. - DEMAIS;467321,00
SECRETARIA DE ESTADO DE AGRICULTURA, PECUÁRIA E ABASTECIMENTO - SEAPA;EMPRESA DE PESQUISA AGROPECUÁRIA DE MINAS GERAIS - EPAMIG;2000.00.0.0.00.000;1;;RECEITAS DE CAPITAL;2213803,00
SECRETARIA DE ESTADO DE AGRICULTURA, PECUÁRIA E ABASTECIMENTO - SEAPA;EMPRESA DE PESQUISA AGROPECUÁRIA DE MINAS GERAIS - EPAMIG;2200.00.0.0.00.000;2;;ALIENAÇÃO DE BENS;60000,00
SECRETARIA DE ESTADO DE AGRICULTURA, PECUÁRIA E ABASTECIMENTO - SEAPA;EMPRESA DE PESQUISA AGROPECUÁRIA DE MINAS GERAIS - EPAMIG;2210.00.0.0.00.000;3;;ALIENAÇÃO DE BENS MÓVEIS;60000,00
SECRETARIA DE ESTADO DE AGRICULTURA, PECUÁRIA E ABASTECIMENTO - SEAPA;EMPRESA DE PESQUISA AGROPECUÁRIA DE MINAS GERAIS - EPAMIG;2213.00.0.0.00.000;4;;ALIENAÇÃO DE BENS MÓVEIS E SEMOVENTES;60000,00
SECRETARIA DE ESTADO DE AGRICULTURA, PECUÁRIA E ABASTECIMENTO - SEAPA;EMPRESA DE PESQUISA AGROPECUÁRIA DE MINAS GERAIS - EPAMIG;2213.01.0.0.00.000;5;;ALIENAÇÃO DE BENS MÓVEIS E SEMOVENTES;60000,00
SECRETARIA DE ESTADO DE AGRICULTURA, PECUÁRIA E ABASTECIMENTO - SEAPA;EMPRESA DE PESQUISA AGROPECUÁRIA DE MINAS GERAIS - EPAMIG;2213.01.0.1.00.000;7;;ALIENAÇÃO BENS MÓVEIS SEMOVENTES - PRINCIPAL;60000,00
SECRETARIA DE ESTADO DE AGRICULTURA, PECUÁRIA E ABASTECIMENTO - SEAPA;EMPRESA DE PESQUISA AGROPECUÁRIA DE MINAS GERAIS - EPAMIG;2213.01.0.1.01.000;8;47;ALIENAÇÃO BENS MÓVEIS SEMOVENTES - PRINC.;60000,00
SECRETARIA DE ESTADO DE AGRICULTURA, PECUÁRIA E ABASTECIMENTO - SEAPA;EMPRESA DE PESQUISA AGROPECUÁRIA DE MINAS GERAIS - EPAMIG;2400.00.0.0.00.000;2;;TRANSFERÊNCIAS DE CAPITAL;2153803,00
SECRETARIA DE ESTADO DE AGRICULTURA, PECUÁRIA E ABASTECIMENTO - SEAPA;EMPRESA DE PESQUISA AGROPECUÁRIA DE MINAS GERAIS - EPAMIG;2410.00.0.0.00.000;3;;TRANSFERÊNCIAS DA UNIÃO E DE SUAS ENTIDADES;2130802,00
SECRETARIA DE ESTADO DE AGRICULTURA, PECUÁRIA E ABASTECIMENTO - SEAPA;EMPRESA DE PESQUISA AGROPECUÁRIA DE MINAS GERAIS - EPAMIG;2414.00.0.0.00.000;4;;TRANSFERÊNCIAS DE CONVÊNIOS DA UNIÃO E DE SUAS ENTIDADES;2130802,00
SECRETARIA DE ESTADO DE AGRICULTURA, PECUÁRIA E ABASTECIMENTO - SEAPA;EMPRESA DE PESQUISA AGROPECUÁRIA DE MINAS GERAIS - EPAMIG;2414.99.0.0.00.000;5;;OUTRAS TRANSFERÊNCIAS DE CONVÊNIOS DA UNIÃO E DE SUAS ENTIDADES;2130802,00
SECRETARIA DE ESTADO DE AGRICULTURA, PECUÁRIA E ABASTECIMENTO - SEAPA;EMPRESA DE PESQUISA AGROPECUÁRIA DE MINAS GERAIS - EPAMIG;2414.99.0.1.00.000;7;;OUTRAS TRANSF. CONVÊNIOS UNIÃO - PRINCIPAL;2130802,00
SECRETARIA DE ESTADO DE AGRICULTURA, PECUÁRIA E ABASTECIMENTO - SEAPA;EMPRESA DE PESQUISA AGROPECUÁRIA DE MINAS GERAIS - EPAMIG;2414.99.0.1.07.000;8;;OUTRAS TRANSF. CONVÊNIOS UNIÃO - PRINC. - AGROPECUÁRIA;2130802,00
SECRETARIA DE ESTADO DE AGRICULTURA, PECUÁRIA E ABASTECIMENTO - SEAPA;EMPRESA DE PESQUISA AGROPECUÁRIA DE MINAS GERAIS - EPAMIG;2414.99.0.1.07.001;9;24;AGROPECUÁRIA - MINISTÉRIO DA AGRICULTURA, PECUÁRIA E ABASTECIMENTO;2000000,00
SECRETARIA DE ESTADO DE AGRICULTURA, PECUÁRIA E ABASTECIMENTO - SEAPA;EMPRESA DE PESQUISA AGROPECUÁRIA DE MINAS GERAIS - EPAMIG;2414.99.0.1.07.009;9;24;AGROPECUÁRIA - BANCO DO NORDESTE - BNB;130802,00
SECRETARIA DE ESTADO DE AGRICULTURA, PECUÁRIA E ABASTECIMENTO - SEAPA;EMPRESA DE PESQUISA AGROPECUÁRIA DE MINAS GERAIS - EPAMIG;2430.00.0.0.00.000;3;;TRANSFERÊNCIAS DOS MUNICÍPIOS E DE SUAS ENTIDADES;23001,00
SECRETARIA DE ESTADO DE AGRICULTURA, PECUÁRIA E ABASTECIMENTO - SEAPA;EMPRESA DE PESQUISA AGROPECUÁRIA DE MINAS GERAIS - EPAMIG;2432.00.0.0.00.000;4;;TRANSFERÊNCIAS DE CONVÊNIOS DOS MUNICÍPIOS E DE SUAS ENTIDADES;23001,00
SECRETARIA DE ESTADO DE AGRICULTURA, PECUÁRIA E ABASTECIMENTO - SEAPA;EMPRESA DE PESQUISA AGROPECUÁRIA DE MINAS GERAIS - EPAMIG;2432.99.0.0.00.000;5;;OUTRAS TRANSFERÊNCIAS DE CONVÊNIOS DOS MUNICÍPIOS E DE SUAS ENTIDADES;23001,00
SECRETARIA DE ESTADO DE AGRICULTURA, PECUÁRIA E ABASTECIMENTO - SEAPA;EMPRESA DE PESQUISA AGROPECUÁRIA DE MINAS GERAIS - EPAMIG;2432.99.0.1.00.000;7;;OUTRAS TRANSF. CONVÊNIOS MUNICÍPIOS ENTIDADES - PRINCIPAL;23001,00
SECRETARIA DE ESTADO DE AGRICULTURA, PECUÁRIA E ABASTECIMENTO - SEAPA;EMPRESA DE PESQUISA AGROPECUÁRIA DE MINAS GERAIS - EPAMIG;2432.99.0.1.07.000;8;;OUTRAS TRANSF. CONVÊNIOS MUNICÍPIOS ENTIDADES - PRINC. - AGROPECUÁRIA;23001,00
SECRETARIA DE ESTADO DE AGRICULTURA, PECUÁRIA E ABASTECIMENTO - SEAPA;EMPRESA DE PESQUISA AGROPECUÁRIA DE MINAS GERAIS - EPAMIG;2432.99.0.1.07.001;9;70;AGROPECUÁRIA - DIVERSOS MUNICÍPIOS;23001,00
SECRETARIA DE ESTADO DE AGRICULTURA, PECUÁRIA E ABASTECIMENTO - SEAPA;EMPRESA DE PESQUISA AGROPECUÁRIA DE MINAS GERAIS - EPAMIG;7000.00.0.0.00.000;1;;RECEITA INTRAORÇAMENTÁRIA;660084,00
SECRETARIA DE ESTADO DE AGRICULTURA, PECUÁRIA E ABASTECIMENTO - SEAPA;EMPRESA DE PESQUISA AGROPECUÁRIA DE MINAS GERAIS - EPAMIG;7400.00.0.0.00.000;2;;REC. INTRA. - RECEITA AGROPECUÁRIA;660084,00
SECRETARIA DE ESTADO DE AGRICULTURA, PECUÁRIA E ABASTECIMENTO - SEAPA;EMPRESA DE PESQUISA AGROPECUÁRIA DE MINAS GERAIS - EPAMIG;7410.00.0.0.00.000;3;;REC. INTRA. - RECEITA AGROPECUÁRIA;660084,00
SECRETARIA DE ESTADO DE AGRICULTURA, PECUÁRIA E ABASTECIMENTO - SEAPA;EMPRESA DE PESQUISA AGROPECUÁRIA DE MINAS GERAIS - EPAMIG;7411.00.0.0.00.000;4;;REC. INTRA. - RECEITA AGROPECUÁRIA;660084,00
SECRETARIA DE ESTADO DE AGRICULTURA, PECUÁRIA E ABASTECIMENTO - SEAPA;EMPRESA DE PESQUISA AGROPECUÁRIA DE MINAS GERAIS - EPAMIG;7411.01.0.0.00.000;5;;REC. INTRA. - RECEITA AGROPECUÁRIA;660084,00
SECRETARIA DE ESTADO DE AGRICULTURA, PECUÁRIA E ABASTECIMENTO - SEAPA;EMPRESA DE PESQUISA AGROPECUÁRIA DE MINAS GERAIS - EPAMIG;7411.01.0.1.00.000;7;;REC. INTRA. - REC. AGROPECUÁRIA - PRINCIPAL;660084,00
SECRETARIA DE ESTADO DE AGRICULTURA, PECUÁRIA E ABASTECIMENTO - SEAPA;EMPRESA DE PESQUISA AGROPECUÁRIA DE MINAS GERAIS - EPAMIG;7411.01.0.1.01.000;8;60;REC. INTRA. - REC. AGROPECUÁRIA - PRINC. - PRODUÇÃO VEGETAL;660084,00
SECRETARIA DE ESTADO DE COMUNICAÇÃO SOCIAL - SECOM;EMPRESA MINEIRA DE COMUNICAÇÃO - EMC;1000.00.0.0.00.000;1;;RECEITAS CORRENTES;1536000,00
SECRETARIA DE ESTADO DE COMUNICAÇÃO SOCIAL - SECOM;EMPRESA MINEIRA DE COMUNICAÇÃO - EMC;1600.00.0.0.00.000;2;;RECEITA DE SERVIÇOS;1536000,00
SECRETARIA DE ESTADO DE COMUNICAÇÃO SOCIAL - SECOM;EMPRESA MINEIRA DE COMUNICAÇÃO - EMC;1610.00.0.0.00.000;3;;SERVIÇOS ADMINISTRATIVOS E COMERCIAIS GERAIS;1536000,00
SECRETARIA DE ESTADO DE COMUNICAÇÃO SOCIAL - SECOM;EMPRESA MINEIRA DE COMUNICAÇÃO - EMC;1611.00.0.0.00.000;4;;SERVIÇOS ADMINISTRATIVOS E COMERCIAIS GERAIS;1536000,00
SECRETARIA DE ESTADO DE COMUNICAÇÃO SOCIAL - SECOM;EMPRESA MINEIRA DE COMUNICAÇÃO - EMC;1611.01.0.0.00.000;5;;SERVIÇOS ADMINISTRATIVOS E COMERCIAIS GERAIS;1536000,00
SECRETARIA DE ESTADO DE COMUNICAÇÃO SOCIAL - SECOM;EMPRESA MINEIRA DE COMUNICAÇÃO - EMC;1611.01.0.1.00.000;7;;SERVIÇOS ADM. COMERC. GER. - PRINCIPAL;1536000,00
SECRETARIA DE ESTADO DE COMUNICAÇÃO SOCIAL - SECOM;EMPRESA MINEIRA DE COMUNICAÇÃO - EMC;1611.01.0.1.07.000;8;60;SERVIÇOS ADM. COMERC. GER. - PRINC. - COMUNICAÇÃO;1536000,00
TRIBUNAL DE JUSTIÇA DO ESTADO DE MINAS GERAIS - TJMG;FUNDO ESPECIAL DO PODER JUDICIÁRIO DO ESTADO DE MINAS GERAIS - FEPJ;1000.00.0.0.00.000;1;;RECEITAS CORRENTES;4515040983,00
TRIBUNAL DE JUSTIÇA DO ESTADO DE MINAS GERAIS - TJMG;FUNDO ESPECIAL DO PODER JUDICIÁRIO DO ESTADO DE MINAS GERAIS - FEPJ;1100.00.0.0.00.000;2;;IMPOSTOS, TAXAS E CONTRIBUIÇÕES DE MELHORIA;2411619810,00
TRIBUNAL DE JUSTIÇA DO ESTADO DE MINAS GERAIS - TJMG;FUNDO ESPECIAL DO PODER JUDICIÁRIO DO ESTADO DE MINAS GERAIS - FEPJ;1120.00.0.0.00.000;3;;TAXAS;2411619810,00
TRIBUNAL DE JUSTIÇA DO ESTADO DE MINAS GERAIS - TJMG;FUNDO ESPECIAL DO PODER JUDICIÁRIO DO ESTADO DE MINAS GERAIS - FEPJ;1121.00.0.0.00.000;4;;TAXAS PELO EXERCÍCIO DO PODER DE POLÍCIA;1864737673,00
TRIBUNAL DE JUSTIÇA DO ESTADO DE MINAS GERAIS - TJMG;FUNDO ESPECIAL DO PODER JUDICIÁRIO DO ESTADO DE MINAS GERAIS - FEPJ;1121.01.0.0.00.000;5;;TAXAS DE INSPEÇÃO, CONTROLE E FISCALIZAÇÃO;1864737673,00
TRIBUNAL DE JUSTIÇA DO ESTADO DE MINAS GERAIS - TJMG;FUNDO ESPECIAL DO PODER JUDICIÁRIO DO ESTADO DE MINAS GERAIS - FEPJ;1121.01.0.1.00.000;7;;TX. INSP. CONTR. FISC. - PRINCIPAL;1862473175,00
TRIBUNAL DE JUSTIÇA DO ESTADO DE MINAS GERAIS - TJMG;FUNDO ESPECIAL DO PODER JUDICIÁRIO DO ESTADO DE MINAS GERAIS - FEPJ;1121.01.0.1.02.000;8;77;TX. INSP. CONTR. FISC. - PRINC. - TAXA DE FISCALIZAÇÃO JUDICIÁRIA;1862473175,00
TRIBUNAL DE JUSTIÇA DO ESTADO DE MINAS GERAIS - TJMG;FUNDO ESPECIAL DO PODER JUDICIÁRIO DO ESTADO DE MINAS GERAIS - FEPJ;1121.01.0.2.00.000;7;;TX. INSP. CONTR. FISC. - MULTAS E JUROS DE MORA;1400636,00
TRIBUNAL DE JUSTIÇA DO ESTADO DE MINAS GERAIS - TJMG;FUNDO ESPECIAL DO PODER JUDICIÁRIO DO ESTADO DE MINAS GERAIS - FEPJ;1121.01.0.2.02.000;8;77;TX. INSP. CONTR. FISC. - MJM - TAXA DE FISCALIZAÇÃO JUDICIÁRIA;1400636,00
TRIBUNAL DE JUSTIÇA DO ESTADO DE MINAS GERAIS - TJMG;FUNDO ESPECIAL DO PODER JUDICIÁRIO DO ESTADO DE MINAS GERAIS - FEPJ;1121.01.0.3.00.000;7;;TX. INSP. CONTR. FISC. - DÍVIDA ATIVA;377470,00
TRIBUNAL DE JUSTIÇA DO ESTADO DE MINAS GERAIS - TJMG;FUNDO ESPECIAL DO PODER JUDICIÁRIO DO ESTADO DE MINAS GERAIS - FEPJ;1121.01.0.3.02.000;8;77;TX. INSP. CONTR. FISC. - DA - TAXA DE FISCALIZAÇÃO JUDICIÁRIA;377470,00
TRIBUNAL DE JUSTIÇA DO ESTADO DE MINAS GERAIS - TJMG;FUNDO ESPECIAL DO PODER JUDICIÁRIO DO ESTADO DE MINAS GERAIS - FEPJ;1121.01.0.4.00.000;7;;TX. INSP. CONTR. FISC. - DÍVIDA ATIVA - MULTAS E JUROS DE MORA;486392,00
TRIBUNAL DE JUSTIÇA DO ESTADO DE MINAS GERAIS - TJMG;FUNDO ESPECIAL DO PODER JUDICIÁRIO DO ESTADO DE MINAS GERAIS - FEPJ;1121.01.0.4.02.000;8;77;TX. INSP. CONTR. FISC. - DA-MJM - TAXA DE FISCALIZAÇÃO JUDICIÁRIA;486392,00
TRIBUNAL DE JUSTIÇA DO ESTADO DE MINAS GERAIS - TJMG;FUNDO ESPECIAL DO PODER JUDICIÁRIO DO ESTADO DE MINAS GERAIS - FEPJ;1122.00.0.0.00.000;4;;TAXAS PELA PRESTAÇÃO DE SERVIÇOS;546882137,00
TRIBUNAL DE JUSTIÇA DO ESTADO DE MINAS GERAIS - TJMG;FUNDO ESPECIAL DO PODER JUDICIÁRIO DO ESTADO DE MINAS GERAIS - FEPJ;1122.02.0.0.00.000;5;;EMOLUMENTOS E CUSTAS JUDICIAIS;546882137,00
TRIBUNAL DE JUSTIÇA DO ESTADO DE MINAS GERAIS - TJMG;FUNDO ESPECIAL DO PODER JUDICIÁRIO DO ESTADO DE MINAS GERAIS - FEPJ;1122.02.0.1.00.000;7;;EMOLUMENTOS CUSTAS JUDICIAIS - PRINCIPAL;527399158,00
TRIBUNAL DE JUSTIÇA DO ESTADO DE MINAS GERAIS - TJMG;FUNDO ESPECIAL DO PODER JUDICIÁRIO DO ESTADO DE MINAS GERAIS - FEPJ;1122.02.0.1.01.000;8;77;EMOLUMENTOS CUSTAS JUDICIAIS - PRINC. - CUSTAS JUDICIAIS - JUSTIÇA COMUM;309070454,00
TRIBUNAL DE JUSTIÇA DO ESTADO DE MINAS GERAIS - TJMG;FUNDO ESPECIAL DO PODER JUDICIÁRIO DO ESTADO DE MINAS GERAIS - FEPJ;1122.02.0.1.02.000;8;77;EMOLUMENTOS CUSTAS JUDICIAIS - PRINC. - CUSTAS JUDICIAIS - JUIZADO ESPECIAL;24204951,00
TRIBUNAL DE JUSTIÇA DO ESTADO DE MINAS GERAIS - TJMG;FUNDO ESPECIAL DO PODER JUDICIÁRIO DO ESTADO DE MINAS GERAIS - FEPJ;1122.02.0.1.03.000;8;77;EMOLUMENTOS CUSTAS JUDICIAIS - PRINC. - TAXA JUDICIÁRIA;194123753,00
TRIBUNAL DE JUSTIÇA DO ESTADO DE MINAS GERAIS - TJMG;FUNDO ESPECIAL DO PODER JUDICIÁRIO DO ESTADO DE MINAS GERAIS - FEPJ;1122.02.0.2.00.000;7;;EMOLUMENTOS CUSTAS JUDICIAIS - MULTAS E JUROS DE MORA;2430418,00
TRIBUNAL DE JUSTIÇA DO ESTADO DE MINAS GERAIS - TJMG;FUNDO ESPECIAL DO PODER JUDICIÁRIO DO ESTADO DE MINAS GERAIS - FEPJ;1122.02.0.2.01.000;8;77;EMOLUMENTOS CUSTAS JUDICIAIS - MJM - CUSTAS JUDICIAIS - JUSTIÇA COMUM;1496434,00
TRIBUNAL DE JUSTIÇA DO ESTADO DE MINAS GERAIS - TJMG;FUNDO ESPECIAL DO PODER JUDICIÁRIO DO ESTADO DE MINAS GERAIS - FEPJ;1122.02.0.2.02.000;8;77;EMOLUMENTOS CUSTAS JUDICIAIS - MJM - CUSTAS JUDICIAIS - JUIZADO ESPECIAL;147255,00
TRIBUNAL DE JUSTIÇA DO ESTADO DE MINAS GERAIS - TJMG;FUNDO ESPECIAL DO PODER JUDICIÁRIO DO ESTADO DE MINAS GERAIS - FEPJ;1122.02.0.2.03.000;8;77;EMOLUMENTOS CUSTAS JUDICIAIS - MJM - TAXA JUDICIÁRIA;786729,00
TRIBUNAL DE JUSTIÇA DO ESTADO DE MINAS GERAIS - TJMG;FUNDO ESPECIAL DO PODER JUDICIÁRIO DO ESTADO DE MINAS GERAIS - FEPJ;1122.02.0.3.00.000;7;;EMOLUMENTOS CUSTAS JUDICIAIS - DÍVIDA ATIVA;15890706,00
TRIBUNAL DE JUSTIÇA DO ESTADO DE MINAS GERAIS - TJMG;FUNDO ESPECIAL DO PODER JUDICIÁRIO DO ESTADO DE MINAS GERAIS - FEPJ;1122.02.0.3.01.000;8;77;EMOLUMENTOS CUSTAS JUDICIAIS - DA - CUSTAS JUDICIAIS - JUSTIÇA COMUM;9544019,00
TRIBUNAL DE JUSTIÇA DO ESTADO DE MINAS GERAIS - TJMG;FUNDO ESPECIAL DO PODER JUDICIÁRIO DO ESTADO DE MINAS GERAIS - FEPJ;1122.02.0.3.02.000;8;77;EMOLUMENTOS CUSTAS JUDICIAIS - DA - CUSTAS JUDICIAIS - JUIZADO ESPECIAL;1638663,00
TRIBUNAL DE JUSTIÇA DO ESTADO DE MINAS GERAIS - TJMG;FUNDO ESPECIAL DO PODER JUDICIÁRIO DO ESTADO DE MINAS GERAIS - FEPJ;1122.02.0.3.03.000;8;77;EMOLUMENTOS CUSTAS JUDICIAIS - DA - TAXA JUDICIÁRIA;4708024,00
TRIBUNAL DE JUSTIÇA DO ESTADO DE MINAS GERAIS - TJMG;FUNDO ESPECIAL DO PODER JUDICIÁRIO DO ESTADO DE MINAS GERAIS - FEPJ;1122.02.0.4.00.000;7;;EMOLUMENTOS CUSTAS JUDICIAIS - DÍVIDA ATIVA - MULTAS E JUROS DE MORA;1161855,00
TRIBUNAL DE JUSTIÇA DO ESTADO DE MINAS GERAIS - TJMG;FUNDO ESPECIAL DO PODER JUDICIÁRIO DO ESTADO DE MINAS GERAIS - FEPJ;1122.02.0.4.01.000;8;77;EMOLUMENTOS CUSTAS JUDICIAIS - DA-MJM - CUSTAS JUDICIAIS - JUSTIÇA COMUM;654519,00
TRIBUNAL DE JUSTIÇA DO ESTADO DE MINAS GERAIS - TJMG;FUNDO ESPECIAL DO PODER JUDICIÁRIO DO ESTADO DE MINAS GERAIS - FEPJ;1122.02.0.4.02.000;8;77;EMOLUMENTOS CUSTAS JUDICIAIS - DA-MJM - CUSTAS JUDICIAIS - JUIZADO ESPECIAL;204042,00
TRIBUNAL DE JUSTIÇA DO ESTADO DE MINAS GERAIS - TJMG;FUNDO ESPECIAL DO PODER JUDICIÁRIO DO ESTADO DE MINAS GERAIS - FEPJ;1122.02.0.4.03.000;8;77;EMOLUMENTOS CUSTAS JUDICIAIS - DA-MJM - TAXA JUDICIÁRIA;303294,00
TRIBUNAL DE JUSTIÇA DO ESTADO DE MINAS GERAIS - TJMG;FUNDO ESPECIAL DO PODER JUDICIÁRIO DO ESTADO DE MINAS GERAIS - FEPJ;1300.00.0.0.00.000;2;;RECEITA PATRIMONIAL;1062229728,00
TRIBUNAL DE JUSTIÇA DO ESTADO DE MINAS GERAIS - TJMG;FUNDO ESPECIAL DO PODER JUDICIÁRIO DO ESTADO DE MINAS GERAIS - FEPJ;1310.00.0.0.00.000;3;;EXPLORAÇÃO DO PATRIMÔNIO IMOBILIÁRIO DO ESTADO;1382136,00
TRIBUNAL DE JUSTIÇA DO ESTADO DE MINAS GERAIS - TJMG;FUNDO ESPECIAL DO PODER JUDICIÁRIO DO ESTADO DE MINAS GERAIS - FEPJ;1311.00.0.0.00.000;4;;EXPLORAÇÃO DO PATRIMÔNIO IMOBILIÁRIO DO ESTADO;1382136,00
TRIBUNAL DE JUSTIÇA DO ESTADO DE MINAS GERAIS - TJMG;FUNDO ESPECIAL DO PODER JUDICIÁRIO DO ESTADO DE MINAS GERAIS - FEPJ;1311.02.0.0.00.000;5;;CONCESSÃO, PERMISSÃO, AUTORIZAÇÃO OU CESSÃO DO DIREITO DE USO DE BENS IMÓVEIS PÚBLICOS;1382136,00
TRIBUNAL DE JUSTIÇA DO ESTADO DE MINAS GERAIS - TJMG;FUNDO ESPECIAL DO PODER JUDICIÁRIO DO ESTADO DE MINAS GERAIS - FEPJ;1311.02.0.1.00.000;7;;CONC. PERM. AUTOR. CESSÃO DIR. USO BENS IMÓV. PÚB. - PRINCIPAL;1382136,00
TRIBUNAL DE JUSTIÇA DO ESTADO DE MINAS GERAIS - TJMG;FUNDO ESPECIAL DO PODER JUDICIÁRIO DO ESTADO DE MINAS GERAIS - FEPJ;1311.02.0.1.01.000;8;60;CONC. PERM. AUTOR. CESSÃO DIR. USO BENS IMÓV. PÚB. - PRINC. - CONCESSÃO DE DIREITO REAL DE USO DE ÁREA PÚBLICA;1382136,00
TRIBUNAL DE JUSTIÇA DO ESTADO DE MINAS GERAIS - TJMG;FUNDO ESPECIAL DO PODER JUDICIÁRIO DO ESTADO DE MINAS GERAIS - FEPJ;1320.00.0.0.00.000;3;;VALORES MOBILIÁRIOS;1060847592,00
TRIBUNAL DE JUSTIÇA DO ESTADO DE MINAS GERAIS - TJMG;FUNDO ESPECIAL DO PODER JUDICIÁRIO DO ESTADO DE MINAS GERAIS - FEPJ;1321.00.0.0.00.000;4;;JUROS E CORREÇÕES MONETÁRIAS;1060847592,00
TRIBUNAL DE JUSTIÇA DO ESTADO DE MINAS GERAIS - TJMG;FUNDO ESPECIAL DO PODER JUDICIÁRIO DO ESTADO DE MINAS GERAIS - FEPJ;1321.01.0.0.00.000;5;;REMUNERAÇÃO DE DEPÓSITOS BANCÁRIOS;1060847592,00
TRIBUNAL DE JUSTIÇA DO ESTADO DE MINAS GERAIS - TJMG;FUNDO ESPECIAL DO PODER JUDICIÁRIO DO ESTADO DE MINAS GERAIS - FEPJ;1321.01.0.1.00.000;7;;REMUNERAÇÃO DEPÓSITOS BANCÁRIOS - PRINCIPAL;1060847592,00
TRIBUNAL DE JUSTIÇA DO ESTADO DE MINAS GERAIS - TJMG;FUNDO ESPECIAL DO PODER JUDICIÁRIO DO ESTADO DE MINAS GERAIS - FEPJ;1321.01.0.1.01.000;8;60;REMUNERAÇÃO DEPÓSITOS BANCÁRIOS - PRINC.;1060840503,00
TRIBUNAL DE JUSTIÇA DO ESTADO DE MINAS GERAIS - TJMG;FUNDO ESPECIAL DO PODER JUDICIÁRIO DO ESTADO DE MINAS GERAIS - FEPJ;1321.01.0.1.01.000;8;70;REMUNERAÇÃO DEPÓSITOS BANCÁRIOS - PRINC.;7089,00
TRIBUNAL DE JUSTIÇA DO ESTADO DE MINAS GERAIS - TJMG;FUNDO ESPECIAL DO PODER JUDICIÁRIO DO ESTADO DE MINAS GERAIS - FEPJ;1600.00.0.0.00.000;2;;RECEITA DE SERVIÇOS;758173420,00
TRIBUNAL DE JUSTIÇA DO ESTADO DE MINAS GERAIS - TJMG;FUNDO ESPECIAL DO PODER JUDICIÁRIO DO ESTADO DE MINAS GERAIS - FEPJ;1610.00.0.0.00.000;3;;SERVIÇOS ADMINISTRATIVOS E COMERCIAIS GERAIS;758167420,00
TRIBUNAL DE JUSTIÇA DO ESTADO DE MINAS GERAIS - TJMG;FUNDO ESPECIAL DO PODER JUDICIÁRIO DO ESTADO DE MINAS GERAIS - FEPJ;1611.00.0.0.00.000;4;;SERVIÇOS ADMINISTRATIVOS E COMERCIAIS GERAIS;758167420,00
TRIBUNAL DE JUSTIÇA DO ESTADO DE MINAS GERAIS - TJMG;FUNDO ESPECIAL DO PODER JUDICIÁRIO DO ESTADO DE MINAS GERAIS - FEPJ;1611.01.0.0.00.000;5;;SERVIÇOS ADMINISTRATIVOS E COMERCIAIS GERAIS;753707089,00
TRIBUNAL DE JUSTIÇA DO ESTADO DE MINAS GERAIS - TJMG;FUNDO ESPECIAL DO PODER JUDICIÁRIO DO ESTADO DE MINAS GERAIS - FEPJ;1611.01.0.1.00.000;7;;SERVIÇOS ADM. COMERC. GER. - PRINCIPAL;750457978,00
TRIBUNAL DE JUSTIÇA DO ESTADO DE MINAS GERAIS - TJMG;FUNDO ESPECIAL DO PODER JUDICIÁRIO DO ESTADO DE MINAS GERAIS - FEPJ;1611.01.0.1.01.000;8;60;SERVIÇOS ADM. COMERC. GER. - PRINC. - ADMINISTRAÇÃO DE DEPÓSITOS JUDICIAIS;624709821,00
TRIBUNAL DE JUSTIÇA DO ESTADO DE MINAS GERAIS - TJMG;FUNDO ESPECIAL DO PODER JUDICIÁRIO DO ESTADO DE MINAS GERAIS - FEPJ;1611.01.0.1.13.000;8;60;SERVIÇOS ADM. COMERC. GER. - PRINC. - FOTOCÓPIAS E CÓPIAS HELIOGRÁFICAS;6000,00
TRIBUNAL DE JUSTIÇA DO ESTADO DE MINAS GERAIS - TJMG;FUNDO ESPECIAL DO PODER JUDICIÁRIO DO ESTADO DE MINAS GERAIS - FEPJ;1611.01.0.1.23.000;8;;SERVIÇOS ADM. COMERC. GER. - PRINC. - PODER JUDICIÁRIO;125742157,00
TRIBUNAL DE JUSTIÇA DO ESTADO DE MINAS GERAIS - TJMG;FUNDO ESPECIAL DO PODER JUDICIÁRIO DO ESTADO DE MINAS GERAIS - FEPJ;1611.01.0.1.23.002;9;60;SERVIÇOS ADM. COMERC. GER. - PRINC. - PODER JUDIC. - DESPESAS PROCESSUAIS;42404153,00
TRIBUNAL DE JUSTIÇA DO ESTADO DE MINAS GERAIS - TJMG;FUNDO ESPECIAL DO PODER JUDICIÁRIO DO ESTADO DE MINAS GERAIS - FEPJ;1611.01.0.1.23.003;9;61;SERVIÇOS ADM. COMERC. GER. - PRINC. - PODER JUDIC. - VERBA INDENIZATÓRIA DE TRANSPORTE CUSTEADA PELAS PARTES;83338004,00
TRIBUNAL DE JUSTIÇA DO ESTADO DE MINAS GERAIS - TJMG;FUNDO ESPECIAL DO PODER JUDICIÁRIO DO ESTADO DE MINAS GERAIS - FEPJ;1611.01.0.2.00.000;7;;SERVIÇOS ADM. COMERC. GER. - MULTAS E JUROS DE MORA;409793,00
TRIBUNAL DE JUSTIÇA DO ESTADO DE MINAS GERAIS - TJMG;FUNDO ESPECIAL DO PODER JUDICIÁRIO DO ESTADO DE MINAS GERAIS - FEPJ;1611.01.0.2.23.000;8;;SERVIÇOS ADM. COMERC. GER. - MJM - PODER JUDICIÁRIO;409793,00
TRIBUNAL DE JUSTIÇA DO ESTADO DE MINAS GERAIS - TJMG;FUNDO ESPECIAL DO PODER JUDICIÁRIO DO ESTADO DE MINAS GERAIS - FEPJ;1611.01.0.2.23.002;9;60;SERVIÇOS ADM. COMERC. GER. - MJM - PODER JUDIC. - DESPESAS PROCESSUAIS;409793,00
TRIBUNAL DE JUSTIÇA DO ESTADO DE MINAS GERAIS - TJMG;FUNDO ESPECIAL DO PODER JUDICIÁRIO DO ESTADO DE MINAS GERAIS - FEPJ;1611.01.0.3.00.000;7;;SERVIÇOS ADM. COMERC. GER. - DÍVIDA ATIVA;2646338,00
TRIBUNAL DE JUSTIÇA DO ESTADO DE MINAS GERAIS - TJMG;FUNDO ESPECIAL DO PODER JUDICIÁRIO DO ESTADO DE MINAS GERAIS - FEPJ;1611.01.0.3.23.000;8;;SERVIÇOS ADM. COMERC. GER. - DA - PODER JUDICIÁRIO;2646338,00
TRIBUNAL DE JUSTIÇA DO ESTADO DE MINAS GERAIS - TJMG;FUNDO ESPECIAL DO PODER JUDICIÁRIO DO ESTADO DE MINAS GERAIS - FEPJ;1611.01.0.3.23.002;9;60;SERVIÇOS ADM. COMERC. GER. - DA - PODER JUDIC. - DESPESAS PROCESSUAIS;2646338,00
TRIBUNAL DE JUSTIÇA DO ESTADO DE MINAS GERAIS - TJMG;FUNDO ESPECIAL DO PODER JUDICIÁRIO DO ESTADO DE MINAS GERAIS - FEPJ;1611.01.0.4.00.000;7;;SERVIÇOS ADM. COMERC. GER. - DA-MULTAS E JUROS DE MORA;192980,00
TRIBUNAL DE JUSTIÇA DO ESTADO DE MINAS GERAIS - TJMG;FUNDO ESPECIAL DO PODER JUDICIÁRIO DO ESTADO DE MINAS GERAIS - FEPJ;1611.01.0.4.23.000;8;;SERVIÇOS ADM. COMERC. GER. - DA-MJM - PODER JUDICIÁRIO;192980,00
TRIBUNAL DE JUSTIÇA DO ESTADO DE MINAS GERAIS - TJMG;FUNDO ESPECIAL DO PODER JUDICIÁRIO DO ESTADO DE MINAS GERAIS - FEPJ;1611.01.0.4.23.002;9;60;SERVIÇOS ADM. COMERC. GER. - DA-MJM - PODER JUDIC. - DESPESAS PROCESSUAIS;192980,00
TRIBUNAL DE JUSTIÇA DO ESTADO DE MINAS GERAIS - TJMG;FUNDO ESPECIAL DO PODER JUDICIÁRIO DO ESTADO DE MINAS GERAIS - FEPJ;1611.02.0.0.00.000;5;;INSCRIÇÃO EM CONCURSOS E PROCESSOS SELETIVOS;1704411,00
TRIBUNAL DE JUSTIÇA DO ESTADO DE MINAS GERAIS - TJMG;FUNDO ESPECIAL DO PODER JUDICIÁRIO DO ESTADO DE MINAS GERAIS - FEPJ;1611.02.0.1.00.000;7;;INSCRIÇÃO CONCURSOS PROCESSOS SELETIVOS - PRINCIPAL;1704411,00
TRIBUNAL DE JUSTIÇA DO ESTADO DE MINAS GERAIS - TJMG;FUNDO ESPECIAL DO PODER JUDICIÁRIO DO ESTADO DE MINAS GERAIS - FEPJ;1611.02.0.1.01.000;8;60;INSCRIÇÃO CONCURSOS PROCESSOS SELETIVOS - PRINC.;1704411,00
TRIBUNAL DE JUSTIÇA DO ESTADO DE MINAS GERAIS - TJMG;FUNDO ESPECIAL DO PODER JUDICIÁRIO DO ESTADO DE MINAS GERAIS - FEPJ;1611.04.0.0.00.000;5;;SERVIÇOS DE INFORMAÇÃO E TECNOLOGIA;2755920,00
TRIBUNAL DE JUSTIÇA DO ESTADO DE MINAS GERAIS - TJMG;FUNDO ESPECIAL DO PODER JUDICIÁRIO DO ESTADO DE MINAS GERAIS - FEPJ;1611.04.0.1.00.000;7;;SERVIÇOS INFORMAÇÃO TECNOLOGIA - PRINCIPAL;2755920,00
TRIBUNAL DE JUSTIÇA DO ESTADO DE MINAS GERAIS - TJMG;FUNDO ESPECIAL DO PODER JUDICIÁRIO DO ESTADO DE MINAS GERAIS - FEPJ;1611.04.0.1.05.000;8;60;SERVIÇOS INFORMAÇÃO TECNOLOGIA - PRINC. - PROCESSAMENTO DAS CONSIGNAÇÕES DA FOLHA DE PESSOAL;2755920,00
TRIBUNAL DE JUSTIÇA DO ESTADO DE MINAS GERAIS - TJMG;FUNDO ESPECIAL DO PODER JUDICIÁRIO DO ESTADO DE MINAS GERAIS - FEPJ;1690.00.0.0.00.000;3;;OUTROS SERVIÇOS;6000,00
TRIBUNAL DE JUSTIÇA DO ESTADO DE MINAS GERAIS - TJMG;FUNDO ESPECIAL DO PODER JUDICIÁRIO DO ESTADO DE MINAS GERAIS - FEPJ;1699.00.0.0.00.000;4;;OUTROS SERVIÇOS;6000,00
TRIBUNAL DE JUSTIÇA DO ESTADO DE MINAS GERAIS - TJMG;FUNDO ESPECIAL DO PODER JUDICIÁRIO DO ESTADO DE MINAS GERAIS - FEPJ;1699.99.0.0.00.000;5;;OUTROS SERVIÇOS;6000,00
TRIBUNAL DE JUSTIÇA DO ESTADO DE MINAS GERAIS - TJMG;FUNDO ESPECIAL DO PODER JUDICIÁRIO DO ESTADO DE MINAS GERAIS - FEPJ;1699.99.0.1.00.000;7;;OUTROS SERVIÇOS - PRINCIPAL;6000,00
TRIBUNAL DE JUSTIÇA DO ESTADO DE MINAS GERAIS - TJMG;FUNDO ESPECIAL DO PODER JUDICIÁRIO DO ESTADO DE MINAS GERAIS - FEPJ;1699.99.0.1.01.000;8;60;OUTROS SERVIÇOS - PRINC.;6000,00
TRIBUNAL DE JUSTIÇA DO ESTADO DE MINAS GERAIS - TJMG;FUNDO ESPECIAL DO PODER JUDICIÁRIO DO ESTADO DE MINAS GERAIS - FEPJ;1700.00.0.0.00.000;2;;TRANSFERÊNCIAS CORRENTES;1140000,00
TRIBUNAL DE JUSTIÇA DO ESTADO DE MINAS GERAIS - TJMG;FUNDO ESPECIAL DO PODER JUDICIÁRIO DO ESTADO DE MINAS GERAIS - FEPJ;1730.00.0.0.00.000;3;;TRANSFERÊNCIAS DOS MUNICÍPIOS E DE SUAS ENTIDADES;1140000,00
TRIBUNAL DE JUSTIÇA DO ESTADO DE MINAS GERAIS - TJMG;FUNDO ESPECIAL DO PODER JUDICIÁRIO DO ESTADO DE MINAS GERAIS - FEPJ;1732.00.0.0.00.000;4;;TRANSFERÊNCIAS DE CONVÊNIOS DOS MUNICÍPIOS E DE SUAS ENTIDADES;1140000,00
TRIBUNAL DE JUSTIÇA DO ESTADO DE MINAS GERAIS - TJMG;FUNDO ESPECIAL DO PODER JUDICIÁRIO DO ESTADO DE MINAS GERAIS - FEPJ;1732.99.0.0.00.000;5;;OUTRAS TRANSFERÊNCIAS DE CONVÊNIOS DOS MUNICÍPIOS E DE SUAS ENTIDADES;1140000,00
TRIBUNAL DE JUSTIÇA DO ESTADO DE MINAS GERAIS - TJMG;FUNDO ESPECIAL DO PODER JUDICIÁRIO DO ESTADO DE MINAS GERAIS - FEPJ;1732.99.0.1.00.000;7;;OUTRAS TRANSF. CONVÊNIOS MUNICÍPIOS ENTIDADES - PRINCIPAL;1140000,00
TRIBUNAL DE JUSTIÇA DO ESTADO DE MINAS GERAIS - TJMG;FUNDO ESPECIAL DO PODER JUDICIÁRIO DO ESTADO DE MINAS GERAIS - FEPJ;1732.99.0.1.05.000;8;;OUTRAS TRANSF. CONVÊNIOS MUNICÍPIOS ENTIDADES - PRINC. - AÇÕES JUDICIÁRIAS;1140000,00
TRIBUNAL DE JUSTIÇA DO ESTADO DE MINAS GERAIS - TJMG;FUNDO ESPECIAL DO PODER JUDICIÁRIO DO ESTADO DE MINAS GERAIS - FEPJ;1732.99.0.1.05.001;9;70;AÇÕES JUDICIÁRIAS - DIVERSOS MUNICÍPIOS;1140000,00
TRIBUNAL DE JUSTIÇA DO ESTADO DE MINAS GERAIS - TJMG;FUNDO ESPECIAL DO PODER JUDICIÁRIO DO ESTADO DE MINAS GERAIS - FEPJ;1900.00.0.0.00.000;2;;OUTRAS RECEITAS CORRENTES;281878025,00
TRIBUNAL DE JUSTIÇA DO ESTADO DE MINAS GERAIS - TJMG;FUNDO ESPECIAL DO PODER JUDICIÁRIO DO ESTADO DE MINAS GERAIS - FEPJ;1910.00.0.0.00.000;3;;MULTAS ADMINISTRATIVAS, CONTRATUAIS E JUDICIAIS;8700285,00
TRIBUNAL DE JUSTIÇA DO ESTADO DE MINAS GERAIS - TJMG;FUNDO ESPECIAL DO PODER JUDICIÁRIO DO ESTADO DE MINAS GERAIS - FEPJ;1911.00.0.0.00.000;4;;MULTAS ADMINISTRATIVAS, CONTRATUAIS E JUDICIAIS;8700285,00
TRIBUNAL DE JUSTIÇA DO ESTADO DE MINAS GERAIS - TJMG;FUNDO ESPECIAL DO PODER JUDICIÁRIO DO ESTADO DE MINAS GERAIS - FEPJ;1911.01.0.0.00.000;5;;MULTAS PREVISTAS EM LEGISLAÇÃO ESPECÍFICA;1552718,00
TRIBUNAL DE JUSTIÇA DO ESTADO DE MINAS GERAIS - TJMG;FUNDO ESPECIAL DO PODER JUDICIÁRIO DO ESTADO DE MINAS GERAIS - FEPJ;1911.01.0.1.00.000;7;;MULTAS LEGISL. ESPECÍFICA - PRINCIPAL;1506427,00
TRIBUNAL DE JUSTIÇA DO ESTADO DE MINAS GERAIS - TJMG;FUNDO ESPECIAL DO PODER JUDICIÁRIO DO ESTADO DE MINAS GERAIS - FEPJ;1911.01.0.1.08.000;8;;MULTAS LEGISL. ESPECÍFICA - PRINC. - MULTA ADMINISTRATIVA DISCIPLINAR - NOTÁRIOS E REGISTRADORES;1506427,00
TRIBUNAL DE JUSTIÇA DO ESTADO DE MINAS GERAIS - TJMG;FUNDO ESPECIAL DO PODER JUDICIÁRIO DO ESTADO DE MINAS GERAIS - FEPJ;1911.01.0.1.08.001;9;60;MULTAS LEGISL. ESPECÍFICA - PRINC. - MULTA ADM. DISCIPLINAR - NOTÁRIOS REGISTRADORES - PRINC.;1489056,00
TRIBUNAL DE JUSTIÇA DO ESTADO DE MINAS GERAIS - TJMG;FUNDO ESPECIAL DO PODER JUDICIÁRIO DO ESTADO DE MINAS GERAIS - FEPJ;1911.01.0.1.08.002;9;60;MULTAS LEGISL. ESPECÍFICA - PRINC. - MULTA ADM. DISCIPLINAR - NOTÁRIOS REGISTRADORES - CORREÇÃO MONETÁRIA;17371,00
TRIBUNAL DE JUSTIÇA DO ESTADO DE MINAS GERAIS - TJMG;FUNDO ESPECIAL DO PODER JUDICIÁRIO DO ESTADO DE MINAS GERAIS - FEPJ;1911.01.0.2.00.000;7;;MULTAS LEGISL. ESPECÍFICA - MULTAS E JUROS DE MORA;12150,00
TRIBUNAL DE JUSTIÇA DO ESTADO DE MINAS GERAIS - TJMG;FUNDO ESPECIAL DO PODER JUDICIÁRIO DO ESTADO DE MINAS GERAIS - FEPJ;1911.01.0.2.08.000;8;;MULTAS LEGISL. ESPECÍFICA - MJM - MULTA ADMINISTRATIVA DISCIPLINAR - NOTÁRIOS E REGISTRADORES;12150,00
TRIBUNAL DE JUSTIÇA DO ESTADO DE MINAS GERAIS - TJMG;FUNDO ESPECIAL DO PODER JUDICIÁRIO DO ESTADO DE MINAS GERAIS - FEPJ;1911.01.0.2.08.001;9;60;MULTAS LEGISL. ESPECÍFICA - MJM - MULTA ADM. DISCIPLINAR - NOTÁRIOS REGISTRADORES - PRINC.;12150,00
TRIBUNAL DE JUSTIÇA DO ESTADO DE MINAS GERAIS - TJMG;FUNDO ESPECIAL DO PODER JUDICIÁRIO DO ESTADO DE MINAS GERAIS - FEPJ;1911.01.0.3.00.000;7;;MULTAS LEGISL. ESPECÍFICA - DÍVIDA ATIVA;34141,00
TRIBUNAL DE JUSTIÇA DO ESTADO DE MINAS GERAIS - TJMG;FUNDO ESPECIAL DO PODER JUDICIÁRIO DO ESTADO DE MINAS GERAIS - FEPJ;1911.01.0.3.08.000;8;;MULTAS LEGISL. ESPECÍFICA - DA - MULTA ADMINISTRATIVA DISCIPLINAR - NOTÁRIOS E REGISTRADORES;34141,00
TRIBUNAL DE JUSTIÇA DO ESTADO DE MINAS GERAIS - TJMG;FUNDO ESPECIAL DO PODER JUDICIÁRIO DO ESTADO DE MINAS GERAIS - FEPJ;1911.01.0.3.08.001;9;60;MULTAS LEGISL. ESPECÍFICA - DA - MULTA ADM. DISCIPLINAR - NOTÁRIOS REGISTRADORES - PRINC.;34141,00
TRIBUNAL DE JUSTIÇA DO ESTADO DE MINAS GERAIS - TJMG;FUNDO ESPECIAL DO PODER JUDICIÁRIO DO ESTADO DE MINAS GERAIS - FEPJ;1911.08.0.0.00.000;5;;MULTAS DECORRENTES DE SENTENÇAS JUDICIAIS;3510541,00
TRIBUNAL DE JUSTIÇA DO ESTADO DE MINAS GERAIS - TJMG;FUNDO ESPECIAL DO PODER JUDICIÁRIO DO ESTADO DE MINAS GERAIS - FEPJ;1911.08.0.1.00.000;7;;MULTAS SENTENÇAS JUDICIAIS - PRINCIPAL;3295219,00
TRIBUNAL DE JUSTIÇA DO ESTADO DE MINAS GERAIS - TJMG;FUNDO ESPECIAL DO PODER JUDICIÁRIO DO ESTADO DE MINAS GERAIS - FEPJ;1911.08.0.1.01.000;8;77;MULTAS SENTENÇAS JUDICIAIS - PRINC. - MULTAS PECUNIÁRIAS E JUROS DE MORA;3295219,00
TRIBUNAL DE JUSTIÇA DO ESTADO DE MINAS GERAIS - TJMG;FUNDO ESPECIAL DO PODER JUDICIÁRIO DO ESTADO DE MINAS GERAIS - FEPJ;1911.08.0.3.00.000;7;;MULTAS SENTENÇAS JUDICIAIS - DÍVIDA ATIVA;175422,00
TRIBUNAL DE JUSTIÇA DO ESTADO DE MINAS GERAIS - TJMG;FUNDO ESPECIAL DO PODER JUDICIÁRIO DO ESTADO DE MINAS GERAIS - FEPJ;1911.08.0.3.01.000;8;77;MULTAS SENTENÇAS JUDICIAIS - DA - MULTAS PECUNIÁRIAS E JUROS DE MORA;175422,00
TRIBUNAL DE JUSTIÇA DO ESTADO DE MINAS GERAIS - TJMG;FUNDO ESPECIAL DO PODER JUDICIÁRIO DO ESTADO DE MINAS GERAIS - FEPJ;1911.08.0.4.00.000;7;;MULTAS SENTENÇAS JUDICIAIS - DÍVIDA ATIVA - MULTAS E JUROS DE MORA;39900,00
TRIBUNAL DE JUSTIÇA DO ESTADO DE MINAS GERAIS - TJMG;FUNDO ESPECIAL DO PODER JUDICIÁRIO DO ESTADO DE MINAS GERAIS - FEPJ;1911.08.0.4.01.000;8;77;MULTAS SENTENÇAS JUDICIAIS - DA-MJM - MULTAS PECUNIÁRIAS E JUROS DE MORA;39900,00
TRIBUNAL DE JUSTIÇA DO ESTADO DE MINAS GERAIS - TJMG;FUNDO ESPECIAL DO PODER JUDICIÁRIO DO ESTADO DE MINAS GERAIS - FEPJ;1911.09.0.0.00.000;5;;MULTAS E JUROS PREVISTOS EM CONTRATOS;3637026,00
TRIBUNAL DE JUSTIÇA DO ESTADO DE MINAS GERAIS - TJMG;FUNDO ESPECIAL DO PODER JUDICIÁRIO DO ESTADO DE MINAS GERAIS - FEPJ;1911.09.0.1.00.000;7;;MULTAS JUROS PREVISTOS CONTRATOS - PRINCIPAL;2482732,00
TRIBUNAL DE JUSTIÇA DO ESTADO DE MINAS GERAIS - TJMG;FUNDO ESPECIAL DO PODER JUDICIÁRIO DO ESTADO DE MINAS GERAIS - FEPJ;1911.09.0.1.99.000;8;60;MULTAS JUROS PREVISTOS CONTRATOS - PRINC. - DEMAIS;2482232,00
TRIBUNAL DE JUSTIÇA DO ESTADO DE MINAS GERAIS - TJMG;FUNDO ESPECIAL DO PODER JUDICIÁRIO DO ESTADO DE MINAS GERAIS - FEPJ;1911.09.0.1.99.000;8;77;MULTAS JUROS PREVISTOS CONTRATOS - PRINC. - DEMAIS;500,00
TRIBUNAL DE JUSTIÇA DO ESTADO DE MINAS GERAIS - TJMG;FUNDO ESPECIAL DO PODER JUDICIÁRIO DO ESTADO DE MINAS GERAIS - FEPJ;1911.09.0.3.00.000;7;;MULTAS JUROS PREVISTOS CONTRATOS - DÍVIDA ATIVA;1020664,00
TRIBUNAL DE JUSTIÇA DO ESTADO DE MINAS GERAIS - TJMG;FUNDO ESPECIAL DO PODER JUDICIÁRIO DO ESTADO DE MINAS GERAIS - FEPJ;1911.09.0.3.99.000;8;60;MULTAS JUROS PREVISTOS CONTRATOS - DA - DEMAIS;1020164,00
TRIBUNAL DE JUSTIÇA DO ESTADO DE MINAS GERAIS - TJMG;FUNDO ESPECIAL DO PODER JUDICIÁRIO DO ESTADO DE MINAS GERAIS - FEPJ;1911.09.0.3.99.000;8;77;MULTAS JUROS PREVISTOS CONTRATOS - DA - DEMAIS;500,00
TRIBUNAL DE JUSTIÇA DO ESTADO DE MINAS GERAIS - TJMG;FUNDO ESPECIAL DO PODER JUDICIÁRIO DO ESTADO DE MINAS GERAIS - FEPJ;1911.09.0.4.00.000;7;;MULTAS JUROS PREVISTOS CONTRATOS - DÍVIDA ATIVA - MULTAS E JUROS DE MORA;133630,00
TRIBUNAL DE JUSTIÇA DO ESTADO DE MINAS GERAIS - TJMG;FUNDO ESPECIAL DO PODER JUDICIÁRIO DO ESTADO DE MINAS GERAIS - FEPJ;1911.09.0.4.99.000;8;60;MULTAS JUROS PREVISTOS CONTRATOS - DA-MJM - DEMAIS;133130,00
TRIBUNAL DE JUSTIÇA DO ESTADO DE MINAS GERAIS - TJMG;FUNDO ESPECIAL DO PODER JUDICIÁRIO DO ESTADO DE MINAS GERAIS - FEPJ;1911.09.0.4.99.000;8;77;MULTAS JUROS PREVISTOS CONTRATOS - DA-MJM - DEMAIS;500,00
TRIBUNAL DE JUSTIÇA DO ESTADO DE MINAS GERAIS - TJMG;FUNDO ESPECIAL DO PODER JUDICIÁRIO DO ESTADO DE MINAS GERAIS - FEPJ;1920.00.0.0.00.000;3;;INDENIZAÇÕES, RESTITUIÇÕES E RESSARCIMENTOS;882255,00
TRIBUNAL DE JUSTIÇA DO ESTADO DE MINAS GERAIS - TJMG;FUNDO ESPECIAL DO PODER JUDICIÁRIO DO ESTADO DE MINAS GERAIS - FEPJ;1921.00.0.0.00.000;4;;INDENIZAÇÕES;182612,00
TRIBUNAL DE JUSTIÇA DO ESTADO DE MINAS GERAIS - TJMG;FUNDO ESPECIAL DO PODER JUDICIÁRIO DO ESTADO DE MINAS GERAIS - FEPJ;1921.99.0.0.00.000;5;;OUTRAS INDENIZAÇÕES;182612,00
TRIBUNAL DE JUSTIÇA DO ESTADO DE MINAS GERAIS - TJMG;FUNDO ESPECIAL DO PODER JUDICIÁRIO DO ESTADO DE MINAS GERAIS - FEPJ;1921.99.0.1.99.000;8;60;OUTRAS INDENIZAÇÕES - PRINC. - DEMAIS;176612,00
TRIBUNAL DE JUSTIÇA DO ESTADO DE MINAS GERAIS - TJMG;FUNDO ESPECIAL DO PODER JUDICIÁRIO DO ESTADO DE MINAS GERAIS - FEPJ;1921.99.0.1.99.000;8;77;OUTRAS INDENIZAÇÕES - PRINC. - DEMAIS;6000,00
TRIBUNAL DE JUSTIÇA DO ESTADO DE MINAS GERAIS - TJMG;FUNDO ESPECIAL DO PODER JUDICIÁRIO DO ESTADO DE MINAS GERAIS - FEPJ;1922.00.0.0.00.000;4;;RESTITUIÇÕES;699643,00
TRIBUNAL DE JUSTIÇA DO ESTADO DE MINAS GERAIS - TJMG;FUNDO ESPECIAL DO PODER JUDICIÁRIO DO ESTADO DE MINAS GERAIS - FEPJ;1922.99.0.0.00.000;5;;OUTRAS RESTITUIÇÕES;699643,00
TRIBUNAL DE JUSTIÇA DO ESTADO DE MINAS GERAIS - TJMG;FUNDO ESPECIAL DO PODER JUDICIÁRIO DO ESTADO DE MINAS GERAIS - FEPJ;1922.99.0.1.00.000;7;;OUTRAS RESTITUIÇÕES - PRINCIPAL;699643,00
TRIBUNAL DE JUSTIÇA DO ESTADO DE MINAS GERAIS - TJMG;FUNDO ESPECIAL DO PODER JUDICIÁRIO DO ESTADO DE MINAS GERAIS - FEPJ;1922.99.0.1.99.000;8;60;OUTRAS RESTITUIÇÕES - PRINC. - DEMAIS;697403,00
TRIBUNAL DE JUSTIÇA DO ESTADO DE MINAS GERAIS - TJMG;FUNDO ESPECIAL DO PODER JUDICIÁRIO DO ESTADO DE MINAS GERAIS - FEPJ;1922.99.0.1.99.000;8;77;OUTRAS RESTITUIÇÕES - PRINC. - DEMAIS;2240,00
TRIBUNAL DE JUSTIÇA DO ESTADO DE MINAS GERAIS - TJMG;FUNDO ESPECIAL DO PODER JUDICIÁRIO DO ESTADO DE MINAS GERAIS - FEPJ;1990.00.0.0.00.000;3;;DEMAIS RECEITAS CORRENTES;272295485,00
TRIBUNAL DE JUSTIÇA DO ESTADO DE MINAS GERAIS - TJMG;FUNDO ESPECIAL DO PODER JUDICIÁRIO DO ESTADO DE MINAS GERAIS - FEPJ;1999.00.0.0.00.000;4;;OUTRAS RECEITAS CORRENTES;272295485,00
TRIBUNAL DE JUSTIÇA DO ESTADO DE MINAS GERAIS - TJMG;FUNDO ESPECIAL DO PODER JUDICIÁRIO DO ESTADO DE MINAS GERAIS - FEPJ;1999.99.0.0.00.000;5;;OUTRAS RECEITAS;272295485,00
TRIBUNAL DE JUSTIÇA DO ESTADO DE MINAS GERAIS - TJMG;FUNDO ESPECIAL DO PODER JUDICIÁRIO DO ESTADO DE MINAS GERAIS - FEPJ;1999.99.2.0.00.000;6;;OUTRAS RECEITAS NÃO ARRECADADAS E NÃO PROJETADAS PELA RFB - PRIMÁRIAS;272295485,00
TRIBUNAL DE JUSTIÇA DO ESTADO DE MINAS GERAIS - TJMG;FUNDO ESPECIAL DO PODER JUDICIÁRIO DO ESTADO DE MINAS GERAIS - FEPJ;1999.99.2.1.00.000;7;;OUTRAS REC. - PRIMÁRIAS - PRINCIPAL;272241899,00
TRIBUNAL DE JUSTIÇA DO ESTADO DE MINAS GERAIS - TJMG;FUNDO ESPECIAL DO PODER JUDICIÁRIO DO ESTADO DE MINAS GERAIS - FEPJ;1999.99.2.1.09.000;8;;OUTRAS REC. - PRIMÁRIAS - PRINC. - EXCEDENTE AO TETO DOS INTERINOS - NOTÁRIOS REGISTRADORES;267183691,00
TRIBUNAL DE JUSTIÇA DO ESTADO DE MINAS GERAIS - TJMG;FUNDO ESPECIAL DO PODER JUDICIÁRIO DO ESTADO DE MINAS GERAIS - FEPJ;1999.99.2.1.09.001;9;60;OUTRAS REC. - PRIMÁRIAS - PRINC. - EXCEDENTE TETO INTERINOS - PRINC.;267149987,00
TRIBUNAL DE JUSTIÇA DO ESTADO DE MINAS GERAIS - TJMG;FUNDO ESPECIAL DO PODER JUDICIÁRIO DO ESTADO DE MINAS GERAIS - FEPJ;1999.99.2.1.09.002;9;60;OUTRAS REC. - PRIMÁRIAS - PRINC. - EXCEDENTE TETO INTERINOS - CORREÇÃO MONETÁRIA;33704,00
TRIBUNAL DE JUSTIÇA DO ESTADO DE MINAS GERAIS - TJMG;FUNDO ESPECIAL DO PODER JUDICIÁRIO DO ESTADO DE MINAS GERAIS - FEPJ;1999.99.2.1.99.000;8;60;OUTRAS REC. - PRIMÁRIAS - PRINC. - DEMAIS;5057666,00
TRIBUNAL DE JUSTIÇA DO ESTADO DE MINAS GERAIS - TJMG;FUNDO ESPECIAL DO PODER JUDICIÁRIO DO ESTADO DE MINAS GERAIS - FEPJ;1999.99.2.1.99.000;8;77;OUTRAS REC. - PRIMÁRIAS - PRINC. - DEMAIS;542,00
TRIBUNAL DE JUSTIÇA DO ESTADO DE MINAS GERAIS - TJMG;FUNDO ESPECIAL DO PODER JUDICIÁRIO DO ESTADO DE MINAS GERAIS - FEPJ;1999.99.2.2.00.000;7;;OUTRAS REC. - PRIMÁRIAS - MULTAS E JUROS DE MORA;53586,00
TRIBUNAL DE JUSTIÇA DO ESTADO DE MINAS GERAIS - TJMG;FUNDO ESPECIAL DO PODER JUDICIÁRIO DO ESTADO DE MINAS GERAIS - FEPJ;1999.99.2.2.09.000;8;;OUTRAS REC. - PRIMÁRIAS - MJM - EXCEDENTE AO TETO DOS INTERINOS - NOTÁRIOS REGISTRADORES;53586,00
TRIBUNAL DE JUSTIÇA DO ESTADO DE MINAS GERAIS - TJMG;FUNDO ESPECIAL DO PODER JUDICIÁRIO DO ESTADO DE MINAS GERAIS - FEPJ;1999.99.2.2.09.001;9;60;OUTRAS REC. - PRIMÁRIAS - MJM - EXCEDENTE TETO INTERINOS - PRINC.;53586,00
TRIBUNAL DE JUSTIÇA DO ESTADO DE MINAS GERAIS - TJMG;FUNDO ESPECIAL DO PODER JUDICIÁRIO DO ESTADO DE MINAS GERAIS - FEPJ;2000.00.0.0.00.000;1;;RECEITAS DE CAPITAL;2841228,00
TRIBUNAL DE JUSTIÇA DO ESTADO DE MINAS GERAIS - TJMG;FUNDO ESPECIAL DO PODER JUDICIÁRIO DO ESTADO DE MINAS GERAIS - FEPJ;2200.00.0.0.00.000;2;;ALIENAÇÃO DE BENS;2841228,00
TRIBUNAL DE JUSTIÇA DO ESTADO DE MINAS GERAIS - TJMG;FUNDO ESPECIAL DO PODER JUDICIÁRIO DO ESTADO DE MINAS GERAIS - FEPJ;2210.00.0.0.00.000;3;;ALIENAÇÃO DE BENS MÓVEIS;2841228,00
TRIBUNAL DE JUSTIÇA DO ESTADO DE MINAS GERAIS - TJMG;FUNDO ESPECIAL DO PODER JUDICIÁRIO DO ESTADO DE MINAS GERAIS - FEPJ;2213.00.0.0.00.000;4;;ALIENAÇÃO DE BENS MÓVEIS E SEMOVENTES;2841228,00
TRIBUNAL DE JUSTIÇA DO ESTADO DE MINAS GERAIS - TJMG;FUNDO ESPECIAL DO PODER JUDICIÁRIO DO ESTADO DE MINAS GERAIS - FEPJ;2213.01.0.0.00.000;5;;ALIENAÇÃO DE BENS MÓVEIS E SEMOVENTES;2841228,00
TRIBUNAL DE JUSTIÇA DO ESTADO DE MINAS GERAIS - TJMG;FUNDO ESPECIAL DO PODER JUDICIÁRIO DO ESTADO DE MINAS GERAIS - FEPJ;2213.01.0.1.00.000;7;;ALIENAÇÃO BENS MÓVEIS SEMOVENTES - PRINCIPAL;2841228,00
TRIBUNAL DE JUSTIÇA DO ESTADO DE MINAS GERAIS - TJMG;FUNDO ESPECIAL DO PODER JUDICIÁRIO DO ESTADO DE MINAS GERAIS - FEPJ;2213.01.0.1.01.000;8;47;ALIENAÇÃO BENS MÓVEIS SEMOVENTES - PRINC.;2841228,00
TRIBUNAL DE JUSTIÇA DO ESTADO DE MINAS GERAIS - TJMG;FUNDO ESPECIAL DO PODER JUDICIÁRIO DO ESTADO DE MINAS GERAIS - FEPJ;7000.00.0.0.00.000;1;;RECEITA INTRAORÇAMENTÁRIA;87655976,00
TRIBUNAL DE JUSTIÇA DO ESTADO DE MINAS GERAIS - TJMG;FUNDO ESPECIAL DO PODER JUDICIÁRIO DO ESTADO DE MINAS GERAIS - FEPJ;7300.00.0.0.00.000;2;;REC. INTRA. - RECEITA PATRIMONIAL;4529468,00
TRIBUNAL DE JUSTIÇA DO ESTADO DE MINAS GERAIS - TJMG;FUNDO ESPECIAL DO PODER JUDICIÁRIO DO ESTADO DE MINAS GERAIS - FEPJ;7310.00.0.0.00.000;3;;REC. INTRA. - EXPLORAÇÃO DO PATRIMÔNIO IMOBILIÁRIO DO ESTADO;4529468,00
TRIBUNAL DE JUSTIÇA DO ESTADO DE MINAS GERAIS - TJMG;FUNDO ESPECIAL DO PODER JUDICIÁRIO DO ESTADO DE MINAS GERAIS - FEPJ;7311.00.0.0.00.000;4;;REC. INTRA. - EXPLORAÇÃO DO PATRIMÔNIO IMOBILIÁRIO DO ESTADO;4529468,00
TRIBUNAL DE JUSTIÇA DO ESTADO DE MINAS GERAIS - TJMG;FUNDO ESPECIAL DO PODER JUDICIÁRIO DO ESTADO DE MINAS GERAIS - FEPJ;7311.02.0.0.00.000;5;;REC. INTRA. - CONCESSÃO, PERMISSÃO, AUTORIZAÇÃO OU CESSÃO DO DIREITO DE USO DE BENS IMÓVEIS PÚBLICOS;4529468,00
TRIBUNAL DE JUSTIÇA DO ESTADO DE MINAS GERAIS - TJMG;FUNDO ESPECIAL DO PODER JUDICIÁRIO DO ESTADO DE MINAS GERAIS - FEPJ;7311.02.0.1.00.000;7;;REC. INTRA. - CONC. PERM. AUTOR. CESSÃO DIR. USO BENS IMÓV. PÚB. - PRINCIPAL;4529468,00
TRIBUNAL DE JUSTIÇA DO ESTADO DE MINAS GERAIS - TJMG;FUNDO ESPECIAL DO PODER JUDICIÁRIO DO ESTADO DE MINAS GERAIS - FEPJ;7311.02.0.1.01.000;8;60;REC. INTRA. - CONC. PERM. AUTOR. CESSÃO DIR. USO BENS IMÓV. PÚB. - PRINC. - CONCESSÃO DE DIREITO REAL DE USO DE ÁREA PÚBLICA;4529468,00
TRIBUNAL DE JUSTIÇA DO ESTADO DE MINAS GERAIS - TJMG;FUNDO ESPECIAL DO PODER JUDICIÁRIO DO ESTADO DE MINAS GERAIS - FEPJ;7600.00.0.0.00.000;2;;REC. INTRA. - RECEITA DE SERVIÇOS;83126508,00
TRIBUNAL DE JUSTIÇA DO ESTADO DE MINAS GERAIS - TJMG;FUNDO ESPECIAL DO PODER JUDICIÁRIO DO ESTADO DE MINAS GERAIS - FEPJ;7610.00.0.0.00.000;3;;REC. INTRA. - SERVIÇOS ADMINISTRATIVOS E COMERCIAIS GERAIS;83126508,00
TRIBUNAL DE JUSTIÇA DO ESTADO DE MINAS GERAIS - TJMG;FUNDO ESPECIAL DO PODER JUDICIÁRIO DO ESTADO DE MINAS GERAIS - FEPJ;7611.00.0.0.00.000;4;;REC. INTRA. - SERVIÇOS ADMINISTRATIVOS E COMERCIAIS GERAIS;83126508,00
TRIBUNAL DE JUSTIÇA DO ESTADO DE MINAS GERAIS - TJMG;FUNDO ESPECIAL DO PODER JUDICIÁRIO DO ESTADO DE MINAS GERAIS - FEPJ;7611.01.0.0.00.000;5;;REC. INTRA. - SERVIÇOS ADMINISTRATIVOS E COMERCIAIS GERAIS;83126508,00
TRIBUNAL DE JUSTIÇA DO ESTADO DE MINAS GERAIS - TJMG;FUNDO ESPECIAL DO PODER JUDICIÁRIO DO ESTADO DE MINAS GERAIS - FEPJ;7611.01.0.1.00.000;7;;REC. INTRA. - SERVIÇOS ADM. COMERC. GER. - PRINCIPAL;83126508,00
TRIBUNAL DE JUSTIÇA DO ESTADO DE MINAS GERAIS - TJMG;FUNDO ESPECIAL DO PODER JUDICIÁRIO DO ESTADO DE MINAS GERAIS - FEPJ;7611.01.0.1.01.000;8;60;REC. INTRA. - SERVIÇOS ADM. COMERC. GER. - PRINC. - ADMINISTRAÇÃO DE DEPÓSITOS JUDICIAIS;83126508,00
SECRETARIA DE ESTADO DE DESENVOLVIMENTO SOCIAL - SEDESE;FUNDO PARA A INFÂNCIA E A ADOLESCÊNCIA - FIA;1000.00.0.0.00.000;1;;RECEITAS CORRENTES;207657,00
SECRETARIA DE ESTADO DE DESENVOLVIMENTO SOCIAL - SEDESE;FUNDO PARA A INFÂNCIA E A ADOLESCÊNCIA - FIA;1700.00.0.0.00.000;2;;TRANSFERÊNCIAS CORRENTES;207657,00
SECRETARIA DE ESTADO DE DESENVOLVIMENTO SOCIAL - SEDESE;FUNDO PARA A INFÂNCIA E A ADOLESCÊNCIA - FIA;1740.00.0.0.00.000;3;;TRANSFERÊNCIAS DE INSTITUIÇÕES PRIVADAS;207382,00
SECRETARIA DE ESTADO DE DESENVOLVIMENTO SOCIAL - SEDESE;FUNDO PARA A INFÂNCIA E A ADOLESCÊNCIA - FIA;1741.00.0.0.00.000;4;;TRANSFERÊNCIAS DE INSTITUIÇÕES PRIVADAS;207382,00
SECRETARIA DE ESTADO DE DESENVOLVIMENTO SOCIAL - SEDESE;FUNDO PARA A INFÂNCIA E A ADOLESCÊNCIA - FIA;1741.99.0.0.00.000;5;;OUTRAS TRANSFERÊNCIAS DE INSTITUIÇÕES PRIVADAS;207382,00
SECRETARIA DE ESTADO DE DESENVOLVIMENTO SOCIAL - SEDESE;FUNDO PARA A INFÂNCIA E A ADOLESCÊNCIA - FIA;1741.99.0.1.00.000;7;;OUTRAS TRANSF. INSTIT. PRIVADAS - PRINCIPAL;207382,00
SECRETARIA DE ESTADO DE DESENVOLVIMENTO SOCIAL - SEDESE;FUNDO PARA A INFÂNCIA E A ADOLESCÊNCIA - FIA;1741.99.0.1.41.000;8;;OUTRAS TRANSF. INSTIT. PRIVADAS - PRINC. - DEMAIS - DIREITOS HUMANOS E DE CIDADANIA;207382,00
SECRETARIA DE ESTADO DE DESENVOLVIMENTO SOCIAL - SEDESE;FUNDO PARA A INFÂNCIA E A ADOLESCÊNCIA - FIA;1741.99.0.1.41.999;9;45;DIR. HUMANOS CIDADANIA - OUTROS;207382,00
SECRETARIA DE ESTADO DE DESENVOLVIMENTO SOCIAL - SEDESE;FUNDO PARA A INFÂNCIA E A ADOLESCÊNCIA - FIA;1790.00.0.0.00.000;3;;DEMAIS TRANSFERÊNCIAS CORRENTES;275,00
SECRETARIA DE ESTADO DE DESENVOLVIMENTO SOCIAL - SEDESE;FUNDO PARA A INFÂNCIA E A ADOLESCÊNCIA - FIA;1791.00.0.0.00.000;4;;TRANSFERÊNCIAS DE PESSOAS FÍSICAS;275,00
SECRETARIA DE ESTADO DE DESENVOLVIMENTO SOCIAL - SEDESE;FUNDO PARA A INFÂNCIA E A ADOLESCÊNCIA - FIA;1791.99.0.0.00.000;5;;OUTRAS TRANSFERÊNCIAS DE PESSOAS FÍSICAS;275,00
SECRETARIA DE ESTADO DE DESENVOLVIMENTO SOCIAL - SEDESE;FUNDO PARA A INFÂNCIA E A ADOLESCÊNCIA - FIA;1791.99.0.1.00.000;7;;OUTRAS TRANSFERÊNCIAS DE PESSOAS FÍSICAS - PRINCIPAL;275,00
SECRETARIA DE ESTADO DE DESENVOLVIMENTO SOCIAL - SEDESE;FUNDO PARA A INFÂNCIA E A ADOLESCÊNCIA - FIA;1791.99.0.1.14.000;8;45;OUTRAS TRANSF. PESSOAS FÍSICAS - PRINC. - DIREITOS HUMANOS E DE CIDADANIA;275,00
SECRETARIA DE ESTADO DE DESENVOLVIMENTO SOCIAL - SEDESE;FUNDO PARA A INFÂNCIA E A ADOLESCÊNCIA - FIA;2000.00.0.0.00.000;1;;RECEITAS DE CAPITAL;207657,00
SECRETARIA DE ESTADO DE DESENVOLVIMENTO SOCIAL - SEDESE;FUNDO PARA A INFÂNCIA E A ADOLESCÊNCIA - FIA;2400.00.0.0.00.000;2;;TRANSFERÊNCIAS DE CAPITAL;207657,00
SECRETARIA DE ESTADO DE DESENVOLVIMENTO SOCIAL - SEDESE;FUNDO PARA A INFÂNCIA E A ADOLESCÊNCIA - FIA;2440.00.0.0.00.000;3;;TRANSFERÊNCIAS DE INSTITUIÇÕES PRIVADAS;207382,00
SECRETARIA DE ESTADO DE DESENVOLVIMENTO SOCIAL - SEDESE;FUNDO PARA A INFÂNCIA E A ADOLESCÊNCIA - FIA;2441.00.0.0.00.000;4;;TRANSFERÊNCIAS DE INSTITUIÇÕES PRIVADAS;207382,00
SECRETARIA DE ESTADO DE DESENVOLVIMENTO SOCIAL - SEDESE;FUNDO PARA A INFÂNCIA E A ADOLESCÊNCIA - FIA;2441.99.0.0.00.000;5;;OUTRAS TRANSFERÊNCIAS DE INSTITUIÇÕES PRIVADAS;207382,00
SECRETARIA DE ESTADO DE DESENVOLVIMENTO SOCIAL - SEDESE;FUNDO PARA A INFÂNCIA E A ADOLESCÊNCIA - FIA;2441.99.0.1.00.000;7;;OUTRAS TRANSF. INSTIT. PRIVADAS - PRINCIPAL;207382,00
SECRETARIA DE ESTADO DE DESENVOLVIMENTO SOCIAL - SEDESE;FUNDO PARA A INFÂNCIA E A ADOLESCÊNCIA - FIA;2441.99.0.1.41.000;8;;OUTRAS TRANSF. INSTITUIÇÕES PRIVADAS - DIREITOS HUMANOS E DE CIDADANIA;207382,00
SECRETARIA DE ESTADO DE DESENVOLVIMENTO SOCIAL - SEDESE;FUNDO PARA A INFÂNCIA E A ADOLESCÊNCIA - FIA;2441.99.0.1.41.999;9;45;DIR. HUMANOS CIDADANIA - OUTROS;207382,00
SECRETARIA DE ESTADO DE DESENVOLVIMENTO SOCIAL - SEDESE;FUNDO PARA A INFÂNCIA E A ADOLESCÊNCIA - FIA;2490.00.0.0.00.000;3;;DEMAIS TRANSFERÊNCIAS DE CAPITAL;275,00
SECRETARIA DE ESTADO DE DESENVOLVIMENTO SOCIAL - SEDESE;FUNDO PARA A INFÂNCIA E A ADOLESCÊNCIA - FIA;2491.00.0.0.00.000;4;;TRANSFERÊNCIAS DE PESSOAS FÍSICAS;275,00
SECRETARIA DE ESTADO DE DESENVOLVIMENTO SOCIAL - SEDESE;FUNDO PARA A INFÂNCIA E A ADOLESCÊNCIA - FIA;2491.99.0.0.00.000;5;;OUTRAS TRANSFERÊNCIAS DE PESSOAS FÍSICAS;275,00
SECRETARIA DE ESTADO DE DESENVOLVIMENTO SOCIAL - SEDESE;FUNDO PARA A INFÂNCIA E A ADOLESCÊNCIA - FIA;2491.99.0.1.00.000;7;;OUTRAS TRANSF. PESSOAS FÍSICAS - PRINCIPAL;275,00
SECRETARIA DE ESTADO DE DESENVOLVIMENTO SOCIAL - SEDESE;FUNDO PARA A INFÂNCIA E A ADOLESCÊNCIA - FIA;2491.99.0.1.14.000;8;45;OUTRAS TRANSF. PESSOAS FÍSICAS - PRINC. - DIREITOS HUMANOS E DE CIDADANIA;275,00
SECRETARIA DE ESTADO DE DESENVOLVIMENTO SOCIAL - SEDESE;FUNDO ESTADUAL DE HABITAÇÃO - FEH;2000.00.0.0.00.000;1;;RECEITAS DE CAPITAL;40970000,00
SECRETARIA DE ESTADO DE DESENVOLVIMENTO SOCIAL - SEDESE;FUNDO ESTADUAL DE HABITAÇÃO - FEH;2300.00.0.0.00.000;2;;AMORTIZAÇÃO DE EMPRÉSTIMOS;40970000,00
SECRETARIA DE ESTADO DE DESENVOLVIMENTO SOCIAL - SEDESE;FUNDO ESTADUAL DE HABITAÇÃO - FEH;2310.00.0.0.00.000;3;;AMORTIZAÇÃO DE EMPRÉSTIMOS;40970000,00
SECRETARIA DE ESTADO DE DESENVOLVIMENTO SOCIAL - SEDESE;FUNDO ESTADUAL DE HABITAÇÃO - FEH;2311.00.0.0.00.000;4;;AMORTIZAÇÃO DE EMPRÉSTIMOS;40970000,00
SECRETARIA DE ESTADO DE DESENVOLVIMENTO SOCIAL - SEDESE;FUNDO ESTADUAL DE HABITAÇÃO - FEH;2311.07.0.0.00.000;5;;AMORTIZAÇÃO DE FINANCIAMENTOS;40970000,00
SECRETARIA DE ESTADO DE DESENVOLVIMENTO SOCIAL - SEDESE;FUNDO ESTADUAL DE HABITAÇÃO - FEH;2311.07.1.0.00.000;6;;AMORTIZAÇÃO DE FINANCIAMENTOS EM GERAL;40970000,00
SECRETARIA DE ESTADO DE DESENVOLVIMENTO SOCIAL - SEDESE;FUNDO ESTADUAL DE HABITAÇÃO - FEH;2311.07.1.1.00.000;7;;AMORTIZAÇÃO FINANCIAMENTOS GERAL - PRINCIPAL;40970000,00
SECRETARIA DE ESTADO DE DESENVOLVIMENTO SOCIAL - SEDESE;FUNDO ESTADUAL DE HABITAÇÃO - FEH;2311.07.1.1.99.000;8;60;AMORTIZAÇÃO FINANCIAMENTOS GERAL - PRINC. - DEMAIS;40970000,00
SECRETARIA DE ESTADO DE DESENVOLVIMENTO ECONÔMICO - SEDE;FUNDO DE FOMENTO E DESENVOLVIMENTO SOCIOECONÔMICO DO ESTADO DE MINAS GERAIS - FUNDESE;1000.00.0.0.00.000;1;;RECEITAS CORRENTES;200000,00
SECRETARIA DE ESTADO DE DESENVOLVIMENTO ECONÔMICO - SEDE;FUNDO DE FOMENTO E DESENVOLVIMENTO SOCIOECONÔMICO DO ESTADO DE MINAS GERAIS - FUNDESE;1600.00.0.0.00.000;2;;RECEITA DE SERVIÇOS;200000,00
SECRETARIA DE ESTADO DE DESENVOLVIMENTO ECONÔMICO - SEDE;FUNDO DE FOMENTO E DESENVOLVIMENTO SOCIOECONÔMICO DO ESTADO DE MINAS GERAIS - FUNDESE;1640.00.0.0.00.000;3;;SERVIÇOS E ATIVIDADES FINANCEIRAS;200000,00
SECRETARIA DE ESTADO DE DESENVOLVIMENTO ECONÔMICO - SEDE;FUNDO DE FOMENTO E DESENVOLVIMENTO SOCIOECONÔMICO DO ESTADO DE MINAS GERAIS - FUNDESE;1641.00.0.0.00.000;4;;SERVIÇOS E ATIVIDADES FINANCEIRAS;200000,00
SECRETARIA DE ESTADO DE DESENVOLVIMENTO ECONÔMICO - SEDE;FUNDO DE FOMENTO E DESENVOLVIMENTO SOCIOECONÔMICO DO ESTADO DE MINAS GERAIS - FUNDESE;1641.01.0.0.00.000;5;;RETORNO DE OPERAÇÕES, JUROS E ENCARGOS FINANCEIROS;200000,00
SECRETARIA DE ESTADO DE DESENVOLVIMENTO ECONÔMICO - SEDE;FUNDO DE FOMENTO E DESENVOLVIMENTO SOCIOECONÔMICO DO ESTADO DE MINAS GERAIS - FUNDESE;1641.01.0.1.00.000;7;;RETORNO OPER. JUROS ENCARG. FINANCEIROS - PRINCIPAL;200000,00
SECRETARIA DE ESTADO DE DESENVOLVIMENTO ECONÔMICO - SEDE;FUNDO DE FOMENTO E DESENVOLVIMENTO SOCIOECONÔMICO DO ESTADO DE MINAS GERAIS - FUNDESE;1641.01.0.1.01.000;8;60;RETORNO OPER. JUROS ENCARG. FINANCEIROS - PRINC. - JUROS DE EMPRÉSTIMOS;100000,00
SECRETARIA DE ESTADO DE DESENVOLVIMENTO ECONÔMICO - SEDE;FUNDO DE FOMENTO E DESENVOLVIMENTO SOCIOECONÔMICO DO ESTADO DE MINAS GERAIS - FUNDESE;1641.01.0.1.01.000;8;61;RETORNO OPER. JUROS ENCARG. FINANCEIROS - PRINC. - JUROS DE EMPRÉSTIMOS;100000,00
SECRETARIA DE ESTADO DE DESENVOLVIMENTO ECONÔMICO - SEDE;FUNDO DE FOMENTO E DESENVOLVIMENTO SOCIOECONÔMICO DO ESTADO DE MINAS GERAIS - FUNDESE;2000.00.0.0.00.000;1;;RECEITAS DE CAPITAL;1100000,00
SECRETARIA DE ESTADO DE DESENVOLVIMENTO ECONÔMICO - SEDE;FUNDO DE FOMENTO E DESENVOLVIMENTO SOCIOECONÔMICO DO ESTADO DE MINAS GERAIS - FUNDESE;2300.00.0.0.00.000;2;;AMORTIZAÇÃO DE EMPRÉSTIMOS;1100000,00
SECRETARIA DE ESTADO DE DESENVOLVIMENTO ECONÔMICO - SEDE;FUNDO DE FOMENTO E DESENVOLVIMENTO SOCIOECONÔMICO DO ESTADO DE MINAS GERAIS - FUNDESE;2310.00.0.0.00.000;3;;AMORTIZAÇÃO DE EMPRÉSTIMOS;1100000,00
SECRETARIA DE ESTADO DE DESENVOLVIMENTO ECONÔMICO - SEDE;FUNDO DE FOMENTO E DESENVOLVIMENTO SOCIOECONÔMICO DO ESTADO DE MINAS GERAIS - FUNDESE;2311.00.0.0.00.000;4;;AMORTIZAÇÃO DE EMPRÉSTIMOS;1100000,00
SECRETARIA DE ESTADO DE DESENVOLVIMENTO ECONÔMICO - SEDE;FUNDO DE FOMENTO E DESENVOLVIMENTO SOCIOECONÔMICO DO ESTADO DE MINAS GERAIS - FUNDESE;2311.07.0.0.00.000;5;;AMORTIZAÇÃO DE FINANCIAMENTOS;1100000,00
SECRETARIA DE ESTADO DE DESENVOLVIMENTO ECONÔMICO - SEDE;FUNDO DE FOMENTO E DESENVOLVIMENTO SOCIOECONÔMICO DO ESTADO DE MINAS GERAIS - FUNDESE;2311.07.1.0.00.000;6;;AMORTIZAÇÃO DE FINANCIAMENTOS EM GERAL;1100000,00
SECRETARIA DE ESTADO DE DESENVOLVIMENTO ECONÔMICO - SEDE;FUNDO DE FOMENTO E DESENVOLVIMENTO SOCIOECONÔMICO DO ESTADO DE MINAS GERAIS - FUNDESE;2311.07.1.1.00.000;7;;AMORTIZAÇÃO FINANCIAMENTOS GERAL - PRINCIPAL;1100000,00
SECRETARIA DE ESTADO DE DESENVOLVIMENTO ECONÔMICO - SEDE;FUNDO DE FOMENTO E DESENVOLVIMENTO SOCIOECONÔMICO DO ESTADO DE MINAS GERAIS - FUNDESE;2311.07.1.1.99.000;8;60;AMORTIZAÇÃO FINANCIAMENTOS GERAL - PRINC. - DEMAIS;1000000,00
SECRETARIA DE ESTADO DE DESENVOLVIMENTO ECONÔMICO - SEDE;FUNDO DE FOMENTO E DESENVOLVIMENTO SOCIOECONÔMICO DO ESTADO DE MINAS GERAIS - FUNDESE;2311.07.1.1.99.000;8;61;AMORTIZAÇÃO FINANCIAMENTOS GERAL - PRINC. - DEMAIS;100000,00
ASSEMBLEIA LEGISLATIVA DO ESTADO DE MINAS GERAIS - ALMG;FUNDO ESPECIAL DA ASSEMBLEIA LEGISLATIVA DO ESTADO DE MINAS GERAIS - FUNDALEMG;1000.00.0.0.00.000;1;;RECEITAS CORRENTES;14000000,00
ASSEMBLEIA LEGISLATIVA DO ESTADO DE MINAS GERAIS - ALMG;FUNDO ESPECIAL DA ASSEMBLEIA LEGISLATIVA DO ESTADO DE MINAS GERAIS - FUNDALEMG;1300.00.0.0.00.000;2;;RECEITA PATRIMONIAL;13200000,00
ASSEMBLEIA LEGISLATIVA DO ESTADO DE MINAS GERAIS - ALMG;FUNDO ESPECIAL DA ASSEMBLEIA LEGISLATIVA DO ESTADO DE MINAS GERAIS - FUNDALEMG;1320.00.0.0.00.000;3;;VALORES MOBILIÁRIOS;13200000,00
ASSEMBLEIA LEGISLATIVA DO ESTADO DE MINAS GERAIS - ALMG;FUNDO ESPECIAL DA ASSEMBLEIA LEGISLATIVA DO ESTADO DE MINAS GERAIS - FUNDALEMG;1321.00.0.0.00.000;4;;JUROS E CORREÇÕES MONETÁRIAS;13200000,00
ASSEMBLEIA LEGISLATIVA DO ESTADO DE MINAS GERAIS - ALMG;FUNDO ESPECIAL DA ASSEMBLEIA LEGISLATIVA DO ESTADO DE MINAS GERAIS - FUNDALEMG;1321.01.0.0.00.000;5;;REMUNERAÇÃO DE DEPÓSITOS BANCÁRIOS;13200000,00
ASSEMBLEIA LEGISLATIVA DO ESTADO DE MINAS GERAIS - ALMG;FUNDO ESPECIAL DA ASSEMBLEIA LEGISLATIVA DO ESTADO DE MINAS GERAIS - FUNDALEMG;1321.01.0.1.00.000;7;;REMUNERAÇÃO DEPÓSITOS BANCÁRIOS - PRINCIPAL;13200000,00
ASSEMBLEIA LEGISLATIVA DO ESTADO DE MINAS GERAIS - ALMG;FUNDO ESPECIAL DA ASSEMBLEIA LEGISLATIVA DO ESTADO DE MINAS GERAIS - FUNDALEMG;1321.01.0.1.01.000;8;60;REMUNERAÇÃO DEPÓSITOS BANCÁRIOS - PRINC.;13200000,00
ASSEMBLEIA LEGISLATIVA DO ESTADO DE MINAS GERAIS - ALMG;FUNDO ESPECIAL DA ASSEMBLEIA LEGISLATIVA DO ESTADO DE MINAS GERAIS - FUNDALEMG;1600.00.0.0.00.000;2;;RECEITA DE SERVIÇOS;800000,00
ASSEMBLEIA LEGISLATIVA DO ESTADO DE MINAS GERAIS - ALMG;FUNDO ESPECIAL DA ASSEMBLEIA LEGISLATIVA DO ESTADO DE MINAS GERAIS - FUNDALEMG;1640.00.0.0.00.000;3;;SERVIÇOS E ATIVIDADES FINANCEIRAS;800000,00
ASSEMBLEIA LEGISLATIVA DO ESTADO DE MINAS GERAIS - ALMG;FUNDO ESPECIAL DA ASSEMBLEIA LEGISLATIVA DO ESTADO DE MINAS GERAIS - FUNDALEMG;1641.00.0.0.00.000;4;;SERVIÇOS E ATIVIDADES FINANCEIRAS;800000,00
ASSEMBLEIA LEGISLATIVA DO ESTADO DE MINAS GERAIS - ALMG;FUNDO ESPECIAL DA ASSEMBLEIA LEGISLATIVA DO ESTADO DE MINAS GERAIS - FUNDALEMG;1641.01.0.0.00.000;5;;RETORNO DE OPERAÇÕES, JUROS E ENCARGOS FINANCEIROS;800000,00
ASSEMBLEIA LEGISLATIVA DO ESTADO DE MINAS GERAIS - ALMG;FUNDO ESPECIAL DA ASSEMBLEIA LEGISLATIVA DO ESTADO DE MINAS GERAIS - FUNDALEMG;1641.01.0.1.00.000;7;;RETORNO OPER. JUROS ENCARG. FINANCEIROS - PRINCIPAL;800000,00
ASSEMBLEIA LEGISLATIVA DO ESTADO DE MINAS GERAIS - ALMG;FUNDO ESPECIAL DA ASSEMBLEIA LEGISLATIVA DO ESTADO DE MINAS GERAIS - FUNDALEMG;1641.01.0.1.01.000;8;60;RETORNO OPER. JUROS ENCARG. FINANCEIROS - PRINC. - JUROS DE EMPRÉSTIMOS;800000,00
ASSEMBLEIA LEGISLATIVA DO ESTADO DE MINAS GERAIS - ALMG;FUNDO ESPECIAL DA ASSEMBLEIA LEGISLATIVA DO ESTADO DE MINAS GERAIS - FUNDALEMG;2000.00.0.0.00.000;1;;RECEITAS DE CAPITAL;4000000,00
ASSEMBLEIA LEGISLATIVA DO ESTADO DE MINAS GERAIS - ALMG;FUNDO ESPECIAL DA ASSEMBLEIA LEGISLATIVA DO ESTADO DE MINAS GERAIS - FUNDALEMG;2300.00.0.0.00.000;2;;AMORTIZAÇÃO DE EMPRÉSTIMOS;4000000,00
ASSEMBLEIA LEGISLATIVA DO ESTADO DE MINAS GERAIS - ALMG;FUNDO ESPECIAL DA ASSEMBLEIA LEGISLATIVA DO ESTADO DE MINAS GERAIS - FUNDALEMG;2310.00.0.0.00.000;3;;AMORTIZAÇÃO DE EMPRÉSTIMOS;4000000,00
ASSEMBLEIA LEGISLATIVA DO ESTADO DE MINAS GERAIS - ALMG;FUNDO ESPECIAL DA ASSEMBLEIA LEGISLATIVA DO ESTADO DE MINAS GERAIS - FUNDALEMG;2311.00.0.0.00.000;4;;AMORTIZAÇÃO DE EMPRÉSTIMOS;4000000,00
ASSEMBLEIA LEGISLATIVA DO ESTADO DE MINAS GERAIS - ALMG;FUNDO ESPECIAL DA ASSEMBLEIA LEGISLATIVA DO ESTADO DE MINAS GERAIS - FUNDALEMG;2311.06.0.0.00.000;5;;AMORTIZAÇÃO DE EMPRÉSTIMOS CONTRATUAIS;4000000,00
ASSEMBLEIA LEGISLATIVA DO ESTADO DE MINAS GERAIS - ALMG;FUNDO ESPECIAL DA ASSEMBLEIA LEGISLATIVA DO ESTADO DE MINAS GERAIS - FUNDALEMG;2311.06.0.1.00.000;7;;AMORTIZAÇÃO EMPRÉSTIMOS CONTRATUAIS - PRINCIPAL;4000000,00
ASSEMBLEIA LEGISLATIVA DO ESTADO DE MINAS GERAIS - ALMG;FUNDO ESPECIAL DA ASSEMBLEIA LEGISLATIVA DO ESTADO DE MINAS GERAIS - FUNDALEMG;2311.06.0.1.01.000;8;60;AMORTIZAÇÃO EMPRÉSTIMOS CONTRATUAIS - PRINC.;4000000,00
SECRETARIA DE ESTADO DE JUSTIÇA E SEGURANÇA PÚBLICA - SEJUSP;FUNDO PENITENCIÁRIO ESTADUAL - FPE;1000.00.0.0.00.000;1;;RECEITAS CORRENTES;5939714,00
SECRETARIA DE ESTADO DE JUSTIÇA E SEGURANÇA PÚBLICA - SEJUSP;FUNDO PENITENCIÁRIO ESTADUAL - FPE;1300.00.0.0.00.000;2;;RECEITA PATRIMONIAL;10000,00
SECRETARIA DE ESTADO DE JUSTIÇA E SEGURANÇA PÚBLICA - SEJUSP;FUNDO PENITENCIÁRIO ESTADUAL - FPE;1320.00.0.0.00.000;3;;VALORES MOBILIÁRIOS;10000,00
SECRETARIA DE ESTADO DE JUSTIÇA E SEGURANÇA PÚBLICA - SEJUSP;FUNDO PENITENCIÁRIO ESTADUAL - FPE;1321.00.0.0.00.000;4;;JUROS E CORREÇÕES MONETÁRIAS;10000,00
SECRETARIA DE ESTADO DE JUSTIÇA E SEGURANÇA PÚBLICA - SEJUSP;FUNDO PENITENCIÁRIO ESTADUAL - FPE;1321.01.0.0.00.000;5;;REMUNERAÇÃO DE DEPÓSITOS BANCÁRIOS;10000,00
SECRETARIA DE ESTADO DE JUSTIÇA E SEGURANÇA PÚBLICA - SEJUSP;FUNDO PENITENCIÁRIO ESTADUAL - FPE;1321.01.0.1.00.000;7;;REMUNERAÇÃO DEPÓSITOS BANCÁRIOS - PRINCIPAL;10000,00
SECRETARIA DE ESTADO DE JUSTIÇA E SEGURANÇA PÚBLICA - SEJUSP;FUNDO PENITENCIÁRIO ESTADUAL - FPE;1321.01.0.1.01.000;8;57;REMUNERAÇÃO DEPÓSITOS BANCÁRIOS - PRINC.;10000,00
SECRETARIA DE ESTADO DE JUSTIÇA E SEGURANÇA PÚBLICA - SEJUSP;FUNDO PENITENCIÁRIO ESTADUAL - FPE;1900.00.0.0.00.000;2;;OUTRAS RECEITAS CORRENTES;5929714,00
SECRETARIA DE ESTADO DE JUSTIÇA E SEGURANÇA PÚBLICA - SEJUSP;FUNDO PENITENCIÁRIO ESTADUAL - FPE;1910.00.0.0.00.000;3;;MULTAS ADMINISTRATIVAS, CONTRATUAIS E JUDICIAIS;5919714,00
SECRETARIA DE ESTADO DE JUSTIÇA E SEGURANÇA PÚBLICA - SEJUSP;FUNDO PENITENCIÁRIO ESTADUAL - FPE;1911.00.0.0.00.000;4;;MULTAS ADMINISTRATIVAS, CONTRATUAIS E JUDICIAIS;5919714,00
SECRETARIA DE ESTADO DE JUSTIÇA E SEGURANÇA PÚBLICA - SEJUSP;FUNDO PENITENCIÁRIO ESTADUAL - FPE;1911.08.0.0.00.000;5;;MULTAS DECORRENTES DE SENTENÇAS JUDICIAIS;5919714,00
SECRETARIA DE ESTADO DE JUSTIÇA E SEGURANÇA PÚBLICA - SEJUSP;FUNDO PENITENCIÁRIO ESTADUAL - FPE;1911.08.0.1.00.000;7;;MULTAS SENTENÇAS JUDICIAIS - PRINCIPAL;5919714,00
SECRETARIA DE ESTADO DE JUSTIÇA E SEGURANÇA PÚBLICA - SEJUSP;FUNDO PENITENCIÁRIO ESTADUAL - FPE;1911.08.0.1.01.000;8;39;MULTAS SENTENÇAS JUDICIAIS - PRINC. - MULTAS PECUNIÁRIAS E JUROS DE MORA;5919714,00
SECRETARIA DE ESTADO DE JUSTIÇA E SEGURANÇA PÚBLICA - SEJUSP;FUNDO PENITENCIÁRIO ESTADUAL - FPE;1920.00.0.0.00.000;3;;INDENIZAÇÕES, RESTITUIÇÕES E RESSARCIMENTOS;10000,00
SECRETARIA DE ESTADO DE JUSTIÇA E SEGURANÇA PÚBLICA - SEJUSP;FUNDO PENITENCIÁRIO ESTADUAL - FPE;1922.00.0.0.00.000;4;;RESTITUIÇÕES;10000,00
SECRETARIA DE ESTADO DE JUSTIÇA E SEGURANÇA PÚBLICA - SEJUSP;FUNDO PENITENCIÁRIO ESTADUAL - FPE;1922.99.0.0.00.000;5;;OUTRAS RESTITUIÇÕES;10000,00
SECRETARIA DE ESTADO DE JUSTIÇA E SEGURANÇA PÚBLICA - SEJUSP;FUNDO PENITENCIÁRIO ESTADUAL - FPE;1922.99.0.1.00.000;7;;OUTRAS RESTITUIÇÕES - PRINCIPAL;10000,00
SECRETARIA DE ESTADO DE JUSTIÇA E SEGURANÇA PÚBLICA - SEJUSP;FUNDO PENITENCIÁRIO ESTADUAL - FPE;1922.99.0.1.99.000;8;57;OUTRAS RESTITUIÇÕES - PRINC. - DEMAIS;10000,00
SECRETARIA DE ESTADO DE JUSTIÇA E SEGURANÇA PÚBLICA - SEJUSP;FUNDO PENITENCIÁRIO ESTADUAL - FPE;2000.00.0.0.00.000;1;;RECEITAS DE CAPITAL;21215633,00
SECRETARIA DE ESTADO DE JUSTIÇA E SEGURANÇA PÚBLICA - SEJUSP;FUNDO PENITENCIÁRIO ESTADUAL - FPE;2400.00.0.0.00.000;2;;TRANSFERÊNCIAS DE CAPITAL;21215633,00
SECRETARIA DE ESTADO DE JUSTIÇA E SEGURANÇA PÚBLICA - SEJUSP;FUNDO PENITENCIÁRIO ESTADUAL - FPE;2410.00.0.0.00.000;3;;TRANSFERÊNCIAS DA UNIÃO E DE SUAS ENTIDADES;21215633,00
SECRETARIA DE ESTADO DE JUSTIÇA E SEGURANÇA PÚBLICA - SEJUSP;FUNDO PENITENCIÁRIO ESTADUAL - FPE;2419.00.0.0.00.000;4;;OUTRAS TRANSFERÊNCIAS DE RECURSOS DA UNIÃO E DE SUAS ENTIDADES;21215633,00
SECRETARIA DE ESTADO DE JUSTIÇA E SEGURANÇA PÚBLICA - SEJUSP;FUNDO PENITENCIÁRIO ESTADUAL - FPE;2419.99.0.0.00.000;5;;OUTRAS TRANSFERÊNCIAS DE RECURSOS DA UNIÃO E DE SUAS ENTIDADES;21215633,00
SECRETARIA DE ESTADO DE JUSTIÇA E SEGURANÇA PÚBLICA - SEJUSP;FUNDO PENITENCIÁRIO ESTADUAL - FPE;2419.99.0.1.00.000;7;;OUTRAS TRANSF. RECURSOS UNIÃO ENTIDADES - PRINCIPAL;21215633,00
SECRETARIA DE ESTADO DE JUSTIÇA E SEGURANÇA PÚBLICA - SEJUSP;FUNDO PENITENCIÁRIO ESTADUAL - FPE;2419.99.0.1.23.000;8;;OUTRAS TRANSF. UNIÃO ENTIDADES - SEGURANÇA PÚBLICA;21215633,00
SECRETARIA DE ESTADO DE JUSTIÇA E SEGURANÇA PÚBLICA - SEJUSP;FUNDO PENITENCIÁRIO ESTADUAL - FPE;2419.99.0.1.23.001;9;57;SEGURANÇA PÚBLICA - FUNDO PENITENCIÁRIO NACIONAL;21215633,00
SECRETARIA DE ESTADO DE DESENVOLVIMENTO SOCIAL - SEDESE;FUNDO ESTADUAL DE ASSISTÊNCIA SOCIAL - FEAS;1000.00.0.0.00.000;1;;RECEITAS CORRENTES;8495958,00
SECRETARIA DE ESTADO DE DESENVOLVIMENTO SOCIAL - SEDESE;FUNDO ESTADUAL DE ASSISTÊNCIA SOCIAL - FEAS;1300.00.0.0.00.000;2;;RECEITA PATRIMONIAL;1051276,00
SECRETARIA DE ESTADO DE DESENVOLVIMENTO SOCIAL - SEDESE;FUNDO ESTADUAL DE ASSISTÊNCIA SOCIAL - FEAS;1320.00.0.0.00.000;3;;VALORES MOBILIÁRIOS;1051276,00
SECRETARIA DE ESTADO DE DESENVOLVIMENTO SOCIAL - SEDESE;FUNDO ESTADUAL DE ASSISTÊNCIA SOCIAL - FEAS;1321.00.0.0.00.000;4;;JUROS E CORREÇÕES MONETÁRIAS;1051276,00
SECRETARIA DE ESTADO DE DESENVOLVIMENTO SOCIAL - SEDESE;FUNDO ESTADUAL DE ASSISTÊNCIA SOCIAL - FEAS;1321.01.0.0.00.000;5;;REMUNERAÇÃO DE DEPÓSITOS BANCÁRIOS;1051276,00
SECRETARIA DE ESTADO DE DESENVOLVIMENTO SOCIAL - SEDESE;FUNDO ESTADUAL DE ASSISTÊNCIA SOCIAL - FEAS;1321.01.0.1.00.000;7;;REMUNERAÇÃO DEPÓSITOS BANCÁRIOS - PRINCIPAL;1051276,00
SECRETARIA DE ESTADO DE DESENVOLVIMENTO SOCIAL - SEDESE;FUNDO ESTADUAL DE ASSISTÊNCIA SOCIAL - FEAS;1321.01.0.1.01.000;8;5;REMUNERAÇÃO DEPÓSITOS BANCÁRIOS - PRINC.;1000,00
SECRETARIA DE ESTADO DE DESENVOLVIMENTO SOCIAL - SEDESE;FUNDO ESTADUAL DE ASSISTÊNCIA SOCIAL - FEAS;1321.01.0.1.01.000;8;6;REMUNERAÇÃO DEPÓSITOS BANCÁRIOS - PRINC.;1000,00
SECRETARIA DE ESTADO DE DESENVOLVIMENTO SOCIAL - SEDESE;FUNDO ESTADUAL DE ASSISTÊNCIA SOCIAL - FEAS;1321.01.0.1.01.000;8;56;REMUNERAÇÃO DEPÓSITOS BANCÁRIOS - PRINC.;1049276,00
SECRETARIA DE ESTADO DE DESENVOLVIMENTO SOCIAL - SEDESE;FUNDO ESTADUAL DE ASSISTÊNCIA SOCIAL - FEAS;1700.00.0.0.00.000;2;;TRANSFERÊNCIAS CORRENTES;7441682,00
SECRETARIA DE ESTADO DE DESENVOLVIMENTO SOCIAL - SEDESE;FUNDO ESTADUAL DE ASSISTÊNCIA SOCIAL - FEAS;1710.00.0.0.00.000;3;;TRANSFERÊNCIAS DA UNIÃO E DE SUAS ENTIDADES;7441682,00
SECRETARIA DE ESTADO DE DESENVOLVIMENTO SOCIAL - SEDESE;FUNDO ESTADUAL DE ASSISTÊNCIA SOCIAL - FEAS;1716.00.0.0.00.000;4;;TRANSFERÊNCIAS DE RECURSOS DO FUNDO NACIONAL DE ASSISTÊNCIA SOCIAL - FNAS;7441682,00
SECRETARIA DE ESTADO DE DESENVOLVIMENTO SOCIAL - SEDESE;FUNDO ESTADUAL DE ASSISTÊNCIA SOCIAL - FEAS;1716.50.0.0.00.000;5;;TRANSFERÊNCIAS DE RECURSOS DO FUNDO NACIONAL DE ASSISTÊNCIA SOCIAL - FNAS;7441682,00
SECRETARIA DE ESTADO DE DESENVOLVIMENTO SOCIAL - SEDESE;FUNDO ESTADUAL DE ASSISTÊNCIA SOCIAL - FEAS;1716.50.0.1.00.000;7;;TRANSF. RECURSOS FNAS - PRINCIPAL;7441682,00
SECRETARIA DE ESTADO DE DESENVOLVIMENTO SOCIAL - SEDESE;FUNDO ESTADUAL DE ASSISTÊNCIA SOCIAL - FEAS;1716.50.0.1.02.000;8;56;TRANSF. RECURSOS FNAS - PRINC. - IGDE;1923282,00
SECRETARIA DE ESTADO DE DESENVOLVIMENTO SOCIAL - SEDESE;FUNDO ESTADUAL DE ASSISTÊNCIA SOCIAL - FEAS;1716.50.0.1.99.000;8;56;TRANSF. RECURSOS FNAS - PRINC. - DEMAIS;5518400,00
SECRETARIA DE ESTADO DE DESENVOLVIMENTO SOCIAL - SEDESE;FUNDO ESTADUAL DE ASSISTÊNCIA SOCIAL - FEAS;1900.00.0.0.00.000;2;;OUTRAS RECEITAS CORRENTES;3000,00
SECRETARIA DE ESTADO DE DESENVOLVIMENTO SOCIAL - SEDESE;FUNDO ESTADUAL DE ASSISTÊNCIA SOCIAL - FEAS;1920.00.0.0.00.000;3;;INDENIZAÇÕES, RESTITUIÇÕES E RESSARCIMENTOS;3000,00
SECRETARIA DE ESTADO DE DESENVOLVIMENTO SOCIAL - SEDESE;FUNDO ESTADUAL DE ASSISTÊNCIA SOCIAL - FEAS;1922.00.0.0.00.000;4;;RESTITUIÇÕES;3000,00
SECRETARIA DE ESTADO DE DESENVOLVIMENTO SOCIAL - SEDESE;FUNDO ESTADUAL DE ASSISTÊNCIA SOCIAL - FEAS;1922.99.0.0.00.000;5;;OUTRAS RESTITUIÇÕES;3000,00
SECRETARIA DE ESTADO DE DESENVOLVIMENTO SOCIAL - SEDESE;FUNDO ESTADUAL DE ASSISTÊNCIA SOCIAL - FEAS;1922.99.0.1.00.000;7;;OUTRAS RESTITUIÇÕES - PRINCIPAL;3000,00
SECRETARIA DE ESTADO DE DESENVOLVIMENTO SOCIAL - SEDESE;FUNDO ESTADUAL DE ASSISTÊNCIA SOCIAL - FEAS;1922.99.0.1.99.000;8;5;OUTRAS RESTITUIÇÕES - PRINC. - DEMAIS;1000,00
SECRETARIA DE ESTADO DE DESENVOLVIMENTO SOCIAL - SEDESE;FUNDO ESTADUAL DE ASSISTÊNCIA SOCIAL - FEAS;1922.99.0.1.99.000;8;6;OUTRAS RESTITUIÇÕES - PRINC. - DEMAIS;1000,00
SECRETARIA DE ESTADO DE DESENVOLVIMENTO SOCIAL - SEDESE;FUNDO ESTADUAL DE ASSISTÊNCIA SOCIAL - FEAS;1922.99.0.1.99.000;8;56;OUTRAS RESTITUIÇÕES - PRINC. - DEMAIS;1000,00
SECRETARIA DE ESTADO DE DESENVOLVIMENTO SOCIAL - SEDESE;FUNDO ESTADUAL DE ASSISTÊNCIA SOCIAL - FEAS;2000.00.0.0.00.000;1;;RECEITAS DE CAPITAL;196000,00
SECRETARIA DE ESTADO DE DESENVOLVIMENTO SOCIAL - SEDESE;FUNDO ESTADUAL DE ASSISTÊNCIA SOCIAL - FEAS;2400.00.0.0.00.000;2;;TRANSFERÊNCIAS DE CAPITAL;196000,00
SECRETARIA DE ESTADO DE DESENVOLVIMENTO SOCIAL - SEDESE;FUNDO ESTADUAL DE ASSISTÊNCIA SOCIAL - FEAS;2410.00.0.0.00.000;3;;TRANSFERÊNCIAS DA UNIÃO E DE SUAS ENTIDADES;196000,00
SECRETARIA DE ESTADO DE DESENVOLVIMENTO SOCIAL - SEDESE;FUNDO ESTADUAL DE ASSISTÊNCIA SOCIAL - FEAS;2413.00.0.0.00.000;4;;TRANSFERÊNCIAS DE RECURSOS DO FUNDO NACIONAL DE ASSISTÊNCIA SOCIAL - FNAS;196000,00
SECRETARIA DE ESTADO DE DESENVOLVIMENTO SOCIAL - SEDESE;FUNDO ESTADUAL DE ASSISTÊNCIA SOCIAL - FEAS;2413.50.0.0.00.000;5;;TRANSFERÊNCIAS DE RECURSOS DO FUNDO NACIONAL DE ASSISTÊNCIA SOCIAL - FNAS;196000,00
SECRETARIA DE ESTADO DE DESENVOLVIMENTO SOCIAL - SEDESE;FUNDO ESTADUAL DE ASSISTÊNCIA SOCIAL - FEAS;2413.50.0.1.00.000;7;;TRANSF. RECURSOS FNAS - PRINCIPAL;196000,00
SECRETARIA DE ESTADO DE DESENVOLVIMENTO SOCIAL - SEDESE;FUNDO ESTADUAL DE ASSISTÊNCIA SOCIAL - FEAS;2413.50.0.1.99.000;8;5;ASSISTÊNCIA SOCIAL - FNAS - DEMAIS;98000,00
SECRETARIA DE ESTADO DE DESENVOLVIMENTO SOCIAL - SEDESE;FUNDO ESTADUAL DE ASSISTÊNCIA SOCIAL - FEAS;2413.50.0.1.99.000;8;6;ASSISTÊNCIA SOCIAL - FNAS - DEMAIS;98000,00
SECRETARIA DE ESTADO DE SAÚDE - SES;FUNDO ESTADUAL DE SAÚDE - FES;1000.00.0.0.00.000;1;;RECEITAS CORRENTES;568638743,00
SECRETARIA DE ESTADO DE SAÚDE - SES;FUNDO ESTADUAL DE SAÚDE - FES;1300.00.0.0.00.000;2;;RECEITA PATRIMONIAL;50302962,00
SECRETARIA DE ESTADO DE SAÚDE - SES;FUNDO ESTADUAL DE SAÚDE - FES;1320.00.0.0.00.000;3;;VALORES MOBILIÁRIOS;50302962,00
SECRETARIA DE ESTADO DE SAÚDE - SES;FUNDO ESTADUAL DE SAÚDE - FES;1321.00.0.0.00.000;4;;JUROS E CORREÇÕES MONETÁRIAS;50302962,00
SECRETARIA DE ESTADO DE SAÚDE - SES;FUNDO ESTADUAL DE SAÚDE - FES;1321.01.0.0.00.000;5;;REMUNERAÇÃO DE DEPÓSITOS BANCÁRIOS;50302962,00
SECRETARIA DE ESTADO DE SAÚDE - SES;FUNDO ESTADUAL DE SAÚDE - FES;1321.01.0.1.00.000;7;;REMUNERAÇÃO DEPÓSITOS BANCÁRIOS - PRINCIPAL;50302962,00
SECRETARIA DE ESTADO DE SAÚDE - SES;FUNDO ESTADUAL DE SAÚDE - FES;1321.01.0.1.01.000;8;24;REMUNERAÇÃO DEPÓSITOS BANCÁRIOS - PRINC.;500000,00
SECRETARIA DE ESTADO DE SAÚDE - SES;FUNDO ESTADUAL DE SAÚDE - FES;1321.01.0.1.01.000;8;37;REMUNERAÇÃO DEPÓSITOS BANCÁRIOS - PRINC.;850000,00
SECRETARIA DE ESTADO DE SAÚDE - SES;FUNDO ESTADUAL DE SAÚDE - FES;1321.01.0.1.01.000;8;57;REMUNERAÇÃO DEPÓSITOS BANCÁRIOS - PRINC.;749000,00
SECRETARIA DE ESTADO DE SAÚDE - SES;FUNDO ESTADUAL DE SAÚDE - FES;1321.01.0.1.01.000;8;60;REMUNERAÇÃO DEPÓSITOS BANCÁRIOS - PRINC.;6020343,00
SECRETARIA DE ESTADO DE SAÚDE - SES;FUNDO ESTADUAL DE SAÚDE - FES;1321.01.0.1.01.000;8;62;REMUNERAÇÃO DEPÓSITOS BANCÁRIOS - PRINC.;1522920,00
SECRETARIA DE ESTADO DE SAÚDE - SES;FUNDO ESTADUAL DE SAÚDE - FES;1321.01.0.1.01.000;8;63;REMUNERAÇÃO DEPÓSITOS BANCÁRIOS - PRINC.;495112,00
SECRETARIA DE ESTADO DE SAÚDE - SES;FUNDO ESTADUAL DE SAÚDE - FES;1321.01.0.1.01.000;8;64;REMUNERAÇÃO DEPÓSITOS BANCÁRIOS - PRINC.;25000,00
SECRETARIA DE ESTADO DE SAÚDE - SES;FUNDO ESTADUAL DE SAÚDE - FES;1321.01.0.1.01.000;8;65;REMUNERAÇÃO DEPÓSITOS BANCÁRIOS - PRINC.;3500,00
SECRETARIA DE ESTADO DE SAÚDE - SES;FUNDO ESTADUAL DE SAÚDE - FES;1321.01.0.1.01.000;8;92;REMUNERAÇÃO DEPÓSITOS BANCÁRIOS - PRINC.;39493087,00
SECRETARIA DE ESTADO DE SAÚDE - SES;FUNDO ESTADUAL DE SAÚDE - FES;1321.01.0.1.01.000;8;93;REMUNERAÇÃO DEPÓSITOS BANCÁRIOS - PRINC.;644000,00
SECRETARIA DE ESTADO DE SAÚDE - SES;FUNDO ESTADUAL DE SAÚDE - FES;1600.00.0.0.00.000;2;;RECEITA DE SERVIÇOS;10637212,00
SECRETARIA DE ESTADO DE SAÚDE - SES;FUNDO ESTADUAL DE SAÚDE - FES;1630.00.0.0.00.000;3;;SERVIÇOS E ATIVIDADES REFERENTES À SAÚDE;10637212,00
SECRETARIA DE ESTADO DE SAÚDE - SES;FUNDO ESTADUAL DE SAÚDE - FES;1631.00.0.0.00.000;4;;SERVIÇOS DE ATENDIMENTO À SAÚDE;10637212,00
SECRETARIA DE ESTADO DE SAÚDE - SES;FUNDO ESTADUAL DE SAÚDE - FES;1631.99.0.0.00.000;5;;OUTROS SERVIÇOS DE ATENDIMENTO À SAÚDE;10637212,00
SECRETARIA DE ESTADO DE SAÚDE - SES;FUNDO ESTADUAL DE SAÚDE - FES;1631.99.0.1.00.000;7;;OUTROS SERV. ATEND. SAÚDE - PRINCIPAL;10637212,00
SECRETARIA DE ESTADO DE SAÚDE - SES;FUNDO ESTADUAL DE SAÚDE - FES;1631.99.0.1.99.000;8;60;OUTROS SERV. ATEND. SAÚDE - PRINC. - DEMAIS;10637212,00
SECRETARIA DE ESTADO DE SAÚDE - SES;FUNDO ESTADUAL DE SAÚDE - FES;1700.00.0.0.00.000;2;;TRANSFERÊNCIAS CORRENTES;504749124,00
SECRETARIA DE ESTADO DE SAÚDE - SES;FUNDO ESTADUAL DE SAÚDE - FES;1710.00.0.0.00.000;3;;TRANSFERÊNCIAS DA UNIÃO E DE SUAS ENTIDADES;504749124,00
SECRETARIA DE ESTADO DE SAÚDE - SES;FUNDO ESTADUAL DE SAÚDE - FES;1713.00.0.0.00.000;4;;TRANSFERÊNCIAS DE RECURSOS DO SISTEMA ÚNICO DE SAÚDE - SUS;504749124,00
SECRETARIA DE ESTADO DE SAÚDE - SES;FUNDO ESTADUAL DE SAÚDE - FES;1713.50.0.0.00.000;5;;TRANSFERÊNCIAS DE RECURSOS DO SISTEMA ÚNICO DE SAÚDE - SUS - REPASSES FUNDO A FUNDO - BLOCO DE MANUTENÇÃO DAS AÇÕES E SERVIÇOS PÚBLICOS DE SAÚDE;504749124,00
SECRETARIA DE ESTADO DE SAÚDE - SES;FUNDO ESTADUAL DE SAÚDE - FES;1713.50.1.0.00.000;6;;TRANSFERÊNCIAS DE RECURSOS DO BLOCO DE MANUTENÇÃO DAS AÇÕES E SERVIÇOS PÚBLICOS DE SAÚDE - ATENÇÃO PRIMÁRIA;172500,00
SECRETARIA DE ESTADO DE SAÚDE - SES;FUNDO ESTADUAL DE SAÚDE - FES;1713.50.1.1.00.000;7;;TRANSF. BLOCO MANUT. ASPS - ATENÇÃO PRIMÁRIA - PRINCIPAL;172500,00
SECRETARIA DE ESTADO DE SAÚDE - SES;FUNDO ESTADUAL DE SAÚDE - FES;1713.50.1.1.04.000;8;92;TRANSF. BLOCO MANUT. ASPS - ATENÇÃO PRIMÁRIA - IMP. DA SEG. AL. E NUT. NA SAÚDE;172500,00
SECRETARIA DE ESTADO DE SAÚDE - SES;FUNDO ESTADUAL DE SAÚDE - FES;1713.50.2.0.00.000;6;;TRANSFERÊNCIAS DE RECURSOS DO BLOCO DE MANUTENÇÃO DAS AÇÕES E SERVIÇOS PÚBLICOS DE SAÚDE - ATENÇÃO ESPECIALIZADA;254161609,00
SECRETARIA DE ESTADO DE SAÚDE - SES;FUNDO ESTADUAL DE SAÚDE - FES;1713.50.2.1.00.000;7;;TRANSF. BLOCO MANUT. ASPS - ATENÇÃO ESPECIALIZADA - PRINCIPAL;254161609,00
SECRETARIA DE ESTADO DE SAÚDE - SES;FUNDO ESTADUAL DE SAÚDE - FES;1713.50.2.1.01.000;8;;TRANSF. BLOCO MANUT. ASPS - ATENÇÃO ESPECIALIZADA - PRINC. - ATENÇÃO DE MÉDIA E ALTA COMPLEXIDADE;254161609,00
SECRETARIA DE ESTADO DE SAÚDE - SES;FUNDO ESTADUAL DE SAÚDE - FES;1713.50.2.1.01.001;9;92;TRANSF. BLOCO MANUT. ASPS - ATENÇÃO ESPECIALIZADA - PRINC. - ATENÇÃO MAC - PRESTADORES AMBULATORIAIS E HOSPITALARES;47711564,00
SECRETARIA DE ESTADO DE SAÚDE - SES;FUNDO ESTADUAL DE SAÚDE - FES;1713.50.2.1.01.002;9;92;TRANSF. BLOCO MANUT. ASPS - ATENÇÃO ESPECIALIZADA - PRINC. - ATENÇÃO MAC - SAMU;192210077,00
SECRETARIA DE ESTADO DE SAÚDE - SES;FUNDO ESTADUAL DE SAÚDE - FES;1713.50.2.1.01.003;9;92;TRANSF. BLOCO MANUT. ASPS - ATENÇÃO ESPECIALIZADA - PRINC. - ATENÇÃO MAC - TRANSPLANTES;2760000,00
SECRETARIA DE ESTADO DE SAÚDE - SES;FUNDO ESTADUAL DE SAÚDE - FES;1713.50.2.1.01.004;9;92;TRANSF. BLOCO MANUT. ASPS - ATENÇÃO ESPECIALIZADA - PRINC. - ATENÇÃO MAC - FUNDO DE AÇÕES ESTRATÉGICAS E COMPENSAÇÃO - FAEC;1000000,00
SECRETARIA DE ESTADO DE SAÚDE - SES;FUNDO ESTADUAL DE SAÚDE - FES;1713.50.2.1.01.999;9;62;TRANSF. BLOCO MANUT. ASPS - ATENÇÃO ESPECIALIZADA - PRINC. - ATENÇÃO MAC - OUTROS PROGRAMAS;8476080,00
SECRETARIA DE ESTADO DE SAÚDE - SES;FUNDO ESTADUAL DE SAÚDE - FES;1713.50.2.1.01.999;9;63;TRANSF. BLOCO MANUT. ASPS - ATENÇÃO ESPECIALIZADA - PRINC. - ATENÇÃO MAC - OUTROS PROGRAMAS;2003888,00
SECRETARIA DE ESTADO DE SAÚDE - SES;FUNDO ESTADUAL DE SAÚDE - FES;1713.50.3.0.00.000;6;;TRANSFERÊNCIAS DE RECURSOS DO BLOCO DE MANUTENÇÃO DAS AÇÕES E SERVIÇOS PÚBLICOS DE SAÚDE - VIGILÂNCIA EM SAÚDE;53169409,00
SECRETARIA DE ESTADO DE SAÚDE - SES;FUNDO ESTADUAL DE SAÚDE - FES;1713.50.3.1.00.000;7;;TRANSF. BLOCO MANUT. ASPS - VIGILÂNCIA SAÚDE - PRINCIPAL;53169409,00
SECRETARIA DE ESTADO DE SAÚDE - SES;FUNDO ESTADUAL DE SAÚDE - FES;1713.50.3.1.01.000;8;92;TRANSF. BLOCO MANUT. ASPS - VIGILÂNCIA SAÚDE - PRINC. - VIGILÂNCIA EPIDEMIOLÓGICA;42237821,00
SECRETARIA DE ESTADO DE SAÚDE - SES;FUNDO ESTADUAL DE SAÚDE - FES;1713.50.3.1.02.000;8;92;TRANSF. BLOCO MANUT. ASPS - VIGILÂNCIA SAÚDE - PRINC. - HIV-AIDS;2708000,00
SECRETARIA DE ESTADO DE SAÚDE - SES;FUNDO ESTADUAL DE SAÚDE - FES;1713.50.3.1.03.000;8;92;TRANSF. BLOCO MANUT. ASPS - VIGILÂNCIA SAÚDE - PRINC. - VIGILÂNCIA SANITÁRIA;8223588,00
SECRETARIA DE ESTADO DE SAÚDE - SES;FUNDO ESTADUAL DE SAÚDE - FES;1713.50.4.0.00.000;6;;TRANSFERÊNCIAS DE RECURSOS DO BLOCO DE MANUTENÇÃO DAS AÇÕES E SERVIÇOS PÚBLICOS DE SAÚDE - ASSISTÊNCIA FARMACÊUTICA;125338913,00
SECRETARIA DE ESTADO DE SAÚDE - SES;FUNDO ESTADUAL DE SAÚDE - FES;1713.50.4.1.00.000;7;;TRANSF. BLOCO MANUT. ASPS - ASSISTÊNCIA FARMACÊUTICA - PRINCIPAL;125338913,00
SECRETARIA DE ESTADO DE SAÚDE - SES;FUNDO ESTADUAL DE SAÚDE - FES;1713.50.4.1.01.000;8;92;TRANSF. BLOCO MANUT. ASPS - ASSISTÊNCIA FARMACÊUTICA - PRINC. - MEDICAMENTOS BÁSICOS;1102617,00
SECRETARIA DE ESTADO DE SAÚDE - SES;FUNDO ESTADUAL DE SAÚDE - FES;1713.50.4.1.02.000;8;92;TRANSF. BLOCO MANUT. ASPS - ASSISTÊNCIA FARMACÊUTICA - PRINC. - MEDICAMENTOS EXCEPCIONAIS;124236296,00
SECRETARIA DE ESTADO DE SAÚDE - SES;FUNDO ESTADUAL DE SAÚDE - FES;1713.50.5.0.00.000;6;;TRANSFERÊNCIAS DE RECURSOS DO BLOCO DE MANUTENÇÃO DAS AÇÕES E SERVIÇOS PÚBLICOS DE SAÚDE - GESTÃO DO SUS;71906693,00
SECRETARIA DE ESTADO DE SAÚDE - SES;FUNDO ESTADUAL DE SAÚDE - FES;1713.50.5.1.00.000;7;;TRANSF. BLOCO MANUT. ASPS - GESTÃO SUS - PRINCIPAL;71906693,00
SECRETARIA DE ESTADO DE SAÚDE - SES;FUNDO ESTADUAL DE SAÚDE - FES;1713.50.5.1.04.000;8;57;TRANSF. BLOCO MANUT. ASPS - GESTÃO SUS - PRINC. - PISO DA ENFERMAGEM;71906693,00
SECRETARIA DE ESTADO DE SAÚDE - SES;FUNDO ESTADUAL DE SAÚDE - FES;1900.00.0.0.00.000;2;;OUTRAS RECEITAS CORRENTES;2949445,00
SECRETARIA DE ESTADO DE SAÚDE - SES;FUNDO ESTADUAL DE SAÚDE - FES;1920.00.0.0.00.000;3;;INDENIZAÇÕES, RESTITUIÇÕES E RESSARCIMENTOS;2949445,00
SECRETARIA DE ESTADO DE SAÚDE - SES;FUNDO ESTADUAL DE SAÚDE - FES;1922.00.0.0.00.000;4;;RESTITUIÇÕES;2949445,00
SECRETARIA DE ESTADO DE SAÚDE - SES;FUNDO ESTADUAL DE SAÚDE - FES;1922.52.0.0.00.000;5;;RESTITUIÇÃO DE REMUNERAÇÃO DE FOLHA DE PAGAMENTO - PESSOAL ATIVO;500,00
SECRETARIA DE ESTADO DE SAÚDE - SES;FUNDO ESTADUAL DE SAÚDE - FES;1922.52.0.1.00.000;7;;RESTITUIÇÃO REMUNERAÇÃO FOLHA PAGAMENTO - PESSOAL ATIVO - PRINCIPAL;500,00
SECRETARIA DE ESTADO DE SAÚDE - SES;FUNDO ESTADUAL DE SAÚDE - FES;1922.52.0.1.01.000;8;57;RESTITUIÇÃO REMUNERAÇÃO FOLHA PAGAMENTO - PESSOAL ATIVO - PRINC.;500,00
SECRETARIA DE ESTADO DE SAÚDE - SES;FUNDO ESTADUAL DE SAÚDE - FES;1922.99.0.0.00.000;5;;OUTRAS RESTITUIÇÕES;2948945,00
SECRETARIA DE ESTADO DE SAÚDE - SES;FUNDO ESTADUAL DE SAÚDE - FES;1922.99.0.1.00.000;7;;OUTRAS RESTITUIÇÕES - PRINCIPAL;2948945,00
SECRETARIA DE ESTADO DE SAÚDE - SES;FUNDO ESTADUAL DE SAÚDE - FES;1922.99.0.1.01.000;8;10;OUTRAS RESTITUIÇÕES - PRINC. - RECURSOS ORIGINÁRIOS DO FUNDO ESTADUAL DE SAÚDE - FES;35000,00
SECRETARIA DE ESTADO DE SAÚDE - SES;FUNDO ESTADUAL DE SAÚDE - FES;1922.99.0.1.99.000;8;24;OUTRAS RESTITUIÇÕES - PRINC. - DEMAIS;1000,00
SECRETARIA DE ESTADO DE SAÚDE - SES;FUNDO ESTADUAL DE SAÚDE - FES;1922.99.0.1.99.000;8;37;OUTRAS RESTITUIÇÕES - PRINC. - DEMAIS;250000,00
SECRETARIA DE ESTADO DE SAÚDE - SES;FUNDO ESTADUAL DE SAÚDE - FES;1922.99.0.1.99.000;8;57;OUTRAS RESTITUIÇÕES - PRINC. - DEMAIS;500,00
SECRETARIA DE ESTADO DE SAÚDE - SES;FUNDO ESTADUAL DE SAÚDE - FES;1922.99.0.1.99.000;8;60;OUTRAS RESTITUIÇÕES - PRINC. - DEMAIS;2557445,00
SECRETARIA DE ESTADO DE SAÚDE - SES;FUNDO ESTADUAL DE SAÚDE - FES;1922.99.0.1.99.000;8;62;OUTRAS RESTITUIÇÕES - PRINC. - DEMAIS;1000,00
SECRETARIA DE ESTADO DE SAÚDE - SES;FUNDO ESTADUAL DE SAÚDE - FES;1922.99.0.1.99.000;8;63;OUTRAS RESTITUIÇÕES - PRINC. - DEMAIS;1000,00
SECRETARIA DE ESTADO DE SAÚDE - SES;FUNDO ESTADUAL DE SAÚDE - FES;1922.99.0.1.99.000;8;64;OUTRAS RESTITUIÇÕES - PRINC. - DEMAIS;1000,00
SECRETARIA DE ESTADO DE SAÚDE - SES;FUNDO ESTADUAL DE SAÚDE - FES;1922.99.0.1.99.000;8;65;OUTRAS RESTITUIÇÕES - PRINC. - DEMAIS;1000,00
SECRETARIA DE ESTADO DE SAÚDE - SES;FUNDO ESTADUAL DE SAÚDE - FES;1922.99.0.1.99.000;8;92;OUTRAS RESTITUIÇÕES - PRINC. - DEMAIS;100000,00
SECRETARIA DE ESTADO DE SAÚDE - SES;FUNDO ESTADUAL DE SAÚDE - FES;1922.99.0.1.99.000;8;93;OUTRAS RESTITUIÇÕES - PRINC. - DEMAIS;1000,00
SECRETARIA DE ESTADO DE SAÚDE - SES;FUNDO ESTADUAL DE SAÚDE - FES;2000.00.0.0.00.000;1;;RECEITAS DE CAPITAL;900000,00
SECRETARIA DE ESTADO DE SAÚDE - SES;FUNDO ESTADUAL DE SAÚDE - FES;2400.00.0.0.00.000;2;;TRANSFERÊNCIAS DE CAPITAL;900000,00
SECRETARIA DE ESTADO DE SAÚDE - SES;FUNDO ESTADUAL DE SAÚDE - FES;2410.00.0.0.00.000;3;;TRANSFERÊNCIAS DA UNIÃO E DE SUAS ENTIDADES;900000,00
SECRETARIA DE ESTADO DE SAÚDE - SES;FUNDO ESTADUAL DE SAÚDE - FES;2411.00.0.0.00.000;4;;TRANSFERÊNCIAS DE RECURSOS DO SISTEMA ÚNICO DE SAÚDE - SUS;900000,00
SECRETARIA DE ESTADO DE SAÚDE - SES;FUNDO ESTADUAL DE SAÚDE - FES;2411.51.0.0.00.000;5;;TRANSFERÊNCIAS DE RECURSOS DO SISTEMA ÚNICO DE SAÚDE - SUS - FUNDO A FUNDO - BLOCO DE ESTRUTURAÇÃO DA REDE DE SERVIÇOS PÚBLICOS DE SAÚDE;900000,00
SECRETARIA DE ESTADO DE SAÚDE - SES;FUNDO ESTADUAL DE SAÚDE - FES;2411.51.2.0.00.000;6;;TRANSFERÊNCIAS DE RECURSOS DO BLOCO DE ESTRUTURAÇÃO DA REDE DE SERVIÇOS PÚBLICOS DE SAÚDE - ATENÇÃO ESPECIALIZADA;900000,00
SECRETARIA DE ESTADO DE SAÚDE - SES;FUNDO ESTADUAL DE SAÚDE - FES;2411.51.2.1.00.000;7;;TRANSF. BLOCO ESTRUT. REDE SERV. SAÚDE - ATENÇÃO ESPECIALIZADA - PRINCIPAL;900000,00
SECRETARIA DE ESTADO DE SAÚDE - SES;FUNDO ESTADUAL DE SAÚDE - FES;2411.51.2.1.02.000;8;65;TRANSF. BLOCO ESTRUT. REDE SERV. SAÚDE - ATENÇÃO ESPECIALIZADA - PRINC. - AMBULATORIAL, HOSPITALAR E QUALIDADE DO SANGUE;900000,00
SECRETARIA DE ESTADO DE INFRAESTRUTURA, MOBILIDADE E PARCERIA - SEINFRA;FUNDO DE DESENVOLVIMENTO METROPOLITANO - FDM;1000.00.0.0.00.000;1;;RECEITAS CORRENTES;3914680,00
SECRETARIA DE ESTADO DE INFRAESTRUTURA, MOBILIDADE E PARCERIA - SEINFRA;FUNDO DE DESENVOLVIMENTO METROPOLITANO - FDM;1700.00.0.0.00.000;2;;TRANSFERÊNCIAS CORRENTES;3764680,00
SECRETARIA DE ESTADO DE INFRAESTRUTURA, MOBILIDADE E PARCERIA - SEINFRA;FUNDO DE DESENVOLVIMENTO METROPOLITANO - FDM;1730.00.0.0.00.000;3;;TRANSFERÊNCIAS DOS MUNICÍPIOS E DE SUAS ENTIDADES;3764680,00
SECRETARIA DE ESTADO DE INFRAESTRUTURA, MOBILIDADE E PARCERIA - SEINFRA;FUNDO DE DESENVOLVIMENTO METROPOLITANO - FDM;1739.00.0.0.00.000;4;;OUTRAS TRANSFERÊNCIAS DOS MUNICÍPIOS;3764680,00
SECRETARIA DE ESTADO DE INFRAESTRUTURA, MOBILIDADE E PARCERIA - SEINFRA;FUNDO DE DESENVOLVIMENTO METROPOLITANO - FDM;1739.99.0.0.00.000;5;;OUTRAS TRANSFERÊNCIAS DOS MUNICÍPIOS;3764680,00
SECRETARIA DE ESTADO DE INFRAESTRUTURA, MOBILIDADE E PARCERIA - SEINFRA;FUNDO DE DESENVOLVIMENTO METROPOLITANO - FDM;1739.99.0.1.00.000;7;;OUTRAS TRANSF. MUNICÍPIOS - PRINCIPAL;3764680,00
SECRETARIA DE ESTADO DE INFRAESTRUTURA, MOBILIDADE E PARCERIA - SEINFRA;FUNDO DE DESENVOLVIMENTO METROPOLITANO - FDM;1739.99.0.1.26.000;8;;OUTRAS TRANSF. MUNICÍPIOS - PRINC. - URBANISMO;3764680,00
SECRETARIA DE ESTADO DE INFRAESTRUTURA, MOBILIDADE E PARCERIA - SEINFRA;FUNDO DE DESENVOLVIMENTO METROPOLITANO - FDM;1739.99.0.1.26.001;9;59;URBANISMO - DIVERSOS MUNICÍPIOS;3764680,00
SECRETARIA DE ESTADO DE INFRAESTRUTURA, MOBILIDADE E PARCERIA - SEINFRA;FUNDO DE DESENVOLVIMENTO METROPOLITANO - FDM;1900.00.0.0.00.000;2;;OUTRAS RECEITAS CORRENTES;150000,00
SECRETARIA DE ESTADO DE INFRAESTRUTURA, MOBILIDADE E PARCERIA - SEINFRA;FUNDO DE DESENVOLVIMENTO METROPOLITANO - FDM;1990.00.0.0.00.000;3;;DEMAIS RECEITAS CORRENTES;150000,00
SECRETARIA DE ESTADO DE INFRAESTRUTURA, MOBILIDADE E PARCERIA - SEINFRA;FUNDO DE DESENVOLVIMENTO METROPOLITANO - FDM;1999.00.0.0.00.000;4;;OUTRAS RECEITAS CORRENTES;150000,00
SECRETARIA DE ESTADO DE INFRAESTRUTURA, MOBILIDADE E PARCERIA - SEINFRA;FUNDO DE DESENVOLVIMENTO METROPOLITANO - FDM;1999.99.0.0.00.000;5;;OUTRAS RECEITAS;150000,00
SECRETARIA DE ESTADO DE INFRAESTRUTURA, MOBILIDADE E PARCERIA - SEINFRA;FUNDO DE DESENVOLVIMENTO METROPOLITANO - FDM;1999.99.2.0.00.000;6;;OUTRAS RECEITAS NÃO ARRECADADAS E NÃO PROJETADAS PELA RFB - PRIMÁRIAS;150000,00
SECRETARIA DE ESTADO DE INFRAESTRUTURA, MOBILIDADE E PARCERIA - SEINFRA;FUNDO DE DESENVOLVIMENTO METROPOLITANO - FDM;1999.99.2.2.00.000;7;;OUTRAS REC. - PRIMÁRIAS - MULTAS E JUROS DE MORA;150000,00
SECRETARIA DE ESTADO DE INFRAESTRUTURA, MOBILIDADE E PARCERIA - SEINFRA;FUNDO DE DESENVOLVIMENTO METROPOLITANO - FDM;1999.99.2.2.99.000;8;59;OUTRAS REC. - PRIMÁRIAS - MJM - DEMAIS;150000,00
SECRETARIA DE ESTADO DE MEIO AMBIENTE E DESENVOLVIMENTO SUSTENTÁVEL - SEMAD;FUNDO DE RECUPERAÇÃO, PROTEÇÃO E DESENVOLVIMENTO SUSTENTÁVEL DAS BACIAS HIDROGRÁFICAS DO ESTADO DE MINAS GERAIS - FHIDRO;1000.00.0.0.00.000;1;;RECEITAS CORRENTES;280000,00
SECRETARIA DE ESTADO DE MEIO AMBIENTE E DESENVOLVIMENTO SUSTENTÁVEL - SEMAD;FUNDO DE RECUPERAÇÃO, PROTEÇÃO E DESENVOLVIMENTO SUSTENTÁVEL DAS BACIAS HIDROGRÁFICAS DO ESTADO DE MINAS GERAIS - FHIDRO;1900.00.0.0.00.000;2;;OUTRAS RECEITAS CORRENTES;280000,00
SECRETARIA DE ESTADO DE MEIO AMBIENTE E DESENVOLVIMENTO SUSTENTÁVEL - SEMAD;FUNDO DE RECUPERAÇÃO, PROTEÇÃO E DESENVOLVIMENTO SUSTENTÁVEL DAS BACIAS HIDROGRÁFICAS DO ESTADO DE MINAS GERAIS - FHIDRO;1910.00.0.0.00.000;3;;MULTAS ADMINISTRATIVAS, CONTRATUAIS E JUDICIAIS;280000,00
SECRETARIA DE ESTADO DE MEIO AMBIENTE E DESENVOLVIMENTO SUSTENTÁVEL - SEMAD;FUNDO DE RECUPERAÇÃO, PROTEÇÃO E DESENVOLVIMENTO SUSTENTÁVEL DAS BACIAS HIDROGRÁFICAS DO ESTADO DE MINAS GERAIS - FHIDRO;1911.00.0.0.00.000;4;;MULTAS ADMINISTRATIVAS, CONTRATUAIS E JUDICIAIS;280000,00
SECRETARIA DE ESTADO DE MEIO AMBIENTE E DESENVOLVIMENTO SUSTENTÁVEL - SEMAD;FUNDO DE RECUPERAÇÃO, PROTEÇÃO E DESENVOLVIMENTO SUSTENTÁVEL DAS BACIAS HIDROGRÁFICAS DO ESTADO DE MINAS GERAIS - FHIDRO;1911.01.0.0.00.000;5;;MULTAS PREVISTAS EM LEGISLAÇÃO ESPECÍFICA;280000,00
SECRETARIA DE ESTADO DE MEIO AMBIENTE E DESENVOLVIMENTO SUSTENTÁVEL - SEMAD;FUNDO DE RECUPERAÇÃO, PROTEÇÃO E DESENVOLVIMENTO SUSTENTÁVEL DAS BACIAS HIDROGRÁFICAS DO ESTADO DE MINAS GERAIS - FHIDRO;1911.01.0.1.00.000;7;;MULTAS LEGISL. ESPECÍFICA - PRINCIPAL;280000,00
SECRETARIA DE ESTADO DE MEIO AMBIENTE E DESENVOLVIMENTO SUSTENTÁVEL - SEMAD;FUNDO DE RECUPERAÇÃO, PROTEÇÃO E DESENVOLVIMENTO SUSTENTÁVEL DAS BACIAS HIDROGRÁFICAS DO ESTADO DE MINAS GERAIS - FHIDRO;1911.01.0.1.12.000;8;61;MULTAS LEGISL. ESPECÍFICA - PRINC. - INFRAÇÃO À LEGISLAÇÃO DE ABASTECIMENTO DE ÁGUA E ESGOTAMENTO SANITÁRIO;280000,00
SECRETARIA DE ESTADO DE INFRAESTRUTURA, MOBILIDADE E PARCERIA - SEINFRA;FUNDO ESTADUAL DE DESENVOLVIMENTO DE TRANSPORTES - FUNTRANS;1000.00.0.0.00.000;1;;RECEITAS CORRENTES;526313901,00
SECRETARIA DE ESTADO DE INFRAESTRUTURA, MOBILIDADE E PARCERIA - SEINFRA;FUNDO ESTADUAL DE DESENVOLVIMENTO DE TRANSPORTES - FUNTRANS;1100.00.0.0.00.000;2;;IMPOSTOS, TAXAS E CONTRIBUIÇÕES DE MELHORIA;6682512,00
SECRETARIA DE ESTADO DE INFRAESTRUTURA, MOBILIDADE E PARCERIA - SEINFRA;FUNDO ESTADUAL DE DESENVOLVIMENTO DE TRANSPORTES - FUNTRANS;1120.00.0.0.00.000;3;;TAXAS;6682512,00
SECRETARIA DE ESTADO DE INFRAESTRUTURA, MOBILIDADE E PARCERIA - SEINFRA;FUNDO ESTADUAL DE DESENVOLVIMENTO DE TRANSPORTES - FUNTRANS;1121.00.0.0.00.000;4;;TAXAS PELO EXERCÍCIO DO PODER DE POLÍCIA;6682512,00
SECRETARIA DE ESTADO DE INFRAESTRUTURA, MOBILIDADE E PARCERIA - SEINFRA;FUNDO ESTADUAL DE DESENVOLVIMENTO DE TRANSPORTES - FUNTRANS;1121.01.0.0.00.000;5;;TAXAS DE INSPEÇÃO, CONTROLE E FISCALIZAÇÃO;6682512,00
SECRETARIA DE ESTADO DE INFRAESTRUTURA, MOBILIDADE E PARCERIA - SEINFRA;FUNDO ESTADUAL DE DESENVOLVIMENTO DE TRANSPORTES - FUNTRANS;1121.01.0.1.00.000;7;;TX. INSP. CONTR. FISC. - PRINCIPAL;6340211,00
SECRETARIA DE ESTADO DE INFRAESTRUTURA, MOBILIDADE E PARCERIA - SEINFRA;FUNDO ESTADUAL DE DESENVOLVIMENTO DE TRANSPORTES - FUNTRANS;1121.01.0.1.03.000;8;54;TX. INSP. CONTR. FISC. - PRINC. - TAXA DE LICENCIAMENTO PARA USO OU OCUPAÇÃO DA FAIXA DE DOMÍNIO DAS RODOVIAS;6340211,00
SECRETARIA DE ESTADO DE INFRAESTRUTURA, MOBILIDADE E PARCERIA - SEINFRA;FUNDO ESTADUAL DE DESENVOLVIMENTO DE TRANSPORTES - FUNTRANS;1121.01.0.2.00.000;7;;TX. INSP. CONTR. FISC. - MULTAS E JUROS DE MORA;342301,00
SECRETARIA DE ESTADO DE INFRAESTRUTURA, MOBILIDADE E PARCERIA - SEINFRA;FUNDO ESTADUAL DE DESENVOLVIMENTO DE TRANSPORTES - FUNTRANS;1121.01.0.2.03.000;8;54;TX. INSP. CONTR. FISC. - MJM - TAXA DE LICENCIAMENTO PARA USO OU OCUPAÇÃO DA FAIXA DE DOMÍNIO DAS RODOVIAS;342301,00
SECRETARIA DE ESTADO DE INFRAESTRUTURA, MOBILIDADE E PARCERIA - SEINFRA;FUNDO ESTADUAL DE DESENVOLVIMENTO DE TRANSPORTES - FUNTRANS;1300.00.0.0.00.000;2;;RECEITA PATRIMONIAL;223988961,00
SECRETARIA DE ESTADO DE INFRAESTRUTURA, MOBILIDADE E PARCERIA - SEINFRA;FUNDO ESTADUAL DE DESENVOLVIMENTO DE TRANSPORTES - FUNTRANS;1330.00.0.0.00.000;3;;DELEGAÇÃO DE SERVIÇOS PÚBLICOS MEDIANTE CONCESSÃO, PERMISSÃO, AUTORIZAÇÃO OU LICENÇA;223988961,00
SECRETARIA DE ESTADO DE INFRAESTRUTURA, MOBILIDADE E PARCERIA - SEINFRA;FUNDO ESTADUAL DE DESENVOLVIMENTO DE TRANSPORTES - FUNTRANS;1331.00.0.0.00.000;4;;DELEGAÇÃO PARA A PRESTAÇÃO DOS SERVIÇOS DE TRANSPORTE;113616786,00
SECRETARIA DE ESTADO DE INFRAESTRUTURA, MOBILIDADE E PARCERIA - SEINFRA;FUNDO ESTADUAL DE DESENVOLVIMENTO DE TRANSPORTES - FUNTRANS;1331.01.0.0.00.000;5;;DELEGAÇÃO PARA A PRESTAÇÃO DOS SERVIÇOS DE TRANSPORTE RODOVIÁRIO;113616786,00
SECRETARIA DE ESTADO DE INFRAESTRUTURA, MOBILIDADE E PARCERIA - SEINFRA;FUNDO ESTADUAL DE DESENVOLVIMENTO DE TRANSPORTES - FUNTRANS;1331.01.0.1.00.000;7;;DELEG. PREST. SERV. TRANSP. RODOVIÁRIO - PRINCIPAL;113616786,00
SECRETARIA DE ESTADO DE INFRAESTRUTURA, MOBILIDADE E PARCERIA - SEINFRA;FUNDO ESTADUAL DE DESENVOLVIMENTO DE TRANSPORTES - FUNTRANS;1331.01.0.1.01.000;8;;DELEG. PREST. SERV. TRANSP. RODOVIÁRIO - PRINC. - FUNDO ESTADUAL DE DESENVOLVIMENTO DE TRANSPORTES - FUNTRANS;113616786,00
SECRETARIA DE ESTADO DE INFRAESTRUTURA, MOBILIDADE E PARCERIA - SEINFRA;FUNDO ESTADUAL DE DESENVOLVIMENTO DE TRANSPORTES - FUNTRANS;1331.01.0.1.01.002;9;60;DELEG. PREST. SERV. TRANSP. RODOVIÁRIO - PRINC. - FUNTRANS - INTERMUNICIPAL;113616786,00
SECRETARIA DE ESTADO DE INFRAESTRUTURA, MOBILIDADE E PARCERIA - SEINFRA;FUNDO ESTADUAL DE DESENVOLVIMENTO DE TRANSPORTES - FUNTRANS;1332.00.0.0.00.000;4;;DELEGAÇÃO DOS SERVIÇOS DE INFRAESTRUTURA;110372175,00
SECRETARIA DE ESTADO DE INFRAESTRUTURA, MOBILIDADE E PARCERIA - SEINFRA;FUNDO ESTADUAL DE DESENVOLVIMENTO DE TRANSPORTES - FUNTRANS;1332.01.0.0.00.000;5;;DELEGAÇÃO PARA EXPLORAÇÃO DA INFRAESTRUTURA DE TRANSPORTE RODOVIÁRIO;110372175,00
SECRETARIA DE ESTADO DE INFRAESTRUTURA, MOBILIDADE E PARCERIA - SEINFRA;FUNDO ESTADUAL DE DESENVOLVIMENTO DE TRANSPORTES - FUNTRANS;1332.01.1.0.00.000;6;;DELEGAÇÃO PARA EXPLORAÇÃO DA INFRAESTRUTURA DE TRANSPORTE RODOVIÁRIO PARA O SETOR PRIVADO;110372175,00
SECRETARIA DE ESTADO DE INFRAESTRUTURA, MOBILIDADE E PARCERIA - SEINFRA;FUNDO ESTADUAL DE DESENVOLVIMENTO DE TRANSPORTES - FUNTRANS;1332.01.1.1.00.000;7;;DELEG. EXPLOR. INFRA. TRANSP. RODOVIÁRIO SETOR PRIVADO - PRINCIPAL;110372175,00
SECRETARIA DE ESTADO DE INFRAESTRUTURA, MOBILIDADE E PARCERIA - SEINFRA;FUNDO ESTADUAL DE DESENVOLVIMENTO DE TRANSPORTES - FUNTRANS;1332.01.1.1.01.000;8;60;DELEG. EXPLOR. INFRA. TRANSP. RODOVIÁRIO SETOR PRIVADO - PRINC. - FUNDO ESTADUAL DE DESENVOLVIMENTO DE TRANSPORTES - FUNTRANS;110372175,00
SECRETARIA DE ESTADO DE INFRAESTRUTURA, MOBILIDADE E PARCERIA - SEINFRA;FUNDO ESTADUAL DE DESENVOLVIMENTO DE TRANSPORTES - FUNTRANS;1600.00.0.0.00.000;2;;RECEITA DE SERVIÇOS;74609667,00
SECRETARIA DE ESTADO DE INFRAESTRUTURA, MOBILIDADE E PARCERIA - SEINFRA;FUNDO ESTADUAL DE DESENVOLVIMENTO DE TRANSPORTES - FUNTRANS;1610.00.0.0.00.000;3;;SERVIÇOS ADMINISTRATIVOS E COMERCIAIS GERAIS;74609667,00
SECRETARIA DE ESTADO DE INFRAESTRUTURA, MOBILIDADE E PARCERIA - SEINFRA;FUNDO ESTADUAL DE DESENVOLVIMENTO DE TRANSPORTES - FUNTRANS;1611.00.0.0.00.000;4;;SERVIÇOS ADMINISTRATIVOS E COMERCIAIS GERAIS;74609667,00
SECRETARIA DE ESTADO DE INFRAESTRUTURA, MOBILIDADE E PARCERIA - SEINFRA;FUNDO ESTADUAL DE DESENVOLVIMENTO DE TRANSPORTES - FUNTRANS;1611.03.0.0.00.000;5;;SERVIÇOS DE REGISTRO, CERTIFICAÇÃO E FISCALIZAÇÃO;74609667,00
SECRETARIA DE ESTADO DE INFRAESTRUTURA, MOBILIDADE E PARCERIA - SEINFRA;FUNDO ESTADUAL DE DESENVOLVIMENTO DE TRANSPORTES - FUNTRANS;1611.03.0.1.00.000;7;;SERVIÇOS REG. CERTIF. FISCALIZ. - PRINCIPAL;74609667,00
SECRETARIA DE ESTADO DE INFRAESTRUTURA, MOBILIDADE E PARCERIA - SEINFRA;FUNDO ESTADUAL DE DESENVOLVIMENTO DE TRANSPORTES - FUNTRANS;1611.03.0.1.05.000;8;60;SERVIÇOS REG. CERTIF. FISCALIZ. - PRINC. - INSPEÇÃO E FISCALIZAÇÃO;48446294,00
SECRETARIA DE ESTADO DE INFRAESTRUTURA, MOBILIDADE E PARCERIA - SEINFRA;FUNDO ESTADUAL DE DESENVOLVIMENTO DE TRANSPORTES - FUNTRANS;1611.03.0.1.99.000;8;60;SERVIÇOS REG. CERTIF. FISCALIZ. - PRINC. - DEMAIS;26163373,00
SECRETARIA DE ESTADO DE INFRAESTRUTURA, MOBILIDADE E PARCERIA - SEINFRA;FUNDO ESTADUAL DE DESENVOLVIMENTO DE TRANSPORTES - FUNTRANS;1900.00.0.0.00.000;2;;OUTRAS RECEITAS CORRENTES;221032761,00
SECRETARIA DE ESTADO DE INFRAESTRUTURA, MOBILIDADE E PARCERIA - SEINFRA;FUNDO ESTADUAL DE DESENVOLVIMENTO DE TRANSPORTES - FUNTRANS;1910.00.0.0.00.000;3;;MULTAS ADMINISTRATIVAS, CONTRATUAIS E JUDICIAIS;221024564,00
SECRETARIA DE ESTADO DE INFRAESTRUTURA, MOBILIDADE E PARCERIA - SEINFRA;FUNDO ESTADUAL DE DESENVOLVIMENTO DE TRANSPORTES - FUNTRANS;1911.00.0.0.00.000;4;;MULTAS ADMINISTRATIVAS, CONTRATUAIS E JUDICIAIS;221024564,00
SECRETARIA DE ESTADO DE INFRAESTRUTURA, MOBILIDADE E PARCERIA - SEINFRA;FUNDO ESTADUAL DE DESENVOLVIMENTO DE TRANSPORTES - FUNTRANS;1911.01.0.0.00.000;5;;MULTAS PREVISTAS EM LEGISLAÇÃO ESPECÍFICA;220958314,00
SECRETARIA DE ESTADO DE INFRAESTRUTURA, MOBILIDADE E PARCERIA - SEINFRA;FUNDO ESTADUAL DE DESENVOLVIMENTO DE TRANSPORTES - FUNTRANS;1911.01.0.1.00.000;7;;MULTAS LEGISL. ESPECÍFICA - PRINCIPAL;220958314,00
SECRETARIA DE ESTADO DE INFRAESTRUTURA, MOBILIDADE E PARCERIA - SEINFRA;FUNDO ESTADUAL DE DESENVOLVIMENTO DE TRANSPORTES - FUNTRANS;1911.01.0.1.03.000;8;;MULTAS LEGISL. ESPECÍFICA - PRINC. - LEGISLAÇÃO DE TRÂNSITO;220958314,00
SECRETARIA DE ESTADO DE INFRAESTRUTURA, MOBILIDADE E PARCERIA - SEINFRA;FUNDO ESTADUAL DE DESENVOLVIMENTO DE TRANSPORTES - FUNTRANS;1911.01.0.1.03.002;9;83;MULTAS LEGISL. ESPECÍFICA - PRINC. - LEGISL. TRÂNSITO - COTA PARTE DO DEPARTAMENTO DE EDIFICAÇÕES E ESTRADAS DE RODAGEM DO ESTADO DE MINAS GERAIS - DERMG;205506683,00
SECRETARIA DE ESTADO DE INFRAESTRUTURA, MOBILIDADE E PARCERIA - SEINFRA;FUNDO ESTADUAL DE DESENVOLVIMENTO DE TRANSPORTES - FUNTRANS;1911.01.0.1.03.003;9;83;MULTAS LEGISL. ESPECÍFICA - PRINC. - LEGISL. TRÂNSITO - COTA PARTE DO FUNDO NACIONAL DE SEGURANÇA E EDUCAÇÃO NO TRÂNSITO - FUNSET;15451631,00
SECRETARIA DE ESTADO DE INFRAESTRUTURA, MOBILIDADE E PARCERIA - SEINFRA;FUNDO ESTADUAL DE DESENVOLVIMENTO DE TRANSPORTES - FUNTRANS;1911.09.0.0.00.000;5;;MULTAS E JUROS PREVISTOS EM CONTRATOS;66250,00
SECRETARIA DE ESTADO DE INFRAESTRUTURA, MOBILIDADE E PARCERIA - SEINFRA;FUNDO ESTADUAL DE DESENVOLVIMENTO DE TRANSPORTES - FUNTRANS;1911.09.0.1.00.000;7;;MULTAS JUROS PREVISTOS CONTRATOS - PRINCIPAL;66250,00
SECRETARIA DE ESTADO DE INFRAESTRUTURA, MOBILIDADE E PARCERIA - SEINFRA;FUNDO ESTADUAL DE DESENVOLVIMENTO DE TRANSPORTES - FUNTRANS;1911.09.0.1.99.000;8;60;MULTAS JUROS PREVISTOS CONTRATOS - PRINC. - DEMAIS;66250,00
SECRETARIA DE ESTADO DE INFRAESTRUTURA, MOBILIDADE E PARCERIA - SEINFRA;FUNDO ESTADUAL DE DESENVOLVIMENTO DE TRANSPORTES - FUNTRANS;1920.00.0.0.00.000;3;;INDENIZAÇÕES, RESTITUIÇÕES E RESSARCIMENTOS;8197,00
SECRETARIA DE ESTADO DE INFRAESTRUTURA, MOBILIDADE E PARCERIA - SEINFRA;FUNDO ESTADUAL DE DESENVOLVIMENTO DE TRANSPORTES - FUNTRANS;1922.00.0.0.00.000;4;;RESTITUIÇÕES;8197,00
SECRETARIA DE ESTADO DE INFRAESTRUTURA, MOBILIDADE E PARCERIA - SEINFRA;FUNDO ESTADUAL DE DESENVOLVIMENTO DE TRANSPORTES - FUNTRANS;1922.99.0.0.00.000;5;;OUTRAS RESTITUIÇÕES;8197,00
SECRETARIA DE ESTADO DE INFRAESTRUTURA, MOBILIDADE E PARCERIA - SEINFRA;FUNDO ESTADUAL DE DESENVOLVIMENTO DE TRANSPORTES - FUNTRANS;1922.99.0.1.00.000;7;;OUTRAS RESTITUIÇÕES - PRINCIPAL;8197,00
SECRETARIA DE ESTADO DE INFRAESTRUTURA, MOBILIDADE E PARCERIA - SEINFRA;FUNDO ESTADUAL DE DESENVOLVIMENTO DE TRANSPORTES - FUNTRANS;1922.99.0.1.99.000;8;83;OUTRAS RESTITUIÇÕES - PRINC. - DEMAIS;8197,00
SECRETARIA DE ESTADO DE INFRAESTRUTURA, MOBILIDADE E PARCERIA - SEINFRA;FUNDO ESTADUAL DE DESENVOLVIMENTO DE TRANSPORTES - FUNTRANS;9000.00.0.0.00.000;1;;DEDUÇÃO DAS RECEITAS;-15451631,00
SECRETARIA DE ESTADO DE INFRAESTRUTURA, MOBILIDADE E PARCERIA - SEINFRA;FUNDO ESTADUAL DE DESENVOLVIMENTO DE TRANSPORTES - FUNTRANS;9900.00.0.0.00.000;2;;DEDUÇÃO REC. - OUTRAS RECEITAS CORRENTES;-15451631,00
SECRETARIA DE ESTADO DE INFRAESTRUTURA, MOBILIDADE E PARCERIA - SEINFRA;FUNDO ESTADUAL DE DESENVOLVIMENTO DE TRANSPORTES - FUNTRANS;9910.00.0.0.00.000;3;;DEDUÇÃO REC. - MULTAS ADMINISTRATIVAS, CONTRATUAIS E JUDICIAIS;-15451631,00
SECRETARIA DE ESTADO DE INFRAESTRUTURA, MOBILIDADE E PARCERIA - SEINFRA;FUNDO ESTADUAL DE DESENVOLVIMENTO DE TRANSPORTES - FUNTRANS;9911.00.0.0.00.000;4;;DEDUÇÃO REC. - MULTAS ADMINISTRATIVAS, CONTRATUAIS E JUDICIAIS;-15451631,00
SECRETARIA DE ESTADO DE INFRAESTRUTURA, MOBILIDADE E PARCERIA - SEINFRA;FUNDO ESTADUAL DE DESENVOLVIMENTO DE TRANSPORTES - FUNTRANS;9911.01.0.0.00.000;5;;DEDUÇÃO REC. - MULTAS PREVISTAS EM LEGISLAÇÃO ESPECÍFICA;-15451631,00
SECRETARIA DE ESTADO DE INFRAESTRUTURA, MOBILIDADE E PARCERIA - SEINFRA;FUNDO ESTADUAL DE DESENVOLVIMENTO DE TRANSPORTES - FUNTRANS;9911.01.0.1.00.000;7;;DEDUÇÃO REC. - MULTAS LEGISL. ESPECÍFICA - PRINCIPAL;-15451631,00
SECRETARIA DE ESTADO DE INFRAESTRUTURA, MOBILIDADE E PARCERIA - SEINFRA;FUNDO ESTADUAL DE DESENVOLVIMENTO DE TRANSPORTES - FUNTRANS;9911.01.0.1.03.000;8;;DEDUÇÃO REC. - MULTAS LEGISL. ESPECÍFICA - PRINC. - LEGISLAÇÃO DE TRÂNSITO;-15451631,00
SECRETARIA DE ESTADO DE INFRAESTRUTURA, MOBILIDADE E PARCERIA - SEINFRA;FUNDO ESTADUAL DE DESENVOLVIMENTO DE TRANSPORTES - FUNTRANS;9911.01.0.1.03.003;9;83;DEDUÇÃO REC. - MULTAS LEGISL. ESPECÍFICA - PRINC. - LEGISL. TRÂNSITO - COTA PARTE DO FUNDO NACIONAL DE SEGURANÇA E EDUCAÇÃO NO TRÂNSITO - FUNSET;-15451631,00
SECRETARIA DE ESTADO DE DESENVOLVIMENTO SOCIAL - SEDESE;FUNDO ESTADUAL DE DEFESA DE DIREITOS DIFUSOS - FUNDIF;1000.00.0.0.00.000;1;;RECEITAS CORRENTES;9754685,00
SECRETARIA DE ESTADO DE DESENVOLVIMENTO SOCIAL - SEDESE;FUNDO ESTADUAL DE DEFESA DE DIREITOS DIFUSOS - FUNDIF;1900.00.0.0.00.000;2;;OUTRAS RECEITAS CORRENTES;9754685,00
SECRETARIA DE ESTADO DE DESENVOLVIMENTO SOCIAL - SEDESE;FUNDO ESTADUAL DE DEFESA DE DIREITOS DIFUSOS - FUNDIF;1910.00.0.0.00.000;3;;MULTAS ADMINISTRATIVAS, CONTRATUAIS E JUDICIAIS;9754685,00
SECRETARIA DE ESTADO DE DESENVOLVIMENTO SOCIAL - SEDESE;FUNDO ESTADUAL DE DEFESA DE DIREITOS DIFUSOS - FUNDIF;1911.00.0.0.00.000;4;;MULTAS ADMINISTRATIVAS, CONTRATUAIS E JUDICIAIS;9754685,00
SECRETARIA DE ESTADO DE DESENVOLVIMENTO SOCIAL - SEDESE;FUNDO ESTADUAL DE DEFESA DE DIREITOS DIFUSOS - FUNDIF;1911.08.0.0.00.000;5;;MULTAS DECORRENTES DE SENTENÇAS JUDICIAIS;9754685,00
SECRETARIA DE ESTADO DE DESENVOLVIMENTO SOCIAL - SEDESE;FUNDO ESTADUAL DE DEFESA DE DIREITOS DIFUSOS - FUNDIF;1911.08.0.1.00.000;7;;MULTAS SENTENÇAS JUDICIAIS - PRINCIPAL;9754685,00
SECRETARIA DE ESTADO DE DESENVOLVIMENTO SOCIAL - SEDESE;FUNDO ESTADUAL DE DEFESA DE DIREITOS DIFUSOS - FUNDIF;1911.08.0.1.01.000;8;39;MULTAS SENTENÇAS JUDICIAIS - PRINC. - MULTAS PECUNIÁRIAS E JUROS DE MORA;9754685,00
MINISTÉRIO PÚBLICO DO ESTADO DE MINAS GERAIS - MPMG;FUNDO ESPECIAL DO MINISTÉRIO PÚBLICO DO ESTADO DE MINAS GERAIS - FUNEMP;1000.00.0.0.00.000;1;;RECEITAS CORRENTES;60000000,00
MINISTÉRIO PÚBLICO DO ESTADO DE MINAS GERAIS - MPMG;FUNDO ESPECIAL DO MINISTÉRIO PÚBLICO DO ESTADO DE MINAS GERAIS - FUNEMP;1300.00.0.0.00.000;2;;RECEITA PATRIMONIAL;11200000,00
MINISTÉRIO PÚBLICO DO ESTADO DE MINAS GERAIS - MPMG;FUNDO ESPECIAL DO MINISTÉRIO PÚBLICO DO ESTADO DE MINAS GERAIS - FUNEMP;1320.00.0.0.00.000;3;;VALORES MOBILIÁRIOS;11200000,00
MINISTÉRIO PÚBLICO DO ESTADO DE MINAS GERAIS - MPMG;FUNDO ESPECIAL DO MINISTÉRIO PÚBLICO DO ESTADO DE MINAS GERAIS - FUNEMP;1321.00.0.0.00.000;4;;JUROS E CORREÇÕES MONETÁRIAS;11200000,00
MINISTÉRIO PÚBLICO DO ESTADO DE MINAS GERAIS - MPMG;FUNDO ESPECIAL DO MINISTÉRIO PÚBLICO DO ESTADO DE MINAS GERAIS - FUNEMP;1321.01.0.0.00.000;5;;REMUNERAÇÃO DE DEPÓSITOS BANCÁRIOS;11200000,00
MINISTÉRIO PÚBLICO DO ESTADO DE MINAS GERAIS - MPMG;FUNDO ESPECIAL DO MINISTÉRIO PÚBLICO DO ESTADO DE MINAS GERAIS - FUNEMP;1321.01.0.1.00.000;7;;REMUNERAÇÃO DEPÓSITOS BANCÁRIOS - PRINCIPAL;11200000,00
MINISTÉRIO PÚBLICO DO ESTADO DE MINAS GERAIS - MPMG;FUNDO ESPECIAL DO MINISTÉRIO PÚBLICO DO ESTADO DE MINAS GERAIS - FUNEMP;1321.01.0.1.01.000;8;60;REMUNERAÇÃO DEPÓSITOS BANCÁRIOS - PRINC.;11200000,00
MINISTÉRIO PÚBLICO DO ESTADO DE MINAS GERAIS - MPMG;FUNDO ESPECIAL DO MINISTÉRIO PÚBLICO DO ESTADO DE MINAS GERAIS - FUNEMP;1900.00.0.0.00.000;2;;OUTRAS RECEITAS CORRENTES;48800000,00
MINISTÉRIO PÚBLICO DO ESTADO DE MINAS GERAIS - MPMG;FUNDO ESPECIAL DO MINISTÉRIO PÚBLICO DO ESTADO DE MINAS GERAIS - FUNEMP;1910.00.0.0.00.000;3;;MULTAS ADMINISTRATIVAS, CONTRATUAIS E JUDICIAIS;48199000,00
MINISTÉRIO PÚBLICO DO ESTADO DE MINAS GERAIS - MPMG;FUNDO ESPECIAL DO MINISTÉRIO PÚBLICO DO ESTADO DE MINAS GERAIS - FUNEMP;1911.00.0.0.00.000;4;;MULTAS ADMINISTRATIVAS, CONTRATUAIS E JUDICIAIS;48199000,00
MINISTÉRIO PÚBLICO DO ESTADO DE MINAS GERAIS - MPMG;FUNDO ESPECIAL DO MINISTÉRIO PÚBLICO DO ESTADO DE MINAS GERAIS - FUNEMP;1911.04.0.0.00.000;5;;MULTAS PREVISTAS NA LEGISLAÇÃO SOBRE DEFESA DOS DIREITOS DIFUSOS;48199000,00
MINISTÉRIO PÚBLICO DO ESTADO DE MINAS GERAIS - MPMG;FUNDO ESPECIAL DO MINISTÉRIO PÚBLICO DO ESTADO DE MINAS GERAIS - FUNEMP;1911.04.0.1.00.000;7;;MULTAS LEGISL. DEFESA DIR. DIFUSOS - PRINCIPAL;48199000,00
MINISTÉRIO PÚBLICO DO ESTADO DE MINAS GERAIS - MPMG;FUNDO ESPECIAL DO MINISTÉRIO PÚBLICO DO ESTADO DE MINAS GERAIS - FUNEMP;1911.04.0.1.03.000;8;60;MULTAS LEGISL. DEFESA DIR. DIFUSOS - PRINC. - TERMO DE AJUSTAMENTO DE CONDUTA - TAC;48199000,00
MINISTÉRIO PÚBLICO DO ESTADO DE MINAS GERAIS - MPMG;FUNDO ESPECIAL DO MINISTÉRIO PÚBLICO DO ESTADO DE MINAS GERAIS - FUNEMP;1920.00.0.0.00.000;3;;INDENIZAÇÕES, RESTITUIÇÕES E RESSARCIMENTOS;601000,00
MINISTÉRIO PÚBLICO DO ESTADO DE MINAS GERAIS - MPMG;FUNDO ESPECIAL DO MINISTÉRIO PÚBLICO DO ESTADO DE MINAS GERAIS - FUNEMP;1922.00.0.0.00.000;4;;RESTITUIÇÕES;601000,00
MINISTÉRIO PÚBLICO DO ESTADO DE MINAS GERAIS - MPMG;FUNDO ESPECIAL DO MINISTÉRIO PÚBLICO DO ESTADO DE MINAS GERAIS - FUNEMP;1922.01.0.0.00.000;5;;RESTITUIÇÃO DE CONVÊNIOS;600000,00
MINISTÉRIO PÚBLICO DO ESTADO DE MINAS GERAIS - MPMG;FUNDO ESPECIAL DO MINISTÉRIO PÚBLICO DO ESTADO DE MINAS GERAIS - FUNEMP;1922.01.1.0.00.000;6;;RESTITUIÇÃO DE CONVÊNIOS - PRIMÁRIAS;600000,00
MINISTÉRIO PÚBLICO DO ESTADO DE MINAS GERAIS - MPMG;FUNDO ESPECIAL DO MINISTÉRIO PÚBLICO DO ESTADO DE MINAS GERAIS - FUNEMP;1922.01.1.1.00.000;7;;RESTITUIÇÃO CONVÊNIOS - PRIMÁRIAS - PRINCIPAL;600000,00
MINISTÉRIO PÚBLICO DO ESTADO DE MINAS GERAIS - MPMG;FUNDO ESPECIAL DO MINISTÉRIO PÚBLICO DO ESTADO DE MINAS GERAIS - FUNEMP;1922.01.1.1.01.000;8;60;RESTITUIÇÃO CONVÊNIOS - PRIMÁRIAS - PRINC.;600000,00
MINISTÉRIO PÚBLICO DO ESTADO DE MINAS GERAIS - MPMG;FUNDO ESPECIAL DO MINISTÉRIO PÚBLICO DO ESTADO DE MINAS GERAIS - FUNEMP;1922.99.0.0.00.000;5;;OUTRAS RESTITUIÇÕES;1000,00
MINISTÉRIO PÚBLICO DO ESTADO DE MINAS GERAIS - MPMG;FUNDO ESPECIAL DO MINISTÉRIO PÚBLICO DO ESTADO DE MINAS GERAIS - FUNEMP;1922.99.0.1.00.000;7;;OUTRAS RESTITUIÇÕES - PRINCIPAL;1000,00
MINISTÉRIO PÚBLICO DO ESTADO DE MINAS GERAIS - MPMG;FUNDO ESPECIAL DO MINISTÉRIO PÚBLICO DO ESTADO DE MINAS GERAIS - FUNEMP;1922.99.0.1.99.000;8;60;OUTRAS RESTITUIÇÕES - PRINC. - DEMAIS;1000,00
MINISTÉRIO PÚBLICO DO ESTADO DE MINAS GERAIS - MPMG;FUNDO ESPECIAL DO MINISTÉRIO PÚBLICO DO ESTADO DE MINAS GERAIS - FUNEMP;2000.00.0.0.00.000;1;;RECEITAS DE CAPITAL;50000,00
MINISTÉRIO PÚBLICO DO ESTADO DE MINAS GERAIS - MPMG;FUNDO ESPECIAL DO MINISTÉRIO PÚBLICO DO ESTADO DE MINAS GERAIS - FUNEMP;2200.00.0.0.00.000;2;;ALIENAÇÃO DE BENS;50000,00
MINISTÉRIO PÚBLICO DO ESTADO DE MINAS GERAIS - MPMG;FUNDO ESPECIAL DO MINISTÉRIO PÚBLICO DO ESTADO DE MINAS GERAIS - FUNEMP;2210.00.0.0.00.000;3;;ALIENAÇÃO DE BENS MÓVEIS;50000,00
MINISTÉRIO PÚBLICO DO ESTADO DE MINAS GERAIS - MPMG;FUNDO ESPECIAL DO MINISTÉRIO PÚBLICO DO ESTADO DE MINAS GERAIS - FUNEMP;2213.00.0.0.00.000;4;;ALIENAÇÃO DE BENS MÓVEIS E SEMOVENTES;50000,00
MINISTÉRIO PÚBLICO DO ESTADO DE MINAS GERAIS - MPMG;FUNDO ESPECIAL DO MINISTÉRIO PÚBLICO DO ESTADO DE MINAS GERAIS - FUNEMP;2213.01.0.0.00.000;5;;ALIENAÇÃO DE BENS MÓVEIS E SEMOVENTES;50000,00
MINISTÉRIO PÚBLICO DO ESTADO DE MINAS GERAIS - MPMG;FUNDO ESPECIAL DO MINISTÉRIO PÚBLICO DO ESTADO DE MINAS GERAIS - FUNEMP;2213.01.0.1.00.000;7;;ALIENAÇÃO BENS MÓVEIS SEMOVENTES - PRINCIPAL;50000,00
MINISTÉRIO PÚBLICO DO ESTADO DE MINAS GERAIS - MPMG;FUNDO ESPECIAL DO MINISTÉRIO PÚBLICO DO ESTADO DE MINAS GERAIS - FUNEMP;2213.01.0.1.01.000;8;47;ALIENAÇÃO BENS MÓVEIS SEMOVENTES - PRINC.;50000,00
MINISTÉRIO PÚBLICO DO ESTADO DE MINAS GERAIS - MPMG;FUNDO ESTADUAL DE PROTEÇÃO E DEFESA DO CONSUMIDOR - FEPDC;1000.00.0.0.00.000;1;;RECEITAS CORRENTES;70000000,00
MINISTÉRIO PÚBLICO DO ESTADO DE MINAS GERAIS - MPMG;FUNDO ESTADUAL DE PROTEÇÃO E DEFESA DO CONSUMIDOR - FEPDC;1300.00.0.0.00.000;2;;RECEITA PATRIMONIAL;15400000,00
MINISTÉRIO PÚBLICO DO ESTADO DE MINAS GERAIS - MPMG;FUNDO ESTADUAL DE PROTEÇÃO E DEFESA DO CONSUMIDOR - FEPDC;1320.00.0.0.00.000;3;;VALORES MOBILIÁRIOS;15400000,00
MINISTÉRIO PÚBLICO DO ESTADO DE MINAS GERAIS - MPMG;FUNDO ESTADUAL DE PROTEÇÃO E DEFESA DO CONSUMIDOR - FEPDC;1321.00.0.0.00.000;4;;JUROS E CORREÇÕES MONETÁRIAS;15400000,00
MINISTÉRIO PÚBLICO DO ESTADO DE MINAS GERAIS - MPMG;FUNDO ESTADUAL DE PROTEÇÃO E DEFESA DO CONSUMIDOR - FEPDC;1321.01.0.0.00.000;5;;REMUNERAÇÃO DE DEPÓSITOS BANCÁRIOS;15400000,00
MINISTÉRIO PÚBLICO DO ESTADO DE MINAS GERAIS - MPMG;FUNDO ESTADUAL DE PROTEÇÃO E DEFESA DO CONSUMIDOR - FEPDC;1321.01.0.1.00.000;7;;REMUNERAÇÃO DEPÓSITOS BANCÁRIOS - PRINCIPAL;15400000,00
MINISTÉRIO PÚBLICO DO ESTADO DE MINAS GERAIS - MPMG;FUNDO ESTADUAL DE PROTEÇÃO E DEFESA DO CONSUMIDOR - FEPDC;1321.01.0.1.01.000;8;60;REMUNERAÇÃO DEPÓSITOS BANCÁRIOS - PRINC.;15400000,00
MINISTÉRIO PÚBLICO DO ESTADO DE MINAS GERAIS - MPMG;FUNDO ESTADUAL DE PROTEÇÃO E DEFESA DO CONSUMIDOR - FEPDC;1900.00.0.0.00.000;2;;OUTRAS RECEITAS CORRENTES;54600000,00
MINISTÉRIO PÚBLICO DO ESTADO DE MINAS GERAIS - MPMG;FUNDO ESTADUAL DE PROTEÇÃO E DEFESA DO CONSUMIDOR - FEPDC;1910.00.0.0.00.000;3;;MULTAS ADMINISTRATIVAS, CONTRATUAIS E JUDICIAIS;54220000,00
MINISTÉRIO PÚBLICO DO ESTADO DE MINAS GERAIS - MPMG;FUNDO ESTADUAL DE PROTEÇÃO E DEFESA DO CONSUMIDOR - FEPDC;1911.00.0.0.00.000;4;;MULTAS ADMINISTRATIVAS, CONTRATUAIS E JUDICIAIS;54220000,00
MINISTÉRIO PÚBLICO DO ESTADO DE MINAS GERAIS - MPMG;FUNDO ESTADUAL DE PROTEÇÃO E DEFESA DO CONSUMIDOR - FEPDC;1911.01.0.0.00.000;5;;MULTAS PREVISTAS EM LEGISLAÇÃO ESPECÍFICA;300000,00
MINISTÉRIO PÚBLICO DO ESTADO DE MINAS GERAIS - MPMG;FUNDO ESTADUAL DE PROTEÇÃO E DEFESA DO CONSUMIDOR - FEPDC;1911.01.0.1.00.000;7;;MULTAS LEGISL. ESPECÍFICA - PRINCIPAL;300000,00
MINISTÉRIO PÚBLICO DO ESTADO DE MINAS GERAIS - MPMG;FUNDO ESTADUAL DE PROTEÇÃO E DEFESA DO CONSUMIDOR - FEPDC;1911.01.0.1.12.000;8;60;MULTAS LEGISL. ESPECÍFICA - PRINC. - INFRAÇÃO À LEGISLAÇÃO DE ABASTECIMENTO DE ÁGUA E ESGOTAMENTO SANITÁRIO;300000,00
MINISTÉRIO PÚBLICO DO ESTADO DE MINAS GERAIS - MPMG;FUNDO ESTADUAL DE PROTEÇÃO E DEFESA DO CONSUMIDOR - FEPDC;1911.04.0.0.00.000;5;;MULTAS PREVISTAS NA LEGISLAÇÃO SOBRE DEFESA DOS DIREITOS DIFUSOS;53900000,00
MINISTÉRIO PÚBLICO DO ESTADO DE MINAS GERAIS - MPMG;FUNDO ESTADUAL DE PROTEÇÃO E DEFESA DO CONSUMIDOR - FEPDC;1911.04.0.1.00.000;7;;MULTAS LEGISL. DEFESA DIR. DIFUSOS - PRINCIPAL;53900000,00
MINISTÉRIO PÚBLICO DO ESTADO DE MINAS GERAIS - MPMG;FUNDO ESTADUAL DE PROTEÇÃO E DEFESA DO CONSUMIDOR - FEPDC;1911.04.0.1.02.000;8;60;MULTAS LEGISL. DEFESA DIR. DIFUSOS - PRINC. - APLICADAS PELO PROCON-MG;53900000,00
MINISTÉRIO PÚBLICO DO ESTADO DE MINAS GERAIS - MPMG;FUNDO ESTADUAL DE PROTEÇÃO E DEFESA DO CONSUMIDOR - FEPDC;1911.09.0.0.00.000;5;;MULTAS E JUROS PREVISTOS EM CONTRATOS;20000,00
MINISTÉRIO PÚBLICO DO ESTADO DE MINAS GERAIS - MPMG;FUNDO ESTADUAL DE PROTEÇÃO E DEFESA DO CONSUMIDOR - FEPDC;1911.09.0.1.00.000;7;;MULTAS JUROS PREVISTOS CONTRATOS - PRINCIPAL;20000,00
MINISTÉRIO PÚBLICO DO ESTADO DE MINAS GERAIS - MPMG;FUNDO ESTADUAL DE PROTEÇÃO E DEFESA DO CONSUMIDOR - FEPDC;1911.09.0.1.99.000;8;60;MULTAS JUROS PREVISTOS CONTRATOS - PRINC. - DEMAIS;20000,00
MINISTÉRIO PÚBLICO DO ESTADO DE MINAS GERAIS - MPMG;FUNDO ESTADUAL DE PROTEÇÃO E DEFESA DO CONSUMIDOR - FEPDC;1920.00.0.0.00.000;3;;INDENIZAÇÕES, RESTITUIÇÕES E RESSARCIMENTOS;380000,00
MINISTÉRIO PÚBLICO DO ESTADO DE MINAS GERAIS - MPMG;FUNDO ESTADUAL DE PROTEÇÃO E DEFESA DO CONSUMIDOR - FEPDC;1922.00.0.0.00.000;4;;RESTITUIÇÕES;380000,00
MINISTÉRIO PÚBLICO DO ESTADO DE MINAS GERAIS - MPMG;FUNDO ESTADUAL DE PROTEÇÃO E DEFESA DO CONSUMIDOR - FEPDC;1922.01.0.0.00.000;5;;RESTITUIÇÃO DE CONVÊNIOS;366000,00
MINISTÉRIO PÚBLICO DO ESTADO DE MINAS GERAIS - MPMG;FUNDO ESTADUAL DE PROTEÇÃO E DEFESA DO CONSUMIDOR - FEPDC;1922.01.1.0.00.000;6;;RESTITUIÇÃO DE CONVÊNIOS - PRIMÁRIAS;366000,00
MINISTÉRIO PÚBLICO DO ESTADO DE MINAS GERAIS - MPMG;FUNDO ESTADUAL DE PROTEÇÃO E DEFESA DO CONSUMIDOR - FEPDC;1922.01.1.1.00.000;7;;RESTITUIÇÃO CONVÊNIOS - PRIMÁRIAS - PRINCIPAL;366000,00
MINISTÉRIO PÚBLICO DO ESTADO DE MINAS GERAIS - MPMG;FUNDO ESTADUAL DE PROTEÇÃO E DEFESA DO CONSUMIDOR - FEPDC;1922.01.1.1.01.000;8;60;RESTITUIÇÃO CONVÊNIOS - PRIMÁRIAS - PRINC.;366000,00
MINISTÉRIO PÚBLICO DO ESTADO DE MINAS GERAIS - MPMG;FUNDO ESTADUAL DE PROTEÇÃO E DEFESA DO CONSUMIDOR - FEPDC;1922.99.0.0.00.000;5;;OUTRAS RESTITUIÇÕES;14000,00
MINISTÉRIO PÚBLICO DO ESTADO DE MINAS GERAIS - MPMG;FUNDO ESTADUAL DE PROTEÇÃO E DEFESA DO CONSUMIDOR - FEPDC;1922.99.0.1.00.000;7;;OUTRAS RESTITUIÇÕES - PRINCIPAL;14000,00
MINISTÉRIO PÚBLICO DO ESTADO DE MINAS GERAIS - MPMG;FUNDO ESTADUAL DE PROTEÇÃO E DEFESA DO CONSUMIDOR - FEPDC;1922.99.0.1.99.000;8;60;OUTRAS RESTITUIÇÕES - PRINC. - DEMAIS;14000,00
MINISTÉRIO PÚBLICO DO ESTADO DE MINAS GERAIS - MPMG;FUNDO ESTADUAL DE PROTEÇÃO E DEFESA DO CONSUMIDOR - FEPDC;2000.00.0.0.00.000;1;;RECEITAS DE CAPITAL;50000,00
MINISTÉRIO PÚBLICO DO ESTADO DE MINAS GERAIS - MPMG;FUNDO ESTADUAL DE PROTEÇÃO E DEFESA DO CONSUMIDOR - FEPDC;2200.00.0.0.00.000;2;;ALIENAÇÃO DE BENS;50000,00
MINISTÉRIO PÚBLICO DO ESTADO DE MINAS GERAIS - MPMG;FUNDO ESTADUAL DE PROTEÇÃO E DEFESA DO CONSUMIDOR - FEPDC;2210.00.0.0.00.000;3;;ALIENAÇÃO DE BENS MÓVEIS;50000,00
MINISTÉRIO PÚBLICO DO ESTADO DE MINAS GERAIS - MPMG;FUNDO ESTADUAL DE PROTEÇÃO E DEFESA DO CONSUMIDOR - FEPDC;2213.00.0.0.00.000;4;;ALIENAÇÃO DE BENS MÓVEIS E SEMOVENTES;50000,00
MINISTÉRIO PÚBLICO DO ESTADO DE MINAS GERAIS - MPMG;FUNDO ESTADUAL DE PROTEÇÃO E DEFESA DO CONSUMIDOR - FEPDC;2213.01.0.0.00.000;5;;ALIENAÇÃO DE BENS MÓVEIS E SEMOVENTES;50000,00
MINISTÉRIO PÚBLICO DO ESTADO DE MINAS GERAIS - MPMG;FUNDO ESTADUAL DE PROTEÇÃO E DEFESA DO CONSUMIDOR - FEPDC;2213.01.0.1.00.000;7;;ALIENAÇÃO BENS MÓVEIS SEMOVENTES - PRINCIPAL;50000,00
MINISTÉRIO PÚBLICO DO ESTADO DE MINAS GERAIS - MPMG;FUNDO ESTADUAL DE PROTEÇÃO E DEFESA DO CONSUMIDOR - FEPDC;2213.01.0.1.01.000;8;47;ALIENAÇÃO BENS MÓVEIS SEMOVENTES - PRINC.;50000,00
SECRETARIA DE ESTADO DE CULTURA E TURISMO - SECULT;FUNDO ESTADUAL DE CULTURA - FEC;1000.00.0.0.00.000;1;;RECEITAS CORRENTES;32000000,00
SECRETARIA DE ESTADO DE CULTURA E TURISMO - SECULT;FUNDO ESTADUAL DE CULTURA - FEC;1300.00.0.0.00.000;2;;RECEITA PATRIMONIAL;1000000,00
SECRETARIA DE ESTADO DE CULTURA E TURISMO - SECULT;FUNDO ESTADUAL DE CULTURA - FEC;1320.00.0.0.00.000;3;;VALORES MOBILIÁRIOS;1000000,00
SECRETARIA DE ESTADO DE CULTURA E TURISMO - SECULT;FUNDO ESTADUAL DE CULTURA - FEC;1321.00.0.0.00.000;4;;JUROS E CORREÇÕES MONETÁRIAS;1000000,00
SECRETARIA DE ESTADO DE CULTURA E TURISMO - SECULT;FUNDO ESTADUAL DE CULTURA - FEC;1321.01.0.0.00.000;5;;REMUNERAÇÃO DE DEPÓSITOS BANCÁRIOS;1000000,00
SECRETARIA DE ESTADO DE CULTURA E TURISMO - SECULT;FUNDO ESTADUAL DE CULTURA - FEC;1321.01.0.1.00.000;7;;REMUNERAÇÃO DEPÓSITOS BANCÁRIOS - PRINCIPAL;1000000,00
SECRETARIA DE ESTADO DE CULTURA E TURISMO - SECULT;FUNDO ESTADUAL DE CULTURA - FEC;1321.01.0.1.01.000;8;59;REMUNERAÇÃO DEPÓSITOS BANCÁRIOS - PRINC.;1000000,00
SECRETARIA DE ESTADO DE CULTURA E TURISMO - SECULT;FUNDO ESTADUAL DE CULTURA - FEC;1900.00.0.0.00.000;2;;OUTRAS RECEITAS CORRENTES;31000000,00
SECRETARIA DE ESTADO DE CULTURA E TURISMO - SECULT;FUNDO ESTADUAL DE CULTURA - FEC;1990.00.0.0.00.000;3;;DEMAIS RECEITAS CORRENTES;31000000,00
SECRETARIA DE ESTADO DE CULTURA E TURISMO - SECULT;FUNDO ESTADUAL DE CULTURA - FEC;1999.00.0.0.00.000;4;;OUTRAS RECEITAS CORRENTES;31000000,00
SECRETARIA DE ESTADO DE CULTURA E TURISMO - SECULT;FUNDO ESTADUAL DE CULTURA - FEC;1999.99.0.0.00.000;5;;OUTRAS RECEITAS;31000000,00
SECRETARIA DE ESTADO DE CULTURA E TURISMO - SECULT;FUNDO ESTADUAL DE CULTURA - FEC;1999.99.2.0.00.000;6;;OUTRAS RECEITAS NÃO ARRECADADAS E NÃO PROJETADAS PELA RFB - PRIMÁRIAS;31000000,00
SECRETARIA DE ESTADO DE CULTURA E TURISMO - SECULT;FUNDO ESTADUAL DE CULTURA - FEC;1999.99.2.1.00.000;7;;OUTRAS REC. - PRIMÁRIAS - PRINCIPAL;31000000,00
SECRETARIA DE ESTADO DE CULTURA E TURISMO - SECULT;FUNDO ESTADUAL DE CULTURA - FEC;1999.99.2.1.99.000;8;59;OUTRAS REC. - PRIMÁRIAS - PRINC. - DEMAIS;31000000,00
POLÍCIA MILITAR DO ESTADO DE MINAS GERAIS - PMMG;FUNDO DE APOIO HABITACIONAL AOS MILITARES DO ESTADO DE MINAS GERAIS - FAHMEMG;1000.00.0.0.00.000;1;;RECEITAS CORRENTES;2625222,00
POLÍCIA MILITAR DO ESTADO DE MINAS GERAIS - PMMG;FUNDO DE APOIO HABITACIONAL AOS MILITARES DO ESTADO DE MINAS GERAIS - FAHMEMG;1600.00.0.0.00.000;2;;RECEITA DE SERVIÇOS;2625222,00
POLÍCIA MILITAR DO ESTADO DE MINAS GERAIS - PMMG;FUNDO DE APOIO HABITACIONAL AOS MILITARES DO ESTADO DE MINAS GERAIS - FAHMEMG;1640.00.0.0.00.000;3;;SERVIÇOS E ATIVIDADES FINANCEIRAS;2625222,00
POLÍCIA MILITAR DO ESTADO DE MINAS GERAIS - PMMG;FUNDO DE APOIO HABITACIONAL AOS MILITARES DO ESTADO DE MINAS GERAIS - FAHMEMG;1641.00.0.0.00.000;4;;SERVIÇOS E ATIVIDADES FINANCEIRAS;2625222,00
POLÍCIA MILITAR DO ESTADO DE MINAS GERAIS - PMMG;FUNDO DE APOIO HABITACIONAL AOS MILITARES DO ESTADO DE MINAS GERAIS - FAHMEMG;1641.01.0.0.00.000;5;;RETORNO DE OPERAÇÕES, JUROS E ENCARGOS FINANCEIROS;2625222,00
POLÍCIA MILITAR DO ESTADO DE MINAS GERAIS - PMMG;FUNDO DE APOIO HABITACIONAL AOS MILITARES DO ESTADO DE MINAS GERAIS - FAHMEMG;1641.01.0.1.00.000;7;;RETORNO OPER. JUROS ENCARG. FINANCEIROS - PRINCIPAL;2625222,00
POLÍCIA MILITAR DO ESTADO DE MINAS GERAIS - PMMG;FUNDO DE APOIO HABITACIONAL AOS MILITARES DO ESTADO DE MINAS GERAIS - FAHMEMG;1641.01.0.1.01.000;8;60;RETORNO OPER. JUROS ENCARG. FINANCEIROS - PRINC. - JUROS DE EMPRÉSTIMOS;2625222,00
POLÍCIA MILITAR DO ESTADO DE MINAS GERAIS - PMMG;FUNDO DE APOIO HABITACIONAL AOS MILITARES DO ESTADO DE MINAS GERAIS - FAHMEMG;2000.00.0.0.00.000;1;;RECEITAS DE CAPITAL;26813063,00
POLÍCIA MILITAR DO ESTADO DE MINAS GERAIS - PMMG;FUNDO DE APOIO HABITACIONAL AOS MILITARES DO ESTADO DE MINAS GERAIS - FAHMEMG;2300.00.0.0.00.000;2;;AMORTIZAÇÃO DE EMPRÉSTIMOS;26813063,00
POLÍCIA MILITAR DO ESTADO DE MINAS GERAIS - PMMG;FUNDO DE APOIO HABITACIONAL AOS MILITARES DO ESTADO DE MINAS GERAIS - FAHMEMG;2310.00.0.0.00.000;3;;AMORTIZAÇÃO DE EMPRÉSTIMOS;26813063,00
POLÍCIA MILITAR DO ESTADO DE MINAS GERAIS - PMMG;FUNDO DE APOIO HABITACIONAL AOS MILITARES DO ESTADO DE MINAS GERAIS - FAHMEMG;2311.00.0.0.00.000;4;;AMORTIZAÇÃO DE EMPRÉSTIMOS;26813063,00
POLÍCIA MILITAR DO ESTADO DE MINAS GERAIS - PMMG;FUNDO DE APOIO HABITACIONAL AOS MILITARES DO ESTADO DE MINAS GERAIS - FAHMEMG;2311.06.0.0.00.000;5;;AMORTIZAÇÃO DE EMPRÉSTIMOS CONTRATUAIS;26813063,00
POLÍCIA MILITAR DO ESTADO DE MINAS GERAIS - PMMG;FUNDO DE APOIO HABITACIONAL AOS MILITARES DO ESTADO DE MINAS GERAIS - FAHMEMG;2311.06.0.1.00.000;7;;AMORTIZAÇÃO EMPRÉSTIMOS CONTRATUAIS - PRINCIPAL;26813063,00
POLÍCIA MILITAR DO ESTADO DE MINAS GERAIS - PMMG;FUNDO DE APOIO HABITACIONAL AOS MILITARES DO ESTADO DE MINAS GERAIS - FAHMEMG;2311.06.0.1.01.000;8;60;AMORTIZAÇÃO EMPRÉSTIMOS CONTRATUAIS - PRINC.;26813063,00
SECRETARIA DE ESTADO DE PLANEJAMENTO E GESTÃO - SEPLAG;FUNDO DE ASSISTÊNCIA AO PECÚLIO DOS SERVIDORES DO ESTADO DE MINAS GERAIS - FUNAPEC;1000.00.0.0.00.000;1;;RECEITAS CORRENTES;92091002,00
SECRETARIA DE ESTADO DE PLANEJAMENTO E GESTÃO - SEPLAG;FUNDO DE ASSISTÊNCIA AO PECÚLIO DOS SERVIDORES DO ESTADO DE MINAS GERAIS - FUNAPEC;1200.00.0.0.00.000;2;;CONTRIBUIÇÕES;92091002,00
SECRETARIA DE ESTADO DE PLANEJAMENTO E GESTÃO - SEPLAG;FUNDO DE ASSISTÊNCIA AO PECÚLIO DOS SERVIDORES DO ESTADO DE MINAS GERAIS - FUNAPEC;1210.00.0.0.00.000;3;;CONTRIBUIÇÕES SOCIAIS;92091002,00
SECRETARIA DE ESTADO DE PLANEJAMENTO E GESTÃO - SEPLAG;FUNDO DE ASSISTÊNCIA AO PECÚLIO DOS SERVIDORES DO ESTADO DE MINAS GERAIS - FUNAPEC;1219.00.0.0.00.000;4;;OUTRAS CONTRIBUIÇÕES SOCIAIS;92091002,00
SECRETARIA DE ESTADO DE PLANEJAMENTO E GESTÃO - SEPLAG;FUNDO DE ASSISTÊNCIA AO PECÚLIO DOS SERVIDORES DO ESTADO DE MINAS GERAIS - FUNAPEC;1219.99.0.0.00.000;5;;DEMAIS CONTRIBUIÇÕES SOCIAIS;92091002,00
SECRETARIA DE ESTADO DE PLANEJAMENTO E GESTÃO - SEPLAG;FUNDO DE ASSISTÊNCIA AO PECÚLIO DOS SERVIDORES DO ESTADO DE MINAS GERAIS - FUNAPEC;1219.99.1.0.00.000;6;;DEMAIS CONTRIBUIÇÕES SOCIAIS NÃO ARRECADADAS E NÃO PROJETADAS PELA RFB;92091002,00
SECRETARIA DE ESTADO DE PLANEJAMENTO E GESTÃO - SEPLAG;FUNDO DE ASSISTÊNCIA AO PECÚLIO DOS SERVIDORES DO ESTADO DE MINAS GERAIS - FUNAPEC;1219.99.1.1.00.000;7;;DEMAIS CONTRIB. SOC. - PRINCIPAL;92091002,00
SECRETARIA DE ESTADO DE PLANEJAMENTO E GESTÃO - SEPLAG;FUNDO DE ASSISTÊNCIA AO PECÚLIO DOS SERVIDORES DO ESTADO DE MINAS GERAIS - FUNAPEC;1219.99.1.1.06.000;8;59;DEMAIS CONTRIB. SOC. - PRINC. - PECÚLIO;61387074,00
SECRETARIA DE ESTADO DE PLANEJAMENTO E GESTÃO - SEPLAG;FUNDO DE ASSISTÊNCIA AO PECÚLIO DOS SERVIDORES DO ESTADO DE MINAS GERAIS - FUNAPEC;1219.99.1.1.07.000;8;59;DEMAIS CONTRIB. SOC. - PRINC. - SEGURO COLETIVO;29475771,00
SECRETARIA DE ESTADO DE PLANEJAMENTO E GESTÃO - SEPLAG;FUNDO DE ASSISTÊNCIA AO PECÚLIO DOS SERVIDORES DO ESTADO DE MINAS GERAIS - FUNAPEC;1219.99.1.1.08.000;8;59;DEMAIS CONTRIB. SOC. - PRINC. - SEGURO DO CÔNJUGE;1228157,00
SECRETARIA DE ESTADO DE DESENVOLVIMENTO SOCIAL - SEDESE;FUNDO ESTADUAL DOS DIREITOS DO IDOSO - FEI;1000.00.0.0.00.000;1;;RECEITAS CORRENTES;576514,00
SECRETARIA DE ESTADO DE DESENVOLVIMENTO SOCIAL - SEDESE;FUNDO ESTADUAL DOS DIREITOS DO IDOSO - FEI;1700.00.0.0.00.000;2;;TRANSFERÊNCIAS CORRENTES;576514,00
SECRETARIA DE ESTADO DE DESENVOLVIMENTO SOCIAL - SEDESE;FUNDO ESTADUAL DOS DIREITOS DO IDOSO - FEI;1740.00.0.0.00.000;3;;TRANSFERÊNCIAS DE INSTITUIÇÕES PRIVADAS;576321,00
SECRETARIA DE ESTADO DE DESENVOLVIMENTO SOCIAL - SEDESE;FUNDO ESTADUAL DOS DIREITOS DO IDOSO - FEI;1741.00.0.0.00.000;4;;TRANSFERÊNCIAS DE INSTITUIÇÕES PRIVADAS;576321,00
SECRETARIA DE ESTADO DE DESENVOLVIMENTO SOCIAL - SEDESE;FUNDO ESTADUAL DOS DIREITOS DO IDOSO - FEI;1741.99.0.0.00.000;5;;OUTRAS TRANSFERÊNCIAS DE INSTITUIÇÕES PRIVADAS;576321,00
SECRETARIA DE ESTADO DE DESENVOLVIMENTO SOCIAL - SEDESE;FUNDO ESTADUAL DOS DIREITOS DO IDOSO - FEI;1741.99.0.1.00.000;7;;OUTRAS TRANSF. INSTIT. PRIVADAS - PRINCIPAL;576321,00
SECRETARIA DE ESTADO DE DESENVOLVIMENTO SOCIAL - SEDESE;FUNDO ESTADUAL DOS DIREITOS DO IDOSO - FEI;1741.99.0.1.41.000;8;;OUTRAS TRANSF. INSTIT. PRIVADAS - PRINC. - DEMAIS - DIREITOS HUMANOS E DE CIDADANIA;576321,00
SECRETARIA DE ESTADO DE DESENVOLVIMENTO SOCIAL - SEDESE;FUNDO ESTADUAL DOS DIREITOS DO IDOSO - FEI;1741.99.0.1.41.999;9;45;DIR. HUMANOS CIDADANIA - OUTROS;576321,00
SECRETARIA DE ESTADO DE DESENVOLVIMENTO SOCIAL - SEDESE;FUNDO ESTADUAL DOS DIREITOS DO IDOSO - FEI;1790.00.0.0.00.000;3;;DEMAIS TRANSFERÊNCIAS CORRENTES;193,00
SECRETARIA DE ESTADO DE DESENVOLVIMENTO SOCIAL - SEDESE;FUNDO ESTADUAL DOS DIREITOS DO IDOSO - FEI;1791.00.0.0.00.000;4;;TRANSFERÊNCIAS DE PESSOAS FÍSICAS;193,00
SECRETARIA DE ESTADO DE DESENVOLVIMENTO SOCIAL - SEDESE;FUNDO ESTADUAL DOS DIREITOS DO IDOSO - FEI;1791.99.0.0.00.000;5;;OUTRAS TRANSFERÊNCIAS DE PESSOAS FÍSICAS;193,00
SECRETARIA DE ESTADO DE DESENVOLVIMENTO SOCIAL - SEDESE;FUNDO ESTADUAL DOS DIREITOS DO IDOSO - FEI;1791.99.0.1.00.000;7;;OUTRAS TRANSFERÊNCIAS DE PESSOAS FÍSICAS - PRINCIPAL;193,00
SECRETARIA DE ESTADO DE DESENVOLVIMENTO SOCIAL - SEDESE;FUNDO ESTADUAL DOS DIREITOS DO IDOSO - FEI;1791.99.0.1.14.000;8;45;OUTRAS TRANSF. PESSOAS FÍSICAS - PRINC. - DIREITOS HUMANOS E DE CIDADANIA;193,00
SECRETARIA DE ESTADO DE DESENVOLVIMENTO SOCIAL - SEDESE;FUNDO ESTADUAL DOS DIREITOS DO IDOSO - FEI;2000.00.0.0.00.000;1;;RECEITAS DE CAPITAL;576514,00
SECRETARIA DE ESTADO DE DESENVOLVIMENTO SOCIAL - SEDESE;FUNDO ESTADUAL DOS DIREITOS DO IDOSO - FEI;2400.00.0.0.00.000;2;;TRANSFERÊNCIAS DE CAPITAL;576514,00
SECRETARIA DE ESTADO DE DESENVOLVIMENTO SOCIAL - SEDESE;FUNDO ESTADUAL DOS DIREITOS DO IDOSO - FEI;2440.00.0.0.00.000;3;;TRANSFERÊNCIAS DE INSTITUIÇÕES PRIVADAS;576321,00
SECRETARIA DE ESTADO DE DESENVOLVIMENTO SOCIAL - SEDESE;FUNDO ESTADUAL DOS DIREITOS DO IDOSO - FEI;2441.00.0.0.00.000;4;;TRANSFERÊNCIAS DE INSTITUIÇÕES PRIVADAS;576321,00
SECRETARIA DE ESTADO DE DESENVOLVIMENTO SOCIAL - SEDESE;FUNDO ESTADUAL DOS DIREITOS DO IDOSO - FEI;2441.99.0.0.00.000;5;;OUTRAS TRANSFERÊNCIAS DE INSTITUIÇÕES PRIVADAS;576321,00
SECRETARIA DE ESTADO DE DESENVOLVIMENTO SOCIAL - SEDESE;FUNDO ESTADUAL DOS DIREITOS DO IDOSO - FEI;2441.99.0.1.00.000;7;;OUTRAS TRANSF. INSTIT. PRIVADAS - PRINCIPAL;576321,00
SECRETARIA DE ESTADO DE DESENVOLVIMENTO SOCIAL - SEDESE;FUNDO ESTADUAL DOS DIREITOS DO IDOSO - FEI;2441.99.0.1.41.000;8;;OUTRAS TRANSF. INSTITUIÇÕES PRIVADAS - DIREITOS HUMANOS E DE CIDADANIA;576321,00
SECRETARIA DE ESTADO DE DESENVOLVIMENTO SOCIAL - SEDESE;FUNDO ESTADUAL DOS DIREITOS DO IDOSO - FEI;2441.99.0.1.41.999;9;45;DIR. HUMANOS CIDADANIA - OUTROS;576321,00
SECRETARIA DE ESTADO DE DESENVOLVIMENTO SOCIAL - SEDESE;FUNDO ESTADUAL DOS DIREITOS DO IDOSO - FEI;2490.00.0.0.00.000;3;;DEMAIS TRANSFERÊNCIAS DE CAPITAL;193,00
SECRETARIA DE ESTADO DE DESENVOLVIMENTO SOCIAL - SEDESE;FUNDO ESTADUAL DOS DIREITOS DO IDOSO - FEI;2491.00.0.0.00.000;4;;TRANSFERÊNCIAS DE PESSOAS FÍSICAS;193,00
SECRETARIA DE ESTADO DE DESENVOLVIMENTO SOCIAL - SEDESE;FUNDO ESTADUAL DOS DIREITOS DO IDOSO - FEI;2491.99.0.0.00.000;5;;OUTRAS TRANSFERÊNCIAS DE PESSOAS FÍSICAS;193,00
SECRETARIA DE ESTADO DE DESENVOLVIMENTO SOCIAL - SEDESE;FUNDO ESTADUAL DOS DIREITOS DO IDOSO - FEI;2491.99.0.1.00.000;7;;OUTRAS TRANSF. PESSOAS FÍSICAS - PRINCIPAL;193,00
SECRETARIA DE ESTADO DE DESENVOLVIMENTO SOCIAL - SEDESE;FUNDO ESTADUAL DOS DIREITOS DO IDOSO - FEI;2491.99.0.1.14.000;8;45;OUTRAS TRANSF. PESSOAS FÍSICAS - PRINC. - DIREITOS HUMANOS E DE CIDADANIA;193,00
TRIBUNAL DE CONTAS DO ESTADO DE MINAS GERAIS - TCEMG;FUNDO DO TRIBUNAL DE CONTAS DO ESTADO DE MINAS GERAIS - FUNCONTAS;1000.00.0.0.00.000;1;;RECEITAS CORRENTES;6992000,00
TRIBUNAL DE CONTAS DO ESTADO DE MINAS GERAIS - TCEMG;FUNDO DO TRIBUNAL DE CONTAS DO ESTADO DE MINAS GERAIS - FUNCONTAS;1300.00.0.0.00.000;2;;RECEITA PATRIMONIAL;4279000,00
TRIBUNAL DE CONTAS DO ESTADO DE MINAS GERAIS - TCEMG;FUNDO DO TRIBUNAL DE CONTAS DO ESTADO DE MINAS GERAIS - FUNCONTAS;1310.00.0.0.00.000;3;;EXPLORAÇÃO DO PATRIMÔNIO IMOBILIÁRIO DO ESTADO;266000,00
TRIBUNAL DE CONTAS DO ESTADO DE MINAS GERAIS - TCEMG;FUNDO DO TRIBUNAL DE CONTAS DO ESTADO DE MINAS GERAIS - FUNCONTAS;1311.00.0.0.00.000;4;;EXPLORAÇÃO DO PATRIMÔNIO IMOBILIÁRIO DO ESTADO;266000,00
TRIBUNAL DE CONTAS DO ESTADO DE MINAS GERAIS - TCEMG;FUNDO DO TRIBUNAL DE CONTAS DO ESTADO DE MINAS GERAIS - FUNCONTAS;1311.02.0.0.00.000;5;;CONCESSÃO, PERMISSÃO, AUTORIZAÇÃO OU CESSÃO DO DIREITO DE USO DE BENS IMÓVEIS PÚBLICOS;266000,00
TRIBUNAL DE CONTAS DO ESTADO DE MINAS GERAIS - TCEMG;FUNDO DO TRIBUNAL DE CONTAS DO ESTADO DE MINAS GERAIS - FUNCONTAS;1311.02.0.1.00.000;7;;CONC. PERM. AUTOR. CESSÃO DIR. USO BENS IMÓV. PÚB. - PRINCIPAL;266000,00
TRIBUNAL DE CONTAS DO ESTADO DE MINAS GERAIS - TCEMG;FUNDO DO TRIBUNAL DE CONTAS DO ESTADO DE MINAS GERAIS - FUNCONTAS;1311.02.0.1.01.000;8;60;CONC. PERM. AUTOR. CESSÃO DIR. USO BENS IMÓV. PÚB. - PRINC. - CONCESSÃO DE DIREITO REAL DE USO DE ÁREA PÚBLICA;266000,00
TRIBUNAL DE CONTAS DO ESTADO DE MINAS GERAIS - TCEMG;FUNDO DO TRIBUNAL DE CONTAS DO ESTADO DE MINAS GERAIS - FUNCONTAS;1320.00.0.0.00.000;3;;VALORES MOBILIÁRIOS;3163000,00
TRIBUNAL DE CONTAS DO ESTADO DE MINAS GERAIS - TCEMG;FUNDO DO TRIBUNAL DE CONTAS DO ESTADO DE MINAS GERAIS - FUNCONTAS;1321.00.0.0.00.000;4;;JUROS E CORREÇÕES MONETÁRIAS;3163000,00
TRIBUNAL DE CONTAS DO ESTADO DE MINAS GERAIS - TCEMG;FUNDO DO TRIBUNAL DE CONTAS DO ESTADO DE MINAS GERAIS - FUNCONTAS;1321.01.0.0.00.000;5;;REMUNERAÇÃO DE DEPÓSITOS BANCÁRIOS;3163000,00
TRIBUNAL DE CONTAS DO ESTADO DE MINAS GERAIS - TCEMG;FUNDO DO TRIBUNAL DE CONTAS DO ESTADO DE MINAS GERAIS - FUNCONTAS;1321.01.0.1.00.000;7;;REMUNERAÇÃO DEPÓSITOS BANCÁRIOS - PRINCIPAL;3163000,00
TRIBUNAL DE CONTAS DO ESTADO DE MINAS GERAIS - TCEMG;FUNDO DO TRIBUNAL DE CONTAS DO ESTADO DE MINAS GERAIS - FUNCONTAS;1321.01.0.1.01.000;8;60;REMUNERAÇÃO DEPÓSITOS BANCÁRIOS - PRINC.;3163000,00
TRIBUNAL DE CONTAS DO ESTADO DE MINAS GERAIS - TCEMG;FUNDO DO TRIBUNAL DE CONTAS DO ESTADO DE MINAS GERAIS - FUNCONTAS;1360.00.0.0.00.000;3;;CESSÃO DE DIREITOS;850000,00
TRIBUNAL DE CONTAS DO ESTADO DE MINAS GERAIS - TCEMG;FUNDO DO TRIBUNAL DE CONTAS DO ESTADO DE MINAS GERAIS - FUNCONTAS;1361.00.0.0.00.000;4;;CESSÃO DE DIREITOS;850000,00
TRIBUNAL DE CONTAS DO ESTADO DE MINAS GERAIS - TCEMG;FUNDO DO TRIBUNAL DE CONTAS DO ESTADO DE MINAS GERAIS - FUNCONTAS;1361.01.0.0.00.000;5;;CESSÃO DO DIREITO DE OPERACIONALIZAÇÃO DE PAGAMENTOS;850000,00
TRIBUNAL DE CONTAS DO ESTADO DE MINAS GERAIS - TCEMG;FUNDO DO TRIBUNAL DE CONTAS DO ESTADO DE MINAS GERAIS - FUNCONTAS;1361.01.1.0.00.000;6;;CESSÃO DO DIREITO DE OPERACIONALIZAÇÃO DE PAGAMENTOS - PODERES EXECUTIVO E LEGISLATIVO;850000,00
TRIBUNAL DE CONTAS DO ESTADO DE MINAS GERAIS - TCEMG;FUNDO DO TRIBUNAL DE CONTAS DO ESTADO DE MINAS GERAIS - FUNCONTAS;1361.01.1.1.00.000;7;;CESSÃO DIR. OPERAC. PAG. - PODERES EXECUTIVO LEGISLATIVO - PRINCIPAL;850000,00
TRIBUNAL DE CONTAS DO ESTADO DE MINAS GERAIS - TCEMG;FUNDO DO TRIBUNAL DE CONTAS DO ESTADO DE MINAS GERAIS - FUNCONTAS;1361.01.1.1.01.000;8;60;CESSÃO DIR. OPERAC. PAG. - PODERES EXECUTIVO LEGISLATIVO - PRINC. - FOLHA DE PESSOAL;850000,00
TRIBUNAL DE CONTAS DO ESTADO DE MINAS GERAIS - TCEMG;FUNDO DO TRIBUNAL DE CONTAS DO ESTADO DE MINAS GERAIS - FUNCONTAS;1600.00.0.0.00.000;2;;RECEITA DE SERVIÇOS;1000,00
TRIBUNAL DE CONTAS DO ESTADO DE MINAS GERAIS - TCEMG;FUNDO DO TRIBUNAL DE CONTAS DO ESTADO DE MINAS GERAIS - FUNCONTAS;1610.00.0.0.00.000;3;;SERVIÇOS ADMINISTRATIVOS E COMERCIAIS GERAIS;1000,00
TRIBUNAL DE CONTAS DO ESTADO DE MINAS GERAIS - TCEMG;FUNDO DO TRIBUNAL DE CONTAS DO ESTADO DE MINAS GERAIS - FUNCONTAS;1611.00.0.0.00.000;4;;SERVIÇOS ADMINISTRATIVOS E COMERCIAIS GERAIS;1000,00
TRIBUNAL DE CONTAS DO ESTADO DE MINAS GERAIS - TCEMG;FUNDO DO TRIBUNAL DE CONTAS DO ESTADO DE MINAS GERAIS - FUNCONTAS;1611.02.0.0.00.000;5;;INSCRIÇÃO EM CONCURSOS E PROCESSOS SELETIVOS;1000,00
TRIBUNAL DE CONTAS DO ESTADO DE MINAS GERAIS - TCEMG;FUNDO DO TRIBUNAL DE CONTAS DO ESTADO DE MINAS GERAIS - FUNCONTAS;1611.02.0.1.00.000;7;;INSCRIÇÃO CONCURSOS PROCESSOS SELETIVOS - PRINCIPAL;1000,00
TRIBUNAL DE CONTAS DO ESTADO DE MINAS GERAIS - TCEMG;FUNDO DO TRIBUNAL DE CONTAS DO ESTADO DE MINAS GERAIS - FUNCONTAS;1611.02.0.1.01.000;8;60;INSCRIÇÃO CONCURSOS PROCESSOS SELETIVOS - PRINC.;1000,00
TRIBUNAL DE CONTAS DO ESTADO DE MINAS GERAIS - TCEMG;FUNDO DO TRIBUNAL DE CONTAS DO ESTADO DE MINAS GERAIS - FUNCONTAS;1900.00.0.0.00.000;2;;OUTRAS RECEITAS CORRENTES;2712000,00
TRIBUNAL DE CONTAS DO ESTADO DE MINAS GERAIS - TCEMG;FUNDO DO TRIBUNAL DE CONTAS DO ESTADO DE MINAS GERAIS - FUNCONTAS;1910.00.0.0.00.000;3;;MULTAS ADMINISTRATIVAS, CONTRATUAIS E JUDICIAIS;1000,00
TRIBUNAL DE CONTAS DO ESTADO DE MINAS GERAIS - TCEMG;FUNDO DO TRIBUNAL DE CONTAS DO ESTADO DE MINAS GERAIS - FUNCONTAS;1911.00.0.0.00.000;4;;MULTAS ADMINISTRATIVAS, CONTRATUAIS E JUDICIAIS;1000,00
TRIBUNAL DE CONTAS DO ESTADO DE MINAS GERAIS - TCEMG;FUNDO DO TRIBUNAL DE CONTAS DO ESTADO DE MINAS GERAIS - FUNCONTAS;1911.09.0.0.00.000;5;;MULTAS E JUROS PREVISTOS EM CONTRATOS;1000,00
TRIBUNAL DE CONTAS DO ESTADO DE MINAS GERAIS - TCEMG;FUNDO DO TRIBUNAL DE CONTAS DO ESTADO DE MINAS GERAIS - FUNCONTAS;1911.09.0.1.00.000;7;;MULTAS JUROS PREVISTOS CONTRATOS - PRINCIPAL;1000,00
TRIBUNAL DE CONTAS DO ESTADO DE MINAS GERAIS - TCEMG;FUNDO DO TRIBUNAL DE CONTAS DO ESTADO DE MINAS GERAIS - FUNCONTAS;1911.09.0.1.99.000;8;60;MULTAS JUROS PREVISTOS CONTRATOS - PRINC. - DEMAIS;1000,00
TRIBUNAL DE CONTAS DO ESTADO DE MINAS GERAIS - TCEMG;FUNDO DO TRIBUNAL DE CONTAS DO ESTADO DE MINAS GERAIS - FUNCONTAS;1920.00.0.0.00.000;3;;INDENIZAÇÕES, RESTITUIÇÕES E RESSARCIMENTOS;77000,00
TRIBUNAL DE CONTAS DO ESTADO DE MINAS GERAIS - TCEMG;FUNDO DO TRIBUNAL DE CONTAS DO ESTADO DE MINAS GERAIS - FUNCONTAS;1921.00.0.0.00.000;4;;INDENIZAÇÕES;1000,00
TRIBUNAL DE CONTAS DO ESTADO DE MINAS GERAIS - TCEMG;FUNDO DO TRIBUNAL DE CONTAS DO ESTADO DE MINAS GERAIS - FUNCONTAS;1921.99.0.0.00.000;5;;OUTRAS INDENIZAÇÕES;1000,00
TRIBUNAL DE CONTAS DO ESTADO DE MINAS GERAIS - TCEMG;FUNDO DO TRIBUNAL DE CONTAS DO ESTADO DE MINAS GERAIS - FUNCONTAS;1921.99.0.1.99.000;8;60;OUTRAS INDENIZAÇÕES - PRINC. - DEMAIS;1000,00
TRIBUNAL DE CONTAS DO ESTADO DE MINAS GERAIS - TCEMG;FUNDO DO TRIBUNAL DE CONTAS DO ESTADO DE MINAS GERAIS - FUNCONTAS;1922.00.0.0.00.000;4;;RESTITUIÇÕES;76000,00
TRIBUNAL DE CONTAS DO ESTADO DE MINAS GERAIS - TCEMG;FUNDO DO TRIBUNAL DE CONTAS DO ESTADO DE MINAS GERAIS - FUNCONTAS;1922.99.0.0.00.000;5;;OUTRAS RESTITUIÇÕES;76000,00
TRIBUNAL DE CONTAS DO ESTADO DE MINAS GERAIS - TCEMG;FUNDO DO TRIBUNAL DE CONTAS DO ESTADO DE MINAS GERAIS - FUNCONTAS;1922.99.0.1.00.000;7;;OUTRAS RESTITUIÇÕES - PRINCIPAL;76000,00
TRIBUNAL DE CONTAS DO ESTADO DE MINAS GERAIS - TCEMG;FUNDO DO TRIBUNAL DE CONTAS DO ESTADO DE MINAS GERAIS - FUNCONTAS;1922.99.0.1.99.000;8;60;OUTRAS RESTITUIÇÕES - PRINC. - DEMAIS;76000,00
TRIBUNAL DE CONTAS DO ESTADO DE MINAS GERAIS - TCEMG;FUNDO DO TRIBUNAL DE CONTAS DO ESTADO DE MINAS GERAIS - FUNCONTAS;1990.00.0.0.00.000;3;;DEMAIS RECEITAS CORRENTES;2634000,00
TRIBUNAL DE CONTAS DO ESTADO DE MINAS GERAIS - TCEMG;FUNDO DO TRIBUNAL DE CONTAS DO ESTADO DE MINAS GERAIS - FUNCONTAS;1999.00.0.0.00.000;4;;OUTRAS RECEITAS CORRENTES;2634000,00
TRIBUNAL DE CONTAS DO ESTADO DE MINAS GERAIS - TCEMG;FUNDO DO TRIBUNAL DE CONTAS DO ESTADO DE MINAS GERAIS - FUNCONTAS;1999.99.0.0.00.000;5;;OUTRAS RECEITAS;2634000,00
TRIBUNAL DE CONTAS DO ESTADO DE MINAS GERAIS - TCEMG;FUNDO DO TRIBUNAL DE CONTAS DO ESTADO DE MINAS GERAIS - FUNCONTAS;1999.99.2.0.00.000;6;;OUTRAS RECEITAS NÃO ARRECADADAS E NÃO PROJETADAS PELA RFB - PRIMÁRIAS;2634000,00
TRIBUNAL DE CONTAS DO ESTADO DE MINAS GERAIS - TCEMG;FUNDO DO TRIBUNAL DE CONTAS DO ESTADO DE MINAS GERAIS - FUNCONTAS;1999.99.2.1.00.000;7;;OUTRAS REC. - PRIMÁRIAS - PRINCIPAL;10000,00
TRIBUNAL DE CONTAS DO ESTADO DE MINAS GERAIS - TCEMG;FUNDO DO TRIBUNAL DE CONTAS DO ESTADO DE MINAS GERAIS - FUNCONTAS;1999.99.2.1.99.000;8;60;OUTRAS REC. - PRIMÁRIAS - PRINC. - DEMAIS;10000,00
TRIBUNAL DE CONTAS DO ESTADO DE MINAS GERAIS - TCEMG;FUNDO DO TRIBUNAL DE CONTAS DO ESTADO DE MINAS GERAIS - FUNCONTAS;1999.99.2.2.00.000;7;;OUTRAS REC. - PRIMÁRIAS - MULTAS E JUROS DE MORA;2624000,00
TRIBUNAL DE CONTAS DO ESTADO DE MINAS GERAIS - TCEMG;FUNDO DO TRIBUNAL DE CONTAS DO ESTADO DE MINAS GERAIS - FUNCONTAS;1999.99.2.2.99.000;8;60;OUTRAS REC. - PRIMÁRIAS - MJM - DEMAIS;2624000,00
SECRETARIA DE ESTADO DE FAZENDA - SEF;FUNDO DE INVESTIMENTO DO ESTADO DE MINAS GERAIS - MG INVESTE;1000.00.0.0.00.000;1;;RECEITAS CORRENTES;15300000,00
SECRETARIA DE ESTADO DE FAZENDA - SEF;FUNDO DE INVESTIMENTO DO ESTADO DE MINAS GERAIS - MG INVESTE;1300.00.0.0.00.000;2;;RECEITA PATRIMONIAL;15000000,00
SECRETARIA DE ESTADO DE FAZENDA - SEF;FUNDO DE INVESTIMENTO DO ESTADO DE MINAS GERAIS - MG INVESTE;1320.00.0.0.00.000;3;;VALORES MOBILIÁRIOS;15000000,00
SECRETARIA DE ESTADO DE FAZENDA - SEF;FUNDO DE INVESTIMENTO DO ESTADO DE MINAS GERAIS - MG INVESTE;1321.00.0.0.00.000;4;;JUROS E CORREÇÕES MONETÁRIAS;15000000,00
SECRETARIA DE ESTADO DE FAZENDA - SEF;FUNDO DE INVESTIMENTO DO ESTADO DE MINAS GERAIS - MG INVESTE;1321.05.0.0.00.000;5;;JUROS DE TÍTULOS DE RENDA;15000000,00
SECRETARIA DE ESTADO DE FAZENDA - SEF;FUNDO DE INVESTIMENTO DO ESTADO DE MINAS GERAIS - MG INVESTE;1321.05.0.1.00.000;7;;JUROS TÍTULOS RENDA - PRINCIPAL;15000000,00
SECRETARIA DE ESTADO DE FAZENDA - SEF;FUNDO DE INVESTIMENTO DO ESTADO DE MINAS GERAIS - MG INVESTE;1321.05.0.1.01.000;8;60;JUROS TÍTULOS RENDA - PRINC. - RENDIMENTO DE APLICAÇÃO FINANCEIRA - TÍTULOS DE CRÉDITO;15000000,00
SECRETARIA DE ESTADO DE FAZENDA - SEF;FUNDO DE INVESTIMENTO DO ESTADO DE MINAS GERAIS - MG INVESTE;1600.00.0.0.00.000;2;;RECEITA DE SERVIÇOS;300000,00
SECRETARIA DE ESTADO DE FAZENDA - SEF;FUNDO DE INVESTIMENTO DO ESTADO DE MINAS GERAIS - MG INVESTE;1640.00.0.0.00.000;3;;SERVIÇOS E ATIVIDADES FINANCEIRAS;300000,00
SECRETARIA DE ESTADO DE FAZENDA - SEF;FUNDO DE INVESTIMENTO DO ESTADO DE MINAS GERAIS - MG INVESTE;1641.00.0.0.00.000;4;;SERVIÇOS E ATIVIDADES FINANCEIRAS;300000,00
SECRETARIA DE ESTADO DE FAZENDA - SEF;FUNDO DE INVESTIMENTO DO ESTADO DE MINAS GERAIS - MG INVESTE;1641.01.0.0.00.000;5;;RETORNO DE OPERAÇÕES, JUROS E ENCARGOS FINANCEIROS;300000,00
SECRETARIA DE ESTADO DE FAZENDA - SEF;FUNDO DE INVESTIMENTO DO ESTADO DE MINAS GERAIS - MG INVESTE;1641.01.0.1.00.000;7;;RETORNO OPER. JUROS ENCARG. FINANCEIROS - PRINCIPAL;300000,00
SECRETARIA DE ESTADO DE FAZENDA - SEF;FUNDO DE INVESTIMENTO DO ESTADO DE MINAS GERAIS - MG INVESTE;1641.01.0.1.01.000;8;60;RETORNO OPER. JUROS ENCARG. FINANCEIROS - PRINC. - JUROS DE EMPRÉSTIMOS;300000,00
SECRETARIA DE ESTADO DE FAZENDA - SEF;FUNDO DE INVESTIMENTO DO ESTADO DE MINAS GERAIS - MG INVESTE;2000.00.0.0.00.000;1;;RECEITAS DE CAPITAL;500000,00
SECRETARIA DE ESTADO DE FAZENDA - SEF;FUNDO DE INVESTIMENTO DO ESTADO DE MINAS GERAIS - MG INVESTE;2300.00.0.0.00.000;2;;AMORTIZAÇÃO DE EMPRÉSTIMOS;500000,00
SECRETARIA DE ESTADO DE FAZENDA - SEF;FUNDO DE INVESTIMENTO DO ESTADO DE MINAS GERAIS - MG INVESTE;2310.00.0.0.00.000;3;;AMORTIZAÇÃO DE EMPRÉSTIMOS;500000,00
SECRETARIA DE ESTADO DE FAZENDA - SEF;FUNDO DE INVESTIMENTO DO ESTADO DE MINAS GERAIS - MG INVESTE;2311.00.0.0.00.000;4;;AMORTIZAÇÃO DE EMPRÉSTIMOS;500000,00
SECRETARIA DE ESTADO DE FAZENDA - SEF;FUNDO DE INVESTIMENTO DO ESTADO DE MINAS GERAIS - MG INVESTE;2311.07.0.0.00.000;5;;AMORTIZAÇÃO DE FINANCIAMENTOS;500000,00
SECRETARIA DE ESTADO DE FAZENDA - SEF;FUNDO DE INVESTIMENTO DO ESTADO DE MINAS GERAIS - MG INVESTE;2311.07.1.0.00.000;6;;AMORTIZAÇÃO DE FINANCIAMENTOS EM GERAL;500000,00
SECRETARIA DE ESTADO DE FAZENDA - SEF;FUNDO DE INVESTIMENTO DO ESTADO DE MINAS GERAIS - MG INVESTE;2311.07.1.1.00.000;7;;AMORTIZAÇÃO FINANCIAMENTOS GERAL - PRINCIPAL;500000,00
SECRETARIA DE ESTADO DE FAZENDA - SEF;FUNDO DE INVESTIMENTO DO ESTADO DE MINAS GERAIS - MG INVESTE;2311.07.1.1.99.000;8;60;AMORTIZAÇÃO FINANCIAMENTOS GERAL - PRINC. - DEMAIS;500000,00
SECRETARIA DE ESTADO DE INFRAESTRUTURA, MOBILIDADE E PARCERIA - SEINFRA;FUNDO DE PAGAMENTO DE PARCERIAS PÚBLICO - PRIVADAS DE MINAS GERAIS - FPP - MG;7000.00.0.0.00.000;1;;RECEITA INTRAORÇAMENTÁRIA;1000,00
SECRETARIA DE ESTADO DE INFRAESTRUTURA, MOBILIDADE E PARCERIA - SEINFRA;FUNDO DE PAGAMENTO DE PARCERIAS PÚBLICO - PRIVADAS DE MINAS GERAIS - FPP - MG;7700.00.0.0.00.000;2;;REC. INTRA. - TRANSFERÊNCIAS CORRENTES;1000,00
SECRETARIA DE ESTADO DE INFRAESTRUTURA, MOBILIDADE E PARCERIA - SEINFRA;FUNDO DE PAGAMENTO DE PARCERIAS PÚBLICO - PRIVADAS DE MINAS GERAIS - FPP - MG;7720.00.0.0.00.000;3;;REC. INTRA. - TRANSFERÊNCIAS DOS ESTADOS E DO DISTRITO FEDERAL E DE SUAS ENTIDADES;1000,00
SECRETARIA DE ESTADO DE INFRAESTRUTURA, MOBILIDADE E PARCERIA - SEINFRA;FUNDO DE PAGAMENTO DE PARCERIAS PÚBLICO - PRIVADAS DE MINAS GERAIS - FPP - MG;7729.00.0.0.00.000;4;;REC. INTRA. - OUTRAS TRANSFERÊNCIAS DOS ESTADOS E DISTRITO FEDERAL;1000,00
SECRETARIA DE ESTADO DE INFRAESTRUTURA, MOBILIDADE E PARCERIA - SEINFRA;FUNDO DE PAGAMENTO DE PARCERIAS PÚBLICO - PRIVADAS DE MINAS GERAIS - FPP - MG;7729.99.0.0.00.000;5;;REC. INTRA. - OUTRAS TRANSFERÊNCIAS DOS ESTADOS E DF;1000,00
SECRETARIA DE ESTADO DE INFRAESTRUTURA, MOBILIDADE E PARCERIA - SEINFRA;FUNDO DE PAGAMENTO DE PARCERIAS PÚBLICO - PRIVADAS DE MINAS GERAIS - FPP - MG;7729.99.0.1.00.000;7;;REC. INTRA. - OUTRAS TRANSF. ESTADOS DF - PRINCIPAL;1000,00
SECRETARIA DE ESTADO DE INFRAESTRUTURA, MOBILIDADE E PARCERIA - SEINFRA;FUNDO DE PAGAMENTO DE PARCERIAS PÚBLICO - PRIVADAS DE MINAS GERAIS - FPP - MG;7729.99.0.1.25.000;8;10;REC. INTRA. - OUTRAS TRANSF. ESTADOS DF - PRINC. - REPASSE DO FUNDO ESTADUAL DE SAÚDE - FES - LC FEDERAL N\degree 141/12;1000,00
SECRETARIA DE ESTADO DE DESENVOLVIMENTO ECONÔMICO - SEDE;FUNDO DE ATIVOS IMOBILIÁRIOS DE MINAS GERAIS - FAIMG;7000.00.0.0.00.000;1;;RECEITA INTRAORÇAMENTÁRIA;470000,00
SECRETARIA DE ESTADO DE DESENVOLVIMENTO ECONÔMICO - SEDE;FUNDO DE ATIVOS IMOBILIÁRIOS DE MINAS GERAIS - FAIMG;7300.00.0.0.00.000;2;;REC. INTRA. - RECEITA PATRIMONIAL;470000,00
SECRETARIA DE ESTADO DE DESENVOLVIMENTO ECONÔMICO - SEDE;FUNDO DE ATIVOS IMOBILIÁRIOS DE MINAS GERAIS - FAIMG;7310.00.0.0.00.000;3;;REC. INTRA. - EXPLORAÇÃO DO PATRIMÔNIO IMOBILIÁRIO DO ESTADO;470000,00
SECRETARIA DE ESTADO DE DESENVOLVIMENTO ECONÔMICO - SEDE;FUNDO DE ATIVOS IMOBILIÁRIOS DE MINAS GERAIS - FAIMG;7311.00.0.0.00.000;4;;REC. INTRA. - EXPLORAÇÃO DO PATRIMÔNIO IMOBILIÁRIO DO ESTADO;470000,00
SECRETARIA DE ESTADO DE DESENVOLVIMENTO ECONÔMICO - SEDE;FUNDO DE ATIVOS IMOBILIÁRIOS DE MINAS GERAIS - FAIMG;7311.01.0.0.00.000;5;;REC. INTRA. - ALUGUÉIS, ARRENDAMENTOS, FOROS, LAUDÊMIOS, TARIFAS DE OCUPAÇÃO;470000,00
SECRETARIA DE ESTADO DE DESENVOLVIMENTO ECONÔMICO - SEDE;FUNDO DE ATIVOS IMOBILIÁRIOS DE MINAS GERAIS - FAIMG;7311.01.1.0.00.000;6;;REC. INTRA. - ALUGUÉIS E ARRENDAMENTOS;470000,00
SECRETARIA DE ESTADO DE DESENVOLVIMENTO ECONÔMICO - SEDE;FUNDO DE ATIVOS IMOBILIÁRIOS DE MINAS GERAIS - FAIMG;7311.01.1.1.00.000;7;;REC. INTRA. - ALUGUÉIS ARRENDAMENTOS - PRINCIPAL;470000,00
SECRETARIA DE ESTADO DE DESENVOLVIMENTO ECONÔMICO - SEDE;FUNDO DE ATIVOS IMOBILIÁRIOS DE MINAS GERAIS - FAIMG;7311.01.1.1.01.000;8;60;REC. INTRA. - ALUGUÉIS ARRENDAMENTOS - PRINC. - ALUGUÉIS;470000,00
SECRETARIA DE ESTADO DE JUSTIÇA E SEGURANÇA PÚBLICA - SEJUSP;FUNDO ESTADUAL DE SEGURANÇA PÚBLICA DE MINAS GERAIS - FESP-MG;1000.00.0.0.00.000;1;;RECEITAS CORRENTES;61837092,00
SECRETARIA DE ESTADO DE JUSTIÇA E SEGURANÇA PÚBLICA - SEJUSP;FUNDO ESTADUAL DE SEGURANÇA PÚBLICA DE MINAS GERAIS - FESP-MG;1300.00.0.0.00.000;2;;RECEITA PATRIMONIAL;13200000,00
SECRETARIA DE ESTADO DE JUSTIÇA E SEGURANÇA PÚBLICA - SEJUSP;FUNDO ESTADUAL DE SEGURANÇA PÚBLICA DE MINAS GERAIS - FESP-MG;1320.00.0.0.00.000;3;;VALORES MOBILIÁRIOS;13200000,00
SECRETARIA DE ESTADO DE JUSTIÇA E SEGURANÇA PÚBLICA - SEJUSP;FUNDO ESTADUAL DE SEGURANÇA PÚBLICA DE MINAS GERAIS - FESP-MG;1321.00.0.0.00.000;4;;JUROS E CORREÇÕES MONETÁRIAS;13200000,00
SECRETARIA DE ESTADO DE JUSTIÇA E SEGURANÇA PÚBLICA - SEJUSP;FUNDO ESTADUAL DE SEGURANÇA PÚBLICA DE MINAS GERAIS - FESP-MG;1321.01.0.0.00.000;5;;REMUNERAÇÃO DE DEPÓSITOS BANCÁRIOS;13200000,00
SECRETARIA DE ESTADO DE JUSTIÇA E SEGURANÇA PÚBLICA - SEJUSP;FUNDO ESTADUAL DE SEGURANÇA PÚBLICA DE MINAS GERAIS - FESP-MG;1321.01.0.1.00.000;7;;REMUNERAÇÃO DEPÓSITOS BANCÁRIOS - PRINCIPAL;13200000,00
SECRETARIA DE ESTADO DE JUSTIÇA E SEGURANÇA PÚBLICA - SEJUSP;FUNDO ESTADUAL DE SEGURANÇA PÚBLICA DE MINAS GERAIS - FESP-MG;1321.01.0.1.01.000;8;57;REMUNERAÇÃO DEPÓSITOS BANCÁRIOS - PRINC.;13200000,00
SECRETARIA DE ESTADO DE JUSTIÇA E SEGURANÇA PÚBLICA - SEJUSP;FUNDO ESTADUAL DE SEGURANÇA PÚBLICA DE MINAS GERAIS - FESP-MG;1700.00.0.0.00.000;2;;TRANSFERÊNCIAS CORRENTES;48636092,00
SECRETARIA DE ESTADO DE JUSTIÇA E SEGURANÇA PÚBLICA - SEJUSP;FUNDO ESTADUAL DE SEGURANÇA PÚBLICA DE MINAS GERAIS - FESP-MG;1710.00.0.0.00.000;3;;TRANSFERÊNCIAS DA UNIÃO E DE SUAS ENTIDADES;48636092,00
SECRETARIA DE ESTADO DE JUSTIÇA E SEGURANÇA PÚBLICA - SEJUSP;FUNDO ESTADUAL DE SEGURANÇA PÚBLICA DE MINAS GERAIS - FESP-MG;1719.00.0.0.00.000;4;;OUTRAS TRANSFERÊNCIAS DE RECURSOS DA UNIÃO E DE SUAS ENTIDADES;48636092,00
SECRETARIA DE ESTADO DE JUSTIÇA E SEGURANÇA PÚBLICA - SEJUSP;FUNDO ESTADUAL DE SEGURANÇA PÚBLICA DE MINAS GERAIS - FESP-MG;1719.55.0.0.00.000;5;;OUTRAS TRANSFERÊNCIAS PARA SEGURANÇA PÚBLICA;48636092,00
SECRETARIA DE ESTADO DE JUSTIÇA E SEGURANÇA PÚBLICA - SEJUSP;FUNDO ESTADUAL DE SEGURANÇA PÚBLICA DE MINAS GERAIS - FESP-MG;1719.55.0.1.00.000;7;;OUTRAS TRANSF. SEGURANÇA PÚBLICA - PRINCIPAL;48636092,00
SECRETARIA DE ESTADO DE JUSTIÇA E SEGURANÇA PÚBLICA - SEJUSP;FUNDO ESTADUAL DE SEGURANÇA PÚBLICA DE MINAS GERAIS - FESP-MG;1719.55.0.1.02.000;8;57;SEGURANÇA PÚBLICA - MINISTÉRIO DA JUSTIÇA E SEGURANÇA PÚBLICA;48636092,00
SECRETARIA DE ESTADO DE JUSTIÇA E SEGURANÇA PÚBLICA - SEJUSP;FUNDO ESTADUAL DE SEGURANÇA PÚBLICA DE MINAS GERAIS - FESP-MG;1900.00.0.0.00.000;2;;OUTRAS RECEITAS CORRENTES;1000,00
SECRETARIA DE ESTADO DE JUSTIÇA E SEGURANÇA PÚBLICA - SEJUSP;FUNDO ESTADUAL DE SEGURANÇA PÚBLICA DE MINAS GERAIS - FESP-MG;1920.00.0.0.00.000;3;;INDENIZAÇÕES, RESTITUIÇÕES E RESSARCIMENTOS;1000,00
SECRETARIA DE ESTADO DE JUSTIÇA E SEGURANÇA PÚBLICA - SEJUSP;FUNDO ESTADUAL DE SEGURANÇA PÚBLICA DE MINAS GERAIS - FESP-MG;1922.00.0.0.00.000;4;;RESTITUIÇÕES;1000,00
SECRETARIA DE ESTADO DE JUSTIÇA E SEGURANÇA PÚBLICA - SEJUSP;FUNDO ESTADUAL DE SEGURANÇA PÚBLICA DE MINAS GERAIS - FESP-MG;1922.99.0.0.00.000;5;;OUTRAS RESTITUIÇÕES;1000,00
SECRETARIA DE ESTADO DE JUSTIÇA E SEGURANÇA PÚBLICA - SEJUSP;FUNDO ESTADUAL DE SEGURANÇA PÚBLICA DE MINAS GERAIS - FESP-MG;1922.99.0.1.00.000;7;;OUTRAS RESTITUIÇÕES - PRINCIPAL;1000,00
SECRETARIA DE ESTADO DE JUSTIÇA E SEGURANÇA PÚBLICA - SEJUSP;FUNDO ESTADUAL DE SEGURANÇA PÚBLICA DE MINAS GERAIS - FESP-MG;1922.99.0.1.99.000;8;57;OUTRAS RESTITUIÇÕES - PRINC. - DEMAIS;1000,00
SECRETARIA DE ESTADO DE DESENVOLVIMENTO SOCIAL - SEDESE;FUNDO ESTADUAL DO TRABALHO DE MINAS GERAIS - FET-MG;1000.00.0.0.00.000;1;;RECEITAS CORRENTES;11908031,00
SECRETARIA DE ESTADO DE DESENVOLVIMENTO SOCIAL - SEDESE;FUNDO ESTADUAL DO TRABALHO DE MINAS GERAIS - FET-MG;1300.00.0.0.00.000;2;;RECEITA PATRIMONIAL;10000,00
SECRETARIA DE ESTADO DE DESENVOLVIMENTO SOCIAL - SEDESE;FUNDO ESTADUAL DO TRABALHO DE MINAS GERAIS - FET-MG;1320.00.0.0.00.000;3;;VALORES MOBILIÁRIOS;10000,00
SECRETARIA DE ESTADO DE DESENVOLVIMENTO SOCIAL - SEDESE;FUNDO ESTADUAL DO TRABALHO DE MINAS GERAIS - FET-MG;1321.00.0.0.00.000;4;;JUROS E CORREÇÕES MONETÁRIAS;10000,00
SECRETARIA DE ESTADO DE DESENVOLVIMENTO SOCIAL - SEDESE;FUNDO ESTADUAL DO TRABALHO DE MINAS GERAIS - FET-MG;1321.01.0.0.00.000;5;;REMUNERAÇÃO DE DEPÓSITOS BANCÁRIOS;10000,00
SECRETARIA DE ESTADO DE DESENVOLVIMENTO SOCIAL - SEDESE;FUNDO ESTADUAL DO TRABALHO DE MINAS GERAIS - FET-MG;1321.01.0.1.00.000;7;;REMUNERAÇÃO DEPÓSITOS BANCÁRIOS - PRINCIPAL;10000,00
SECRETARIA DE ESTADO DE DESENVOLVIMENTO SOCIAL - SEDESE;FUNDO ESTADUAL DO TRABALHO DE MINAS GERAIS - FET-MG;1321.01.0.1.01.000;8;57;REMUNERAÇÃO DEPÓSITOS BANCÁRIOS - PRINC.;10000,00
SECRETARIA DE ESTADO DE DESENVOLVIMENTO SOCIAL - SEDESE;FUNDO ESTADUAL DO TRABALHO DE MINAS GERAIS - FET-MG;1700.00.0.0.00.000;2;;TRANSFERÊNCIAS CORRENTES;11888031,00
SECRETARIA DE ESTADO DE DESENVOLVIMENTO SOCIAL - SEDESE;FUNDO ESTADUAL DO TRABALHO DE MINAS GERAIS - FET-MG;1710.00.0.0.00.000;3;;TRANSFERÊNCIAS DA UNIÃO E DE SUAS ENTIDADES;11888031,00
SECRETARIA DE ESTADO DE DESENVOLVIMENTO SOCIAL - SEDESE;FUNDO ESTADUAL DO TRABALHO DE MINAS GERAIS - FET-MG;1719.00.0.0.00.000;4;;OUTRAS TRANSFERÊNCIAS DE RECURSOS DA UNIÃO E DE SUAS ENTIDADES;11888031,00
SECRETARIA DE ESTADO DE DESENVOLVIMENTO SOCIAL - SEDESE;FUNDO ESTADUAL DO TRABALHO DE MINAS GERAIS - FET-MG;1719.99.0.0.00.000;5;;OUTRAS TRANSFERÊNCIAS DE RECURSOS DA UNIÃO E DE SUAS ENTIDADES;11888031,00
SECRETARIA DE ESTADO DE DESENVOLVIMENTO SOCIAL - SEDESE;FUNDO ESTADUAL DO TRABALHO DE MINAS GERAIS - FET-MG;1719.99.0.1.00.000;7;;OUTRAS TRANSF. UNIÃO ENTIDADES - PRINCIPAL;11888031,00
SECRETARIA DE ESTADO DE DESENVOLVIMENTO SOCIAL - SEDESE;FUNDO ESTADUAL DO TRABALHO DE MINAS GERAIS - FET-MG;1719.99.0.1.25.000;8;;OUTRAS TRANSF. UNIÃO ENTIDADES - TRABALHO;11888031,00
SECRETARIA DE ESTADO DE DESENVOLVIMENTO SOCIAL - SEDESE;FUNDO ESTADUAL DO TRABALHO DE MINAS GERAIS - FET-MG;1719.99.0.1.25.002;9;57;TRABALHO - MINISTÉRIO DA ECONOMIA;5592203,00
SECRETARIA DE ESTADO DE DESENVOLVIMENTO SOCIAL - SEDESE;FUNDO ESTADUAL DO TRABALHO DE MINAS GERAIS - FET-MG;1719.99.0.1.25.003;9;57;TRABALHO - MINISTÉRIO DO TRABALHO E EMPREGO;6295828,00
SECRETARIA DE ESTADO DE DESENVOLVIMENTO SOCIAL - SEDESE;FUNDO ESTADUAL DO TRABALHO DE MINAS GERAIS - FET-MG;1900.00.0.0.00.000;2;;OUTRAS RECEITAS CORRENTES;10000,00
SECRETARIA DE ESTADO DE DESENVOLVIMENTO SOCIAL - SEDESE;FUNDO ESTADUAL DO TRABALHO DE MINAS GERAIS - FET-MG;1920.00.0.0.00.000;3;;INDENIZAÇÕES, RESTITUIÇÕES E RESSARCIMENTOS;10000,00
SECRETARIA DE ESTADO DE DESENVOLVIMENTO SOCIAL - SEDESE;FUNDO ESTADUAL DO TRABALHO DE MINAS GERAIS - FET-MG;1922.00.0.0.00.000;4;;RESTITUIÇÕES;10000,00
SECRETARIA DE ESTADO DE DESENVOLVIMENTO SOCIAL - SEDESE;FUNDO ESTADUAL DO TRABALHO DE MINAS GERAIS - FET-MG;1922.99.0.0.00.000;5;;OUTRAS RESTITUIÇÕES;10000,00
SECRETARIA DE ESTADO DE DESENVOLVIMENTO SOCIAL - SEDESE;FUNDO ESTADUAL DO TRABALHO DE MINAS GERAIS - FET-MG;1922.99.0.1.00.000;7;;OUTRAS RESTITUIÇÕES - PRINCIPAL;10000,00
SECRETARIA DE ESTADO DE DESENVOLVIMENTO SOCIAL - SEDESE;FUNDO ESTADUAL DO TRABALHO DE MINAS GERAIS - FET-MG;1922.99.0.1.99.000;8;57;OUTRAS RESTITUIÇÕES - PRINC. - DEMAIS;10000,00
SECRETARIA DE ESTADO DE PLANEJAMENTO E GESTÃO - SEPLAG;FUNDO FINANCEIRO DE PREVIDÊNCIA DO ESTADO DE MINAS GERAIS - FFP - MG;1000.00.0.0.00.000;1;;RECEITAS CORRENTES;4090115592,00
SECRETARIA DE ESTADO DE PLANEJAMENTO E GESTÃO - SEPLAG;FUNDO FINANCEIRO DE PREVIDÊNCIA DO ESTADO DE MINAS GERAIS - FFP - MG;1200.00.0.0.00.000;2;;CONTRIBUIÇÕES;3950961318,00
SECRETARIA DE ESTADO DE PLANEJAMENTO E GESTÃO - SEPLAG;FUNDO FINANCEIRO DE PREVIDÊNCIA DO ESTADO DE MINAS GERAIS - FFP - MG;1210.00.0.0.00.000;3;;CONTRIBUIÇÕES SOCIAIS;3950961318,00
SECRETARIA DE ESTADO DE PLANEJAMENTO E GESTÃO - SEPLAG;FUNDO FINANCEIRO DE PREVIDÊNCIA DO ESTADO DE MINAS GERAIS - FFP - MG;1215.00.0.0.00.000;4;;CONTRIBUIÇÕES PARA REGIMES PRÓPRIOS DE PREVIDÊNCIA E SISTEMA DE PROTEÇÃO SOCIAL;3941300432,00
SECRETARIA DE ESTADO DE PLANEJAMENTO E GESTÃO - SEPLAG;FUNDO FINANCEIRO DE PREVIDÊNCIA DO ESTADO DE MINAS GERAIS - FFP - MG;1215.01.0.0.00.000;5;;CONTRIBUIÇÃO DO SERVIDOR CIVIL;3941300432,00
SECRETARIA DE ESTADO DE PLANEJAMENTO E GESTÃO - SEPLAG;FUNDO FINANCEIRO DE PREVIDÊNCIA DO ESTADO DE MINAS GERAIS - FFP - MG;1215.01.1.0.00.000;6;;CONTRIBUIÇÃO DO SERVIDOR CIVIL ATIVO;2392009224,00
SECRETARIA DE ESTADO DE PLANEJAMENTO E GESTÃO - SEPLAG;FUNDO FINANCEIRO DE PREVIDÊNCIA DO ESTADO DE MINAS GERAIS - FFP - MG;1215.01.1.1.00.000;7;;CONTRIB. SERV. CIVIL ATIVO - PRINCIPAL;2392009224,00
SECRETARIA DE ESTADO DE PLANEJAMENTO E GESTÃO - SEPLAG;FUNDO FINANCEIRO DE PREVIDÊNCIA DO ESTADO DE MINAS GERAIS - FFP - MG;1215.01.1.1.01.000;8;43;CONTRIB. SERV. CIVIL ATIVO - PRINC. - PODER EXECUTIVO;1360823215,00
SECRETARIA DE ESTADO DE PLANEJAMENTO E GESTÃO - SEPLAG;FUNDO FINANCEIRO DE PREVIDÊNCIA DO ESTADO DE MINAS GERAIS - FFP - MG;1215.01.1.1.02.000;8;43;CONTRIB. SERV. CIVIL ATIVO - PRINC. - ASSEMBLEIA LEGISLATIVA DO ESTADO DE MINAS GERAIS - ALMG;55160000,00
SECRETARIA DE ESTADO DE PLANEJAMENTO E GESTÃO - SEPLAG;FUNDO FINANCEIRO DE PREVIDÊNCIA DO ESTADO DE MINAS GERAIS - FFP - MG;1215.01.1.1.03.000;8;43;CONTRIB. SERV. CIVIL ATIVO - PRINC. - TRIBUNAL DE CONTAS DO ESTADO DE MINAS GERAIS - TCEMG;53280538,00
SECRETARIA DE ESTADO DE PLANEJAMENTO E GESTÃO - SEPLAG;FUNDO FINANCEIRO DE PREVIDÊNCIA DO ESTADO DE MINAS GERAIS - FFP - MG;1215.01.1.1.04.000;8;43;CONTRIB. SERV. CIVIL ATIVO - PRINC. - TRIBUNAL DE JUSTIÇA DO ESTADO DE MINAS GERAIS - TJMG;652750262,00
SECRETARIA DE ESTADO DE PLANEJAMENTO E GESTÃO - SEPLAG;FUNDO FINANCEIRO DE PREVIDÊNCIA DO ESTADO DE MINAS GERAIS - FFP - MG;1215.01.1.1.05.000;8;43;CONTRIB. SERV. CIVIL ATIVO - PRINC. - TRIBUNAL DE JUSTIÇA MILITAR DO ESTADO DE MINAS GERAIS - TJMMG;6303752,00
SECRETARIA DE ESTADO DE PLANEJAMENTO E GESTÃO - SEPLAG;FUNDO FINANCEIRO DE PREVIDÊNCIA DO ESTADO DE MINAS GERAIS - FFP - MG;1215.01.1.1.06.000;8;43;CONTRIB. SERV. CIVIL ATIVO - PRINC. - MINISTÉRIO PÚBLICO DO ESTADO DE MINAS GERAIS - MPMG;195533850,00
SECRETARIA DE ESTADO DE PLANEJAMENTO E GESTÃO - SEPLAG;FUNDO FINANCEIRO DE PREVIDÊNCIA DO ESTADO DE MINAS GERAIS - FFP - MG;1215.01.1.1.07.000;8;43;CONTRIB. SERV. CIVIL ATIVO - PRINC. - DEFENSORIA PÚBLICA DO ESTADO DE MINAS GERAIS - DEFPUB;50599427,00
SECRETARIA DE ESTADO DE PLANEJAMENTO E GESTÃO - SEPLAG;FUNDO FINANCEIRO DE PREVIDÊNCIA DO ESTADO DE MINAS GERAIS - FFP - MG;1215.01.1.1.99.000;8;;CONTRIB. SERV. CIVIL ATIVO - PRINC. - DEMAIS;17558180,00
SECRETARIA DE ESTADO DE PLANEJAMENTO E GESTÃO - SEPLAG;FUNDO FINANCEIRO DE PREVIDÊNCIA DO ESTADO DE MINAS GERAIS - FFP - MG;1215.01.1.1.99.001;9;43;CONTRIB. SERV. CIVIL ATIVO - PRINC. - DEMAIS - PESSOAL LICENCIADO/À DISPOSIÇÃO;17558180,00
SECRETARIA DE ESTADO DE PLANEJAMENTO E GESTÃO - SEPLAG;FUNDO FINANCEIRO DE PREVIDÊNCIA DO ESTADO DE MINAS GERAIS - FFP - MG;1215.01.2.0.00.000;6;;CONTRIBUIÇÃO DO SERVIDOR CIVIL INATIVO;1292730038,00
SECRETARIA DE ESTADO DE PLANEJAMENTO E GESTÃO - SEPLAG;FUNDO FINANCEIRO DE PREVIDÊNCIA DO ESTADO DE MINAS GERAIS - FFP - MG;1215.01.2.1.00.000;7;;CONTRIB. SERV. CIVIL INATIVO - PRINCIPAL;1292730038,00
SECRETARIA DE ESTADO DE PLANEJAMENTO E GESTÃO - SEPLAG;FUNDO FINANCEIRO DE PREVIDÊNCIA DO ESTADO DE MINAS GERAIS - FFP - MG;1215.01.2.1.01.000;8;43;CONTRIB. SERV. CIVIL INATIVO - PRINC. - PODER EXECUTIVO;874433459,00
SECRETARIA DE ESTADO DE PLANEJAMENTO E GESTÃO - SEPLAG;FUNDO FINANCEIRO DE PREVIDÊNCIA DO ESTADO DE MINAS GERAIS - FFP - MG;1215.01.2.1.02.000;8;43;CONTRIB. SERV. CIVIL INATIVO - PRINC. - ASSEMBLEIA LEGISLATIVA DO ESTADO DE MINAS GERAIS - ALMG;71000000,00
SECRETARIA DE ESTADO DE PLANEJAMENTO E GESTÃO - SEPLAG;FUNDO FINANCEIRO DE PREVIDÊNCIA DO ESTADO DE MINAS GERAIS - FFP - MG;1215.01.2.1.03.000;8;43;CONTRIB. SERV. CIVIL INATIVO - PRINC. - TRIBUNAL DE CONTAS DO ESTADO DE MINAS GERAIS - TCEMG;65626216,00
SECRETARIA DE ESTADO DE PLANEJAMENTO E GESTÃO - SEPLAG;FUNDO FINANCEIRO DE PREVIDÊNCIA DO ESTADO DE MINAS GERAIS - FFP - MG;1215.01.2.1.04.000;8;43;CONTRIB. SERV. CIVIL INATIVO - PRINC. - TRIBUNAL DE JUSTIÇA DO ESTADO DE MINAS GERAIS - TJMG;209681278,00
SECRETARIA DE ESTADO DE PLANEJAMENTO E GESTÃO - SEPLAG;FUNDO FINANCEIRO DE PREVIDÊNCIA DO ESTADO DE MINAS GERAIS - FFP - MG;1215.01.2.1.05.000;8;43;CONTRIB. SERV. CIVIL INATIVO - PRINC. - TRIBUNAL DE JUSTIÇA MILITAR DO ESTADO DE MINAS GERAIS - TJMMG;2834852,00
SECRETARIA DE ESTADO DE PLANEJAMENTO E GESTÃO - SEPLAG;FUNDO FINANCEIRO DE PREVIDÊNCIA DO ESTADO DE MINAS GERAIS - FFP - MG;1215.01.2.1.06.000;8;43;CONTRIB. SERV. CIVIL INATIVO - PRINC. - MINISTÉRIO PÚBLICO DO ESTADO DE MINAS GERAIS - MPMG;51775013,00
SECRETARIA DE ESTADO DE PLANEJAMENTO E GESTÃO - SEPLAG;FUNDO FINANCEIRO DE PREVIDÊNCIA DO ESTADO DE MINAS GERAIS - FFP - MG;1215.01.2.1.07.000;8;43;CONTRIB. SERV. CIVIL INATIVO - PRINC. - DEFENSORIA PÚBLICA DO ESTADO DE MINAS GERAIS - DEFPUB;17379220,00
SECRETARIA DE ESTADO DE PLANEJAMENTO E GESTÃO - SEPLAG;FUNDO FINANCEIRO DE PREVIDÊNCIA DO ESTADO DE MINAS GERAIS - FFP - MG;1215.01.3.0.00.000;6;;CONTRIBUIÇÃO DO SERVIDOR CIVIL - PENSIONISTAS;222636309,00
SECRETARIA DE ESTADO DE PLANEJAMENTO E GESTÃO - SEPLAG;FUNDO FINANCEIRO DE PREVIDÊNCIA DO ESTADO DE MINAS GERAIS - FFP - MG;1215.01.3.1.00.000;7;;CONTRIB. SERV. CIVIL - PENSIONISTAS - PRINCIPAL;222636309,00
SECRETARIA DE ESTADO DE PLANEJAMENTO E GESTÃO - SEPLAG;FUNDO FINANCEIRO DE PREVIDÊNCIA DO ESTADO DE MINAS GERAIS - FFP - MG;1215.01.3.1.01.000;8;43;CONTRIB. SERV. CIVIL - PENSIONISTAS - PRINC. - PODER EXECUTIVO;179291028,00
SECRETARIA DE ESTADO DE PLANEJAMENTO E GESTÃO - SEPLAG;FUNDO FINANCEIRO DE PREVIDÊNCIA DO ESTADO DE MINAS GERAIS - FFP - MG;1215.01.3.1.02.000;8;43;CONTRIB. SERV. CIVIL - PENSIONISTAS - PRINC. - ASSEMBLEIA LEGISLATIVA DO ESTADO DE MINAS GERAIS - ALMG;240000,00
SECRETARIA DE ESTADO DE PLANEJAMENTO E GESTÃO - SEPLAG;FUNDO FINANCEIRO DE PREVIDÊNCIA DO ESTADO DE MINAS GERAIS - FFP - MG;1215.01.3.1.04.000;8;43;CONTRIB. SERV. CIVIL - PENSIONISTAS - PRINC. - TRIBUNAL DE JUSTIÇA DO ESTADO DE MINAS GERAIS - TJMG;29138490,00
SECRETARIA DE ESTADO DE PLANEJAMENTO E GESTÃO - SEPLAG;FUNDO FINANCEIRO DE PREVIDÊNCIA DO ESTADO DE MINAS GERAIS - FFP - MG;1215.01.3.1.05.000;8;43;CONTRIB. SERV. CIVIL - PENSIONISTAS - PRINC. - TRIBUNAL DE JUSTIÇA MILITAR DO ESTADO DE MINAS GERAIS - TJMMG;526763,00
SECRETARIA DE ESTADO DE PLANEJAMENTO E GESTÃO - SEPLAG;FUNDO FINANCEIRO DE PREVIDÊNCIA DO ESTADO DE MINAS GERAIS - FFP - MG;1215.01.3.1.06.000;8;43;CONTRIB. SERV. CIVIL - PENSIONISTAS - PRINC. - MINISTÉRIO PÚBLICO DO ESTADO DE MINAS GERAIS - MPMG;13440028,00
SECRETARIA DE ESTADO DE PLANEJAMENTO E GESTÃO - SEPLAG;FUNDO FINANCEIRO DE PREVIDÊNCIA DO ESTADO DE MINAS GERAIS - FFP - MG;1215.01.4.0.00.000;6;;CONTRIBUIÇÃO ORIUNDA DE SENTENÇAS JUDICIAIS - SERVIDOR CIVIL ATIVO;16980525,00
SECRETARIA DE ESTADO DE PLANEJAMENTO E GESTÃO - SEPLAG;FUNDO FINANCEIRO DE PREVIDÊNCIA DO ESTADO DE MINAS GERAIS - FFP - MG;1215.01.4.1.00.000;7;;CONTRIB. ORIUNDA SENT. JUDIC. - SERV. CIVIL ATIVO - PRINCIPAL;16980525,00
SECRETARIA DE ESTADO DE PLANEJAMENTO E GESTÃO - SEPLAG;FUNDO FINANCEIRO DE PREVIDÊNCIA DO ESTADO DE MINAS GERAIS - FFP - MG;1215.01.4.1.01.000;8;43;CONTRIB. ORIUNDA SENT. JUDIC. - SERV. CIVIL ATIVO - PRINC.;16980525,00
SECRETARIA DE ESTADO DE PLANEJAMENTO E GESTÃO - SEPLAG;FUNDO FINANCEIRO DE PREVIDÊNCIA DO ESTADO DE MINAS GERAIS - FFP - MG;1215.01.5.0.00.000;6;;CONTRIBUIÇÃO ORIUNDA DE SENTENÇAS JUDICIAIS - SERVIDOR CIVIL INATIVO;16944336,00
SECRETARIA DE ESTADO DE PLANEJAMENTO E GESTÃO - SEPLAG;FUNDO FINANCEIRO DE PREVIDÊNCIA DO ESTADO DE MINAS GERAIS - FFP - MG;1215.01.5.1.00.000;7;;CONTRIB. ORIUNDA SENT. JUDIC. - SERV. CIVIL INATIVO - PRINCIPAL;16944336,00
SECRETARIA DE ESTADO DE PLANEJAMENTO E GESTÃO - SEPLAG;FUNDO FINANCEIRO DE PREVIDÊNCIA DO ESTADO DE MINAS GERAIS - FFP - MG;1215.01.5.1.01.000;8;43;CONTRIB. ORIUNDA SENT. JUDIC. - SERV. CIVIL INATIVO - PRINC.;16944336,00
SECRETARIA DE ESTADO DE PLANEJAMENTO E GESTÃO - SEPLAG;FUNDO FINANCEIRO DE PREVIDÊNCIA DO ESTADO DE MINAS GERAIS - FFP - MG;1219.00.0.0.00.000;4;;OUTRAS CONTRIBUIÇÕES SOCIAIS;9660886,00
SECRETARIA DE ESTADO DE PLANEJAMENTO E GESTÃO - SEPLAG;FUNDO FINANCEIRO DE PREVIDÊNCIA DO ESTADO DE MINAS GERAIS - FFP - MG;1219.99.0.0.00.000;5;;DEMAIS CONTRIBUIÇÕES SOCIAIS;9660886,00
SECRETARIA DE ESTADO DE PLANEJAMENTO E GESTÃO - SEPLAG;FUNDO FINANCEIRO DE PREVIDÊNCIA DO ESTADO DE MINAS GERAIS - FFP - MG;1219.99.1.0.00.000;6;;DEMAIS CONTRIBUIÇÕES SOCIAIS NÃO ARRECADADAS E NÃO PROJETADAS PELA RFB;9660886,00
SECRETARIA DE ESTADO DE PLANEJAMENTO E GESTÃO - SEPLAG;FUNDO FINANCEIRO DE PREVIDÊNCIA DO ESTADO DE MINAS GERAIS - FFP - MG;1219.99.1.3.00.000;7;;DEMAIS CONTRIB. SOC. - DÍVIDA ATIVA;4212656,00
SECRETARIA DE ESTADO DE PLANEJAMENTO E GESTÃO - SEPLAG;FUNDO FINANCEIRO DE PREVIDÊNCIA DO ESTADO DE MINAS GERAIS - FFP - MG;1219.99.1.3.99.000;8;61;DEMAIS CONTRIB. SOC. - DA - DEMAIS;4212656,00
SECRETARIA DE ESTADO DE PLANEJAMENTO E GESTÃO - SEPLAG;FUNDO FINANCEIRO DE PREVIDÊNCIA DO ESTADO DE MINAS GERAIS - FFP - MG;1219.99.1.4.00.000;7;;DEMAIS CONTRIB. SOC. - DÍVIDA ATIVA - MULTAS E JUROS DE MORA;5448230,00
SECRETARIA DE ESTADO DE PLANEJAMENTO E GESTÃO - SEPLAG;FUNDO FINANCEIRO DE PREVIDÊNCIA DO ESTADO DE MINAS GERAIS - FFP - MG;1219.99.1.4.99.000;8;61;DEMAIS CONTRIB. SOC. - DA-MJM - DEMAIS;5448230,00
SECRETARIA DE ESTADO DE PLANEJAMENTO E GESTÃO - SEPLAG;FUNDO FINANCEIRO DE PREVIDÊNCIA DO ESTADO DE MINAS GERAIS - FFP - MG;1300.00.0.0.00.000;2;;RECEITA PATRIMONIAL;55463500,00
SECRETARIA DE ESTADO DE PLANEJAMENTO E GESTÃO - SEPLAG;FUNDO FINANCEIRO DE PREVIDÊNCIA DO ESTADO DE MINAS GERAIS - FFP - MG;1320.00.0.0.00.000;3;;VALORES MOBILIÁRIOS;55463500,00
SECRETARIA DE ESTADO DE PLANEJAMENTO E GESTÃO - SEPLAG;FUNDO FINANCEIRO DE PREVIDÊNCIA DO ESTADO DE MINAS GERAIS - FFP - MG;1321.00.0.0.00.000;4;;JUROS E CORREÇÕES MONETÁRIAS;55463500,00
SECRETARIA DE ESTADO DE PLANEJAMENTO E GESTÃO - SEPLAG;FUNDO FINANCEIRO DE PREVIDÊNCIA DO ESTADO DE MINAS GERAIS - FFP - MG;1321.04.0.0.00.000;5;;REMUNERAÇÃO DOS RECURSOS DO REGIME PRÓPRIO DE PREVIDÊNCIA SOCIAL - RPPS;55463500,00
SECRETARIA DE ESTADO DE PLANEJAMENTO E GESTÃO - SEPLAG;FUNDO FINANCEIRO DE PREVIDÊNCIA DO ESTADO DE MINAS GERAIS - FFP - MG;1321.04.0.1.00.000;7;;REMUNERAÇÃO RECURSOS RPPS - PRINCIPAL;55463500,00
SECRETARIA DE ESTADO DE PLANEJAMENTO E GESTÃO - SEPLAG;FUNDO FINANCEIRO DE PREVIDÊNCIA DO ESTADO DE MINAS GERAIS - FFP - MG;1321.04.0.1.01.000;8;61;REMUNERAÇÃO RECURSOS RPPS - PRINC. - RENDA FIXA;55000000,00
SECRETARIA DE ESTADO DE PLANEJAMENTO E GESTÃO - SEPLAG;FUNDO FINANCEIRO DE PREVIDÊNCIA DO ESTADO DE MINAS GERAIS - FFP - MG;1321.04.0.1.02.000;8;61;REMUNERAÇÃO RECURSOS RPPS - PRINC. - RENDA VARIÁVEL;463500,00
SECRETARIA DE ESTADO DE PLANEJAMENTO E GESTÃO - SEPLAG;FUNDO FINANCEIRO DE PREVIDÊNCIA DO ESTADO DE MINAS GERAIS - FFP - MG;1900.00.0.0.00.000;2;;OUTRAS RECEITAS CORRENTES;83690774,00
SECRETARIA DE ESTADO DE PLANEJAMENTO E GESTÃO - SEPLAG;FUNDO FINANCEIRO DE PREVIDÊNCIA DO ESTADO DE MINAS GERAIS - FFP - MG;1920.00.0.0.00.000;3;;INDENIZAÇÕES, RESTITUIÇÕES E RESSARCIMENTOS;2690774,00
SECRETARIA DE ESTADO DE PLANEJAMENTO E GESTÃO - SEPLAG;FUNDO FINANCEIRO DE PREVIDÊNCIA DO ESTADO DE MINAS GERAIS - FFP - MG;1922.00.0.0.00.000;4;;RESTITUIÇÕES;2690774,00
SECRETARIA DE ESTADO DE PLANEJAMENTO E GESTÃO - SEPLAG;FUNDO FINANCEIRO DE PREVIDÊNCIA DO ESTADO DE MINAS GERAIS - FFP - MG;1922.99.0.0.00.000;5;;OUTRAS RESTITUIÇÕES;2690774,00
SECRETARIA DE ESTADO DE PLANEJAMENTO E GESTÃO - SEPLAG;FUNDO FINANCEIRO DE PREVIDÊNCIA DO ESTADO DE MINAS GERAIS - FFP - MG;1922.99.0.1.00.000;7;;OUTRAS RESTITUIÇÕES - PRINCIPAL;2690774,00
SECRETARIA DE ESTADO DE PLANEJAMENTO E GESTÃO - SEPLAG;FUNDO FINANCEIRO DE PREVIDÊNCIA DO ESTADO DE MINAS GERAIS - FFP - MG;1922.99.0.1.99.000;8;10;OUTRAS RESTITUIÇÕES - PRINC. - DEMAIS;108954,00
SECRETARIA DE ESTADO DE PLANEJAMENTO E GESTÃO - SEPLAG;FUNDO FINANCEIRO DE PREVIDÊNCIA DO ESTADO DE MINAS GERAIS - FFP - MG;1922.99.0.1.99.000;8;52;OUTRAS RESTITUIÇÕES - PRINC. - DEMAIS;2332,00
SECRETARIA DE ESTADO DE PLANEJAMENTO E GESTÃO - SEPLAG;FUNDO FINANCEIRO DE PREVIDÊNCIA DO ESTADO DE MINAS GERAIS - FFP - MG;1922.99.0.1.99.000;8;60;OUTRAS RESTITUIÇÕES - PRINC. - DEMAIS;34460,00
SECRETARIA DE ESTADO DE PLANEJAMENTO E GESTÃO - SEPLAG;FUNDO FINANCEIRO DE PREVIDÊNCIA DO ESTADO DE MINAS GERAIS - FFP - MG;1922.99.0.1.99.000;8;61;OUTRAS RESTITUIÇÕES - PRINC. - DEMAIS;2545028,00
SECRETARIA DE ESTADO DE PLANEJAMENTO E GESTÃO - SEPLAG;FUNDO FINANCEIRO DE PREVIDÊNCIA DO ESTADO DE MINAS GERAIS - FFP - MG;1990.00.0.0.00.000;3;;DEMAIS RECEITAS CORRENTES;81000000,00
SECRETARIA DE ESTADO DE PLANEJAMENTO E GESTÃO - SEPLAG;FUNDO FINANCEIRO DE PREVIDÊNCIA DO ESTADO DE MINAS GERAIS - FFP - MG;1999.00.0.0.00.000;4;;OUTRAS RECEITAS CORRENTES;81000000,00
SECRETARIA DE ESTADO DE PLANEJAMENTO E GESTÃO - SEPLAG;FUNDO FINANCEIRO DE PREVIDÊNCIA DO ESTADO DE MINAS GERAIS - FFP - MG;1999.03.0.0.00.000;5;;COMPENSAÇÕES FINANCEIRAS ENTRE O REGIME GERAL E OS REGIMES PRÓPRIOS DE PREVIDÊNCIA E SISTEMA DE PROTEÇÃO SOCIAL;81000000,00
SECRETARIA DE ESTADO DE PLANEJAMENTO E GESTÃO - SEPLAG;FUNDO FINANCEIRO DE PREVIDÊNCIA DO ESTADO DE MINAS GERAIS - FFP - MG;1999.03.0.1.00.000;7;;COMPENSAÇÕES FINANCEIRAS RGPS RPPS SIST. PROTEÇÃO SOCIAL - PRINCIPAL;81000000,00
SECRETARIA DE ESTADO DE PLANEJAMENTO E GESTÃO - SEPLAG;FUNDO FINANCEIRO DE PREVIDÊNCIA DO ESTADO DE MINAS GERAIS - FFP - MG;1999.03.0.1.01.000;8;44;COMPENSAÇÕES FINANCEIRAS RGPS RPPS SIST. PROTEÇÃO SOCIAL - PRINC.;81000000,00
SECRETARIA DE ESTADO DE PLANEJAMENTO E GESTÃO - SEPLAG;FUNDO FINANCEIRO DE PREVIDÊNCIA DO ESTADO DE MINAS GERAIS - FFP - MG;7000.00.0.0.00.000;1;;RECEITA INTRAORÇAMENTÁRIA;7218864598,00
SECRETARIA DE ESTADO DE PLANEJAMENTO E GESTÃO - SEPLAG;FUNDO FINANCEIRO DE PREVIDÊNCIA DO ESTADO DE MINAS GERAIS - FFP - MG;7200.00.0.0.00.000;2;;REC. INTRA. - CONTRIBUIÇÕES;7218864598,00
SECRETARIA DE ESTADO DE PLANEJAMENTO E GESTÃO - SEPLAG;FUNDO FINANCEIRO DE PREVIDÊNCIA DO ESTADO DE MINAS GERAIS - FFP - MG;7210.00.0.0.00.000;3;;REC. INTRA. - CONTRIBUIÇÕES SOCIAIS;7218864598,00
SECRETARIA DE ESTADO DE PLANEJAMENTO E GESTÃO - SEPLAG;FUNDO FINANCEIRO DE PREVIDÊNCIA DO ESTADO DE MINAS GERAIS - FFP - MG;7215.00.0.0.00.000;4;;REC. INTRA. - CONTRIBUIÇÕES PARA REGIMES PRÓPRIOS DE PREVIDÊNCIA E SISTEMA DE PROTEÇÃO SOCIAL;7218864598,00
SECRETARIA DE ESTADO DE PLANEJAMENTO E GESTÃO - SEPLAG;FUNDO FINANCEIRO DE PREVIDÊNCIA DO ESTADO DE MINAS GERAIS - FFP - MG;7215.02.0.0.00.000;5;;REC. INTRA. - CONTRIBUIÇÃO PATRONAL - SERVIDOR CIVIL;7218864598,00
SECRETARIA DE ESTADO DE PLANEJAMENTO E GESTÃO - SEPLAG;FUNDO FINANCEIRO DE PREVIDÊNCIA DO ESTADO DE MINAS GERAIS - FFP - MG;7215.02.1.0.00.000;6;;REC. INTRA. - CONTRIBUIÇÃO PATRONAL - SERVIDOR CIVIL ATIVO;7218864598,00
SECRETARIA DE ESTADO DE PLANEJAMENTO E GESTÃO - SEPLAG;FUNDO FINANCEIRO DE PREVIDÊNCIA DO ESTADO DE MINAS GERAIS - FFP - MG;7215.02.1.1.00.000;7;;REC. INTRA. - CONTRIB. PATRON. - SERV. CIVIL ATIVO - PRINCIPAL;7218864598,00
SECRETARIA DE ESTADO DE PLANEJAMENTO E GESTÃO - SEPLAG;FUNDO FINANCEIRO DE PREVIDÊNCIA DO ESTADO DE MINAS GERAIS - FFP - MG;7215.02.1.1.01.000;8;;REC. INTRA. - CONTRIB. PATRON. - SERV. CIVIL ATIVO - PRINC. - PODER EXECUTIVO;5418498324,00
SECRETARIA DE ESTADO DE PLANEJAMENTO E GESTÃO - SEPLAG;FUNDO FINANCEIRO DE PREVIDÊNCIA DO ESTADO DE MINAS GERAIS - FFP - MG;7215.02.1.1.01.001;9;42;REC. INTRA. - CONTRIB. PATRON. - SERV. CIVIL ATIVO - PRINC. - EXECUTIVO - CONTRIB. ORDINÁRIA;2915172021,00
SECRETARIA DE ESTADO DE PLANEJAMENTO E GESTÃO - SEPLAG;FUNDO FINANCEIRO DE PREVIDÊNCIA DO ESTADO DE MINAS GERAIS - FFP - MG;7215.02.1.1.01.002;9;42;REC. INTRA. - CONTRIB. PATRON. - SERV. CIVIL ATIVO - PRINC. - EXECUTIVO - CONTRIB. SUPLEMENTAR;2503326303,00
SECRETARIA DE ESTADO DE PLANEJAMENTO E GESTÃO - SEPLAG;FUNDO FINANCEIRO DE PREVIDÊNCIA DO ESTADO DE MINAS GERAIS - FFP - MG;7215.02.1.1.02.000;8;;REC. INTRA. - CONTRIB. PATRON. - SERV. CIVIL ATIVO - PRINC. - ASSEMBLEIA LEGISLATIVA DO ESTADO DE MINAS GERAIS - ALMG;112000000,00
SECRETARIA DE ESTADO DE PLANEJAMENTO E GESTÃO - SEPLAG;FUNDO FINANCEIRO DE PREVIDÊNCIA DO ESTADO DE MINAS GERAIS - FFP - MG;7215.02.1.1.02.001;9;42;REC. INTRA. - CONTRIB. PATRON. - SERV. CIVIL ATIVO - PRINC. - ALMG - CONTRIB. ORDINÁRIA;112000000,00
SECRETARIA DE ESTADO DE PLANEJAMENTO E GESTÃO - SEPLAG;FUNDO FINANCEIRO DE PREVIDÊNCIA DO ESTADO DE MINAS GERAIS - FFP - MG;7215.02.1.1.03.000;8;;REC. INTRA. - CONTRIB. PATRON. - SERV. CIVIL ATIVO - PRINC. - TRIBUNAL DE CONTAS DO ESTADO DE MINAS GERAIS - TCEMG;104407495,00
SECRETARIA DE ESTADO DE PLANEJAMENTO E GESTÃO - SEPLAG;FUNDO FINANCEIRO DE PREVIDÊNCIA DO ESTADO DE MINAS GERAIS - FFP - MG;7215.02.1.1.03.001;9;42;REC. INTRA. - CONTRIB. PATRON. - SERV. CIVIL ATIVO - PRINC. - TCEMG - CONTRIB. ORDINÁRIA;104407495,00
SECRETARIA DE ESTADO DE PLANEJAMENTO E GESTÃO - SEPLAG;FUNDO FINANCEIRO DE PREVIDÊNCIA DO ESTADO DE MINAS GERAIS - FFP - MG;7215.02.1.1.04.000;8;;REC. INTRA. - CONTRIB. PATRON. - SERV. CIVIL ATIVO - PRINC. - TRIBUNAL DE JUSTIÇA DO ESTADO DE MINAS GERAIS - TJMG;1081813774,00
SECRETARIA DE ESTADO DE PLANEJAMENTO E GESTÃO - SEPLAG;FUNDO FINANCEIRO DE PREVIDÊNCIA DO ESTADO DE MINAS GERAIS - FFP - MG;7215.02.1.1.04.001;9;42;REC. INTRA. - CONTRIB. PATRON. - SERV. CIVIL ATIVO - PRINC. - TJMG - CONTRIB. ORDINÁRIA;1081813774,00
SECRETARIA DE ESTADO DE PLANEJAMENTO E GESTÃO - SEPLAG;FUNDO FINANCEIRO DE PREVIDÊNCIA DO ESTADO DE MINAS GERAIS - FFP - MG;7215.02.1.1.05.000;8;;REC. INTRA. - CONTRIB. PATRON. - SERV. CIVIL ATIVO - PRINC. - TRIBUNAL DE JUSTIÇA MILITAR DO ESTADO DE MINAS GERAIS - TJMMG;9851943,00
SECRETARIA DE ESTADO DE PLANEJAMENTO E GESTÃO - SEPLAG;FUNDO FINANCEIRO DE PREVIDÊNCIA DO ESTADO DE MINAS GERAIS - FFP - MG;7215.02.1.1.05.001;9;42;REC. INTRA. - CONTRIB. PATRON. - SERV. CIVIL ATIVO - PRINC. - TJMMG - CONTRIB. ORDINÁRIA;9851943,00
SECRETARIA DE ESTADO DE PLANEJAMENTO E GESTÃO - SEPLAG;FUNDO FINANCEIRO DE PREVIDÊNCIA DO ESTADO DE MINAS GERAIS - FFP - MG;7215.02.1.1.06.000;8;;REC. INTRA. - CONTRIB. PATRON. - SERV. CIVIL ATIVO - PRINC. - MINISTÉRIO PÚBLICO DO ESTADO DE MINAS GERAIS - MPMG;391082727,00
SECRETARIA DE ESTADO DE PLANEJAMENTO E GESTÃO - SEPLAG;FUNDO FINANCEIRO DE PREVIDÊNCIA DO ESTADO DE MINAS GERAIS - FFP - MG;7215.02.1.1.06.001;9;42;REC. INTRA. - CONTRIB. PATRON. - SERV. CIVIL ATIVO - PRINC. - MPMG - CONTRIB. ORDINÁRIA;391082727,00
SECRETARIA DE ESTADO DE PLANEJAMENTO E GESTÃO - SEPLAG;FUNDO FINANCEIRO DE PREVIDÊNCIA DO ESTADO DE MINAS GERAIS - FFP - MG;7215.02.1.1.07.000;8;;REC. INTRA. - CONTRIB. PATRON. - SERV. CIVIL ATIVO - PRINC. - DEFENSORIA PÚBLICA DO ESTADO DE MINAS GERAIS - DEFPUB;101210335,00
SECRETARIA DE ESTADO DE PLANEJAMENTO E GESTÃO - SEPLAG;FUNDO FINANCEIRO DE PREVIDÊNCIA DO ESTADO DE MINAS GERAIS - FFP - MG;7215.02.1.1.07.001;9;42;REC. INTRA. - CONTRIB. PATRON. - SERV. CIVIL ATIVO - PRINC. - DEFPUB - CONTRIB. ORDINÁRIA;101210335,00
MINISTÉRIO PÚBLICO DO ESTADO DE MINAS GERAIS - MPMG;FUNDO DE DESENVOLVIMENTO DO MINISTÉRIO PÚBLICO - FDMP;1000.00.0.0.00.000;1;;RECEITAS CORRENTES;90000000,00
MINISTÉRIO PÚBLICO DO ESTADO DE MINAS GERAIS - MPMG;FUNDO DE DESENVOLVIMENTO DO MINISTÉRIO PÚBLICO - FDMP;1100.00.0.0.00.000;2;;IMPOSTOS, TAXAS E CONTRIBUIÇÕES DE MELHORIA;90000000,00
MINISTÉRIO PÚBLICO DO ESTADO DE MINAS GERAIS - MPMG;FUNDO DE DESENVOLVIMENTO DO MINISTÉRIO PÚBLICO - FDMP;1120.00.0.0.00.000;3;;TAXAS;90000000,00
MINISTÉRIO PÚBLICO DO ESTADO DE MINAS GERAIS - MPMG;FUNDO DE DESENVOLVIMENTO DO MINISTÉRIO PÚBLICO - FDMP;1122.00.0.0.00.000;4;;TAXAS PELA PRESTAÇÃO DE SERVIÇOS;90000000,00
MINISTÉRIO PÚBLICO DO ESTADO DE MINAS GERAIS - MPMG;FUNDO DE DESENVOLVIMENTO DO MINISTÉRIO PÚBLICO - FDMP;1122.02.0.0.00.000;5;;EMOLUMENTOS E CUSTAS JUDICIAIS;90000000,00
MINISTÉRIO PÚBLICO DO ESTADO DE MINAS GERAIS - MPMG;FUNDO DE DESENVOLVIMENTO DO MINISTÉRIO PÚBLICO - FDMP;1122.02.0.1.00.000;7;;EMOLUMENTOS CUSTAS JUDICIAIS - PRINCIPAL;90000000,00
MINISTÉRIO PÚBLICO DO ESTADO DE MINAS GERAIS - MPMG;FUNDO DE DESENVOLVIMENTO DO MINISTÉRIO PÚBLICO - FDMP;1122.02.0.1.04.000;8;59;EMOLUMENTOS CUSTAS JUDICIAIS - PRINC. - EMOLUMENTOS;90000000,00
DEFENSORIA PUBLICA DO ESTADO DE MINAS GERAIS - DEF PUB;FUNDO ESPECIAL DE GARANTIA DE ACESSO À JUSTIÇA - FEGAJ;1000.00.0.0.00.000;1;;RECEITAS CORRENTES;105000000,00
DEFENSORIA PUBLICA DO ESTADO DE MINAS GERAIS - DEF PUB;FUNDO ESPECIAL DE GARANTIA DE ACESSO À JUSTIÇA - FEGAJ;1100.00.0.0.00.000;2;;IMPOSTOS, TAXAS E CONTRIBUIÇÕES DE MELHORIA;90000000,00
DEFENSORIA PUBLICA DO ESTADO DE MINAS GERAIS - DEF PUB;FUNDO ESPECIAL DE GARANTIA DE ACESSO À JUSTIÇA - FEGAJ;1120.00.0.0.00.000;3;;TAXAS;90000000,00
DEFENSORIA PUBLICA DO ESTADO DE MINAS GERAIS - DEF PUB;FUNDO ESPECIAL DE GARANTIA DE ACESSO À JUSTIÇA - FEGAJ;1122.00.0.0.00.000;4;;TAXAS PELA PRESTAÇÃO DE SERVIÇOS;90000000,00
DEFENSORIA PUBLICA DO ESTADO DE MINAS GERAIS - DEF PUB;FUNDO ESPECIAL DE GARANTIA DE ACESSO À JUSTIÇA - FEGAJ;1122.02.0.0.00.000;5;;EMOLUMENTOS E CUSTAS JUDICIAIS;90000000,00
DEFENSORIA PUBLICA DO ESTADO DE MINAS GERAIS - DEF PUB;FUNDO ESPECIAL DE GARANTIA DE ACESSO À JUSTIÇA - FEGAJ;1122.02.0.1.00.000;7;;EMOLUMENTOS CUSTAS JUDICIAIS - PRINCIPAL;90000000,00
DEFENSORIA PUBLICA DO ESTADO DE MINAS GERAIS - DEF PUB;FUNDO ESPECIAL DE GARANTIA DE ACESSO À JUSTIÇA - FEGAJ;1122.02.0.1.04.000;8;59;EMOLUMENTOS CUSTAS JUDICIAIS - PRINC. - EMOLUMENTOS;90000000,00
DEFENSORIA PUBLICA DO ESTADO DE MINAS GERAIS - DEF PUB;FUNDO ESPECIAL DE GARANTIA DE ACESSO À JUSTIÇA - FEGAJ;1900.00.0.0.00.000;2;;OUTRAS RECEITAS CORRENTES;15000000,00
DEFENSORIA PUBLICA DO ESTADO DE MINAS GERAIS - DEF PUB;FUNDO ESPECIAL DE GARANTIA DE ACESSO À JUSTIÇA - FEGAJ;1990.00.0.0.00.000;3;;DEMAIS RECEITAS CORRENTES;15000000,00
DEFENSORIA PUBLICA DO ESTADO DE MINAS GERAIS - DEF PUB;FUNDO ESPECIAL DE GARANTIA DE ACESSO À JUSTIÇA - FEGAJ;1999.00.0.0.00.000;4;;OUTRAS RECEITAS CORRENTES;15000000,00
DEFENSORIA PUBLICA DO ESTADO DE MINAS GERAIS - DEF PUB;FUNDO ESPECIAL DE GARANTIA DE ACESSO À JUSTIÇA - FEGAJ;1999.12.0.0.00.000;5;;ENCARGOS LEGAIS PELA INSCRIÇÃO EM DÍVIDA ATIVA E RECEITAS DE ÔNUS DE SUCUMBÊNCIA;15000000,00
DEFENSORIA PUBLICA DO ESTADO DE MINAS GERAIS - DEF PUB;FUNDO ESPECIAL DE GARANTIA DE ACESSO À JUSTIÇA - FEGAJ;1999.12.2.0.00.000;6;;ÔNUS DE SUCUMBÊNCIA;15000000,00
DEFENSORIA PUBLICA DO ESTADO DE MINAS GERAIS - DEF PUB;FUNDO ESPECIAL DE GARANTIA DE ACESSO À JUSTIÇA - FEGAJ;1999.12.2.1.00.000;7;;ÔNUS SUCUMBÊNCIA - PRINC.;15000000,00
DEFENSORIA PUBLICA DO ESTADO DE MINAS GERAIS - DEF PUB;FUNDO ESPECIAL DE GARANTIA DE ACESSO À JUSTIÇA - FEGAJ;1999.12.2.1.01.000;8;60;ÔNUS SUCUMBÊNCIA - PRINC. - HONORÁRIOS;15000000,00
ADVOCACIA GERAL DO ESTADO - AGE;FUNDO ESPECIAL DA ADVOCACIA-GERAL DO ESTADO - FEAGE;1000.00.0.0.00.000;1;;RECEITAS CORRENTES;6000000,00
ADVOCACIA GERAL DO ESTADO - AGE;FUNDO ESPECIAL DA ADVOCACIA-GERAL DO ESTADO - FEAGE;1100.00.0.0.00.000;2;;IMPOSTOS, TAXAS E CONTRIBUIÇÕES DE MELHORIA;6000000,00
ADVOCACIA GERAL DO ESTADO - AGE;FUNDO ESPECIAL DA ADVOCACIA-GERAL DO ESTADO - FEAGE;1120.00.0.0.00.000;3;;TAXAS;6000000,00
ADVOCACIA GERAL DO ESTADO - AGE;FUNDO ESPECIAL DA ADVOCACIA-GERAL DO ESTADO - FEAGE;1122.00.0.0.00.000;4;;TAXAS PELA PRESTAÇÃO DE SERVIÇOS;6000000,00
ADVOCACIA GERAL DO ESTADO - AGE;FUNDO ESPECIAL DA ADVOCACIA-GERAL DO ESTADO - FEAGE;1122.02.0.0.00.000;5;;EMOLUMENTOS E CUSTAS JUDICIAIS;6000000,00
ADVOCACIA GERAL DO ESTADO - AGE;FUNDO ESPECIAL DA ADVOCACIA-GERAL DO ESTADO - FEAGE;1122.02.0.1.00.000;7;;EMOLUMENTOS CUSTAS JUDICIAIS - PRINCIPAL;5150000,00
ADVOCACIA GERAL DO ESTADO - AGE;FUNDO ESPECIAL DA ADVOCACIA-GERAL DO ESTADO - FEAGE;1122.02.0.1.04.000;8;59;EMOLUMENTOS CUSTAS JUDICIAIS - PRINC. - EMOLUMENTOS;5150000,00
ADVOCACIA GERAL DO ESTADO - AGE;FUNDO ESPECIAL DA ADVOCACIA-GERAL DO ESTADO - FEAGE;1122.02.0.2.00.000;7;;EMOLUMENTOS CUSTAS JUDICIAIS - MULTAS E JUROS DE MORA;515000,00
ADVOCACIA GERAL DO ESTADO - AGE;FUNDO ESPECIAL DA ADVOCACIA-GERAL DO ESTADO - FEAGE;1122.02.0.2.04.000;8;59;EMOLUMENTOS CUSTAS JUDICIAIS - MJM - EMOLUMENTOS;515000,00
ADVOCACIA GERAL DO ESTADO - AGE;FUNDO ESPECIAL DA ADVOCACIA-GERAL DO ESTADO - FEAGE;1122.02.0.3.00.000;7;;EMOLUMENTOS CUSTAS JUDICIAIS - DÍVIDA ATIVA;260000,00
ADVOCACIA GERAL DO ESTADO - AGE;FUNDO ESPECIAL DA ADVOCACIA-GERAL DO ESTADO - FEAGE;1122.02.0.3.04.000;8;59;EMOLUMENTOS CUSTAS JUDICIAIS - DA - EMOLUMENTOS;260000,00
ADVOCACIA GERAL DO ESTADO - AGE;FUNDO ESPECIAL DA ADVOCACIA-GERAL DO ESTADO - FEAGE;1122.02.0.4.00.000;7;;EMOLUMENTOS CUSTAS JUDICIAIS - DÍVIDA ATIVA - MULTAS E JUROS DE MORA;75000,00
ADVOCACIA GERAL DO ESTADO - AGE;FUNDO ESPECIAL DA ADVOCACIA-GERAL DO ESTADO - FEAGE;1122.02.0.4.04.000;8;59;EMOLUMENTOS CUSTAS JUDICIAIS - DA-MJM - EMOLUMENTOS;75000,00
