orgao_nome;uo_nome;fonte;papel;pessoal;outras_correntes;investimentos;inversoes;total
ASSEMBLEIA LEGISLATIVA DO ESTADO DE MINAS GERAIS - ALMG;ASSEMBLEIA LEGISLATIVA DO ESTADO DE MINAS GERAIS - ALMG;10 - RECURSOS ORDINÁRIOS - RECURSOS NÃO VINCULADOS DE IMPOSTOS;parcela;1672149833,00;345882900,00;14800000,00;11953000,00;2044785733,00
ASSEMBLEIA LEGISLATIVA DO ESTADO DE MINAS GERAIS - ALMG;ASSEMBLEIA LEGISLATIVA DO ESTADO DE MINAS GERAIS - ALMG;42 - CONTRIBUIÇÃO PATRONAL PARA O RPPS;parcela;112000000,00;0,00;0,00;0,00;112000000,00
ASSEMBLEIA LEGISLATIVA DO ESTADO DE MINAS GERAIS - ALMG;ASSEMBLEIA LEGISLATIVA DO ESTADO DE MINAS GERAIS - ALMG;43 - CONTRIBUIÇÃO DO SERVIDOR PARA O RPPS;parcela;126400000,00;0,00;0,00;0,00;126400000,00
ASSEMBLEIA LEGISLATIVA DO ESTADO DE MINAS GERAIS - ALMG;ASSEMBLEIA LEGISLATIVA DO ESTADO DE MINAS GERAIS - ALMG;60 - RECURSOS DIRETAMENTE ARRECADADOS;parcela;0,00;24896769,00;0,00;0,00;24896769,00
ASSEMBLEIA LEGISLATIVA DO ESTADO DE MINAS GERAIS - ALMG;ASSEMBLEIA LEGISLATIVA DO ESTADO DE MINAS GERAIS - ALMG;TOTAL DA UNIDADE;total;1910549833,00;370779669,00;14800000,00;11953000,00;2308082502,00
TRIBUNAL DE CONTAS DO ESTADO DE MINAS GERAIS - TCEMG;TRIBUNAL DE CONTAS DO ESTADO DE MINAS GERAIS - TCEMG;10 - RECURSOS ORDINÁRIOS - RECURSOS NÃO VINCULADOS DE IMPOSTOS;parcela;1007728532,00;220958402,00;18432210,00;0,00;1247119144,00
TRIBUNAL DE CONTAS DO ESTADO DE MINAS GERAIS - TCEMG;TRIBUNAL DE CONTAS DO ESTADO DE MINAS GERAIS - TCEMG;42 - CONTRIBUIÇÃO PATRONAL PARA O RPPS;parcela;104407495,00;0,00;0,00;0,00;104407495,00
TRIBUNAL DE CONTAS DO ESTADO DE MINAS GERAIS - TCEMG;TRIBUNAL DE CONTAS DO ESTADO DE MINAS GERAIS - TCEMG;43 - CONTRIBUIÇÃO DO SERVIDOR PARA O RPPS;parcela;118906754,00;0,00;0,00;0,00;118906754,00
TRIBUNAL DE CONTAS DO ESTADO DE MINAS GERAIS - TCEMG;TRIBUNAL DE CONTAS DO ESTADO DE MINAS GERAIS - TCEMG;60 - RECURSOS DIRETAMENTE ARRECADADOS;parcela;0,00;50745000,00;15000000,00;0,00;65745000,00
TRIBUNAL DE CONTAS DO ESTADO DE MINAS GERAIS - TCEMG;TRIBUNAL DE CONTAS DO ESTADO DE MINAS GERAIS - TCEMG;TOTAL DA UNIDADE;total;1231042781,00;271703402,00;33432210,00;0,00;1536178393,00
TRIBUNAL DE JUSTIÇA DO ESTADO DE MINAS GERAIS - TJMG;TRIBUNAL DE JUSTIÇA DO ESTADO DE MINAS GERAIS - TJMG;10 - RECURSOS ORDINÁRIOS - RECURSOS NÃO VINCULADOS DE IMPOSTOS;parcela;9540785222,00;756262799,00;0,00;0,00;10297048021,00
TRIBUNAL DE JUSTIÇA DO ESTADO DE MINAS GERAIS - TJMG;TRIBUNAL DE JUSTIÇA DO ESTADO DE MINAS GERAIS - TJMG;42 - CONTRIBUIÇÃO PATRONAL PARA O RPPS;parcela;1081813774,00;0,00;0,00;0,00;1081813774,00
TRIBUNAL DE JUSTIÇA DO ESTADO DE MINAS GERAIS - TJMG;TRIBUNAL DE JUSTIÇA DO ESTADO DE MINAS GERAIS - TJMG;43 - CONTRIBUIÇÃO DO SERVIDOR PARA O RPPS;parcela;891570030,00;0,00;0,00;0,00;891570030,00
TRIBUNAL DE JUSTIÇA DO ESTADO DE MINAS GERAIS - TJMG;TRIBUNAL DE JUSTIÇA DO ESTADO DE MINAS GERAIS - TJMG;60 - RECURSOS DIRETAMENTE ARRECADADOS;parcela;0,00;226447611,00;0,00;0,00;226447611,00
TRIBUNAL DE JUSTIÇA DO ESTADO DE MINAS GERAIS - TJMG;TRIBUNAL DE JUSTIÇA DO ESTADO DE MINAS GERAIS - TJMG;TOTAL DA UNIDADE;total;11514169026,00;982710410,00;0,00;0,00;12496879436,00
TRIBUNAL DE JUSTIÇA MILITAR DO ESTADO DE MINAS GERAIS - TJMMG;TRIBUNAL DE JUSTIÇA MILITAR DO ESTADO DE MINAS GERAIS - TJMMG;10 - RECURSOS ORDINÁRIOS - RECURSOS NÃO VINCULADOS DE IMPOSTOS;parcela;132237344,00;27058714,00;8396854,00;0,00;167692912,00
TRIBUNAL DE JUSTIÇA MILITAR DO ESTADO DE MINAS GERAIS - TJMMG;TRIBUNAL DE JUSTIÇA MILITAR DO ESTADO DE MINAS GERAIS - TJMMG;42 - CONTRIBUIÇÃO PATRONAL PARA O RPPS;parcela;9851943,00;0,00;0,00;0,00;9851943,00
TRIBUNAL DE JUSTIÇA MILITAR DO ESTADO DE MINAS GERAIS - TJMMG;TRIBUNAL DE JUSTIÇA MILITAR DO ESTADO DE MINAS GERAIS - TJMMG;43 - CONTRIBUIÇÃO DO SERVIDOR PARA O RPPS;parcela;9665367,00;0,00;0,00;0,00;9665367,00
TRIBUNAL DE JUSTIÇA MILITAR DO ESTADO DE MINAS GERAIS - TJMMG;TRIBUNAL DE JUSTIÇA MILITAR DO ESTADO DE MINAS GERAIS - TJMMG;60 - RECURSOS DIRETAMENTE ARRECADADOS;parcela;0,00;787500,00;1412500,00;0,00;2200000,00
TRIBUNAL DE JUSTIÇA MILITAR DO ESTADO DE MINAS GERAIS - TJMMG;TRIBUNAL DE JUSTIÇA MILITAR DO ESTADO DE MINAS GERAIS - TJMMG;TOTAL DA UNIDADE;total;151754654,00;27846214,00;9809354,00;0,00;189410222,00
GABINETE MILITAR DO GOVERNADOR DO ESTADO DE MINAS GERAIS - GMG;GABINETE MILITAR DO GOVERNADOR DO ESTADO DE MINAS GERAIS - GABINETE MILITAR;10 - RECURSOS ORDINÁRIOS - RECURSOS NÃO VINCULADOS DE IMPOSTOS;parcela;8330350,00;29427458,00;3260000,00;0,00;41017808,00
GABINETE MILITAR DO GOVERNADOR DO ESTADO DE MINAS GERAIS - GMG;GABINETE MILITAR DO GOVERNADOR DO ESTADO DE MINAS GERAIS - GABINETE MILITAR;25 - OPERAÇÕES DE CRÉDITO CONTRATUAIS;parcela;0,00;0,00;130000,00;0,00;130000,00
GABINETE MILITAR DO GOVERNADOR DO ESTADO DE MINAS GERAIS - GMG;GABINETE MILITAR DO GOVERNADOR DO ESTADO DE MINAS GERAIS - GABINETE MILITAR;57 - TRANSFERÊNCIAS DA UNIÃO POR MEIO DE PORTARIA - EXCETO EMENDAS INDIVIDUAIS E DE BANCADA;parcela;0,00;5002000,00;0,00;0,00;5002000,00
GABINETE MILITAR DO GOVERNADOR DO ESTADO DE MINAS GERAIS - GMG;GABINETE MILITAR DO GOVERNADOR DO ESTADO DE MINAS GERAIS - GABINETE MILITAR;80 - RECURSOS DO ACORDO DE REPACTUAÇÃO DO RIO DOCE;parcela;0,00;0,00;14800000,00;0,00;14800000,00
GABINETE MILITAR DO GOVERNADOR DO ESTADO DE MINAS GERAIS - GMG;GABINETE MILITAR DO GOVERNADOR DO ESTADO DE MINAS GERAIS - GABINETE MILITAR;TOTAL DA UNIDADE;total;8330350,00;34429458,00;18190000,00;0,00;60949808,00
ADVOCACIA GERAL DO ESTADO - AGE;ADVOCACIA GERAL DO ESTADO - AGE;10 - RECURSOS ORDINÁRIOS - RECURSOS NÃO VINCULADOS DE IMPOSTOS;parcela;1119284718,00;618755926,00;3136462,00;0,00;1741177106,00
ADVOCACIA GERAL DO ESTADO - AGE;ADVOCACIA GERAL DO ESTADO - AGE;9 - TERMOS DE AJUSTAMENTO, DOAÇÕES CONTROLADAS POR INSTRUMENTO JURÍDICO E CONGÊNERES;parcela;0,00;351000,00;750000,00;0,00;1101000,00
ADVOCACIA GERAL DO ESTADO - AGE;ADVOCACIA GERAL DO ESTADO - AGE;TOTAL DA UNIDADE;total;1119284718,00;619106926,00;3886462,00;0,00;1742278106,00
MINISTÉRIO PÚBLICO DO ESTADO DE MINAS GERAIS - MPMG;PROCURADORIA GERAL DE JUSTIÇA - PGJ;10 - RECURSOS ORDINÁRIOS - RECURSOS NÃO VINCULADOS DE IMPOSTOS;parcela;3010500000,00;740172255,00;35000000,00;5000000,00;3790672255,00
MINISTÉRIO PÚBLICO DO ESTADO DE MINAS GERAIS - MPMG;PROCURADORIA GERAL DE JUSTIÇA - PGJ;24 - CONVÊNIOS COM A UNIÃO E SUAS ENTIDADES - EXCETO EMENDAS INDIVIDUAIS E DE BANCADA;parcela;0,00;1915000,00;0,00;0,00;1915000,00
MINISTÉRIO PÚBLICO DO ESTADO DE MINAS GERAIS - MPMG;PROCURADORIA GERAL DE JUSTIÇA - PGJ;42 - CONTRIBUIÇÃO PATRONAL PARA O RPPS;parcela;391082727,00;0,00;0,00;0,00;391082727,00
MINISTÉRIO PÚBLICO DO ESTADO DE MINAS GERAIS - MPMG;PROCURADORIA GERAL DE JUSTIÇA - PGJ;43 - CONTRIBUIÇÃO DO SERVIDOR PARA O RPPS;parcela;260748891,00;0,00;0,00;0,00;260748891,00
MINISTÉRIO PÚBLICO DO ESTADO DE MINAS GERAIS - MPMG;PROCURADORIA GERAL DE JUSTIÇA - PGJ;47 - ALIENAÇÃO DE BENS DE ENTIDADES ESTADUAIS;parcela;0,00;0,00;3080000,00;0,00;3080000,00
MINISTÉRIO PÚBLICO DO ESTADO DE MINAS GERAIS - MPMG;PROCURADORIA GERAL DE JUSTIÇA - PGJ;60 - RECURSOS DIRETAMENTE ARRECADADOS;parcela;5000000,00;100000000,00;14256000,00;0,00;119256000,00
MINISTÉRIO PÚBLICO DO ESTADO DE MINAS GERAIS - MPMG;PROCURADORIA GERAL DE JUSTIÇA - PGJ;70 - CONVÊNIOS COM OS MUNICÍPIOS;parcela;0,00;0,00;4500000,00;0,00;4500000,00
MINISTÉRIO PÚBLICO DO ESTADO DE MINAS GERAIS - MPMG;PROCURADORIA GERAL DE JUSTIÇA - PGJ;TOTAL DA UNIDADE;total;3667331618,00;842087255,00;56836000,00;5000000,00;4571254873,00
OUVIDORIA-GERAL DO ESTADO DE MINAS GERAIS - OGE;OUVIDORIA-GERAL DO ESTADO DE MINAS GERAIS - OGE;10 - RECURSOS ORDINÁRIOS - RECURSOS NÃO VINCULADOS DE IMPOSTOS;parcela;15149831,00;3524998,00;0,00;0,00;18674829,00
OUVIDORIA-GERAL DO ESTADO DE MINAS GERAIS - OGE;OUVIDORIA-GERAL DO ESTADO DE MINAS GERAIS - OGE;TOTAL DA UNIDADE;total;15149831,00;3524998,00;0,00;0,00;18674829,00
SECRETARIA DE ESTADO DE FAZENDA - SEF;SECRETARIA DE ESTADO DE FAZENDA - SEF;10 - RECURSOS ORDINÁRIOS - RECURSOS NÃO VINCULADOS DE IMPOSTOS;parcela;1202693,00;313693252,00;4546514,00;0,00;319442459,00
SECRETARIA DE ESTADO DE FAZENDA - SEF;SECRETARIA DE ESTADO DE FAZENDA - SEF;15 - RECURSOS ORDINÁRIOS - OUTROS RECURSOS NÃO VINCULADOS;parcela;1596505386,00;0,00;0,00;0,00;1596505386,00
SECRETARIA DE ESTADO DE FAZENDA - SEF;SECRETARIA DE ESTADO DE FAZENDA - SEF;27 - TAXA DE SEGURANÇA PÚBLICA;parcela;0,00;20000000,00;0,00;0,00;20000000,00
SECRETARIA DE ESTADO DE FAZENDA - SEF;SECRETARIA DE ESTADO DE FAZENDA - SEF;29 - TAXA DE EXPEDIENTE - ADMINISTRAÇÃO DIRETA;parcela;0,00;29232687,00;0,00;0,00;29232687,00
SECRETARIA DE ESTADO DE FAZENDA - SEF;SECRETARIA DE ESTADO DE FAZENDA - SEF;48 - ALIENAÇÃO DE BENS DO TESOURO ESTADUAL;parcela;0,00;0,00;17220626,00;0,00;17220626,00
SECRETARIA DE ESTADO DE FAZENDA - SEF;SECRETARIA DE ESTADO DE FAZENDA - SEF;74 - ACORDOS E AJUSTES DE COOPERAÇÃO MÚTUA COM AS INSTITUIÇÕES PRIVADAS E OS ORGANISMOS DO EXTERIOR;parcela;0,00;0,00;23801000,00;0,00;23801000,00
SECRETARIA DE ESTADO DE FAZENDA - SEF;SECRETARIA DE ESTADO DE FAZENDA - SEF;83 - NOTIFICACAO DE INFRACAO DE TRANSITO FUNTRANS;parcela;0,00;960000,00;0,00;0,00;960000,00
SECRETARIA DE ESTADO DE FAZENDA - SEF;SECRETARIA DE ESTADO DE FAZENDA - SEF;9 - TERMOS DE AJUSTAMENTO, DOAÇÕES CONTROLADAS POR INSTRUMENTO JURÍDICO E CONGÊNERES;parcela;0,00;5000,00;0,00;0,00;5000,00
SECRETARIA DE ESTADO DE FAZENDA - SEF;SECRETARIA DE ESTADO DE FAZENDA - SEF;TOTAL DA UNIDADE;total;1597708079,00;363890939,00;45568140,00;0,00;2007167158,00
SECRETARIA DE ESTADO DE DESENVOLVIMENTO ECONÔMICO - SEDE;SECRETARIA DE ESTADO DE DESENVOLVIMENTO ECONÔMICO - SEDE;10 - RECURSOS ORDINÁRIOS - RECURSOS NÃO VINCULADOS DE IMPOSTOS;parcela;21940165,00;22608711,00;250000,00;0,00;44798876,00
SECRETARIA DE ESTADO DE DESENVOLVIMENTO ECONÔMICO - SEDE;SECRETARIA DE ESTADO DE DESENVOLVIMENTO ECONÔMICO - SEDE;24 - CONVÊNIOS COM A UNIÃO E SUAS ENTIDADES - EXCETO EMENDAS INDIVIDUAIS E DE BANCADA;parcela;0,00;0,00;3009520,00;0,00;3009520,00
SECRETARIA DE ESTADO DE DESENVOLVIMENTO ECONÔMICO - SEDE;SECRETARIA DE ESTADO DE DESENVOLVIMENTO ECONÔMICO - SEDE;32 - EXPLORAÇÃO DE RECURSOS MINERAIS;parcela;0,00;4656737,00;11192448,00;0,00;15849185,00
SECRETARIA DE ESTADO DE DESENVOLVIMENTO ECONÔMICO - SEDE;SECRETARIA DE ESTADO DE DESENVOLVIMENTO ECONÔMICO - SEDE;80 - RECURSOS DO ACORDO DE REPACTUAÇÃO DO RIO DOCE;parcela;0,00;57205084,00;4000000,00;70200000,00;131405084,00
SECRETARIA DE ESTADO DE DESENVOLVIMENTO ECONÔMICO - SEDE;SECRETARIA DE ESTADO DE DESENVOLVIMENTO ECONÔMICO - SEDE;98 - TRANSFERÊNCIAS ESPECIAIS DE RECURSOS DA UNIÃO;parcela;0,00;308341,00;0,00;0,00;308341,00
SECRETARIA DE ESTADO DE DESENVOLVIMENTO ECONÔMICO - SEDE;SECRETARIA DE ESTADO DE DESENVOLVIMENTO ECONÔMICO - SEDE;TOTAL DA UNIDADE;total;21940165,00;84778873,00;18451968,00;70200000,00;195371006,00
SECRETARIA DE ESTADO DE AGRICULTURA, PECUÁRIA E ABASTECIMENTO - SEAPA;SECRETARIA DE ESTADO DE AGRICULTURA, PECUÁRIA E ABASTECIMENTO - SEAPA;1 - CONVÊNIOS COM A UNIÃO E SUAS ENTIDADES - EMENDAS INDIVIDUAIS;parcela;0,00;766000,00;0,00;0,00;766000,00
SECRETARIA DE ESTADO DE AGRICULTURA, PECUÁRIA E ABASTECIMENTO - SEAPA;SECRETARIA DE ESTADO DE AGRICULTURA, PECUÁRIA E ABASTECIMENTO - SEAPA;10 - RECURSOS ORDINÁRIOS - RECURSOS NÃO VINCULADOS DE IMPOSTOS;parcela;21572634,00;20534161,00;25897528,00;0,00;68004323,00
SECRETARIA DE ESTADO DE AGRICULTURA, PECUÁRIA E ABASTECIMENTO - SEAPA;SECRETARIA DE ESTADO DE AGRICULTURA, PECUÁRIA E ABASTECIMENTO - SEAPA;24 - CONVÊNIOS COM A UNIÃO E SUAS ENTIDADES - EXCETO EMENDAS INDIVIDUAIS E DE BANCADA;parcela;0,00;7648402,00;0,00;0,00;7648402,00
SECRETARIA DE ESTADO DE AGRICULTURA, PECUÁRIA E ABASTECIMENTO - SEAPA;SECRETARIA DE ESTADO DE AGRICULTURA, PECUÁRIA E ABASTECIMENTO - SEAPA;59 - OUTROS RECURSOS VINCULADOS;parcela;0,00;3522082,00;0,00;0,00;3522082,00
SECRETARIA DE ESTADO DE AGRICULTURA, PECUÁRIA E ABASTECIMENTO - SEAPA;SECRETARIA DE ESTADO DE AGRICULTURA, PECUÁRIA E ABASTECIMENTO - SEAPA;69 - CONVÊNIOS COM OS ESTADOS E O DISTRITO FEDERAL;parcela;0,00;5205873,00;0,00;0,00;5205873,00
SECRETARIA DE ESTADO DE AGRICULTURA, PECUÁRIA E ABASTECIMENTO - SEAPA;SECRETARIA DE ESTADO DE AGRICULTURA, PECUÁRIA E ABASTECIMENTO - SEAPA;71 - RECURSOS DO FUNDO ESTADUAL DE ERRADICACAO DA MISERIA;parcela;1618259,00;28151924,00;0,00;0,00;29770183,00
SECRETARIA DE ESTADO DE AGRICULTURA, PECUÁRIA E ABASTECIMENTO - SEAPA;SECRETARIA DE ESTADO DE AGRICULTURA, PECUÁRIA E ABASTECIMENTO - SEAPA;80 - RECURSOS DO ACORDO DE REPACTUAÇÃO DO RIO DOCE;parcela;0,00;10256474,00;30000000,00;0,00;40256474,00
SECRETARIA DE ESTADO DE AGRICULTURA, PECUÁRIA E ABASTECIMENTO - SEAPA;SECRETARIA DE ESTADO DE AGRICULTURA, PECUÁRIA E ABASTECIMENTO - SEAPA;98 - TRANSFERÊNCIAS ESPECIAIS DE RECURSOS DA UNIÃO;parcela;0,00;2889657,00;0,00;0,00;2889657,00
SECRETARIA DE ESTADO DE AGRICULTURA, PECUÁRIA E ABASTECIMENTO - SEAPA;SECRETARIA DE ESTADO DE AGRICULTURA, PECUÁRIA E ABASTECIMENTO - SEAPA;TOTAL DA UNIDADE;total;23190893,00;78974573,00;55897528,00;0,00;158062994,00
POLÍCIA MILITAR DO ESTADO DE MINAS GERAIS - PMMG;POLÍCIA MILITAR DO ESTADO DE MINAS GERAIS - PMMG;1 - CONVÊNIOS COM A UNIÃO E SUAS ENTIDADES - EMENDAS INDIVIDUAIS;parcela;0,00;4369510,00;42371253,00;0,00;46740763,00
POLÍCIA MILITAR DO ESTADO DE MINAS GERAIS - PMMG;POLÍCIA MILITAR DO ESTADO DE MINAS GERAIS - PMMG;10 - RECURSOS ORDINÁRIOS - RECURSOS NÃO VINCULADOS DE IMPOSTOS;parcela;16442911143,00;1397354950,00;46728336,00;0,00;17886994429,00
POLÍCIA MILITAR DO ESTADO DE MINAS GERAIS - PMMG;POLÍCIA MILITAR DO ESTADO DE MINAS GERAIS - PMMG;2 - CONVÊNIOS COM A UNIÃO E SUAS ENTIDADES - EMENDAS DE BANCADA;parcela;0,00;10623211,00;55850129,00;0,00;66473340,00
POLÍCIA MILITAR DO ESTADO DE MINAS GERAIS - PMMG;POLÍCIA MILITAR DO ESTADO DE MINAS GERAIS - PMMG;24 - CONVÊNIOS COM A UNIÃO E SUAS ENTIDADES - EXCETO EMENDAS INDIVIDUAIS E DE BANCADA;parcela;0,00;25624405,00;41481242,00;0,00;67105647,00
POLÍCIA MILITAR DO ESTADO DE MINAS GERAIS - PMMG;POLÍCIA MILITAR DO ESTADO DE MINAS GERAIS - PMMG;27 - TAXA DE SEGURANÇA PÚBLICA;parcela;135219284,00;0,00;0,00;0,00;135219284,00
POLÍCIA MILITAR DO ESTADO DE MINAS GERAIS - PMMG;POLÍCIA MILITAR DO ESTADO DE MINAS GERAIS - PMMG;30 - CONTRIBUIÇÃO À APOSENTADORIA;parcela;158202401,00;0,00;0,00;0,00;158202401,00
POLÍCIA MILITAR DO ESTADO DE MINAS GERAIS - PMMG;POLÍCIA MILITAR DO ESTADO DE MINAS GERAIS - PMMG;45 - DOAÇÕES DE PESSOAS, DE INSTITUIÇÕES PRIVADAS OU DO EXTERIOR A ÓRGÃO E ENTIDADES DO ESTADO;parcela;0,00;71605,00;239721,00;0,00;311326,00
POLÍCIA MILITAR DO ESTADO DE MINAS GERAIS - PMMG;POLÍCIA MILITAR DO ESTADO DE MINAS GERAIS - PMMG;60 - RECURSOS DIRETAMENTE ARRECADADOS;parcela;0,00;141656117,00;9754107,00;0,00;151410224,00
POLÍCIA MILITAR DO ESTADO DE MINAS GERAIS - PMMG;POLÍCIA MILITAR DO ESTADO DE MINAS GERAIS - PMMG;68 - CONVÊNIOS COM AS INSTITUIÇÕES PRIVADAS E OS ORGANISMOS DO EXTERIOR;parcela;0,00;1678872,00;864432,00;0,00;2543304,00
POLÍCIA MILITAR DO ESTADO DE MINAS GERAIS - PMMG;POLÍCIA MILITAR DO ESTADO DE MINAS GERAIS - PMMG;69 - CONVÊNIOS COM OS ESTADOS E O DISTRITO FEDERAL;parcela;0,00;10992459,00;5984400,00;0,00;16976859,00
POLÍCIA MILITAR DO ESTADO DE MINAS GERAIS - PMMG;POLÍCIA MILITAR DO ESTADO DE MINAS GERAIS - PMMG;70 - CONVÊNIOS COM OS MUNICÍPIOS;parcela;0,00;39728323,00;30107727,00;0,00;69836050,00
POLÍCIA MILITAR DO ESTADO DE MINAS GERAIS - PMMG;POLÍCIA MILITAR DO ESTADO DE MINAS GERAIS - PMMG;73 - ACORDOS, AJUSTES E DEMAIS INSTRUMENTOS DE COOPERAÇÃO MÚTUA COM A UNIÃO E SUAS ENTIDADES;parcela;0,00;30000000,00;43191777,00;0,00;73191777,00
POLÍCIA MILITAR DO ESTADO DE MINAS GERAIS - PMMG;POLÍCIA MILITAR DO ESTADO DE MINAS GERAIS - PMMG;75 - CONTRIBUICAO PATRONAL PARA CUSTEIO DOS PROVENTOS DOS MILITARES;parcela;580294911,00;0,00;0,00;0,00;580294911,00
POLÍCIA MILITAR DO ESTADO DE MINAS GERAIS - PMMG;POLÍCIA MILITAR DO ESTADO DE MINAS GERAIS - PMMG;82 - NOTIFICACAO DE INFRACAO DE TRANSITO ESTADO;parcela;0,00;15000000,00;0,00;0,00;15000000,00
POLÍCIA MILITAR DO ESTADO DE MINAS GERAIS - PMMG;POLÍCIA MILITAR DO ESTADO DE MINAS GERAIS - PMMG;83 - NOTIFICACAO DE INFRACAO DE TRANSITO FUNTRANS;parcela;0,00;15000000,00;0,00;0,00;15000000,00
POLÍCIA MILITAR DO ESTADO DE MINAS GERAIS - PMMG;POLÍCIA MILITAR DO ESTADO DE MINAS GERAIS - PMMG;9 - TERMOS DE AJUSTAMENTO, DOAÇÕES CONTROLADAS POR INSTRUMENTO JURÍDICO E CONGÊNERES;parcela;0,00;2837655,00;1216138,00;0,00;4053793,00
POLÍCIA MILITAR DO ESTADO DE MINAS GERAIS - PMMG;POLÍCIA MILITAR DO ESTADO DE MINAS GERAIS - PMMG;98 - TRANSFERÊNCIAS ESPECIAIS DE RECURSOS DA UNIÃO;parcela;0,00;1000000,00;13581975,00;0,00;14581975,00
POLÍCIA MILITAR DO ESTADO DE MINAS GERAIS - PMMG;POLÍCIA MILITAR DO ESTADO DE MINAS GERAIS - PMMG;TOTAL DA UNIDADE;total;17316627739,00;1695937107,00;291371237,00;0,00;19303936083,00
SECRETARIA DE ESTADO DE EDUCAÇÃO - SEE;SECRETARIA DE ESTADO DE EDUCAÇÃO - SEE;10 - RECURSOS ORDINÁRIOS - RECURSOS NÃO VINCULADOS DE IMPOSTOS;parcela;1806064440,00;2459403036,00;782522636,00;10000000,00;5057990112,00
SECRETARIA DE ESTADO DE EDUCAÇÃO - SEE;SECRETARIA DE ESTADO DE EDUCAÇÃO - SEE;13 - FUNDO DE MANUTENÇÃO E DESENVOLVIMENTO DA EDUCAÇÃO BÁSICA - FUNDEB - REGULARIZAÇÃO DE EXERCÍCIOS ANTERIORES;parcela;0,00;2194500,00;0,00;0,00;2194500,00
SECRETARIA DE ESTADO DE EDUCAÇÃO - SEE;SECRETARIA DE ESTADO DE EDUCAÇÃO - SEE;21 - COTA ESTADUAL DO SALÁRIO EDUCAÇÃO - QESE;parcela;0,00;899984480,00;283020,00;0,00;900267500,00
SECRETARIA DE ESTADO DE EDUCAÇÃO - SEE;SECRETARIA DE ESTADO DE EDUCAÇÃO - SEE;23 - FUNDO DE MANUTENCAO E DESENVOLVIMENTO DA EDUCACAO BASICA - FUNDEB;parcela;13592585765,00;292950550,00;0,00;0,00;13885536315,00
SECRETARIA DE ESTADO DE EDUCAÇÃO - SEE;SECRETARIA DE ESTADO DE EDUCAÇÃO - SEE;24 - CONVÊNIOS COM A UNIÃO E SUAS ENTIDADES - EXCETO EMENDAS INDIVIDUAIS E DE BANCADA;parcela;0,00;2000,00;0,00;0,00;2000,00
SECRETARIA DE ESTADO DE EDUCAÇÃO - SEE;SECRETARIA DE ESTADO DE EDUCAÇÃO - SEE;3 - TRANSFERÊNCIAS DO FNDE VINCULADAS À EDUCAÇÃO - EMENDAS INDIVIDUAIS;parcela;0,00;5915678,00;2831666,00;0,00;8747344,00
SECRETARIA DE ESTADO DE EDUCAÇÃO - SEE;SECRETARIA DE ESTADO DE EDUCAÇÃO - SEE;36 - TRANSFERÊNCIAS DO FNDE VINCULADAS À EDUCAÇÃO - EXCETO EMENDAS INDIVIDUAIS E DE BANCADA;parcela;0,00;155211265,00;231304479,00;0,00;386515744,00
SECRETARIA DE ESTADO DE EDUCAÇÃO - SEE;SECRETARIA DE ESTADO DE EDUCAÇÃO - SEE;71 - RECURSOS DO FUNDO ESTADUAL DE ERRADICACAO DA MISERIA;parcela;0,00;141698901,00;0,00;0,00;141698901,00
SECRETARIA DE ESTADO DE EDUCAÇÃO - SEE;SECRETARIA DE ESTADO DE EDUCAÇÃO - SEE;89 - RECURSOS DO FUNDO DE EQUALIZAÇÃO FEDERATIVA – FEF;parcela;0,00;150000000,00;223231200,00;0,00;373231200,00
SECRETARIA DE ESTADO DE EDUCAÇÃO - SEE;SECRETARIA DE ESTADO DE EDUCAÇÃO - SEE;98 - TRANSFERÊNCIAS ESPECIAIS DE RECURSOS DA UNIÃO;parcela;0,00;0,00;4224881,00;0,00;4224881,00
SECRETARIA DE ESTADO DE EDUCAÇÃO - SEE;SECRETARIA DE ESTADO DE EDUCAÇÃO - SEE;TOTAL DA UNIDADE;total;15398650205,00;4107360410,00;1244397882,00;10000000,00;20760408497,00
SECRETARIA DE ESTADO DE CULTURA E TURISMO - SECULT;SECRETARIA DE ESTADO DE CULTURA E TURISMO - SECULT;10 - RECURSOS ORDINÁRIOS - RECURSOS NÃO VINCULADOS DE IMPOSTOS;parcela;26984745,00;54176667,00;3250000,00;0,00;84411412,00
SECRETARIA DE ESTADO DE CULTURA E TURISMO - SECULT;SECRETARIA DE ESTADO DE CULTURA E TURISMO - SECULT;16 - DEMAIS TRANSFERÊNCIAS VINCULADAS DA UNIÃO;parcela;0,00;170002000,00;0,00;0,00;170002000,00
SECRETARIA DE ESTADO DE CULTURA E TURISMO - SECULT;SECRETARIA DE ESTADO DE CULTURA E TURISMO - SECULT;24 - CONVÊNIOS COM A UNIÃO E SUAS ENTIDADES - EXCETO EMENDAS INDIVIDUAIS E DE BANCADA;parcela;0,00;1052638,00;32090594,00;0,00;33143232,00
SECRETARIA DE ESTADO DE CULTURA E TURISMO - SECULT;SECRETARIA DE ESTADO DE CULTURA E TURISMO - SECULT;69 - CONVÊNIOS COM OS ESTADOS E O DISTRITO FEDERAL;parcela;0,00;2000,00;1486073,00;0,00;1488073,00
SECRETARIA DE ESTADO DE CULTURA E TURISMO - SECULT;SECRETARIA DE ESTADO DE CULTURA E TURISMO - SECULT;TOTAL DA UNIDADE;total;26984745,00;225233305,00;36826667,00;0,00;289044717,00
SECRETARIA DE ESTADO DE INFRAESTRUTURA, MOBILIDADE E PARCERIA - SEINFRA;SECRETARIA DE ESTADO DE INFRAESTRUTURA, MOBILIDADE E PARCERIAS - SEINFRA;10 - RECURSOS ORDINÁRIOS - RECURSOS NÃO VINCULADOS DE IMPOSTOS;parcela;46038568,00;76969918,00;76711248,00;0,00;199719734,00
SECRETARIA DE ESTADO DE INFRAESTRUTURA, MOBILIDADE E PARCERIA - SEINFRA;SECRETARIA DE ESTADO DE INFRAESTRUTURA, MOBILIDADE E PARCERIAS - SEINFRA;24 - CONVÊNIOS COM A UNIÃO E SUAS ENTIDADES - EXCETO EMENDAS INDIVIDUAIS E DE BANCADA;parcela;0,00;7150001,00;191527757,00;0,00;198677758,00
SECRETARIA DE ESTADO DE INFRAESTRUTURA, MOBILIDADE E PARCERIA - SEINFRA;SECRETARIA DE ESTADO DE INFRAESTRUTURA, MOBILIDADE E PARCERIAS - SEINFRA;32 - EXPLORAÇÃO DE RECURSOS MINERAIS;parcela;0,00;0,00;13206307,00;0,00;13206307,00
SECRETARIA DE ESTADO DE INFRAESTRUTURA, MOBILIDADE E PARCERIA - SEINFRA;SECRETARIA DE ESTADO DE INFRAESTRUTURA, MOBILIDADE E PARCERIAS - SEINFRA;70 - CONVÊNIOS COM OS MUNICÍPIOS;parcela;0,00;1386000,00;4000000,00;0,00;5386000,00
SECRETARIA DE ESTADO DE INFRAESTRUTURA, MOBILIDADE E PARCERIA - SEINFRA;SECRETARIA DE ESTADO DE INFRAESTRUTURA, MOBILIDADE E PARCERIAS - SEINFRA;73 - ACORDOS, AJUSTES E DEMAIS INSTRUMENTOS DE COOPERAÇÃO MÚTUA COM A UNIÃO E SUAS ENTIDADES;parcela;0,00;1268000,00;0,00;0,00;1268000,00
SECRETARIA DE ESTADO DE INFRAESTRUTURA, MOBILIDADE E PARCERIA - SEINFRA;SECRETARIA DE ESTADO DE INFRAESTRUTURA, MOBILIDADE E PARCERIAS - SEINFRA;74 - ACORDOS E AJUSTES DE COOPERAÇÃO MÚTUA COM AS INSTITUIÇÕES PRIVADAS E OS ORGANISMOS DO EXTERIOR;parcela;0,00;1201000,00;0,00;0,00;1201000,00
SECRETARIA DE ESTADO DE INFRAESTRUTURA, MOBILIDADE E PARCERIA - SEINFRA;SECRETARIA DE ESTADO DE INFRAESTRUTURA, MOBILIDADE E PARCERIAS - SEINFRA;95 - RECURSOS RECEBIDOS POR DANOS ADVINDOS DE DESASTRES SOCIOAMBIENTAIS;parcela;0,00;0,00;324157748,00;0,00;324157748,00
SECRETARIA DE ESTADO DE INFRAESTRUTURA, MOBILIDADE E PARCERIA - SEINFRA;SECRETARIA DE ESTADO DE INFRAESTRUTURA, MOBILIDADE E PARCERIAS - SEINFRA;98 - TRANSFERÊNCIAS ESPECIAIS DE RECURSOS DA UNIÃO;parcela;0,00;0,00;1255803,00;0,00;1255803,00
SECRETARIA DE ESTADO DE INFRAESTRUTURA, MOBILIDADE E PARCERIA - SEINFRA;SECRETARIA DE ESTADO DE INFRAESTRUTURA, MOBILIDADE E PARCERIAS - SEINFRA;TOTAL DA UNIDADE;total;46038568,00;87974919,00;610858863,00;0,00;744872350,00
SECRETARIA DE ESTADO DE MEIO AMBIENTE E DESENVOLVIMENTO SUSTENTÁVEL - SEMAD;SECRETARIA DE ESTADO DE MEIO AMBIENTE E DESENVOLVIMENTO SUSTENTÁVEL - SEMAD;10 - RECURSOS ORDINÁRIOS - RECURSOS NÃO VINCULADOS DE IMPOSTOS;parcela;0,00;30901000,00;6408000,00;0,00;37309000,00
SECRETARIA DE ESTADO DE MEIO AMBIENTE E DESENVOLVIMENTO SUSTENTÁVEL - SEMAD;SECRETARIA DE ESTADO DE MEIO AMBIENTE E DESENVOLVIMENTO SUSTENTÁVEL - SEMAD;24 - CONVÊNIOS COM A UNIÃO E SUAS ENTIDADES - EXCETO EMENDAS INDIVIDUAIS E DE BANCADA;parcela;0,00;544272,00;58463068,00;0,00;59007340,00
SECRETARIA DE ESTADO DE MEIO AMBIENTE E DESENVOLVIMENTO SUSTENTÁVEL - SEMAD;SECRETARIA DE ESTADO DE MEIO AMBIENTE E DESENVOLVIMENTO SUSTENTÁVEL - SEMAD;29 - TAXA DE EXPEDIENTE - ADMINISTRAÇÃO DIRETA;parcela;0,00;656340,00;0,00;0,00;656340,00
SECRETARIA DE ESTADO DE MEIO AMBIENTE E DESENVOLVIMENTO SUSTENTÁVEL - SEMAD;SECRETARIA DE ESTADO DE MEIO AMBIENTE E DESENVOLVIMENTO SUSTENTÁVEL - SEMAD;31 - UTILIZAÇÃO DE RECURSOS HÍDRICOS;parcela;0,00;18435280,00;0,00;0,00;18435280,00
SECRETARIA DE ESTADO DE MEIO AMBIENTE E DESENVOLVIMENTO SUSTENTÁVEL - SEMAD;SECRETARIA DE ESTADO DE MEIO AMBIENTE E DESENVOLVIMENTO SUSTENTÁVEL - SEMAD;52 - TAXA DE CONTROLE E FISCALIZAÇÃO AMBIENTAL;parcela;0,00;13000000,00;0,00;0,00;13000000,00
SECRETARIA DE ESTADO DE MEIO AMBIENTE E DESENVOLVIMENTO SUSTENTÁVEL - SEMAD;SECRETARIA DE ESTADO DE MEIO AMBIENTE E DESENVOLVIMENTO SUSTENTÁVEL - SEMAD;72 - TAXA DE FISCALIZACAO DE RECURSOS MINERARIOS;parcela;107485536,00;26893376,00;358651,00;0,00;134737563,00
SECRETARIA DE ESTADO DE MEIO AMBIENTE E DESENVOLVIMENTO SUSTENTÁVEL - SEMAD;SECRETARIA DE ESTADO DE MEIO AMBIENTE E DESENVOLVIMENTO SUSTENTÁVEL - SEMAD;79 - CONTRIBUIÇÃO PATRONAL PARA O FUNPREV;parcela;0,00;4000000,00;0,00;0,00;4000000,00
SECRETARIA DE ESTADO DE MEIO AMBIENTE E DESENVOLVIMENTO SUSTENTÁVEL - SEMAD;SECRETARIA DE ESTADO DE MEIO AMBIENTE E DESENVOLVIMENTO SUSTENTÁVEL - SEMAD;80 - RECURSOS DO ACORDO DE REPACTUAÇÃO DO RIO DOCE;parcela;0,00;14656357,00;3160000,00;0,00;17816357,00
SECRETARIA DE ESTADO DE MEIO AMBIENTE E DESENVOLVIMENTO SUSTENTÁVEL - SEMAD;SECRETARIA DE ESTADO DE MEIO AMBIENTE E DESENVOLVIMENTO SUSTENTÁVEL - SEMAD;9 - TERMOS DE AJUSTAMENTO, DOAÇÕES CONTROLADAS POR INSTRUMENTO JURÍDICO E CONGÊNERES;parcela;0,00;0,00;8150603,00;0,00;8150603,00
SECRETARIA DE ESTADO DE MEIO AMBIENTE E DESENVOLVIMENTO SUSTENTÁVEL - SEMAD;SECRETARIA DE ESTADO DE MEIO AMBIENTE E DESENVOLVIMENTO SUSTENTÁVEL - SEMAD;94 - TAXA FLORESTAL - ADMINISTRAÇÃO DIRETA;parcela;0,00;2305099,00;0,00;0,00;2305099,00
SECRETARIA DE ESTADO DE MEIO AMBIENTE E DESENVOLVIMENTO SUSTENTÁVEL - SEMAD;SECRETARIA DE ESTADO DE MEIO AMBIENTE E DESENVOLVIMENTO SUSTENTÁVEL - SEMAD;TOTAL DA UNIDADE;total;107485536,00;111391724,00;76540322,00;0,00;295417582,00
CORPO DE BOMBEIROS MILITAR DO ESTADO DE MINAS GERAIS - CBMMG;CORPO DE BOMBEIROS MILITAR DO ESTADO DE MINAS GERAIS - CBMMG;10 - RECURSOS ORDINÁRIOS - RECURSOS NÃO VINCULADOS DE IMPOSTOS;parcela;1970332594,00;231597717,00;16696635,00;0,00;2218626946,00
CORPO DE BOMBEIROS MILITAR DO ESTADO DE MINAS GERAIS - CBMMG;CORPO DE BOMBEIROS MILITAR DO ESTADO DE MINAS GERAIS - CBMMG;2 - CONVÊNIOS COM A UNIÃO E SUAS ENTIDADES - EMENDAS DE BANCADA;parcela;0,00;0,00;7576202,00;0,00;7576202,00
CORPO DE BOMBEIROS MILITAR DO ESTADO DE MINAS GERAIS - CBMMG;CORPO DE BOMBEIROS MILITAR DO ESTADO DE MINAS GERAIS - CBMMG;24 - CONVÊNIOS COM A UNIÃO E SUAS ENTIDADES - EXCETO EMENDAS INDIVIDUAIS E DE BANCADA;parcela;0,00;220000,00;291000,00;0,00;511000,00
CORPO DE BOMBEIROS MILITAR DO ESTADO DE MINAS GERAIS - CBMMG;CORPO DE BOMBEIROS MILITAR DO ESTADO DE MINAS GERAIS - CBMMG;25 - OPERAÇÕES DE CRÉDITO CONTRATUAIS;parcela;0,00;0,00;4661665,00;0,00;4661665,00
CORPO DE BOMBEIROS MILITAR DO ESTADO DE MINAS GERAIS - CBMMG;CORPO DE BOMBEIROS MILITAR DO ESTADO DE MINAS GERAIS - CBMMG;27 - TAXA DE SEGURANÇA PÚBLICA;parcela;0,00;8832881,00;2160000,00;0,00;10992881,00
CORPO DE BOMBEIROS MILITAR DO ESTADO DE MINAS GERAIS - CBMMG;CORPO DE BOMBEIROS MILITAR DO ESTADO DE MINAS GERAIS - CBMMG;45 - DOAÇÕES DE PESSOAS, DE INSTITUIÇÕES PRIVADAS OU DO EXTERIOR A ÓRGÃO E ENTIDADES DO ESTADO;parcela;0,00;100,00;0,00;0,00;100,00
CORPO DE BOMBEIROS MILITAR DO ESTADO DE MINAS GERAIS - CBMMG;CORPO DE BOMBEIROS MILITAR DO ESTADO DE MINAS GERAIS - CBMMG;60 - RECURSOS DIRETAMENTE ARRECADADOS;parcela;0,00;9598878,00;48202,00;0,00;9647080,00
CORPO DE BOMBEIROS MILITAR DO ESTADO DE MINAS GERAIS - CBMMG;CORPO DE BOMBEIROS MILITAR DO ESTADO DE MINAS GERAIS - CBMMG;66 - ACORDOS E AJUSTES DE COOPERAÇÃO MÚTUA COM OS ESTADOS E O DISTRITO FEDERAL;parcela;0,00;29866,00;46125,00;0,00;75991,00
CORPO DE BOMBEIROS MILITAR DO ESTADO DE MINAS GERAIS - CBMMG;CORPO DE BOMBEIROS MILITAR DO ESTADO DE MINAS GERAIS - CBMMG;70 - CONVÊNIOS COM OS MUNICÍPIOS;parcela;0,00;312000,00;544750,00;0,00;856750,00
CORPO DE BOMBEIROS MILITAR DO ESTADO DE MINAS GERAIS - CBMMG;CORPO DE BOMBEIROS MILITAR DO ESTADO DE MINAS GERAIS - CBMMG;98 - TRANSFERÊNCIAS ESPECIAIS DE RECURSOS DA UNIÃO;parcela;0,00;0,00;15156461,00;0,00;15156461,00
CORPO DE BOMBEIROS MILITAR DO ESTADO DE MINAS GERAIS - CBMMG;CORPO DE BOMBEIROS MILITAR DO ESTADO DE MINAS GERAIS - CBMMG;TOTAL DA UNIDADE;total;1970332594,00;250591442,00;47181040,00;0,00;2268105076,00
DEFENSORIA PUBLICA DO ESTADO DE MINAS GERAIS - DEF PUB;DEFENSORIA PUBLICA DO ESTADO DE MINAS GERAIS - DEF PUB;10 - RECURSOS ORDINÁRIOS - RECURSOS NÃO VINCULADOS DE IMPOSTOS;parcela;777271300,00;247408244,00;5000000,00;0,00;1029679544,00
DEFENSORIA PUBLICA DO ESTADO DE MINAS GERAIS - DEF PUB;DEFENSORIA PUBLICA DO ESTADO DE MINAS GERAIS - DEF PUB;42 - CONTRIBUIÇÃO PATRONAL PARA O RPPS;parcela;101210335,00;0,00;0,00;0,00;101210335,00
DEFENSORIA PUBLICA DO ESTADO DE MINAS GERAIS - DEF PUB;DEFENSORIA PUBLICA DO ESTADO DE MINAS GERAIS - DEF PUB;43 - CONTRIBUIÇÃO DO SERVIDOR PARA O RPPS;parcela;67978647,00;0,00;0,00;0,00;67978647,00
DEFENSORIA PUBLICA DO ESTADO DE MINAS GERAIS - DEF PUB;DEFENSORIA PUBLICA DO ESTADO DE MINAS GERAIS - DEF PUB;60 - RECURSOS DIRETAMENTE ARRECADADOS;parcela;0,00;5500000,00;7254323,00;0,00;12754323,00
DEFENSORIA PUBLICA DO ESTADO DE MINAS GERAIS - DEF PUB;DEFENSORIA PUBLICA DO ESTADO DE MINAS GERAIS - DEF PUB;TOTAL DA UNIDADE;total;946460282,00;252908244,00;12254323,00;0,00;1211622849,00
SECRETARIA DE ESTADO DE JUSTIÇA E SEGURANÇA PÚBLICA - SEJUSP;SECRETARIA DE ESTADO DE JUSTIÇA E SEGURANÇA PÚBLICA - SEJUSP;1 - CONVÊNIOS COM A UNIÃO E SUAS ENTIDADES - EMENDAS INDIVIDUAIS;parcela;0,00;2000,00;347292,00;0,00;349292,00
SECRETARIA DE ESTADO DE JUSTIÇA E SEGURANÇA PÚBLICA - SEJUSP;SECRETARIA DE ESTADO DE JUSTIÇA E SEGURANÇA PÚBLICA - SEJUSP;10 - RECURSOS ORDINÁRIOS - RECURSOS NÃO VINCULADOS DE IMPOSTOS;parcela;1926000297,00;870773596,00;16959960,00;0,00;2813733853,00
SECRETARIA DE ESTADO DE JUSTIÇA E SEGURANÇA PÚBLICA - SEJUSP;SECRETARIA DE ESTADO DE JUSTIÇA E SEGURANÇA PÚBLICA - SEJUSP;2 - CONVÊNIOS COM A UNIÃO E SUAS ENTIDADES - EMENDAS DE BANCADA;parcela;0,00;2000,00;1103209,00;0,00;1105209,00
SECRETARIA DE ESTADO DE JUSTIÇA E SEGURANÇA PÚBLICA - SEJUSP;SECRETARIA DE ESTADO DE JUSTIÇA E SEGURANÇA PÚBLICA - SEJUSP;24 - CONVÊNIOS COM A UNIÃO E SUAS ENTIDADES - EXCETO EMENDAS INDIVIDUAIS E DE BANCADA;parcela;0,00;12797692,00;81451428,00;0,00;94249120,00
SECRETARIA DE ESTADO DE JUSTIÇA E SEGURANÇA PÚBLICA - SEJUSP;SECRETARIA DE ESTADO DE JUSTIÇA E SEGURANÇA PÚBLICA - SEJUSP;27 - TAXA DE SEGURANÇA PÚBLICA;parcela;1082032369,00;30183513,00;0,00;0,00;1112215882,00
SECRETARIA DE ESTADO DE JUSTIÇA E SEGURANÇA PÚBLICA - SEJUSP;SECRETARIA DE ESTADO DE JUSTIÇA E SEGURANÇA PÚBLICA - SEJUSP;57 - TRANSFERÊNCIAS DA UNIÃO POR MEIO DE PORTARIA - EXCETO EMENDAS INDIVIDUAIS E DE BANCADA;parcela;1138967,00;0,00;0,00;0,00;1138967,00
SECRETARIA DE ESTADO DE JUSTIÇA E SEGURANÇA PÚBLICA - SEJUSP;SECRETARIA DE ESTADO DE JUSTIÇA E SEGURANÇA PÚBLICA - SEJUSP;60 - RECURSOS DIRETAMENTE ARRECADADOS;parcela;0,00;885027237,00;0,00;0,00;885027237,00
SECRETARIA DE ESTADO DE JUSTIÇA E SEGURANÇA PÚBLICA - SEJUSP;SECRETARIA DE ESTADO DE JUSTIÇA E SEGURANÇA PÚBLICA - SEJUSP;61 - RECURSOS DIRETAMENTE ARRECADADOS COM VINCULAÇÃO ESPECÍFICA;parcela;0,00;61000,00;0,00;0,00;61000,00
SECRETARIA DE ESTADO DE JUSTIÇA E SEGURANÇA PÚBLICA - SEJUSP;SECRETARIA DE ESTADO DE JUSTIÇA E SEGURANÇA PÚBLICA - SEJUSP;70 - CONVÊNIOS COM OS MUNICÍPIOS;parcela;0,00;2000,00;45020,00;0,00;47020,00
SECRETARIA DE ESTADO DE JUSTIÇA E SEGURANÇA PÚBLICA - SEJUSP;SECRETARIA DE ESTADO DE JUSTIÇA E SEGURANÇA PÚBLICA - SEJUSP;98 - TRANSFERÊNCIAS ESPECIAIS DE RECURSOS DA UNIÃO;parcela;0,00;0,00;915391,00;0,00;915391,00
SECRETARIA DE ESTADO DE JUSTIÇA E SEGURANÇA PÚBLICA - SEJUSP;SECRETARIA DE ESTADO DE JUSTIÇA E SEGURANÇA PÚBLICA - SEJUSP;TOTAL DA UNIDADE;total;3009171633,00;1798849038,00;100822300,00;0,00;4908842971,00
SECRETARIA DE ESTADO DE DESENVOLVIMENTO SOCIAL - SEDESE;SECRETARIA DE ESTADO DE DESENVOLVIMENTO SOCIAL - SEDESE;1 - CONVÊNIOS COM A UNIÃO E SUAS ENTIDADES - EMENDAS INDIVIDUAIS;parcela;0,00;2000,00;0,00;0,00;2000,00
SECRETARIA DE ESTADO DE DESENVOLVIMENTO SOCIAL - SEDESE;SECRETARIA DE ESTADO DE DESENVOLVIMENTO SOCIAL - SEDESE;10 - RECURSOS ORDINÁRIOS - RECURSOS NÃO VINCULADOS DE IMPOSTOS;parcela;50717328,00;21294758,00;13465820,00;0,00;85477906,00
SECRETARIA DE ESTADO DE DESENVOLVIMENTO SOCIAL - SEDESE;SECRETARIA DE ESTADO DE DESENVOLVIMENTO SOCIAL - SEDESE;2 - CONVÊNIOS COM A UNIÃO E SUAS ENTIDADES - EMENDAS DE BANCADA;parcela;0,00;290379,00;0,00;0,00;290379,00
SECRETARIA DE ESTADO DE DESENVOLVIMENTO SOCIAL - SEDESE;SECRETARIA DE ESTADO DE DESENVOLVIMENTO SOCIAL - SEDESE;24 - CONVÊNIOS COM A UNIÃO E SUAS ENTIDADES - EXCETO EMENDAS INDIVIDUAIS E DE BANCADA;parcela;0,00;7614803,00;1516942,00;0,00;9131745,00
SECRETARIA DE ESTADO DE DESENVOLVIMENTO SOCIAL - SEDESE;SECRETARIA DE ESTADO DE DESENVOLVIMENTO SOCIAL - SEDESE;38 - TRANSFERÊNCIAS DA UNIÃO VINCULADAS AO ESPORTE;parcela;0,00;24195420,00;0,00;0,00;24195420,00
SECRETARIA DE ESTADO DE DESENVOLVIMENTO SOCIAL - SEDESE;SECRETARIA DE ESTADO DE DESENVOLVIMENTO SOCIAL - SEDESE;59 - OUTROS RECURSOS VINCULADOS;parcela;0,00;3415300,00;0,00;0,00;3415300,00
SECRETARIA DE ESTADO DE DESENVOLVIMENTO SOCIAL - SEDESE;SECRETARIA DE ESTADO DE DESENVOLVIMENTO SOCIAL - SEDESE;71 - RECURSOS DO FUNDO ESTADUAL DE ERRADICACAO DA MISERIA;parcela;17655646,00;96221867,00;9700000,00;0,00;123577513,00
SECRETARIA DE ESTADO DE DESENVOLVIMENTO SOCIAL - SEDESE;SECRETARIA DE ESTADO DE DESENVOLVIMENTO SOCIAL - SEDESE;80 - RECURSOS DO ACORDO DE REPACTUAÇÃO DO RIO DOCE;parcela;0,00;10247519,00;0,00;0,00;10247519,00
SECRETARIA DE ESTADO DE DESENVOLVIMENTO SOCIAL - SEDESE;SECRETARIA DE ESTADO DE DESENVOLVIMENTO SOCIAL - SEDESE;98 - TRANSFERÊNCIAS ESPECIAIS DE RECURSOS DA UNIÃO;parcela;0,00;0,00;1363444,00;0,00;1363444,00
SECRETARIA DE ESTADO DE DESENVOLVIMENTO SOCIAL - SEDESE;SECRETARIA DE ESTADO DE DESENVOLVIMENTO SOCIAL - SEDESE;TOTAL DA UNIDADE;total;68372974,00;163282046,00;26046206,00;0,00;257701226,00
SECRETARIA DE ESTADO DE GOVERNO - SEGOV;SECRETARIA DE ESTADO DE GOVERNO - SEGOV;10 - RECURSOS ORDINÁRIOS - RECURSOS NÃO VINCULADOS DE IMPOSTOS;parcela;48354448,00;72094242,00;935059742,00;0,00;1055508432,00
SECRETARIA DE ESTADO DE GOVERNO - SEGOV;SECRETARIA DE ESTADO DE GOVERNO - SEGOV;TOTAL DA UNIDADE;total;48354448,00;72094242,00;935059742,00;0,00;1055508432,00
SECRETARIA DE ESTADO DE PLANEJAMENTO E GESTÃO - SEPLAG;SECRETARIA DE ESTADO DE PLANEJAMENTO E GESTÃO - SEPLAG;10 - RECURSOS ORDINÁRIOS - RECURSOS NÃO VINCULADOS DE IMPOSTOS;parcela;293868791,00;330508376,00;43560668,00;0,00;667937835,00
SECRETARIA DE ESTADO DE PLANEJAMENTO E GESTÃO - SEPLAG;SECRETARIA DE ESTADO DE PLANEJAMENTO E GESTÃO - SEPLAG;15 - RECURSOS ORDINÁRIOS - OUTROS RECURSOS NÃO VINCULADOS;parcela;0,00;213137271,00;1033274,00;0,00;214170545,00
SECRETARIA DE ESTADO DE PLANEJAMENTO E GESTÃO - SEPLAG;SECRETARIA DE ESTADO DE PLANEJAMENTO E GESTÃO - SEPLAG;25 - OPERAÇÕES DE CRÉDITO CONTRATUAIS;parcela;0,00;0,00;5109300,00;0,00;5109300,00
SECRETARIA DE ESTADO DE PLANEJAMENTO E GESTÃO - SEPLAG;SECRETARIA DE ESTADO DE PLANEJAMENTO E GESTÃO - SEPLAG;52 - TAXA DE CONTROLE E FISCALIZAÇÃO AMBIENTAL;parcela;0,00;1633636,00;0,00;0,00;1633636,00
SECRETARIA DE ESTADO DE PLANEJAMENTO E GESTÃO - SEPLAG;SECRETARIA DE ESTADO DE PLANEJAMENTO E GESTÃO - SEPLAG;59 - OUTROS RECURSOS VINCULADOS;parcela;0,00;1290973,00;0,00;0,00;1290973,00
SECRETARIA DE ESTADO DE PLANEJAMENTO E GESTÃO - SEPLAG;SECRETARIA DE ESTADO DE PLANEJAMENTO E GESTÃO - SEPLAG;60 - RECURSOS DIRETAMENTE ARRECADADOS;parcela;0,00;12118747,00;0,00;0,00;12118747,00
SECRETARIA DE ESTADO DE PLANEJAMENTO E GESTÃO - SEPLAG;SECRETARIA DE ESTADO DE PLANEJAMENTO E GESTÃO - SEPLAG;80 - RECURSOS DO ACORDO DE REPACTUAÇÃO DO RIO DOCE;parcela;465500,00;15923779,00;0,00;0,00;16389279,00
SECRETARIA DE ESTADO DE PLANEJAMENTO E GESTÃO - SEPLAG;SECRETARIA DE ESTADO DE PLANEJAMENTO E GESTÃO - SEPLAG;82 - NOTIFICACAO DE INFRACAO DE TRANSITO ESTADO;parcela;0,00;114990309,00;6502284,00;0,00;121492593,00
SECRETARIA DE ESTADO DE PLANEJAMENTO E GESTÃO - SEPLAG;SECRETARIA DE ESTADO DE PLANEJAMENTO E GESTÃO - SEPLAG;91 - TAXA DE EXPEDIENTE - ADMINISTRAÇÃO INDIRETA;parcela;0,00;221046,00;0,00;0,00;221046,00
SECRETARIA DE ESTADO DE PLANEJAMENTO E GESTÃO - SEPLAG;SECRETARIA DE ESTADO DE PLANEJAMENTO E GESTÃO - SEPLAG;94 - TAXA FLORESTAL - ADMINISTRAÇÃO DIRETA;parcela;0,00;4455599,00;0,00;0,00;4455599,00
SECRETARIA DE ESTADO DE PLANEJAMENTO E GESTÃO - SEPLAG;SECRETARIA DE ESTADO DE PLANEJAMENTO E GESTÃO - SEPLAG;95 - RECURSOS RECEBIDOS POR DANOS ADVINDOS DE DESASTRES SOCIOAMBIENTAIS;parcela;0,00;1000,00;0,00;0,00;1000,00
SECRETARIA DE ESTADO DE PLANEJAMENTO E GESTÃO - SEPLAG;SECRETARIA DE ESTADO DE PLANEJAMENTO E GESTÃO - SEPLAG;TOTAL DA UNIDADE;total;294334291,00;694280736,00;56205526,00;0,00;1044820553,00
POLÍCIA CIVIL DO ESTADO DE MINAS GERAIS - PCMG;POLÍCIA CIVIL DO ESTADO DE MINAS GERAIS - PCMG;1 - CONVÊNIOS COM A UNIÃO E SUAS ENTIDADES - EMENDAS INDIVIDUAIS;parcela;0,00;0,00;887311,00;0,00;887311,00
POLÍCIA CIVIL DO ESTADO DE MINAS GERAIS - PCMG;POLÍCIA CIVIL DO ESTADO DE MINAS GERAIS - PCMG;10 - RECURSOS ORDINÁRIOS - RECURSOS NÃO VINCULADOS DE IMPOSTOS;parcela;1505142205,00;522444513,00;57763042,00;0,00;2085349760,00
POLÍCIA CIVIL DO ESTADO DE MINAS GERAIS - PCMG;POLÍCIA CIVIL DO ESTADO DE MINAS GERAIS - PCMG;11 - RECURSOS DE DESVINCULAÇÃO DE RECEITAS;parcela;1303750929,00;0,00;0,00;0,00;1303750929,00
POLÍCIA CIVIL DO ESTADO DE MINAS GERAIS - PCMG;POLÍCIA CIVIL DO ESTADO DE MINAS GERAIS - PCMG;2 - CONVÊNIOS COM A UNIÃO E SUAS ENTIDADES - EMENDAS DE BANCADA;parcela;0,00;0,00;1653024,00;0,00;1653024,00
POLÍCIA CIVIL DO ESTADO DE MINAS GERAIS - PCMG;POLÍCIA CIVIL DO ESTADO DE MINAS GERAIS - PCMG;24 - CONVÊNIOS COM A UNIÃO E SUAS ENTIDADES - EXCETO EMENDAS INDIVIDUAIS E DE BANCADA;parcela;0,00;0,00;2000,00;0,00;2000,00
POLÍCIA CIVIL DO ESTADO DE MINAS GERAIS - PCMG;POLÍCIA CIVIL DO ESTADO DE MINAS GERAIS - PCMG;25 - OPERAÇÕES DE CRÉDITO CONTRATUAIS;parcela;0,00;0,00;700000,00;0,00;700000,00
POLÍCIA CIVIL DO ESTADO DE MINAS GERAIS - PCMG;POLÍCIA CIVIL DO ESTADO DE MINAS GERAIS - PCMG;57 - TRANSFERÊNCIAS DA UNIÃO POR MEIO DE PORTARIA - EXCETO EMENDAS INDIVIDUAIS E DE BANCADA;parcela;13543,00;0,00;0,00;0,00;13543,00
POLÍCIA CIVIL DO ESTADO DE MINAS GERAIS - PCMG;POLÍCIA CIVIL DO ESTADO DE MINAS GERAIS - PCMG;70 - CONVÊNIOS COM OS MUNICÍPIOS;parcela;0,00;0,00;1367000,00;0,00;1367000,00
POLÍCIA CIVIL DO ESTADO DE MINAS GERAIS - PCMG;POLÍCIA CIVIL DO ESTADO DE MINAS GERAIS - PCMG;98 - TRANSFERÊNCIAS ESPECIAIS DE RECURSOS DA UNIÃO;parcela;0,00;0,00;9415048,00;0,00;9415048,00
POLÍCIA CIVIL DO ESTADO DE MINAS GERAIS - PCMG;POLÍCIA CIVIL DO ESTADO DE MINAS GERAIS - PCMG;TOTAL DA UNIDADE;total;2808906677,00;522444513,00;71787425,00;0,00;3403138615,00
CONTROLADORIA-GERAL DO ESTADO - CGE;CONTROLADORIA-GERAL DO ESTADO - CGE;10 - RECURSOS ORDINÁRIOS - RECURSOS NÃO VINCULADOS DE IMPOSTOS;parcela;65231757,00;6263419,00;1052100,00;0,00;72547276,00
CONTROLADORIA-GERAL DO ESTADO - CGE;CONTROLADORIA-GERAL DO ESTADO - CGE;59 - OUTROS RECURSOS VINCULADOS;parcela;0,00;40000,00;0,00;0,00;40000,00
CONTROLADORIA-GERAL DO ESTADO - CGE;CONTROLADORIA-GERAL DO ESTADO - CGE;9 - TERMOS DE AJUSTAMENTO, DOAÇÕES CONTROLADAS POR INSTRUMENTO JURÍDICO E CONGÊNERES;parcela;0,00;95852,00;0,00;0,00;95852,00
CONTROLADORIA-GERAL DO ESTADO - CGE;CONTROLADORIA-GERAL DO ESTADO - CGE;TOTAL DA UNIDADE;total;65231757,00;6399271,00;1052100,00;0,00;72683128,00
ESCOLA DE SAÚDE PÚBLICA DO ESTADO DE MINAS GERAIS - ESP MG;ESCOLA DE SAÚDE PÚBLICA DO ESTADO DE MINAS GERAIS - ESP MG;10 - RECURSOS ORDINÁRIOS - RECURSOS NÃO VINCULADOS DE IMPOSTOS;parcela;17243430,00;7884852,00;6410000,00;0,00;31538282,00
ESCOLA DE SAÚDE PÚBLICA DO ESTADO DE MINAS GERAIS - ESP MG;ESCOLA DE SAÚDE PÚBLICA DO ESTADO DE MINAS GERAIS - ESP MG;TOTAL DA UNIDADE;total;17243430,00;7884852,00;6410000,00;0,00;31538282,00
GOVERNADORIA DO ESTADO - GOVERNADORIA;SECRETARIA-GERAL - SEC. GERAL;10 - RECURSOS ORDINÁRIOS - RECURSOS NÃO VINCULADOS DE IMPOSTOS;parcela;9190097,00;4224329,00;0,00;0,00;13414426,00
GOVERNADORIA DO ESTADO - GOVERNADORIA;SECRETARIA-GERAL - SEC. GERAL;TOTAL DA UNIDADE;total;9190097,00;4224329,00;0,00;0,00;13414426,00
SECRETARIA DE ESTADO DE COMUNICAÇÃO SOCIAL - SECOM;SECRETARIA DE ESTADO DE COMUNICAÇÃO SOCIAL - SECOM;10 - RECURSOS ORDINÁRIOS - RECURSOS NÃO VINCULADOS DE IMPOSTOS;parcela;11634469,00;133530063,00;0,00;0,00;145164532,00
SECRETARIA DE ESTADO DE COMUNICAÇÃO SOCIAL - SECOM;SECRETARIA DE ESTADO DE COMUNICAÇÃO SOCIAL - SECOM;TOTAL DA UNIDADE;total;11634469,00;133530063,00;0,00;0,00;145164532,00
SECRETARIA DE ESTADO DA CASA CIVIL - SCC;SECRETARIA DE ESTADO DA CASA CIVIL - SCC;10 - RECURSOS ORDINÁRIOS - RECURSOS NÃO VINCULADOS DE IMPOSTOS;parcela;6822629,00;4831197,00;83108,00;0,00;11736934,00
SECRETARIA DE ESTADO DA CASA CIVIL - SCC;SECRETARIA DE ESTADO DA CASA CIVIL - SCC;TOTAL DA UNIDADE;total;6822629,00;4831197,00;83108,00;0,00;11736934,00
ENCARGOS GERAIS DO ESTADO - SECRETARIA DE ESTADO DE FAZENDA - EGE SEF;EGE SEC.FAZENDA-ENCARGOS DIVERSOS - EGE - SEF;10 - RECURSOS ORDINÁRIOS - RECURSOS NÃO VINCULADOS DE IMPOSTOS;parcela;0,00;986535640,00;0,00;0,00;986535640,00
ENCARGOS GERAIS DO ESTADO - SECRETARIA DE ESTADO DE FAZENDA - EGE SEF;EGE SEC.FAZENDA-ENCARGOS DIVERSOS - EGE - SEF;51 - CONTRIBUIÇÃO DE INTERVENÇÃO NO DOMÍNIO ECONÔMICO/COMBUSTÍVEIS-CIDE;parcela;0,00;947387,00;0,00;0,00;947387,00
ENCARGOS GERAIS DO ESTADO - SECRETARIA DE ESTADO DE FAZENDA - EGE SEF;EGE SEC.FAZENDA-ENCARGOS DIVERSOS - EGE - SEF;TOTAL DA UNIDADE;total;0,00;987483027,00;0,00;0,00;987483027,00
ENCARGOS GERAIS DO ESTADO - SECRETARIA DE ESTADO DE FAZENDA - EGE SEF;PARTICIPAÇÃO NO AUMENTO DO CAPITAL SOCIAL DE EMPRESAS - PARTICIPAÇÃO EMPRESAS;10 - RECURSOS ORDINÁRIOS - RECURSOS NÃO VINCULADOS DE IMPOSTOS;parcela;0,00;0,00;0,00;9000,00;9000,00
ENCARGOS GERAIS DO ESTADO - SECRETARIA DE ESTADO DE FAZENDA - EGE SEF;PARTICIPAÇÃO NO AUMENTO DO CAPITAL SOCIAL DE EMPRESAS - PARTICIPAÇÃO EMPRESAS;61 - RECURSOS DIRETAMENTE ARRECADADOS COM VINCULAÇÃO ESPECÍFICA;parcela;0,00;0,00;0,00;110000,00;110000,00
ENCARGOS GERAIS DO ESTADO - SECRETARIA DE ESTADO DE FAZENDA - EGE SEF;PARTICIPAÇÃO NO AUMENTO DO CAPITAL SOCIAL DE EMPRESAS - PARTICIPAÇÃO EMPRESAS;TOTAL DA UNIDADE;total;0,00;0,00;0,00;119000,00;119000,00
ENCARGOS GERAIS DO ESTADO - SECRETARIA DE ESTADO DE FAZENDA - EGE SEF;GESTÃO DA DÍVIDA PÚBLICA ESTADUAL - GDPE - SEF;10 - RECURSOS ORDINÁRIOS - RECURSOS NÃO VINCULADOS DE IMPOSTOS;parcela;0,00;1860660343,00;0,00;1000,00;8025897290,00
ENCARGOS GERAIS DO ESTADO - SECRETARIA DE ESTADO DE FAZENDA - EGE SEF;GESTÃO DA DÍVIDA PÚBLICA ESTADUAL - GDPE - SEF;11 - RECURSOS DE DESVINCULAÇÃO DE RECEITAS;parcela;0,00;0,00;0,00;0,00;249451387,00
ENCARGOS GERAIS DO ESTADO - SECRETARIA DE ESTADO DE FAZENDA - EGE SEF;GESTÃO DA DÍVIDA PÚBLICA ESTADUAL - GDPE - SEF;TOTAL DA UNIDADE;total;0,00;1860660343,00;0,00;1000,00;8275348677,00
ENCARGOS GERAIS DO ESTADO - SECRETARIA DE ESTADO DE PLANEJAMENTO E GESTÃO - EGE SEPLAG;EGE-SECRETARIA DE ESTADO DE PLANEJAMENTO E GESTÃO - EGE-SEPLAG;10 - RECURSOS ORDINÁRIOS - RECURSOS NÃO VINCULADOS DE IMPOSTOS;parcela;214736657,00;5332552,00;0,00;0,00;220069209,00
ENCARGOS GERAIS DO ESTADO - SECRETARIA DE ESTADO DE PLANEJAMENTO E GESTÃO - EGE SEPLAG;EGE-SECRETARIA DE ESTADO DE PLANEJAMENTO E GESTÃO - EGE-SEPLAG;60 - RECURSOS DIRETAMENTE ARRECADADOS;parcela;0,00;100000,00;0,00;0,00;100000,00
ENCARGOS GERAIS DO ESTADO - SECRETARIA DE ESTADO DE PLANEJAMENTO E GESTÃO - EGE SEPLAG;EGE-SECRETARIA DE ESTADO DE PLANEJAMENTO E GESTÃO - EGE-SEPLAG;TOTAL DA UNIDADE;total;214736657,00;5432552,00;0,00;0,00;220169209,00
ENCARGOS GERAIS DO ESTADO - INSTRUMENTOS DE ENTRADA DE RECURSOS - EGE - CASA CIVIL;ENCARGOS GERAIS DO ESTADO - INSTRUMENTOS DE ENTRADA DE RECURSOS - EGE - CASA CIVIL;10 - RECURSOS ORDINÁRIOS - RECURSOS NÃO VINCULADOS DE IMPOSTOS;parcela;0,00;8096745,00;4415051,00;0,00;12511796,00
ENCARGOS GERAIS DO ESTADO - INSTRUMENTOS DE ENTRADA DE RECURSOS - EGE - CASA CIVIL;ENCARGOS GERAIS DO ESTADO - INSTRUMENTOS DE ENTRADA DE RECURSOS - EGE - CASA CIVIL;71 - RECURSOS DO FUNDO ESTADUAL DE ERRADICACAO DA MISERIA;parcela;0,00;13498418,00;0,00;0,00;13498418,00
ENCARGOS GERAIS DO ESTADO - INSTRUMENTOS DE ENTRADA DE RECURSOS - EGE - CASA CIVIL;ENCARGOS GERAIS DO ESTADO - INSTRUMENTOS DE ENTRADA DE RECURSOS - EGE - CASA CIVIL;TOTAL DA UNIDADE;total;0,00;21595163,00;4415051,00;0,00;26010214,00
RESERVA DE CONTINGÊNCIA - RC;RESERVA DE CONTINGÊNCIA - RC;10 - RECURSOS ORDINÁRIOS - RECURSOS NÃO VINCULADOS DE IMPOSTOS;parcela;0,00;0,00;0,00;0,00;1177567620,00
RESERVA DE CONTINGÊNCIA - RC;RESERVA DE CONTINGÊNCIA - RC;TOTAL DA UNIDADE;total;0,00;0,00;0,00;0,00;1177567620,00
SECRETARIA DE ESTADO DE PLANEJAMENTO E GESTÃO - SEPLAG;INSTITUTO DE PREVIDÊNCIA DOS SERVIDORES DO ESTADO DE MINAS GERAIS - IPSEMG;10 - RECURSOS ORDINÁRIOS - RECURSOS NÃO VINCULADOS DE IMPOSTOS;parcela;171924791,00;25350932,00;3958464,00;0,00;201234187,00
SECRETARIA DE ESTADO DE PLANEJAMENTO E GESTÃO - SEPLAG;INSTITUTO DE PREVIDÊNCIA DOS SERVIDORES DO ESTADO DE MINAS GERAIS - IPSEMG;47 - ALIENAÇÃO DE BENS DE ENTIDADES ESTADUAIS;parcela;0,00;0,00;1000,00;0,00;1000,00
SECRETARIA DE ESTADO DE PLANEJAMENTO E GESTÃO - SEPLAG;INSTITUTO DE PREVIDÊNCIA DOS SERVIDORES DO ESTADO DE MINAS GERAIS - IPSEMG;49 - CONTRIBUIÇÃO PATRONAL DO ESTADO AOS INSTITUTOS DE PREVIDÊNCIA;parcela;301419400,00;343984662,00;0,00;0,00;645404062,00
SECRETARIA DE ESTADO DE PLANEJAMENTO E GESTÃO - SEPLAG;INSTITUTO DE PREVIDÊNCIA DOS SERVIDORES DO ESTADO DE MINAS GERAIS - IPSEMG;50 - CONTRIBUIÇÃO DO SERVIDOR DO ESTADO AOS INSTITUTOS DE PREVIDÊNCIA;parcela;0,00;1431517198,00;95090054,00;0,00;1526607252,00
SECRETARIA DE ESTADO DE PLANEJAMENTO E GESTÃO - SEPLAG;INSTITUTO DE PREVIDÊNCIA DOS SERVIDORES DO ESTADO DE MINAS GERAIS - IPSEMG;57 - TRANSFERÊNCIAS DA UNIÃO POR MEIO DE PORTARIA - EXCETO EMENDAS INDIVIDUAIS E DE BANCADA;parcela;7356625,00;0,00;0,00;0,00;7356625,00
SECRETARIA DE ESTADO DE PLANEJAMENTO E GESTÃO - SEPLAG;INSTITUTO DE PREVIDÊNCIA DOS SERVIDORES DO ESTADO DE MINAS GERAIS - IPSEMG;60 - RECURSOS DIRETAMENTE ARRECADADOS;parcela;5900000,00;34802307,00;0,00;0,00;40702307,00
SECRETARIA DE ESTADO DE PLANEJAMENTO E GESTÃO - SEPLAG;INSTITUTO DE PREVIDÊNCIA DOS SERVIDORES DO ESTADO DE MINAS GERAIS - IPSEMG;61 - RECURSOS DIRETAMENTE ARRECADADOS COM VINCULAÇÃO ESPECÍFICA;parcela;0,00;81178587,00;0,00;0,00;81178587,00
SECRETARIA DE ESTADO DE PLANEJAMENTO E GESTÃO - SEPLAG;INSTITUTO DE PREVIDÊNCIA DOS SERVIDORES DO ESTADO DE MINAS GERAIS - IPSEMG;TOTAL DA UNIDADE;total;486600816,00;1916833686,00;99049518,00;0,00;2502484020,00
SECRETARIA DE ESTADO DE DESENVOLVIMENTO ECONÔMICO - SEDE;LOTERIA DO ESTADO DE MINAS GERAIS - LEMG;60 - RECURSOS DIRETAMENTE ARRECADADOS;parcela;2658590,00;3047050,00;33000,00;0,00;5738640,00
SECRETARIA DE ESTADO DE DESENVOLVIMENTO ECONÔMICO - SEDE;LOTERIA DO ESTADO DE MINAS GERAIS - LEMG;TOTAL DA UNIDADE;total;2658590,00;3047050,00;33000,00;0,00;5738640,00
SECRETARIA DE ESTADO DE PLANEJAMENTO E GESTÃO - SEPLAG;FUNDAÇÃO JOÃO PINHEIRO - FJP;10 - RECURSOS ORDINÁRIOS - RECURSOS NÃO VINCULADOS DE IMPOSTOS;parcela;54980585,00;16841844,00;0,00;0,00;71822429,00
SECRETARIA DE ESTADO DE PLANEJAMENTO E GESTÃO - SEPLAG;FUNDAÇÃO JOÃO PINHEIRO - FJP;24 - CONVÊNIOS COM A UNIÃO E SUAS ENTIDADES - EXCETO EMENDAS INDIVIDUAIS E DE BANCADA;parcela;0,00;2000,00;0,00;0,00;2000,00
SECRETARIA DE ESTADO DE PLANEJAMENTO E GESTÃO - SEPLAG;FUNDAÇÃO JOÃO PINHEIRO - FJP;60 - RECURSOS DIRETAMENTE ARRECADADOS;parcela;0,00;5138000,00;0,00;0,00;5138000,00
SECRETARIA DE ESTADO DE PLANEJAMENTO E GESTÃO - SEPLAG;FUNDAÇÃO JOÃO PINHEIRO - FJP;TOTAL DA UNIDADE;total;54980585,00;21981844,00;0,00;0,00;76962429,00
SECRETARIA DE ESTADO DE DESENVOLVIMENTO ECONÔMICO - SEDE;FUNDAÇÃO DE AMPARO À PESQUISA DO ESTADO DE MINAS GERAIS - FAPEMIG;10 - RECURSOS ORDINÁRIOS - RECURSOS NÃO VINCULADOS DE IMPOSTOS;parcela;10675405,00;455807377,00;143505697,00;600000,00;610588479,00
SECRETARIA DE ESTADO DE DESENVOLVIMENTO ECONÔMICO - SEDE;FUNDAÇÃO DE AMPARO À PESQUISA DO ESTADO DE MINAS GERAIS - FAPEMIG;24 - CONVÊNIOS COM A UNIÃO E SUAS ENTIDADES - EXCETO EMENDAS INDIVIDUAIS E DE BANCADA;parcela;0,00;1259300,00;0,00;0,00;1259300,00
SECRETARIA DE ESTADO DE DESENVOLVIMENTO ECONÔMICO - SEDE;FUNDAÇÃO DE AMPARO À PESQUISA DO ESTADO DE MINAS GERAIS - FAPEMIG;47 - ALIENAÇÃO DE BENS DE ENTIDADES ESTADUAIS;parcela;0,00;0,00;120000,00;0,00;120000,00
SECRETARIA DE ESTADO DE DESENVOLVIMENTO ECONÔMICO - SEDE;FUNDAÇÃO DE AMPARO À PESQUISA DO ESTADO DE MINAS GERAIS - FAPEMIG;60 - RECURSOS DIRETAMENTE ARRECADADOS;parcela;351622,00;0,00;0,00;0,00;351622,00
SECRETARIA DE ESTADO DE DESENVOLVIMENTO ECONÔMICO - SEDE;FUNDAÇÃO DE AMPARO À PESQUISA DO ESTADO DE MINAS GERAIS - FAPEMIG;68 - CONVÊNIOS COM AS INSTITUIÇÕES PRIVADAS E OS ORGANISMOS DO EXTERIOR;parcela;0,00;1003712,00;203712,00;0,00;1207424,00
SECRETARIA DE ESTADO DE DESENVOLVIMENTO ECONÔMICO - SEDE;FUNDAÇÃO DE AMPARO À PESQUISA DO ESTADO DE MINAS GERAIS - FAPEMIG;69 - CONVÊNIOS COM OS ESTADOS E O DISTRITO FEDERAL;parcela;0,00;900000,00;0,00;0,00;900000,00
SECRETARIA DE ESTADO DE DESENVOLVIMENTO ECONÔMICO - SEDE;FUNDAÇÃO DE AMPARO À PESQUISA DO ESTADO DE MINAS GERAIS - FAPEMIG;TOTAL DA UNIDADE;total;11027027,00;458970389,00;143829409,00;600000,00;614426825,00
SECRETARIA DE ESTADO DE MEIO AMBIENTE E DESENVOLVIMENTO SUSTENTÁVEL - SEMAD;FUNDAÇÃO ESTADUAL DO MEIO AMBIENTE - FEAM;52 - TAXA DE CONTROLE E FISCALIZAÇÃO AMBIENTAL;parcela;5249666,00;0,00;0,00;0,00;5249666,00
SECRETARIA DE ESTADO DE MEIO AMBIENTE E DESENVOLVIMENTO SUSTENTÁVEL - SEMAD;FUNDAÇÃO ESTADUAL DO MEIO AMBIENTE - FEAM;60 - RECURSOS DIRETAMENTE ARRECADADOS;parcela;19164000,00;0,00;0,00;0,00;19164000,00
SECRETARIA DE ESTADO DE MEIO AMBIENTE E DESENVOLVIMENTO SUSTENTÁVEL - SEMAD;FUNDAÇÃO ESTADUAL DO MEIO AMBIENTE - FEAM;72 - TAXA DE FISCALIZACAO DE RECURSOS MINERARIOS;parcela;30573890,00;26605907,00;4500,00;0,00;57184297,00
SECRETARIA DE ESTADO DE MEIO AMBIENTE E DESENVOLVIMENTO SUSTENTÁVEL - SEMAD;FUNDAÇÃO ESTADUAL DO MEIO AMBIENTE - FEAM;9 - TERMOS DE AJUSTAMENTO, DOAÇÕES CONTROLADAS POR INSTRUMENTO JURÍDICO E CONGÊNERES;parcela;0,00;668675,00;0,00;0,00;668675,00
SECRETARIA DE ESTADO DE MEIO AMBIENTE E DESENVOLVIMENTO SUSTENTÁVEL - SEMAD;FUNDAÇÃO ESTADUAL DO MEIO AMBIENTE - FEAM;TOTAL DA UNIDADE;total;54987556,00;27274582,00;4500,00;0,00;82266638,00
SECRETARIA DE ESTADO DE MEIO AMBIENTE E DESENVOLVIMENTO SUSTENTÁVEL - SEMAD;INSTITUTO ESTADUAL DE FLORESTAS - IEF;10 - RECURSOS ORDINÁRIOS - RECURSOS NÃO VINCULADOS DE IMPOSTOS;parcela;0,00;1800000,00;0,00;0,00;1800000,00
SECRETARIA DE ESTADO DE MEIO AMBIENTE E DESENVOLVIMENTO SUSTENTÁVEL - SEMAD;INSTITUTO ESTADUAL DE FLORESTAS - IEF;24 - CONVÊNIOS COM A UNIÃO E SUAS ENTIDADES - EXCETO EMENDAS INDIVIDUAIS E DE BANCADA;parcela;0,00;535855,00;0,00;0,00;535855,00
SECRETARIA DE ESTADO DE MEIO AMBIENTE E DESENVOLVIMENTO SUSTENTÁVEL - SEMAD;INSTITUTO ESTADUAL DE FLORESTAS - IEF;26 - TAXA FLORESTAL - ADMINISTRAÇÃO INDIRETA;parcela;107340444,00;0,00;0,00;0,00;107340444,00
SECRETARIA DE ESTADO DE MEIO AMBIENTE E DESENVOLVIMENTO SUSTENTÁVEL - SEMAD;INSTITUTO ESTADUAL DE FLORESTAS - IEF;60 - RECURSOS DIRETAMENTE ARRECADADOS;parcela;3534985,00;1034345,00;0,00;0,00;4569330,00
SECRETARIA DE ESTADO DE MEIO AMBIENTE E DESENVOLVIMENTO SUSTENTÁVEL - SEMAD;INSTITUTO ESTADUAL DE FLORESTAS - IEF;61 - RECURSOS DIRETAMENTE ARRECADADOS COM VINCULAÇÃO ESPECÍFICA;parcela;0,00;4153721,00;0,00;17499900,00;21653621,00
SECRETARIA DE ESTADO DE MEIO AMBIENTE E DESENVOLVIMENTO SUSTENTÁVEL - SEMAD;INSTITUTO ESTADUAL DE FLORESTAS - IEF;68 - CONVÊNIOS COM AS INSTITUIÇÕES PRIVADAS E OS ORGANISMOS DO EXTERIOR;parcela;0,00;2900,00;0,00;0,00;2900,00
SECRETARIA DE ESTADO DE MEIO AMBIENTE E DESENVOLVIMENTO SUSTENTÁVEL - SEMAD;INSTITUTO ESTADUAL DE FLORESTAS - IEF;69 - CONVÊNIOS COM OS ESTADOS E O DISTRITO FEDERAL;parcela;0,00;60100,00;0,00;0,00;60100,00
SECRETARIA DE ESTADO DE MEIO AMBIENTE E DESENVOLVIMENTO SUSTENTÁVEL - SEMAD;INSTITUTO ESTADUAL DE FLORESTAS - IEF;72 - TAXA DE FISCALIZACAO DE RECURSOS MINERARIOS;parcela;18771662,00;94667399,00;19147,00;0,00;113458208,00
SECRETARIA DE ESTADO DE MEIO AMBIENTE E DESENVOLVIMENTO SUSTENTÁVEL - SEMAD;INSTITUTO ESTADUAL DE FLORESTAS - IEF;74 - ACORDOS E AJUSTES DE COOPERAÇÃO MÚTUA COM AS INSTITUIÇÕES PRIVADAS E OS ORGANISMOS DO EXTERIOR;parcela;0,00;6100,00;0,00;0,00;6100,00
SECRETARIA DE ESTADO DE MEIO AMBIENTE E DESENVOLVIMENTO SUSTENTÁVEL - SEMAD;INSTITUTO ESTADUAL DE FLORESTAS - IEF;80 - RECURSOS DO ACORDO DE REPACTUAÇÃO DO RIO DOCE;parcela;0,00;84186914,00;0,00;0,00;84186914,00
SECRETARIA DE ESTADO DE MEIO AMBIENTE E DESENVOLVIMENTO SUSTENTÁVEL - SEMAD;INSTITUTO ESTADUAL DE FLORESTAS - IEF;9 - TERMOS DE AJUSTAMENTO, DOAÇÕES CONTROLADAS POR INSTRUMENTO JURÍDICO E CONGÊNERES;parcela;0,00;3443,00;1051864,00;0,00;1055307,00
SECRETARIA DE ESTADO DE MEIO AMBIENTE E DESENVOLVIMENTO SUSTENTÁVEL - SEMAD;INSTITUTO ESTADUAL DE FLORESTAS - IEF;TOTAL DA UNIDADE;total;129647091,00;186450777,00;1071011,00;17499900,00;334668779,00
POLÍCIA MILITAR DO ESTADO DE MINAS GERAIS - PMMG;INSTITUTO DE PREVIDÊNCIA DOS SERVIDORES MILITARES DO ESTADO DE MINAS GERAIS - IPSM;47 - ALIENAÇÃO DE BENS DE ENTIDADES ESTADUAIS;parcela;0,00;0,00;8080000,00;0,00;8080000,00
POLÍCIA MILITAR DO ESTADO DE MINAS GERAIS - PMMG;INSTITUTO DE PREVIDÊNCIA DOS SERVIDORES MILITARES DO ESTADO DE MINAS GERAIS - IPSM;49 - CONTRIBUIÇÃO PATRONAL DO ESTADO AOS INSTITUTOS DE PREVIDÊNCIA;parcela;1497111182,00;686752704,00;0,00;0,00;2183863886,00
POLÍCIA MILITAR DO ESTADO DE MINAS GERAIS - PMMG;INSTITUTO DE PREVIDÊNCIA DOS SERVIDORES MILITARES DO ESTADO DE MINAS GERAIS - IPSM;50 - CONTRIBUIÇÃO DO SERVIDOR DO ESTADO AOS INSTITUTOS DE PREVIDÊNCIA;parcela;832409245,00;259522699,00;0,00;0,00;1091931944,00
POLÍCIA MILITAR DO ESTADO DE MINAS GERAIS - PMMG;INSTITUTO DE PREVIDÊNCIA DOS SERVIDORES MILITARES DO ESTADO DE MINAS GERAIS - IPSM;57 - TRANSFERÊNCIAS DA UNIÃO POR MEIO DE PORTARIA - EXCETO EMENDAS INDIVIDUAIS E DE BANCADA;parcela;70000,00;0,00;0,00;0,00;70000,00
POLÍCIA MILITAR DO ESTADO DE MINAS GERAIS - PMMG;INSTITUTO DE PREVIDÊNCIA DOS SERVIDORES MILITARES DO ESTADO DE MINAS GERAIS - IPSM;60 - RECURSOS DIRETAMENTE ARRECADADOS;parcela;0,00;73103124,00;362257,00;0,00;73465381,00
POLÍCIA MILITAR DO ESTADO DE MINAS GERAIS - PMMG;INSTITUTO DE PREVIDÊNCIA DOS SERVIDORES MILITARES DO ESTADO DE MINAS GERAIS - IPSM;TOTAL DA UNIDADE;total;2329590427,00;1019378527,00;8442257,00;0,00;3357411211,00
SECRETARIA DE ESTADO DE EDUCAÇÃO - SEE;FUNDAÇÃO HELENA ANTIPOFF - FHA;10 - RECURSOS ORDINÁRIOS - RECURSOS NÃO VINCULADOS DE IMPOSTOS;parcela;36677683,00;33754110,00;3683000,00;0,00;74114793,00
SECRETARIA DE ESTADO DE EDUCAÇÃO - SEE;FUNDAÇÃO HELENA ANTIPOFF - FHA;60 - RECURSOS DIRETAMENTE ARRECADADOS;parcela;0,00;294034,00;0,00;0,00;294034,00
SECRETARIA DE ESTADO DE EDUCAÇÃO - SEE;FUNDAÇÃO HELENA ANTIPOFF - FHA;TOTAL DA UNIDADE;total;36677683,00;34048144,00;3683000,00;0,00;74408827,00
SECRETARIA DE ESTADO DE EDUCAÇÃO - SEE;FUNDAÇÃO EDUCACIONAL CAIO MARTINS - FUCAM;10 - RECURSOS ORDINÁRIOS - RECURSOS NÃO VINCULADOS DE IMPOSTOS;parcela;4156213,00;10073402,00;15184,00;0,00;14244799,00
SECRETARIA DE ESTADO DE EDUCAÇÃO - SEE;FUNDAÇÃO EDUCACIONAL CAIO MARTINS - FUCAM;TOTAL DA UNIDADE;total;4156213,00;10073402,00;15184,00;0,00;14244799,00
SECRETARIA DE ESTADO DE CULTURA E TURISMO - SECULT;FUNDAÇÃO DE ARTE DE OURO PRETO - FAOP;10 - RECURSOS ORDINÁRIOS - RECURSOS NÃO VINCULADOS DE IMPOSTOS;parcela;2642831,00;1678954,00;51800,00;0,00;4373585,00
SECRETARIA DE ESTADO DE CULTURA E TURISMO - SECULT;FUNDAÇÃO DE ARTE DE OURO PRETO - FAOP;24 - CONVÊNIOS COM A UNIÃO E SUAS ENTIDADES - EXCETO EMENDAS INDIVIDUAIS E DE BANCADA;parcela;0,00;0,00;3196635,00;0,00;3196635,00
SECRETARIA DE ESTADO DE CULTURA E TURISMO - SECULT;FUNDAÇÃO DE ARTE DE OURO PRETO - FAOP;60 - RECURSOS DIRETAMENTE ARRECADADOS;parcela;0,00;1000000,00;0,00;0,00;1000000,00
SECRETARIA DE ESTADO DE CULTURA E TURISMO - SECULT;FUNDAÇÃO DE ARTE DE OURO PRETO - FAOP;TOTAL DA UNIDADE;total;2642831,00;2678954,00;3248435,00;0,00;8570220,00
SECRETARIA DE ESTADO DE CULTURA E TURISMO - SECULT;FUNDAÇÃO CLÓVIS SALGADO - FCS;10 - RECURSOS ORDINÁRIOS - RECURSOS NÃO VINCULADOS DE IMPOSTOS;parcela;31501373,00;32004561,00;0,00;0,00;63505934,00
SECRETARIA DE ESTADO DE CULTURA E TURISMO - SECULT;FUNDAÇÃO CLÓVIS SALGADO - FCS;47 - ALIENAÇÃO DE BENS DE ENTIDADES ESTADUAIS;parcela;0,00;0,00;5000,00;0,00;5000,00
SECRETARIA DE ESTADO DE CULTURA E TURISMO - SECULT;FUNDAÇÃO CLÓVIS SALGADO - FCS;60 - RECURSOS DIRETAMENTE ARRECADADOS;parcela;0,00;2478552,00;0,00;0,00;2478552,00
SECRETARIA DE ESTADO DE CULTURA E TURISMO - SECULT;FUNDAÇÃO CLÓVIS SALGADO - FCS;TOTAL DA UNIDADE;total;31501373,00;34483113,00;5000,00;0,00;65989486,00
SECRETARIA DE ESTADO DE CULTURA E TURISMO - SECULT;INSTITUTO ESTADUAL DO PATRIMÔNIO HISTÓRICO E ARTÍSTICO DE MINAS GERAIS - IEPHA;1 - CONVÊNIOS COM A UNIÃO E SUAS ENTIDADES - EMENDAS INDIVIDUAIS;parcela;0,00;31000,00;250000,00;0,00;281000,00
SECRETARIA DE ESTADO DE CULTURA E TURISMO - SECULT;INSTITUTO ESTADUAL DO PATRIMÔNIO HISTÓRICO E ARTÍSTICO DE MINAS GERAIS - IEPHA;10 - RECURSOS ORDINÁRIOS - RECURSOS NÃO VINCULADOS DE IMPOSTOS;parcela;12236551,00;11082007,00;5376,00;0,00;23323934,00
SECRETARIA DE ESTADO DE CULTURA E TURISMO - SECULT;INSTITUTO ESTADUAL DO PATRIMÔNIO HISTÓRICO E ARTÍSTICO DE MINAS GERAIS - IEPHA;24 - CONVÊNIOS COM A UNIÃO E SUAS ENTIDADES - EXCETO EMENDAS INDIVIDUAIS E DE BANCADA;parcela;0,00;668989,00;2530804,00;0,00;3199793,00
SECRETARIA DE ESTADO DE CULTURA E TURISMO - SECULT;INSTITUTO ESTADUAL DO PATRIMÔNIO HISTÓRICO E ARTÍSTICO DE MINAS GERAIS - IEPHA;45 - DOAÇÕES DE PESSOAS, DE INSTITUIÇÕES PRIVADAS OU DO EXTERIOR A ÓRGÃO E ENTIDADES DO ESTADO;parcela;0,00;423706,00;0,00;0,00;423706,00
SECRETARIA DE ESTADO DE CULTURA E TURISMO - SECULT;INSTITUTO ESTADUAL DO PATRIMÔNIO HISTÓRICO E ARTÍSTICO DE MINAS GERAIS - IEPHA;60 - RECURSOS DIRETAMENTE ARRECADADOS;parcela;0,00;4735,00;0,00;0,00;4735,00
SECRETARIA DE ESTADO DE CULTURA E TURISMO - SECULT;INSTITUTO ESTADUAL DO PATRIMÔNIO HISTÓRICO E ARTÍSTICO DE MINAS GERAIS - IEPHA;TOTAL DA UNIDADE;total;12236551,00;12210437,00;2786180,00;0,00;27233168,00
SECRETARIA DE ESTADO DE COMUNICAÇÃO SOCIAL - SECOM;FUNDAÇÃO TV MINAS CULTURAL E EDUCATIVA - TV MINAS;10 - RECURSOS ORDINÁRIOS - RECURSOS NÃO VINCULADOS DE IMPOSTOS;parcela;6539322,00;5789965,00;0,00;0,00;12329287,00
SECRETARIA DE ESTADO DE COMUNICAÇÃO SOCIAL - SECOM;FUNDAÇÃO TV MINAS CULTURAL E EDUCATIVA - TV MINAS;60 - RECURSOS DIRETAMENTE ARRECADADOS;parcela;443809,00;3776191,00;0,00;0,00;4220000,00
SECRETARIA DE ESTADO DE COMUNICAÇÃO SOCIAL - SECOM;FUNDAÇÃO TV MINAS CULTURAL E EDUCATIVA - TV MINAS;TOTAL DA UNIDADE;total;6983131,00;9566156,00;0,00;0,00;16549287,00
SECRETARIA DE ESTADO DE MEIO AMBIENTE E DESENVOLVIMENTO SUSTENTÁVEL - SEMAD;INSTITUTO MINEIRO DE GESTÃO DAS ÁGUAS - IGAM;24 - CONVÊNIOS COM A UNIÃO E SUAS ENTIDADES - EXCETO EMENDAS INDIVIDUAIS E DE BANCADA;parcela;0,00;162000,00;0,00;0,00;162000,00
SECRETARIA DE ESTADO DE MEIO AMBIENTE E DESENVOLVIMENTO SUSTENTÁVEL - SEMAD;INSTITUTO MINEIRO DE GESTÃO DAS ÁGUAS - IGAM;47 - ALIENAÇÃO DE BENS DE ENTIDADES ESTADUAIS;parcela;0,00;0,00;2000,00;0,00;2000,00
SECRETARIA DE ESTADO DE MEIO AMBIENTE E DESENVOLVIMENTO SUSTENTÁVEL - SEMAD;INSTITUTO MINEIRO DE GESTÃO DAS ÁGUAS - IGAM;60 - RECURSOS DIRETAMENTE ARRECADADOS;parcela;0,00;5000,00;0,00;0,00;5000,00
SECRETARIA DE ESTADO DE MEIO AMBIENTE E DESENVOLVIMENTO SUSTENTÁVEL - SEMAD;INSTITUTO MINEIRO DE GESTÃO DAS ÁGUAS - IGAM;61 - RECURSOS DIRETAMENTE ARRECADADOS COM VINCULAÇÃO ESPECÍFICA;parcela;0,00;152699400,00;0,00;0,00;152699400,00
SECRETARIA DE ESTADO DE MEIO AMBIENTE E DESENVOLVIMENTO SUSTENTÁVEL - SEMAD;INSTITUTO MINEIRO DE GESTÃO DAS ÁGUAS - IGAM;72 - TAXA DE FISCALIZACAO DE RECURSOS MINERARIOS;parcela;27536048,00;17726355,00;216554,00;0,00;45478957,00
SECRETARIA DE ESTADO DE MEIO AMBIENTE E DESENVOLVIMENTO SUSTENTÁVEL - SEMAD;INSTITUTO MINEIRO DE GESTÃO DAS ÁGUAS - IGAM;73 - ACORDOS, AJUSTES E DEMAIS INSTRUMENTOS DE COOPERAÇÃO MÚTUA COM A UNIÃO E SUAS ENTIDADES;parcela;0,00;4576000,00;0,00;0,00;4576000,00
SECRETARIA DE ESTADO DE MEIO AMBIENTE E DESENVOLVIMENTO SUSTENTÁVEL - SEMAD;INSTITUTO MINEIRO DE GESTÃO DAS ÁGUAS - IGAM;80 - RECURSOS DO ACORDO DE REPACTUAÇÃO DO RIO DOCE;parcela;0,00;23021667,00;35000000,00;0,00;58021667,00
SECRETARIA DE ESTADO DE MEIO AMBIENTE E DESENVOLVIMENTO SUSTENTÁVEL - SEMAD;INSTITUTO MINEIRO DE GESTÃO DAS ÁGUAS - IGAM;91 - TAXA DE EXPEDIENTE - ADMINISTRAÇÃO INDIRETA;parcela;726546,00;0,00;0,00;0,00;726546,00
SECRETARIA DE ESTADO DE MEIO AMBIENTE E DESENVOLVIMENTO SUSTENTÁVEL - SEMAD;INSTITUTO MINEIRO DE GESTÃO DAS ÁGUAS - IGAM;TOTAL DA UNIDADE;total;28262594,00;198190422,00;35218554,00;0,00;261671570,00
SECRETARIA DE ESTADO DE DESENVOLVIMENTO ECONÔMICO - SEDE;JUNTA COMERCIAL DO ESTADO DE MINAS GERAIS - JUCEMG;60 - RECURSOS DIRETAMENTE ARRECADADOS;parcela;18981762,00;13550927,00;7698833,00;0,00;40231522,00
SECRETARIA DE ESTADO DE DESENVOLVIMENTO ECONÔMICO - SEDE;JUNTA COMERCIAL DO ESTADO DE MINAS GERAIS - JUCEMG;TOTAL DA UNIDADE;total;18981762,00;13550927,00;7698833,00;0,00;40231522,00
SECRETARIA DE ESTADO DE SAÚDE - SES;FUNDAÇÃO EZEQUIEL DIAS - FUNED;10 - RECURSOS ORDINÁRIOS - RECURSOS NÃO VINCULADOS DE IMPOSTOS;parcela;106473954,00;532752937,00;12259635,00;0,00;651486526,00
SECRETARIA DE ESTADO DE SAÚDE - SES;FUNDAÇÃO EZEQUIEL DIAS - FUNED;24 - CONVÊNIOS COM A UNIÃO E SUAS ENTIDADES - EXCETO EMENDAS INDIVIDUAIS E DE BANCADA;parcela;0,00;0,00;4003371,00;0,00;4003371,00
SECRETARIA DE ESTADO DE SAÚDE - SES;FUNDAÇÃO EZEQUIEL DIAS - FUNED;57 - TRANSFERÊNCIAS DA UNIÃO POR MEIO DE PORTARIA - EXCETO EMENDAS INDIVIDUAIS E DE BANCADA;parcela;13845,00;0,00;0,00;0,00;13845,00
SECRETARIA DE ESTADO DE SAÚDE - SES;FUNDAÇÃO EZEQUIEL DIAS - FUNED;60 - RECURSOS DIRETAMENTE ARRECADADOS;parcela;5143217,00;0,00;0,00;0,00;5143217,00
SECRETARIA DE ESTADO DE SAÚDE - SES;FUNDAÇÃO EZEQUIEL DIAS - FUNED;TOTAL DA UNIDADE;total;111631016,00;532752937,00;16263006,00;0,00;660646959,00
SECRETARIA DE ESTADO DE SAÚDE - SES;FUNDAÇÃO HOSPITALAR DO ESTADO DE MINAS GERAIS - FHEMIG;10 - RECURSOS ORDINÁRIOS - RECURSOS NÃO VINCULADOS DE IMPOSTOS;parcela;1411623439,00;1018264506,00;7160000,00;0,00;2437047945,00
SECRETARIA DE ESTADO DE SAÚDE - SES;FUNDAÇÃO HOSPITALAR DO ESTADO DE MINAS GERAIS - FHEMIG;24 - CONVÊNIOS COM A UNIÃO E SUAS ENTIDADES - EXCETO EMENDAS INDIVIDUAIS E DE BANCADA;parcela;0,00;0,00;153002000,00;0,00;153002000,00
SECRETARIA DE ESTADO DE SAÚDE - SES;FUNDAÇÃO HOSPITALAR DO ESTADO DE MINAS GERAIS - FHEMIG;45 - DOAÇÕES DE PESSOAS, DE INSTITUIÇÕES PRIVADAS OU DO EXTERIOR A ÓRGÃO E ENTIDADES DO ESTADO;parcela;0,00;7109,00;0,00;0,00;7109,00
SECRETARIA DE ESTADO DE SAÚDE - SES;FUNDAÇÃO HOSPITALAR DO ESTADO DE MINAS GERAIS - FHEMIG;47 - ALIENAÇÃO DE BENS DE ENTIDADES ESTADUAIS;parcela;0,00;0,00;194604,00;0,00;194604,00
SECRETARIA DE ESTADO DE SAÚDE - SES;FUNDAÇÃO HOSPITALAR DO ESTADO DE MINAS GERAIS - FHEMIG;57 - TRANSFERÊNCIAS DA UNIÃO POR MEIO DE PORTARIA - EXCETO EMENDAS INDIVIDUAIS E DE BANCADA;parcela;32667892,00;0,00;0,00;0,00;32667892,00
SECRETARIA DE ESTADO DE SAÚDE - SES;FUNDAÇÃO HOSPITALAR DO ESTADO DE MINAS GERAIS - FHEMIG;68 - CONVÊNIOS COM AS INSTITUIÇÕES PRIVADAS E OS ORGANISMOS DO EXTERIOR;parcela;0,00;7765650,00;0,00;0,00;7765650,00
SECRETARIA DE ESTADO DE SAÚDE - SES;FUNDAÇÃO HOSPITALAR DO ESTADO DE MINAS GERAIS - FHEMIG;70 - CONVÊNIOS COM OS MUNICÍPIOS;parcela;0,00;13936970,00;0,00;0,00;13936970,00
SECRETARIA DE ESTADO DE SAÚDE - SES;FUNDAÇÃO HOSPITALAR DO ESTADO DE MINAS GERAIS - FHEMIG;TOTAL DA UNIDADE;total;1444291331,00;1039974235,00;160356604,00;0,00;2644622170,00
SECRETARIA DE ESTADO DE DESENVOLVIMENTO SOCIAL - SEDESE;FUNDAÇÃO DE EDUCAÇÃO PARA O TRABALHO DE MINAS GERAIS - UTRAMIG;10 - RECURSOS ORDINÁRIOS - RECURSOS NÃO VINCULADOS DE IMPOSTOS;parcela;2508880,00;5238438,00;0,00;0,00;7747318,00
SECRETARIA DE ESTADO DE DESENVOLVIMENTO SOCIAL - SEDESE;FUNDAÇÃO DE EDUCAÇÃO PARA O TRABALHO DE MINAS GERAIS - UTRAMIG;36 - TRANSFERÊNCIAS DO FNDE VINCULADAS À EDUCAÇÃO - EXCETO EMENDAS INDIVIDUAIS E DE BANCADA;parcela;0,00;467920,00;0,00;0,00;467920,00
SECRETARIA DE ESTADO DE DESENVOLVIMENTO SOCIAL - SEDESE;FUNDAÇÃO DE EDUCAÇÃO PARA O TRABALHO DE MINAS GERAIS - UTRAMIG;TOTAL DA UNIDADE;total;2508880,00;5706358,00;0,00;0,00;8215238,00
SECRETARIA DE ESTADO DE INFRAESTRUTURA, MOBILIDADE E PARCERIA - SEINFRA;DEPARTAMENTO DE ESTRADAS DE RODAGEM DO ESTADO DE MINAS GERAIS - DER-MG;10 - RECURSOS ORDINÁRIOS - RECURSOS NÃO VINCULADOS DE IMPOSTOS;parcela;252138717,00;153434855,00;271587969,00;0,00;677161541,00
SECRETARIA DE ESTADO DE INFRAESTRUTURA, MOBILIDADE E PARCERIA - SEINFRA;DEPARTAMENTO DE ESTRADAS DE RODAGEM DO ESTADO DE MINAS GERAIS - DER-MG;25 - OPERAÇÕES DE CRÉDITO CONTRATUAIS;parcela;0,00;0,00;9852323,00;0,00;9852323,00
SECRETARIA DE ESTADO DE INFRAESTRUTURA, MOBILIDADE E PARCERIA - SEINFRA;DEPARTAMENTO DE ESTRADAS DE RODAGEM DO ESTADO DE MINAS GERAIS - DER-MG;32 - EXPLORAÇÃO DE RECURSOS MINERAIS;parcela;0,00;0,00;347605867,00;0,00;347605867,00
SECRETARIA DE ESTADO DE INFRAESTRUTURA, MOBILIDADE E PARCERIA - SEINFRA;DEPARTAMENTO DE ESTRADAS DE RODAGEM DO ESTADO DE MINAS GERAIS - DER-MG;33 - EXPLORAÇÃO E PRODUÇÃO DE PETRÓLEO E GÁS NATURAL;parcela;0,00;0,00;37090841,00;0,00;37090841,00
SECRETARIA DE ESTADO DE INFRAESTRUTURA, MOBILIDADE E PARCERIA - SEINFRA;DEPARTAMENTO DE ESTRADAS DE RODAGEM DO ESTADO DE MINAS GERAIS - DER-MG;51 - CONTRIBUIÇÃO DE INTERVENÇÃO NO DOMÍNIO ECONÔMICO/COMBUSTÍVEIS-CIDE;parcela;0,00;0,00;113106854,00;0,00;113106854,00
SECRETARIA DE ESTADO DE INFRAESTRUTURA, MOBILIDADE E PARCERIA - SEINFRA;DEPARTAMENTO DE ESTRADAS DE RODAGEM DO ESTADO DE MINAS GERAIS - DER-MG;68 - CONVÊNIOS COM AS INSTITUIÇÕES PRIVADAS E OS ORGANISMOS DO EXTERIOR;parcela;0,00;0,00;12917420,00;0,00;12917420,00
SECRETARIA DE ESTADO DE INFRAESTRUTURA, MOBILIDADE E PARCERIA - SEINFRA;DEPARTAMENTO DE ESTRADAS DE RODAGEM DO ESTADO DE MINAS GERAIS - DER-MG;69 - CONVÊNIOS COM OS ESTADOS E O DISTRITO FEDERAL;parcela;0,00;0,00;2000,00;0,00;2000,00
SECRETARIA DE ESTADO DE INFRAESTRUTURA, MOBILIDADE E PARCERIA - SEINFRA;DEPARTAMENTO DE ESTRADAS DE RODAGEM DO ESTADO DE MINAS GERAIS - DER-MG;70 - CONVÊNIOS COM OS MUNICÍPIOS;parcela;0,00;0,00;14002000,00;0,00;14002000,00
SECRETARIA DE ESTADO DE INFRAESTRUTURA, MOBILIDADE E PARCERIA - SEINFRA;DEPARTAMENTO DE ESTRADAS DE RODAGEM DO ESTADO DE MINAS GERAIS - DER-MG;74 - ACORDOS E AJUSTES DE COOPERAÇÃO MÚTUA COM AS INSTITUIÇÕES PRIVADAS E OS ORGANISMOS DO EXTERIOR;parcela;0,00;0,00;20002000,00;0,00;20002000,00
SECRETARIA DE ESTADO DE INFRAESTRUTURA, MOBILIDADE E PARCERIA - SEINFRA;DEPARTAMENTO DE ESTRADAS DE RODAGEM DO ESTADO DE MINAS GERAIS - DER-MG;80 - RECURSOS DO ACORDO DE REPACTUAÇÃO DO RIO DOCE;parcela;0,00;0,00;264632855,00;0,00;264632855,00
SECRETARIA DE ESTADO DE INFRAESTRUTURA, MOBILIDADE E PARCERIA - SEINFRA;DEPARTAMENTO DE ESTRADAS DE RODAGEM DO ESTADO DE MINAS GERAIS - DER-MG;89 - RECURSOS DO FUNDO DE EQUALIZAÇÃO FEDERATIVA – FEF;parcela;0,00;0,00;188282754,00;0,00;188282754,00
SECRETARIA DE ESTADO DE INFRAESTRUTURA, MOBILIDADE E PARCERIA - SEINFRA;DEPARTAMENTO DE ESTRADAS DE RODAGEM DO ESTADO DE MINAS GERAIS - DER-MG;91 - TAXA DE EXPEDIENTE - ADMINISTRAÇÃO INDIRETA;parcela;0,00;5209550,00;0,00;0,00;5209550,00
SECRETARIA DE ESTADO DE INFRAESTRUTURA, MOBILIDADE E PARCERIA - SEINFRA;DEPARTAMENTO DE ESTRADAS DE RODAGEM DO ESTADO DE MINAS GERAIS - DER-MG;95 - RECURSOS RECEBIDOS POR DANOS ADVINDOS DE DESASTRES SOCIOAMBIENTAIS;parcela;0,00;0,00;257768258,00;0,00;257768258,00
SECRETARIA DE ESTADO DE INFRAESTRUTURA, MOBILIDADE E PARCERIA - SEINFRA;DEPARTAMENTO DE ESTRADAS DE RODAGEM DO ESTADO DE MINAS GERAIS - DER-MG;TOTAL DA UNIDADE;total;252138717,00;158644405,00;1536851141,00;0,00;1947634263,00
SECRETARIA DE ESTADO DE EDUCAÇÃO - SEE;UNIVERSIDADE ESTADUAL DE MONTES CLAROS - UNIMONTES;1 - CONVÊNIOS COM A UNIÃO E SUAS ENTIDADES - EMENDAS INDIVIDUAIS;parcela;0,00;0,00;207275,00;0,00;207275,00
SECRETARIA DE ESTADO DE EDUCAÇÃO - SEE;UNIVERSIDADE ESTADUAL DE MONTES CLAROS - UNIMONTES;10 - RECURSOS ORDINÁRIOS - RECURSOS NÃO VINCULADOS DE IMPOSTOS;parcela;359358395,00;171531974,00;5656052,00;0,00;536546421,00
SECRETARIA DE ESTADO DE EDUCAÇÃO - SEE;UNIVERSIDADE ESTADUAL DE MONTES CLAROS - UNIMONTES;24 - CONVÊNIOS COM A UNIÃO E SUAS ENTIDADES - EXCETO EMENDAS INDIVIDUAIS E DE BANCADA;parcela;0,00;20388131,00;18147336,00;0,00;38535467,00
SECRETARIA DE ESTADO DE EDUCAÇÃO - SEE;UNIVERSIDADE ESTADUAL DE MONTES CLAROS - UNIMONTES;36 - TRANSFERÊNCIAS DO FNDE VINCULADAS À EDUCAÇÃO - EXCETO EMENDAS INDIVIDUAIS E DE BANCADA;parcela;0,00;636357,00;1251816,00;0,00;1888173,00
SECRETARIA DE ESTADO DE EDUCAÇÃO - SEE;UNIVERSIDADE ESTADUAL DE MONTES CLAROS - UNIMONTES;57 - TRANSFERÊNCIAS DA UNIÃO POR MEIO DE PORTARIA - EXCETO EMENDAS INDIVIDUAIS E DE BANCADA;parcela;1794000,00;0,00;0,00;0,00;1794000,00
SECRETARIA DE ESTADO DE EDUCAÇÃO - SEE;UNIVERSIDADE ESTADUAL DE MONTES CLAROS - UNIMONTES;60 - RECURSOS DIRETAMENTE ARRECADADOS;parcela;4357645,00;10121339,00;0,00;0,00;14478984,00
SECRETARIA DE ESTADO DE EDUCAÇÃO - SEE;UNIVERSIDADE ESTADUAL DE MONTES CLAROS - UNIMONTES;68 - CONVÊNIOS COM AS INSTITUIÇÕES PRIVADAS E OS ORGANISMOS DO EXTERIOR;parcela;0,00;1854100,00;0,00;0,00;1854100,00
SECRETARIA DE ESTADO DE EDUCAÇÃO - SEE;UNIVERSIDADE ESTADUAL DE MONTES CLAROS - UNIMONTES;70 - CONVÊNIOS COM OS MUNICÍPIOS;parcela;0,00;17076513,00;4477736,00;0,00;21554249,00
SECRETARIA DE ESTADO DE EDUCAÇÃO - SEE;UNIVERSIDADE ESTADUAL DE MONTES CLAROS - UNIMONTES;TOTAL DA UNIDADE;total;365510040,00;221608414,00;29740215,00;0,00;616858669,00
SECRETARIA DE ESTADO DE SAÚDE - SES;FUNDAÇÃO CENTRO DE HEMATOLOGIA E HEMOTERAPIA DE MINAS GERAIS - HEMOMINAS;1 - CONVÊNIOS COM A UNIÃO E SUAS ENTIDADES - EMENDAS INDIVIDUAIS;parcela;0,00;0,00;546983,00;0,00;546983,00
SECRETARIA DE ESTADO DE SAÚDE - SES;FUNDAÇÃO CENTRO DE HEMATOLOGIA E HEMOTERAPIA DE MINAS GERAIS - HEMOMINAS;10 - RECURSOS ORDINÁRIOS - RECURSOS NÃO VINCULADOS DE IMPOSTOS;parcela;192029892,00;216577657,00;18056365,00;0,00;426663914,00
SECRETARIA DE ESTADO DE SAÚDE - SES;FUNDAÇÃO CENTRO DE HEMATOLOGIA E HEMOTERAPIA DE MINAS GERAIS - HEMOMINAS;24 - CONVÊNIOS COM A UNIÃO E SUAS ENTIDADES - EXCETO EMENDAS INDIVIDUAIS E DE BANCADA;parcela;0,00;883956,00;2238156,00;0,00;3122112,00
SECRETARIA DE ESTADO DE SAÚDE - SES;FUNDAÇÃO CENTRO DE HEMATOLOGIA E HEMOTERAPIA DE MINAS GERAIS - HEMOMINAS;47 - ALIENAÇÃO DE BENS DE ENTIDADES ESTADUAIS;parcela;0,00;0,00;100000,00;0,00;100000,00
SECRETARIA DE ESTADO DE SAÚDE - SES;FUNDAÇÃO CENTRO DE HEMATOLOGIA E HEMOTERAPIA DE MINAS GERAIS - HEMOMINAS;57 - TRANSFERÊNCIAS DA UNIÃO POR MEIO DE PORTARIA - EXCETO EMENDAS INDIVIDUAIS E DE BANCADA;parcela;780000,00;0,00;0,00;0,00;780000,00
SECRETARIA DE ESTADO DE SAÚDE - SES;FUNDAÇÃO CENTRO DE HEMATOLOGIA E HEMOTERAPIA DE MINAS GERAIS - HEMOMINAS;60 - RECURSOS DIRETAMENTE ARRECADADOS;parcela;4606720,00;0,00;0,00;0,00;4606720,00
SECRETARIA DE ESTADO DE SAÚDE - SES;FUNDAÇÃO CENTRO DE HEMATOLOGIA E HEMOTERAPIA DE MINAS GERAIS - HEMOMINAS;TOTAL DA UNIDADE;total;197416612,00;217461613,00;20941504,00;0,00;435819729,00
SECRETARIA DE ESTADO DE PLANEJAMENTO E GESTÃO - SEPLAG;INSTITUTO DE METROLOGIA E QUALIDADE DO ESTADO DE MINAS GERAIS - IPEMMG;10 - RECURSOS ORDINÁRIOS - RECURSOS NÃO VINCULADOS DE IMPOSTOS;parcela;500000,00;0,00;0,00;0,00;500000,00
SECRETARIA DE ESTADO DE PLANEJAMENTO E GESTÃO - SEPLAG;INSTITUTO DE METROLOGIA E QUALIDADE DO ESTADO DE MINAS GERAIS - IPEMMG;73 - ACORDOS, AJUSTES E DEMAIS INSTRUMENTOS DE COOPERAÇÃO MÚTUA COM A UNIÃO E SUAS ENTIDADES;parcela;15283111,00;27816889,00;1150000,00;0,00;44250000,00
SECRETARIA DE ESTADO DE PLANEJAMENTO E GESTÃO - SEPLAG;INSTITUTO DE METROLOGIA E QUALIDADE DO ESTADO DE MINAS GERAIS - IPEMMG;TOTAL DA UNIDADE;total;15783111,00;27816889,00;1150000,00;0,00;44750000,00
SECRETARIA DE ESTADO DE EDUCAÇÃO - SEE;UNIVERSIDADE DO ESTADO DE MINAS GERAIS - UEMG;1 - CONVÊNIOS COM A UNIÃO E SUAS ENTIDADES - EMENDAS INDIVIDUAIS;parcela;0,00;370292,00;96725,00;0,00;467017,00
SECRETARIA DE ESTADO DE EDUCAÇÃO - SEE;UNIVERSIDADE DO ESTADO DE MINAS GERAIS - UEMG;10 - RECURSOS ORDINÁRIOS - RECURSOS NÃO VINCULADOS DE IMPOSTOS;parcela;286153075,00;186327792,00;11042302,00;0,00;483523169,00
SECRETARIA DE ESTADO DE EDUCAÇÃO - SEE;UNIVERSIDADE DO ESTADO DE MINAS GERAIS - UEMG;24 - CONVÊNIOS COM A UNIÃO E SUAS ENTIDADES - EXCETO EMENDAS INDIVIDUAIS E DE BANCADA;parcela;0,00;2845318,00;0,00;0,00;2845318,00
SECRETARIA DE ESTADO DE EDUCAÇÃO - SEE;UNIVERSIDADE DO ESTADO DE MINAS GERAIS - UEMG;3 - TRANSFERÊNCIAS DO FNDE VINCULADAS À EDUCAÇÃO - EMENDAS INDIVIDUAIS;parcela;0,00;0,00;389394,00;0,00;389394,00
SECRETARIA DE ESTADO DE EDUCAÇÃO - SEE;UNIVERSIDADE DO ESTADO DE MINAS GERAIS - UEMG;36 - TRANSFERÊNCIAS DO FNDE VINCULADAS À EDUCAÇÃO - EXCETO EMENDAS INDIVIDUAIS E DE BANCADA;parcela;0,00;0,00;400000,00;0,00;400000,00
SECRETARIA DE ESTADO DE EDUCAÇÃO - SEE;UNIVERSIDADE DO ESTADO DE MINAS GERAIS - UEMG;60 - RECURSOS DIRETAMENTE ARRECADADOS;parcela;0,00;0,00;1150000,00;0,00;1150000,00
SECRETARIA DE ESTADO DE EDUCAÇÃO - SEE;UNIVERSIDADE DO ESTADO DE MINAS GERAIS - UEMG;68 - CONVÊNIOS COM AS INSTITUIÇÕES PRIVADAS E OS ORGANISMOS DO EXTERIOR;parcela;0,00;0,00;2000,00;0,00;2000,00
SECRETARIA DE ESTADO DE EDUCAÇÃO - SEE;UNIVERSIDADE DO ESTADO DE MINAS GERAIS - UEMG;TOTAL DA UNIDADE;total;286153075,00;189543402,00;13080421,00;0,00;488776898,00
ASSEMBLEIA LEGISLATIVA DO ESTADO DE MINAS GERAIS - ALMG;INSTITUTO DE PREVIDÊNCIA DO LEGISLATIVO DO ESTADO DE MINAS GERAIS - IPLEMG;60 - RECURSOS DIRETAMENTE ARRECADADOS;parcela;1241000,00;88781613,00;7237137,00;12254750,00;109514500,00
ASSEMBLEIA LEGISLATIVA DO ESTADO DE MINAS GERAIS - ALMG;INSTITUTO DE PREVIDÊNCIA DO LEGISLATIVO DO ESTADO DE MINAS GERAIS - IPLEMG;TOTAL DA UNIDADE;total;1241000,00;88781613,00;7237137,00;12254750,00;109514500,00
SECRETARIA DE ESTADO DE AGRICULTURA, PECUÁRIA E ABASTECIMENTO - SEAPA;INSTITUTO MINEIRO DE AGROPECUÁRIA - IMA;1 - CONVÊNIOS COM A UNIÃO E SUAS ENTIDADES - EMENDAS INDIVIDUAIS;parcela;0,00;2000,00;0,00;0,00;2000,00
SECRETARIA DE ESTADO DE AGRICULTURA, PECUÁRIA E ABASTECIMENTO - SEAPA;INSTITUTO MINEIRO DE AGROPECUÁRIA - IMA;10 - RECURSOS ORDINÁRIOS - RECURSOS NÃO VINCULADOS DE IMPOSTOS;parcela;188357283,00;31794898,00;0,00;0,00;220152181,00
SECRETARIA DE ESTADO DE AGRICULTURA, PECUÁRIA E ABASTECIMENTO - SEAPA;INSTITUTO MINEIRO DE AGROPECUÁRIA - IMA;24 - CONVÊNIOS COM A UNIÃO E SUAS ENTIDADES - EXCETO EMENDAS INDIVIDUAIS E DE BANCADA;parcela;0,00;0,00;182960,00;0,00;182960,00
SECRETARIA DE ESTADO DE AGRICULTURA, PECUÁRIA E ABASTECIMENTO - SEAPA;INSTITUTO MINEIRO DE AGROPECUÁRIA - IMA;47 - ALIENAÇÃO DE BENS DE ENTIDADES ESTADUAIS;parcela;0,00;0,00;56250,00;0,00;56250,00
SECRETARIA DE ESTADO DE AGRICULTURA, PECUÁRIA E ABASTECIMENTO - SEAPA;INSTITUTO MINEIRO DE AGROPECUÁRIA - IMA;60 - RECURSOS DIRETAMENTE ARRECADADOS;parcela;10073259,00;9540210,00;0,00;0,00;19613469,00
SECRETARIA DE ESTADO DE AGRICULTURA, PECUÁRIA E ABASTECIMENTO - SEAPA;INSTITUTO MINEIRO DE AGROPECUÁRIA - IMA;80 - RECURSOS DO ACORDO DE REPACTUAÇÃO DO RIO DOCE;parcela;0,00;6874243,00;0,00;0,00;6874243,00
SECRETARIA DE ESTADO DE AGRICULTURA, PECUÁRIA E ABASTECIMENTO - SEAPA;INSTITUTO MINEIRO DE AGROPECUÁRIA - IMA;91 - TAXA DE EXPEDIENTE - ADMINISTRAÇÃO INDIRETA;parcela;48533667,00;14285630,00;87500,00;0,00;62906797,00
SECRETARIA DE ESTADO DE AGRICULTURA, PECUÁRIA E ABASTECIMENTO - SEAPA;INSTITUTO MINEIRO DE AGROPECUÁRIA - IMA;TOTAL DA UNIDADE;total;246964209,00;62496981,00;326710,00;0,00;309787900,00
SECRETARIA DE ESTADO DE DESENVOLVIMENTO SOCIAL - SEDESE;INSTITUTO DE DESENVOLVIMENTO DO NORTE E NORDESTE DE MINAS GERAIS - IDENE;10 - RECURSOS ORDINÁRIOS - RECURSOS NÃO VINCULADOS DE IMPOSTOS;parcela;0,00;6471990,00;4785000,00;0,00;11256990,00
SECRETARIA DE ESTADO DE DESENVOLVIMENTO SOCIAL - SEDESE;INSTITUTO DE DESENVOLVIMENTO DO NORTE E NORDESTE DE MINAS GERAIS - IDENE;24 - CONVÊNIOS COM A UNIÃO E SUAS ENTIDADES - EXCETO EMENDAS INDIVIDUAIS E DE BANCADA;parcela;0,00;17391363,00;112854112,00;0,00;130245475,00
SECRETARIA DE ESTADO DE DESENVOLVIMENTO SOCIAL - SEDESE;INSTITUTO DE DESENVOLVIMENTO DO NORTE E NORDESTE DE MINAS GERAIS - IDENE;71 - RECURSOS DO FUNDO ESTADUAL DE ERRADICACAO DA MISERIA;parcela;8973304,00;15453861,00;0,00;0,00;24427165,00
SECRETARIA DE ESTADO DE DESENVOLVIMENTO SOCIAL - SEDESE;INSTITUTO DE DESENVOLVIMENTO DO NORTE E NORDESTE DE MINAS GERAIS - IDENE;TOTAL DA UNIDADE;total;8973304,00;39317214,00;117639112,00;0,00;165929630,00
SECRETARIA DE ESTADO DE INFRAESTRUTURA, MOBILIDADE E PARCERIA - SEINFRA;AGÊNCIA DE DESENVOLVIMENTO DA REGIÃO METROPOLITANA DE BELO HORIZONTE - AGÊNCIA RMBH;10 - RECURSOS ORDINÁRIOS - RECURSOS NÃO VINCULADOS DE IMPOSTOS;parcela;4083498,00;2678908,00;0,00;0,00;6762406,00
SECRETARIA DE ESTADO DE INFRAESTRUTURA, MOBILIDADE E PARCERIA - SEINFRA;AGÊNCIA DE DESENVOLVIMENTO DA REGIÃO METROPOLITANA DE BELO HORIZONTE - AGÊNCIA RMBH;24 - CONVÊNIOS COM A UNIÃO E SUAS ENTIDADES - EXCETO EMENDAS INDIVIDUAIS E DE BANCADA;parcela;0,00;0,00;14526527,00;0,00;14526527,00
SECRETARIA DE ESTADO DE INFRAESTRUTURA, MOBILIDADE E PARCERIA - SEINFRA;AGÊNCIA DE DESENVOLVIMENTO DA REGIÃO METROPOLITANA DE BELO HORIZONTE - AGÊNCIA RMBH;60 - RECURSOS DIRETAMENTE ARRECADADOS;parcela;0,00;1260340,00;0,00;0,00;1260340,00
SECRETARIA DE ESTADO DE INFRAESTRUTURA, MOBILIDADE E PARCERIA - SEINFRA;AGÊNCIA DE DESENVOLVIMENTO DA REGIÃO METROPOLITANA DE BELO HORIZONTE - AGÊNCIA RMBH;TOTAL DA UNIDADE;total;4083498,00;3939248,00;14526527,00;0,00;22549273,00
SECRETARIA DE ESTADO DE MEIO AMBIENTE E DESENVOLVIMENTO SUSTENTÁVEL - SEMAD;AGÊNCIA REGULADORA DE SERVIÇOS DE ABASTECIMENTO DE ÁGUA E DE ESGOTAMENTO SANITÁRIO DO ESTADO DE MINAS GERAIS - ARSAE -MG;59 - OUTROS RECURSOS VINCULADOS;parcela;16312860,00;4486434,00;0,00;0,00;20799294,00
SECRETARIA DE ESTADO DE MEIO AMBIENTE E DESENVOLVIMENTO SUSTENTÁVEL - SEMAD;AGÊNCIA REGULADORA DE SERVIÇOS DE ABASTECIMENTO DE ÁGUA E DE ESGOTAMENTO SANITÁRIO DO ESTADO DE MINAS GERAIS - ARSAE -MG;TOTAL DA UNIDADE;total;16312860,00;4486434,00;0,00;0,00;20799294,00
SECRETARIA DE ESTADO DE INFRAESTRUTURA, MOBILIDADE E PARCERIA - SEINFRA;AGÊNCIA DE DESENVOLVIMENTO DA REGIÃO METROPOLITANA DO VALE DO AÇO - ARMVA;10 - RECURSOS ORDINÁRIOS - RECURSOS NÃO VINCULADOS DE IMPOSTOS;parcela;2144140,00;561472,00;0,00;0,00;2705612,00
SECRETARIA DE ESTADO DE INFRAESTRUTURA, MOBILIDADE E PARCERIA - SEINFRA;AGÊNCIA DE DESENVOLVIMENTO DA REGIÃO METROPOLITANA DO VALE DO AÇO - ARMVA;24 - CONVÊNIOS COM A UNIÃO E SUAS ENTIDADES - EXCETO EMENDAS INDIVIDUAIS E DE BANCADA;parcela;0,00;13634007,00;0,00;0,00;13634007,00
SECRETARIA DE ESTADO DE INFRAESTRUTURA, MOBILIDADE E PARCERIA - SEINFRA;AGÊNCIA DE DESENVOLVIMENTO DA REGIÃO METROPOLITANA DO VALE DO AÇO - ARMVA;32 - EXPLORAÇÃO DE RECURSOS MINERAIS;parcela;0,00;3906527,00;35000,00;0,00;3941527,00
SECRETARIA DE ESTADO DE INFRAESTRUTURA, MOBILIDADE E PARCERIA - SEINFRA;AGÊNCIA DE DESENVOLVIMENTO DA REGIÃO METROPOLITANA DO VALE DO AÇO - ARMVA;60 - RECURSOS DIRETAMENTE ARRECADADOS;parcela;0,00;55000,00;0,00;0,00;55000,00
SECRETARIA DE ESTADO DE INFRAESTRUTURA, MOBILIDADE E PARCERIA - SEINFRA;AGÊNCIA DE DESENVOLVIMENTO DA REGIÃO METROPOLITANA DO VALE DO AÇO - ARMVA;TOTAL DA UNIDADE;total;2144140,00;18157006,00;35000,00;0,00;20336146,00
SECRETARIA DE ESTADO DE INFRAESTRUTURA, MOBILIDADE E PARCERIA - SEINFRA;AGÊNCIA REGULADORA DE TRANSPORTES DO ESTADO DE MINAS GERAIS - ARTEMIG;10 - RECURSOS ORDINÁRIOS - RECURSOS NÃO VINCULADOS DE IMPOSTOS;parcela;6117900,00;16115639,00;7680000,00;0,00;29913539,00
SECRETARIA DE ESTADO DE INFRAESTRUTURA, MOBILIDADE E PARCERIA - SEINFRA;AGÊNCIA REGULADORA DE TRANSPORTES DO ESTADO DE MINAS GERAIS - ARTEMIG;60 - RECURSOS DIRETAMENTE ARRECADADOS;parcela;0,00;2001130,00;37635820,00;0,00;39636950,00
SECRETARIA DE ESTADO DE INFRAESTRUTURA, MOBILIDADE E PARCERIA - SEINFRA;AGÊNCIA REGULADORA DE TRANSPORTES DO ESTADO DE MINAS GERAIS - ARTEMIG;TOTAL DA UNIDADE;total;6117900,00;18116769,00;45315820,00;0,00;69550489,00
SECRETARIA DE ESTADO DE AGRICULTURA, PECUÁRIA E ABASTECIMENTO - SEAPA;EMPRESA DE ASSISTÊNCIA TÉCNICA E EXTENSÃO RURAL DO ESTADO DE MINAS GERAIS - EMATER;1 - CONVÊNIOS COM A UNIÃO E SUAS ENTIDADES - EMENDAS INDIVIDUAIS;parcela;0,00;288500,00;257850,00;0,00;546350,00
SECRETARIA DE ESTADO DE AGRICULTURA, PECUÁRIA E ABASTECIMENTO - SEAPA;EMPRESA DE ASSISTÊNCIA TÉCNICA E EXTENSÃO RURAL DO ESTADO DE MINAS GERAIS - EMATER;10 - RECURSOS ORDINÁRIOS - RECURSOS NÃO VINCULADOS DE IMPOSTOS;parcela;227035164,00;8538760,00;13886990,00;0,00;249460914,00
SECRETARIA DE ESTADO DE AGRICULTURA, PECUÁRIA E ABASTECIMENTO - SEAPA;EMPRESA DE ASSISTÊNCIA TÉCNICA E EXTENSÃO RURAL DO ESTADO DE MINAS GERAIS - EMATER;2 - CONVÊNIOS COM A UNIÃO E SUAS ENTIDADES - EMENDAS DE BANCADA;parcela;0,00;6380409,00;2900186,00;0,00;9280595,00
SECRETARIA DE ESTADO DE AGRICULTURA, PECUÁRIA E ABASTECIMENTO - SEAPA;EMPRESA DE ASSISTÊNCIA TÉCNICA E EXTENSÃO RURAL DO ESTADO DE MINAS GERAIS - EMATER;24 - CONVÊNIOS COM A UNIÃO E SUAS ENTIDADES - EXCETO EMENDAS INDIVIDUAIS E DE BANCADA;parcela;0,00;1002000,00;7286034,00;0,00;8288034,00
SECRETARIA DE ESTADO DE AGRICULTURA, PECUÁRIA E ABASTECIMENTO - SEAPA;EMPRESA DE ASSISTÊNCIA TÉCNICA E EXTENSÃO RURAL DO ESTADO DE MINAS GERAIS - EMATER;60 - RECURSOS DIRETAMENTE ARRECADADOS;parcela;16650825,00;26049175,00;10000000,00;0,00;52700000,00
SECRETARIA DE ESTADO DE AGRICULTURA, PECUÁRIA E ABASTECIMENTO - SEAPA;EMPRESA DE ASSISTÊNCIA TÉCNICA E EXTENSÃO RURAL DO ESTADO DE MINAS GERAIS - EMATER;67 - ACORDOS E AJUSTES DE COOPERAÇÃO MÚTUA COM OS MUNICÍPIOS;parcela;46381657,00;59418343,00;0,00;0,00;105800000,00
SECRETARIA DE ESTADO DE AGRICULTURA, PECUÁRIA E ABASTECIMENTO - SEAPA;EMPRESA DE ASSISTÊNCIA TÉCNICA E EXTENSÃO RURAL DO ESTADO DE MINAS GERAIS - EMATER;80 - RECURSOS DO ACORDO DE REPACTUAÇÃO DO RIO DOCE;parcela;0,00;40000000,00;0,00;0,00;40000000,00
SECRETARIA DE ESTADO DE AGRICULTURA, PECUÁRIA E ABASTECIMENTO - SEAPA;EMPRESA DE ASSISTÊNCIA TÉCNICA E EXTENSÃO RURAL DO ESTADO DE MINAS GERAIS - EMATER;TOTAL DA UNIDADE;total;290067646,00;141677187,00;34331060,00;0,00;466075893,00
SECRETARIA DE ESTADO DE AGRICULTURA, PECUÁRIA E ABASTECIMENTO - SEAPA;EMPRESA DE PESQUISA AGROPECUÁRIA DE MINAS GERAIS - EPAMIG;1 - CONVÊNIOS COM A UNIÃO E SUAS ENTIDADES - EMENDAS INDIVIDUAIS;parcela;0,00;2000,00;0,00;0,00;2000,00
SECRETARIA DE ESTADO DE AGRICULTURA, PECUÁRIA E ABASTECIMENTO - SEAPA;EMPRESA DE PESQUISA AGROPECUÁRIA DE MINAS GERAIS - EPAMIG;10 - RECURSOS ORDINÁRIOS - RECURSOS NÃO VINCULADOS DE IMPOSTOS;parcela;115775589,00;22835601,00;12953591,00;0,00;151564781,00
SECRETARIA DE ESTADO DE AGRICULTURA, PECUÁRIA E ABASTECIMENTO - SEAPA;EMPRESA DE PESQUISA AGROPECUÁRIA DE MINAS GERAIS - EPAMIG;2 - CONVÊNIOS COM A UNIÃO E SUAS ENTIDADES - EMENDAS DE BANCADA;parcela;0,00;2000,00;0,00;0,00;2000,00
SECRETARIA DE ESTADO DE AGRICULTURA, PECUÁRIA E ABASTECIMENTO - SEAPA;EMPRESA DE PESQUISA AGROPECUÁRIA DE MINAS GERAIS - EPAMIG;24 - CONVÊNIOS COM A UNIÃO E SUAS ENTIDADES - EXCETO EMENDAS INDIVIDUAIS E DE BANCADA;parcela;0,00;1518671,00;2130802,00;0,00;3649473,00
SECRETARIA DE ESTADO DE AGRICULTURA, PECUÁRIA E ABASTECIMENTO - SEAPA;EMPRESA DE PESQUISA AGROPECUÁRIA DE MINAS GERAIS - EPAMIG;47 - ALIENAÇÃO DE BENS DE ENTIDADES ESTADUAIS;parcela;0,00;0,00;60000,00;0,00;60000,00
SECRETARIA DE ESTADO DE AGRICULTURA, PECUÁRIA E ABASTECIMENTO - SEAPA;EMPRESA DE PESQUISA AGROPECUÁRIA DE MINAS GERAIS - EPAMIG;60 - RECURSOS DIRETAMENTE ARRECADADOS;parcela;0,00;19693176,00;5700000,00;0,00;25393176,00
SECRETARIA DE ESTADO DE AGRICULTURA, PECUÁRIA E ABASTECIMENTO - SEAPA;EMPRESA DE PESQUISA AGROPECUÁRIA DE MINAS GERAIS - EPAMIG;68 - CONVÊNIOS COM AS INSTITUIÇÕES PRIVADAS E OS ORGANISMOS DO EXTERIOR;parcela;0,00;2000,00;0,00;0,00;2000,00
SECRETARIA DE ESTADO DE AGRICULTURA, PECUÁRIA E ABASTECIMENTO - SEAPA;EMPRESA DE PESQUISA AGROPECUÁRIA DE MINAS GERAIS - EPAMIG;70 - CONVÊNIOS COM OS MUNICÍPIOS;parcela;0,00;85239,00;23001,00;0,00;108240,00
SECRETARIA DE ESTADO DE AGRICULTURA, PECUÁRIA E ABASTECIMENTO - SEAPA;EMPRESA DE PESQUISA AGROPECUÁRIA DE MINAS GERAIS - EPAMIG;TOTAL DA UNIDADE;total;115775589,00;44138687,00;20867394,00;0,00;180781670,00
SECRETARIA DE ESTADO DE COMUNICAÇÃO SOCIAL - SECOM;EMPRESA MINEIRA DE COMUNICAÇÃO - EMC;10 - RECURSOS ORDINÁRIOS - RECURSOS NÃO VINCULADOS DE IMPOSTOS;parcela;16730326,00;17807783,00;0,00;0,00;34538109,00
SECRETARIA DE ESTADO DE COMUNICAÇÃO SOCIAL - SECOM;EMPRESA MINEIRA DE COMUNICAÇÃO - EMC;59 - OUTROS RECURSOS VINCULADOS;parcela;0,00;1000,00;0,00;0,00;1000,00
SECRETARIA DE ESTADO DE COMUNICAÇÃO SOCIAL - SECOM;EMPRESA MINEIRA DE COMUNICAÇÃO - EMC;60 - RECURSOS DIRETAMENTE ARRECADADOS;parcela;0,00;1536000,00;0,00;0,00;1536000,00
SECRETARIA DE ESTADO DE COMUNICAÇÃO SOCIAL - SECOM;EMPRESA MINEIRA DE COMUNICAÇÃO - EMC;TOTAL DA UNIDADE;total;16730326,00;19344783,00;0,00;0,00;36075109,00
TRIBUNAL DE JUSTIÇA DO ESTADO DE MINAS GERAIS - TJMG;FUNDO ESPECIAL DO PODER JUDICIÁRIO DO ESTADO DE MINAS GERAIS - FEPJ;47 - ALIENAÇÃO DE BENS DE ENTIDADES ESTADUAIS;parcela;0,00;0,00;2841228,00;0,00;2841228,00
TRIBUNAL DE JUSTIÇA DO ESTADO DE MINAS GERAIS - TJMG;FUNDO ESPECIAL DO PODER JUDICIÁRIO DO ESTADO DE MINAS GERAIS - FEPJ;60 - RECURSOS DIRETAMENTE ARRECADADOS;parcela;0,00;914473725,00;170399313,00;140000000,00;1224873038,00
TRIBUNAL DE JUSTIÇA DO ESTADO DE MINAS GERAIS - TJMG;FUNDO ESPECIAL DO PODER JUDICIÁRIO DO ESTADO DE MINAS GERAIS - FEPJ;61 - RECURSOS DIRETAMENTE ARRECADADOS COM VINCULAÇÃO ESPECÍFICA;parcela;0,00;83338004,00;0,00;0,00;83338004,00
TRIBUNAL DE JUSTIÇA DO ESTADO DE MINAS GERAIS - TJMG;FUNDO ESPECIAL DO PODER JUDICIÁRIO DO ESTADO DE MINAS GERAIS - FEPJ;70 - CONVÊNIOS COM OS MUNICÍPIOS;parcela;0,00;1147089,00;0,00;0,00;1147089,00
TRIBUNAL DE JUSTIÇA DO ESTADO DE MINAS GERAIS - TJMG;FUNDO ESPECIAL DO PODER JUDICIÁRIO DO ESTADO DE MINAS GERAIS - FEPJ;77 - TAXA DE FISCALIZAÇÃO JUDICIÁRIA E TAXAS E MULTAS JUDICIAIS;parcela;0,00;1944014803,00;471125830,00;0,00;2415140633,00
TRIBUNAL DE JUSTIÇA DO ESTADO DE MINAS GERAIS - TJMG;FUNDO ESPECIAL DO PODER JUDICIÁRIO DO ESTADO DE MINAS GERAIS - FEPJ;TOTAL DA UNIDADE;total;0,00;2942973621,00;644366371,00;140000000,00;3727339992,00
SECRETARIA DE ESTADO DE DESENVOLVIMENTO SOCIAL - SEDESE;FUNDO PARA A INFÂNCIA E A ADOLESCÊNCIA - FIA;45 - DOAÇÕES DE PESSOAS, DE INSTITUIÇÕES PRIVADAS OU DO EXTERIOR A ÓRGÃO E ENTIDADES DO ESTADO;parcela;0,00;207657,00;207657,00;0,00;415314,00
SECRETARIA DE ESTADO DE DESENVOLVIMENTO SOCIAL - SEDESE;FUNDO PARA A INFÂNCIA E A ADOLESCÊNCIA - FIA;TOTAL DA UNIDADE;total;0,00;207657,00;207657,00;0,00;415314,00
SECRETARIA DE ESTADO DE DESENVOLVIMENTO SOCIAL - SEDESE;FUNDO ESTADUAL DE HABITAÇÃO - FEH;60 - RECURSOS DIRETAMENTE ARRECADADOS;parcela;0,00;3001000,00;0,00;16823595,00;19824595,00
SECRETARIA DE ESTADO DE DESENVOLVIMENTO SOCIAL - SEDESE;FUNDO ESTADUAL DE HABITAÇÃO - FEH;TOTAL DA UNIDADE;total;0,00;3001000,00;0,00;16823595,00;19824595,00
SECRETARIA DE ESTADO DE DESENVOLVIMENTO ECONÔMICO - SEDE;FUNDO DE FOMENTO E DESENVOLVIMENTO SOCIOECONÔMICO DO ESTADO DE MINAS GERAIS - FUNDESE;60 - RECURSOS DIRETAMENTE ARRECADADOS;parcela;0,00;0,00;0,00;3000,00;3000,00
SECRETARIA DE ESTADO DE DESENVOLVIMENTO ECONÔMICO - SEDE;FUNDO DE FOMENTO E DESENVOLVIMENTO SOCIOECONÔMICO DO ESTADO DE MINAS GERAIS - FUNDESE;TOTAL DA UNIDADE;total;0,00;0,00;0,00;3000,00;3000,00
ASSEMBLEIA LEGISLATIVA DO ESTADO DE MINAS GERAIS - ALMG;FUNDO ESPECIAL DA ASSEMBLEIA LEGISLATIVA DO ESTADO DE MINAS GERAIS - FUNDALEMG;60 - RECURSOS DIRETAMENTE ARRECADADOS;parcela;0,00;2000,00;0,00;17998000,00;18000000,00
ASSEMBLEIA LEGISLATIVA DO ESTADO DE MINAS GERAIS - ALMG;FUNDO ESPECIAL DA ASSEMBLEIA LEGISLATIVA DO ESTADO DE MINAS GERAIS - FUNDALEMG;TOTAL DA UNIDADE;total;0,00;2000,00;0,00;17998000,00;18000000,00
SECRETARIA DE ESTADO DE JUSTIÇA E SEGURANÇA PÚBLICA - SEJUSP;FUNDO PENITENCIÁRIO ESTADUAL - FPE;39 - MULTAS PECUNIÁRIAS E JUROS DE MORA FIXADOS EM SENTENÇAS JUDICIAIS;parcela;0,00;5919714,00;0,00;0,00;5919714,00
SECRETARIA DE ESTADO DE JUSTIÇA E SEGURANÇA PÚBLICA - SEJUSP;FUNDO PENITENCIÁRIO ESTADUAL - FPE;57 - TRANSFERÊNCIAS DA UNIÃO POR MEIO DE PORTARIA - EXCETO EMENDAS INDIVIDUAIS E DE BANCADA;parcela;0,00;10000,00;21225633,00;0,00;21235633,00
SECRETARIA DE ESTADO DE JUSTIÇA E SEGURANÇA PÚBLICA - SEJUSP;FUNDO PENITENCIÁRIO ESTADUAL - FPE;TOTAL DA UNIDADE;total;0,00;5929714,00;21225633,00;0,00;27155347,00
SECRETARIA DE ESTADO DE CULTURA E TURISMO - SECULT;FUNDO DE ASSISTÊNCIA AO TURISMO - FASTUR;10 - RECURSOS ORDINÁRIOS - RECURSOS NÃO VINCULADOS DE IMPOSTOS;parcela;0,00;1000,00;0,00;0,00;1000,00
SECRETARIA DE ESTADO DE CULTURA E TURISMO - SECULT;FUNDO DE ASSISTÊNCIA AO TURISMO - FASTUR;TOTAL DA UNIDADE;total;0,00;1000,00;0,00;0,00;1000,00
SECRETARIA DE ESTADO DE DESENVOLVIMENTO SOCIAL - SEDESE;FUNDO ESTADUAL DE ASSISTÊNCIA SOCIAL - FEAS;10 - RECURSOS ORDINÁRIOS - RECURSOS NÃO VINCULADOS DE IMPOSTOS;parcela;0,00;1000000,00;0,00;0,00;1000000,00
SECRETARIA DE ESTADO DE DESENVOLVIMENTO SOCIAL - SEDESE;FUNDO ESTADUAL DE ASSISTÊNCIA SOCIAL - FEAS;5 - TRANSFERÊNCIAS DA UNIÃO VINCULADAS À ASSISTÊNCIA SOCIAL - EMENDAS INDIVIDUAIS;parcela;0,00;0,00;100000,00;0,00;100000,00
SECRETARIA DE ESTADO DE DESENVOLVIMENTO SOCIAL - SEDESE;FUNDO ESTADUAL DE ASSISTÊNCIA SOCIAL - FEAS;56 - TRANSFERÊNCIAS DA UNIÃO VINCULADAS À ASSISTÊNCIA SOCIAL - EXCETO EMENDAS INDIVIDUAIS E DE BANCADA;parcela;0,00;8263958,00;228000,00;0,00;8491958,00
SECRETARIA DE ESTADO DE DESENVOLVIMENTO SOCIAL - SEDESE;FUNDO ESTADUAL DE ASSISTÊNCIA SOCIAL - FEAS;6 - TRANSFERÊNCIAS DA UNIÃO VINCULADAS À ASSISTÊNCIA SOCIAL - EMENDAS DE BANCADA;parcela;0,00;0,00;100000,00;0,00;100000,00
SECRETARIA DE ESTADO DE DESENVOLVIMENTO SOCIAL - SEDESE;FUNDO ESTADUAL DE ASSISTÊNCIA SOCIAL - FEAS;71 - RECURSOS DO FUNDO ESTADUAL DE ERRADICACAO DA MISERIA;parcela;0,00;163239566,00;2568384,00;0,00;165807950,00
SECRETARIA DE ESTADO DE DESENVOLVIMENTO SOCIAL - SEDESE;FUNDO ESTADUAL DE ASSISTÊNCIA SOCIAL - FEAS;80 - RECURSOS DO ACORDO DE REPACTUAÇÃO DO RIO DOCE;parcela;0,00;7552959,00;27847404,00;0,00;35400363,00
SECRETARIA DE ESTADO DE DESENVOLVIMENTO SOCIAL - SEDESE;FUNDO ESTADUAL DE ASSISTÊNCIA SOCIAL - FEAS;TOTAL DA UNIDADE;total;0,00;180056483,00;30843788,00;0,00;210900271,00
SECRETARIA DE ESTADO DE SAÚDE - SES;FUNDO ESTADUAL DE SAÚDE - FES;10 - RECURSOS ORDINÁRIOS - RECURSOS NÃO VINCULADOS DE IMPOSTOS;parcela;422674856,00;11065152371,00;628953839,00;0,00;12116781066,00
SECRETARIA DE ESTADO DE SAÚDE - SES;FUNDO ESTADUAL DE SAÚDE - FES;24 - CONVÊNIOS COM A UNIÃO E SUAS ENTIDADES - EXCETO EMENDAS INDIVIDUAIS E DE BANCADA;parcela;0,00;501000,00;0,00;0,00;501000,00
SECRETARIA DE ESTADO DE SAÚDE - SES;FUNDO ESTADUAL DE SAÚDE - FES;37 - TRANSFERÊNCIAS DA UNIÃO VINCULADAS À SAÚDE;parcela;0,00;1100000,00;0,00;0,00;1100000,00
SECRETARIA DE ESTADO DE SAÚDE - SES;FUNDO ESTADUAL DE SAÚDE - FES;57 - TRANSFERÊNCIAS DA UNIÃO POR MEIO DE PORTARIA - EXCETO EMENDAS INDIVIDUAIS E DE BANCADA;parcela;71821,00;28750000,00;0,00;0,00;28821821,00
SECRETARIA DE ESTADO DE SAÚDE - SES;FUNDO ESTADUAL DE SAÚDE - FES;60 - RECURSOS DIRETAMENTE ARRECADADOS;parcela;0,00;19215000,00;0,00;0,00;19215000,00
SECRETARIA DE ESTADO DE SAÚDE - SES;FUNDO ESTADUAL DE SAÚDE - FES;62 - TRANSFERÊNCIAS DA UNIÃO VINCULADAS À SAÚDE - BLOCO MANUTENÇÃO - EMENDAS INDIVIDUAIS;parcela;0,00;10000000,00;0,00;0,00;10000000,00
SECRETARIA DE ESTADO DE SAÚDE - SES;FUNDO ESTADUAL DE SAÚDE - FES;63 - TRANSFERÊNCIAS DA UNIÃO VINCULADAS À SAÚDE - BLOCO MANUTENÇÃO - EMENDAS DE BANCADA;parcela;0,00;2500000,00;0,00;0,00;2500000,00
SECRETARIA DE ESTADO DE SAÚDE - SES;FUNDO ESTADUAL DE SAÚDE - FES;64 - TRANSFERÊNCIAS DA UNIÃO VINCULADAS À SAÚDE - BLOCO ESTRUTURAÇÃO - EMENDAS INDIVIDUAIS;parcela;0,00;0,00;26000,00;0,00;26000,00
SECRETARIA DE ESTADO DE SAÚDE - SES;FUNDO ESTADUAL DE SAÚDE - FES;65 - TRANSFERÊNCIAS DA UNIÃO VINCULADAS À SAÚDE - BLOCO ESTRUTURAÇÃO - EMENDAS DE BANCADA;parcela;0,00;0,00;904500,00;0,00;904500,00
SECRETARIA DE ESTADO DE SAÚDE - SES;FUNDO ESTADUAL DE SAÚDE - FES;71 - RECURSOS DO FUNDO ESTADUAL DE ERRADICACAO DA MISERIA;parcela;0,00;68015473,00;0,00;0,00;68015473,00
SECRETARIA DE ESTADO DE SAÚDE - SES;FUNDO ESTADUAL DE SAÚDE - FES;80 - RECURSOS DO ACORDO DE REPACTUAÇÃO DO RIO DOCE;parcela;0,00;0,00;76757500,00;0,00;76757500,00
SECRETARIA DE ESTADO DE SAÚDE - SES;FUNDO ESTADUAL DE SAÚDE - FES;92 - TRANSFERÊNCIAS DA UNIÃO VINCULADAS À SAÚDE - BLOCO MANUTENÇÃO - EXCETO EMENDAS INDIV. E DE BANCADA;parcela;0,00;461955550,00;0,00;0,00;461955550,00
SECRETARIA DE ESTADO DE SAÚDE - SES;FUNDO ESTADUAL DE SAÚDE - FES;93 - TRANSFERÊNCIAS DA UNIÃO VINCULADAS À SAÚDE - BLOCO ESTRUTURAÇÃO - EXCETO EMENDAS INDIV. E DE BANCADA;parcela;0,00;0,00;645000,00;0,00;645000,00
SECRETARIA DE ESTADO DE SAÚDE - SES;FUNDO ESTADUAL DE SAÚDE - FES;TOTAL DA UNIDADE;total;422746677,00;11657189394,00;707286839,00;0,00;12787222910,00
SECRETARIA DE ESTADO DE JUSTIÇA E SEGURANÇA PÚBLICA - SEJUSP;FUNDO ESTADUAL DE PREVENÇÃO, FISCALIZAÇÃO E REPRESSÃO DE ENTORPECENTES - FUNPREN;10 - RECURSOS ORDINÁRIOS - RECURSOS NÃO VINCULADOS DE IMPOSTOS;parcela;0,00;1000,00;0,00;0,00;1000,00
SECRETARIA DE ESTADO DE JUSTIÇA E SEGURANÇA PÚBLICA - SEJUSP;FUNDO ESTADUAL DE PREVENÇÃO, FISCALIZAÇÃO E REPRESSÃO DE ENTORPECENTES - FUNPREN;TOTAL DA UNIDADE;total;0,00;1000,00;0,00;0,00;1000,00
SECRETARIA DE ESTADO DE INFRAESTRUTURA, MOBILIDADE E PARCERIA - SEINFRA;FUNDO DE DESENVOLVIMENTO METROPOLITANO - FDM;10 - RECURSOS ORDINÁRIOS - RECURSOS NÃO VINCULADOS DE IMPOSTOS;parcela;0,00;89400,00;0,00;0,00;89400,00
SECRETARIA DE ESTADO DE INFRAESTRUTURA, MOBILIDADE E PARCERIA - SEINFRA;FUNDO DE DESENVOLVIMENTO METROPOLITANO - FDM;59 - OUTROS RECURSOS VINCULADOS;parcela;0,00;89400,00;0,00;0,00;89400,00
SECRETARIA DE ESTADO DE INFRAESTRUTURA, MOBILIDADE E PARCERIA - SEINFRA;FUNDO DE DESENVOLVIMENTO METROPOLITANO - FDM;TOTAL DA UNIDADE;total;0,00;178800,00;0,00;0,00;178800,00
SECRETARIA DE ESTADO DE MEIO AMBIENTE E DESENVOLVIMENTO SUSTENTÁVEL - SEMAD;FUNDO DE RECUPERAÇÃO, PROTEÇÃO E DESENVOLVIMENTO SUSTENTÁVEL DAS BACIAS HIDROGRÁFICAS DO ESTADO DE MINAS GERAIS - FHIDRO;31 - UTILIZAÇÃO DE RECURSOS HÍDRICOS;parcela;0,00;36485544,00;2500000,00;0,00;38985544,00
SECRETARIA DE ESTADO DE MEIO AMBIENTE E DESENVOLVIMENTO SUSTENTÁVEL - SEMAD;FUNDO DE RECUPERAÇÃO, PROTEÇÃO E DESENVOLVIMENTO SUSTENTÁVEL DAS BACIAS HIDROGRÁFICAS DO ESTADO DE MINAS GERAIS - FHIDRO;TOTAL DA UNIDADE;total;0,00;36485544,00;2500000,00;0,00;38985544,00
SECRETARIA DE ESTADO DE INFRAESTRUTURA, MOBILIDADE E PARCERIA - SEINFRA;FUNDO ESTADUAL DE DESENVOLVIMENTO DE TRANSPORTES - FUNTRANS;54 - TAXA DE LICENCIAMENTO DA FAIXA DE DOMÍNIO DAS RODOVIAS;parcela;0,00;0,00;4104010,00;0,00;4104010,00
SECRETARIA DE ESTADO DE INFRAESTRUTURA, MOBILIDADE E PARCERIA - SEINFRA;FUNDO ESTADUAL DE DESENVOLVIMENTO DE TRANSPORTES - FUNTRANS;83 - NOTIFICACAO DE INFRACAO DE TRANSITO FUNTRANS;parcela;0,00;30354558,00;129267281,00;0,00;159621839,00
SECRETARIA DE ESTADO DE INFRAESTRUTURA, MOBILIDADE E PARCERIA - SEINFRA;FUNDO ESTADUAL DE DESENVOLVIMENTO DE TRANSPORTES - FUNTRANS;TOTAL DA UNIDADE;total;0,00;30354558,00;133371291,00;0,00;163725849,00
SECRETARIA DE ESTADO DE DESENVOLVIMENTO SOCIAL - SEDESE;FUNDO ESTADUAL DE DEFESA DE DIREITOS DIFUSOS - FUNDIF;39 - MULTAS PECUNIÁRIAS E JUROS DE MORA FIXADOS EM SENTENÇAS JUDICIAIS;parcela;0,00;5566985,00;4187700,00;0,00;9754685,00
SECRETARIA DE ESTADO DE DESENVOLVIMENTO SOCIAL - SEDESE;FUNDO ESTADUAL DE DEFESA DE DIREITOS DIFUSOS - FUNDIF;TOTAL DA UNIDADE;total;0,00;5566985,00;4187700,00;0,00;9754685,00
MINISTÉRIO PÚBLICO DO ESTADO DE MINAS GERAIS - MPMG;FUNDO ESPECIAL DO MINISTÉRIO PÚBLICO DO ESTADO DE MINAS GERAIS - FUNEMP;47 - ALIENAÇÃO DE BENS DE ENTIDADES ESTADUAIS;parcela;0,00;0,00;50000,00;0,00;50000,00
MINISTÉRIO PÚBLICO DO ESTADO DE MINAS GERAIS - MPMG;FUNDO ESPECIAL DO MINISTÉRIO PÚBLICO DO ESTADO DE MINAS GERAIS - FUNEMP;60 - RECURSOS DIRETAMENTE ARRECADADOS;parcela;0,00;28800000,00;31200000,00;0,00;60000000,00
MINISTÉRIO PÚBLICO DO ESTADO DE MINAS GERAIS - MPMG;FUNDO ESPECIAL DO MINISTÉRIO PÚBLICO DO ESTADO DE MINAS GERAIS - FUNEMP;TOTAL DA UNIDADE;total;0,00;28800000,00;31250000,00;0,00;60050000,00
MINISTÉRIO PÚBLICO DO ESTADO DE MINAS GERAIS - MPMG;FUNDO ESTADUAL DE PROTEÇÃO E DEFESA DO CONSUMIDOR - FEPDC;47 - ALIENAÇÃO DE BENS DE ENTIDADES ESTADUAIS;parcela;0,00;0,00;50000,00;0,00;50000,00
MINISTÉRIO PÚBLICO DO ESTADO DE MINAS GERAIS - MPMG;FUNDO ESTADUAL DE PROTEÇÃO E DEFESA DO CONSUMIDOR - FEPDC;60 - RECURSOS DIRETAMENTE ARRECADADOS;parcela;0,00;31500000,00;38500000,00;0,00;70000000,00
MINISTÉRIO PÚBLICO DO ESTADO DE MINAS GERAIS - MPMG;FUNDO ESTADUAL DE PROTEÇÃO E DEFESA DO CONSUMIDOR - FEPDC;TOTAL DA UNIDADE;total;0,00;31500000,00;38550000,00;0,00;70050000,00
SECRETARIA DE ESTADO DE CULTURA E TURISMO - SECULT;FUNDO ESTADUAL DE CULTURA - FEC;10 - RECURSOS ORDINÁRIOS - RECURSOS NÃO VINCULADOS DE IMPOSTOS;parcela;0,00;1000000,00;0,00;0,00;1000000,00
SECRETARIA DE ESTADO DE CULTURA E TURISMO - SECULT;FUNDO ESTADUAL DE CULTURA - FEC;59 - OUTROS RECURSOS VINCULADOS;parcela;0,00;30999000,00;1000000,00;0,00;31999000,00
SECRETARIA DE ESTADO DE CULTURA E TURISMO - SECULT;FUNDO ESTADUAL DE CULTURA - FEC;TOTAL DA UNIDADE;total;0,00;31999000,00;1000000,00;0,00;32999000,00
POLÍCIA MILITAR DO ESTADO DE MINAS GERAIS - PMMG;FUNDO DE APOIO HABITACIONAL AOS MILITARES DO ESTADO DE MINAS GERAIS - FAHMEMG;60 - RECURSOS DIRETAMENTE ARRECADADOS;parcela;0,00;477606,00;0,00;0,00;477606,00
POLÍCIA MILITAR DO ESTADO DE MINAS GERAIS - PMMG;FUNDO DE APOIO HABITACIONAL AOS MILITARES DO ESTADO DE MINAS GERAIS - FAHMEMG;TOTAL DA UNIDADE;total;0,00;477606,00;0,00;0,00;477606,00
SECRETARIA DE ESTADO DE PLANEJAMENTO E GESTÃO - SEPLAG;FUNDO DE ASSISTÊNCIA AO PECÚLIO DOS SERVIDORES DO ESTADO DE MINAS GERAIS - FUNAPEC;10 - RECURSOS ORDINÁRIOS - RECURSOS NÃO VINCULADOS DE IMPOSTOS;parcela;0,00;34326424,00;0,00;0,00;34326424,00
SECRETARIA DE ESTADO DE PLANEJAMENTO E GESTÃO - SEPLAG;FUNDO DE ASSISTÊNCIA AO PECÚLIO DOS SERVIDORES DO ESTADO DE MINAS GERAIS - FUNAPEC;59 - OUTROS RECURSOS VINCULADOS;parcela;0,00;92091002,00;0,00;0,00;92091002,00
SECRETARIA DE ESTADO DE PLANEJAMENTO E GESTÃO - SEPLAG;FUNDO DE ASSISTÊNCIA AO PECÚLIO DOS SERVIDORES DO ESTADO DE MINAS GERAIS - FUNAPEC;TOTAL DA UNIDADE;total;0,00;126417426,00;0,00;0,00;126417426,00
SECRETARIA DE ESTADO DE DESENVOLVIMENTO SOCIAL - SEDESE;FUNDO ESTADUAL DOS DIREITOS DO IDOSO - FEI;45 - DOAÇÕES DE PESSOAS, DE INSTITUIÇÕES PRIVADAS OU DO EXTERIOR A ÓRGÃO E ENTIDADES DO ESTADO;parcela;0,00;576514,00;576514,00;0,00;1153028,00
SECRETARIA DE ESTADO DE DESENVOLVIMENTO SOCIAL - SEDESE;FUNDO ESTADUAL DOS DIREITOS DO IDOSO - FEI;TOTAL DA UNIDADE;total;0,00;576514,00;576514,00;0,00;1153028,00
TRIBUNAL DE CONTAS DO ESTADO DE MINAS GERAIS - TCEMG;FUNDO DO TRIBUNAL DE CONTAS DO ESTADO DE MINAS GERAIS - FUNCONTAS;60 - RECURSOS DIRETAMENTE ARRECADADOS;parcela;0,00;3500000,00;3492000,00;0,00;6992000,00
TRIBUNAL DE CONTAS DO ESTADO DE MINAS GERAIS - TCEMG;FUNDO DO TRIBUNAL DE CONTAS DO ESTADO DE MINAS GERAIS - FUNCONTAS;TOTAL DA UNIDADE;total;0,00;3500000,00;3492000,00;0,00;6992000,00
SECRETARIA DE ESTADO DE FAZENDA - SEF;FUNDO DE INVESTIMENTO DO ESTADO DE MINAS GERAIS - MG INVESTE;60 - RECURSOS DIRETAMENTE ARRECADADOS;parcela;0,00;15799000,00;0,00;1000,00;15800000,00
SECRETARIA DE ESTADO DE FAZENDA - SEF;FUNDO DE INVESTIMENTO DO ESTADO DE MINAS GERAIS - MG INVESTE;TOTAL DA UNIDADE;total;0,00;15799000,00;0,00;1000,00;15800000,00
SECRETARIA DE ESTADO DE INFRAESTRUTURA, MOBILIDADE E PARCERIA - SEINFRA;FUNDO DE PAGAMENTO DE PARCERIAS PÚBLICO - PRIVADAS DE MINAS GERAIS - FPP - MG;10 - RECURSOS ORDINÁRIOS - RECURSOS NÃO VINCULADOS DE IMPOSTOS;parcela;0,00;256055154,00;0,00;249144427,00;505199581,00
SECRETARIA DE ESTADO DE INFRAESTRUTURA, MOBILIDADE E PARCERIA - SEINFRA;FUNDO DE PAGAMENTO DE PARCERIAS PÚBLICO - PRIVADAS DE MINAS GERAIS - FPP - MG;59 - OUTROS RECURSOS VINCULADOS;parcela;0,00;3372264,00;0,00;0,00;3372264,00
SECRETARIA DE ESTADO DE INFRAESTRUTURA, MOBILIDADE E PARCERIA - SEINFRA;FUNDO DE PAGAMENTO DE PARCERIAS PÚBLICO - PRIVADAS DE MINAS GERAIS - FPP - MG;60 - RECURSOS DIRETAMENTE ARRECADADOS;parcela;0,00;0,00;0,00;60788935,00;60788935,00
SECRETARIA DE ESTADO DE INFRAESTRUTURA, MOBILIDADE E PARCERIA - SEINFRA;FUNDO DE PAGAMENTO DE PARCERIAS PÚBLICO - PRIVADAS DE MINAS GERAIS - FPP - MG;80 - RECURSOS DO ACORDO DE REPACTUAÇÃO DO RIO DOCE;parcela;0,00;0,00;0,00;345000000,00;345000000,00
SECRETARIA DE ESTADO DE INFRAESTRUTURA, MOBILIDADE E PARCERIA - SEINFRA;FUNDO DE PAGAMENTO DE PARCERIAS PÚBLICO - PRIVADAS DE MINAS GERAIS - FPP - MG;89 - RECURSOS DO FUNDO DE EQUALIZAÇÃO FEDERATIVA – FEF;parcela;0,00;0,00;0,00;60538046,00;60538046,00
SECRETARIA DE ESTADO DE INFRAESTRUTURA, MOBILIDADE E PARCERIA - SEINFRA;FUNDO DE PAGAMENTO DE PARCERIAS PÚBLICO - PRIVADAS DE MINAS GERAIS - FPP - MG;95 - RECURSOS RECEBIDOS POR DANOS ADVINDOS DE DESASTRES SOCIOAMBIENTAIS;parcela;0,00;0,00;0,00;500842252,00;500842252,00
SECRETARIA DE ESTADO DE INFRAESTRUTURA, MOBILIDADE E PARCERIA - SEINFRA;FUNDO DE PAGAMENTO DE PARCERIAS PÚBLICO - PRIVADAS DE MINAS GERAIS - FPP - MG;TOTAL DA UNIDADE;total;0,00;259427418,00;0,00;1216313660,00;1475741078,00
SECRETARIA DE ESTADO DE INFRAESTRUTURA, MOBILIDADE E PARCERIA - SEINFRA;FUNDO DE GARANTIAS DE PARCERIAS PÚBLICO - PRIVADAS DE MINAS GERAIS - FGP - MG;10 - RECURSOS ORDINÁRIOS - RECURSOS NÃO VINCULADOS DE IMPOSTOS;parcela;0,00;1000,00;0,00;0,00;1000,00
SECRETARIA DE ESTADO DE INFRAESTRUTURA, MOBILIDADE E PARCERIA - SEINFRA;FUNDO DE GARANTIAS DE PARCERIAS PÚBLICO - PRIVADAS DE MINAS GERAIS - FGP - MG;TOTAL DA UNIDADE;total;0,00;1000,00;0,00;0,00;1000,00
SECRETARIA DE ESTADO DE FAZENDA - SEF;FUNDO ESPECIAL DE CRÉDITOS INADIMPLIDOS E DÍVIDA ATIVA - FECIDAT;10 - RECURSOS ORDINÁRIOS - RECURSOS NÃO VINCULADOS DE IMPOSTOS;parcela;0,00;2000,00;0,00;0,00;2000,00
SECRETARIA DE ESTADO DE FAZENDA - SEF;FUNDO ESPECIAL DE CRÉDITOS INADIMPLIDOS E DÍVIDA ATIVA - FECIDAT;TOTAL DA UNIDADE;total;0,00;2000,00;0,00;0,00;2000,00
SECRETARIA DE ESTADO DE DESENVOLVIMENTO ECONÔMICO - SEDE;FUNDO DE ATIVOS IMOBILIÁRIOS DE MINAS GERAIS - FAIMG;60 - RECURSOS DIRETAMENTE ARRECADADOS;parcela;0,00;1000,00;0,00;0,00;1000,00
SECRETARIA DE ESTADO DE DESENVOLVIMENTO ECONÔMICO - SEDE;FUNDO DE ATIVOS IMOBILIÁRIOS DE MINAS GERAIS - FAIMG;TOTAL DA UNIDADE;total;0,00;1000,00;0,00;0,00;1000,00
SECRETARIA DE ESTADO DE DESENVOLVIMENTO ECONÔMICO - SEDE;FUNDO DE INVESTIMENTOS IMOBILIÁRIOS DE MINAS GERAIS - FIIMG;10 - RECURSOS ORDINÁRIOS - RECURSOS NÃO VINCULADOS DE IMPOSTOS;parcela;0,00;1000,00;0,00;0,00;1000,00
SECRETARIA DE ESTADO DE DESENVOLVIMENTO ECONÔMICO - SEDE;FUNDO DE INVESTIMENTOS IMOBILIÁRIOS DE MINAS GERAIS - FIIMG;TOTAL DA UNIDADE;total;0,00;1000,00;0,00;0,00;1000,00
SECRETARIA DE ESTADO DE JUSTIÇA E SEGURANÇA PÚBLICA - SEJUSP;FUNDO ESTADUAL DE SEGURANÇA PÚBLICA DE MINAS GERAIS - FESP-MG;57 - TRANSFERÊNCIAS DA UNIÃO POR MEIO DE PORTARIA - EXCETO EMENDAS INDIVIDUAIS E DE BANCADA;parcela;0,00;61836092,00;1000,00;0,00;61837092,00
SECRETARIA DE ESTADO DE JUSTIÇA E SEGURANÇA PÚBLICA - SEJUSP;FUNDO ESTADUAL DE SEGURANÇA PÚBLICA DE MINAS GERAIS - FESP-MG;TOTAL DA UNIDADE;total;0,00;61836092,00;1000,00;0,00;61837092,00
SECRETARIA DE ESTADO DE DESENVOLVIMENTO SOCIAL - SEDESE;FUNDO ESTADUAL DO TRABALHO DE MINAS GERAIS - FET-MG;10 - RECURSOS ORDINÁRIOS - RECURSOS NÃO VINCULADOS DE IMPOSTOS;parcela;0,00;2720802,00;0,00;0,00;2720802,00
SECRETARIA DE ESTADO DE DESENVOLVIMENTO SOCIAL - SEDESE;FUNDO ESTADUAL DO TRABALHO DE MINAS GERAIS - FET-MG;57 - TRANSFERÊNCIAS DA UNIÃO POR MEIO DE PORTARIA - EXCETO EMENDAS INDIVIDUAIS E DE BANCADA;parcela;0,00;11898031,00;10000,00;0,00;11908031,00
SECRETARIA DE ESTADO DE DESENVOLVIMENTO SOCIAL - SEDESE;FUNDO ESTADUAL DO TRABALHO DE MINAS GERAIS - FET-MG;TOTAL DA UNIDADE;total;0,00;14618833,00;10000,00;0,00;14628833,00
SECRETARIA DE ESTADO DE PLANEJAMENTO E GESTÃO - SEPLAG;FUNDO FINANCEIRO DE PREVIDÊNCIA DO ESTADO DE MINAS GERAIS - FFP - MG;10 - RECURSOS ORDINÁRIOS - RECURSOS NÃO VINCULADOS DE IMPOSTOS;parcela;7266093425,00;25000000,00;0,00;0,00;7291093425,00
SECRETARIA DE ESTADO DE PLANEJAMENTO E GESTÃO - SEPLAG;FUNDO FINANCEIRO DE PREVIDÊNCIA DO ESTADO DE MINAS GERAIS - FFP - MG;15 - RECURSOS ORDINÁRIOS - OUTROS RECURSOS NÃO VINCULADOS;parcela;4747097838,00;0,00;0,00;0,00;4747097838,00
SECRETARIA DE ESTADO DE PLANEJAMENTO E GESTÃO - SEPLAG;FUNDO FINANCEIRO DE PREVIDÊNCIA DO ESTADO DE MINAS GERAIS - FFP - MG;42 - CONTRIBUIÇÃO PATRONAL PARA O RPPS;parcela;5418498324,00;0,00;0,00;0,00;5418498324,00
SECRETARIA DE ESTADO DE PLANEJAMENTO E GESTÃO - SEPLAG;FUNDO FINANCEIRO DE PREVIDÊNCIA DO ESTADO DE MINAS GERAIS - FFP - MG;43 - CONTRIBUIÇÃO DO SERVIDOR PARA O RPPS;parcela;2466030743,00;0,00;0,00;0,00;2466030743,00
SECRETARIA DE ESTADO DE PLANEJAMENTO E GESTÃO - SEPLAG;FUNDO FINANCEIRO DE PREVIDÊNCIA DO ESTADO DE MINAS GERAIS - FFP - MG;44 - COMPENSAÇÃO FINANCEIRA ENTRE REGIMES DE PREVIDÊNCIA;parcela;81000000,00;0,00;0,00;0,00;81000000,00
SECRETARIA DE ESTADO DE PLANEJAMENTO E GESTÃO - SEPLAG;FUNDO FINANCEIRO DE PREVIDÊNCIA DO ESTADO DE MINAS GERAIS - FFP - MG;52 - TAXA DE CONTROLE E FISCALIZAÇÃO AMBIENTAL;parcela;4859876,00;0,00;0,00;0,00;4859876,00
SECRETARIA DE ESTADO DE PLANEJAMENTO E GESTÃO - SEPLAG;FUNDO FINANCEIRO DE PREVIDÊNCIA DO ESTADO DE MINAS GERAIS - FFP - MG;60 - RECURSOS DIRETAMENTE ARRECADADOS;parcela;302182790,00;0,00;0,00;0,00;302182790,00
SECRETARIA DE ESTADO DE PLANEJAMENTO E GESTÃO - SEPLAG;FUNDO FINANCEIRO DE PREVIDÊNCIA DO ESTADO DE MINAS GERAIS - FFP - MG;61 - RECURSOS DIRETAMENTE ARRECADADOS COM VINCULAÇÃO ESPECÍFICA;parcela;67669414,00;0,00;0,00;0,00;67669414,00
SECRETARIA DE ESTADO DE PLANEJAMENTO E GESTÃO - SEPLAG;FUNDO FINANCEIRO DE PREVIDÊNCIA DO ESTADO DE MINAS GERAIS - FFP - MG;TOTAL DA UNIDADE;total;20353432410,00;25000000,00;0,00;0,00;20378432410,00
SECRETARIA DE ESTADO DE FAZENDA - SEF;FUNDO ESTADUAL DE PREVIDÊNCIA DO ESTADO DE MINAS GERAIS - FEPREMG;10 - RECURSOS ORDINÁRIOS - RECURSOS NÃO VINCULADOS DE IMPOSTOS;parcela;0,00;1000,00;0,00;0,00;1000,00
SECRETARIA DE ESTADO DE FAZENDA - SEF;FUNDO ESTADUAL DE PREVIDÊNCIA DO ESTADO DE MINAS GERAIS - FEPREMG;TOTAL DA UNIDADE;total;0,00;1000,00;0,00;0,00;1000,00
MINISTÉRIO PÚBLICO DO ESTADO DE MINAS GERAIS - MPMG;FUNDO DE DESENVOLVIMENTO DO MINISTÉRIO PÚBLICO - FDMP;59 - OUTROS RECURSOS VINCULADOS;parcela;0,00;88000000,00;2000000,00;0,00;90000000,00
MINISTÉRIO PÚBLICO DO ESTADO DE MINAS GERAIS - MPMG;FUNDO DE DESENVOLVIMENTO DO MINISTÉRIO PÚBLICO - FDMP;TOTAL DA UNIDADE;total;0,00;88000000,00;2000000,00;0,00;90000000,00
DEFENSORIA PUBLICA DO ESTADO DE MINAS GERAIS - DEF PUB;FUNDO ESPECIAL DE GARANTIA DE ACESSO À JUSTIÇA - FEGAJ;59 - OUTROS RECURSOS VINCULADOS;parcela;0,00;74000000,00;16000000,00;0,00;90000000,00
DEFENSORIA PUBLICA DO ESTADO DE MINAS GERAIS - DEF PUB;FUNDO ESPECIAL DE GARANTIA DE ACESSO À JUSTIÇA - FEGAJ;60 - RECURSOS DIRETAMENTE ARRECADADOS;parcela;0,00;8500000,00;6500000,00;0,00;15000000,00
DEFENSORIA PUBLICA DO ESTADO DE MINAS GERAIS - DEF PUB;FUNDO ESPECIAL DE GARANTIA DE ACESSO À JUSTIÇA - FEGAJ;TOTAL DA UNIDADE;total;0,00;82500000,00;22500000,00;0,00;105000000,00
ADVOCACIA GERAL DO ESTADO - AGE;FUNDO ESPECIAL DA ADVOCACIA-GERAL DO ESTADO - FEAGE;59 - OUTROS RECURSOS VINCULADOS;parcela;0,00;3000000,00;3000000,00;0,00;6000000,00
ADVOCACIA GERAL DO ESTADO - AGE;FUNDO ESPECIAL DA ADVOCACIA-GERAL DO ESTADO - FEAGE;TOTAL DA UNIDADE;total;0,00;3000000,00;3000000,00;0,00;6000000,00
