orgao_nome;uo_nome;fonte;pessoal;outras_correntes;investimentos;inversoes;total
ASSEMBLEIA LEGISLATIVA DO ESTADO DE MINAS GERAIS - ALMG;ASSEMBLEIA LEGISLATIVA DO ESTADO DE MINAS GERAIS - ALMG;10 - RECURSOS ORDINÁRIOS - RECURSOS NÃO VINCULADOS DE IMPOSTOS;1291921833,00;276497900,00;14800000,00;11953000,00;1595172733,00
ASSEMBLEIA LEGISLATIVA DO ESTADO DE MINAS GERAIS - ALMG;ASSEMBLEIA LEGISLATIVA DO ESTADO DE MINAS GERAIS - ALMG;42 - CONTRIBUIÇÃO PATRONAL PARA O RPPS;112000000,00;0,00;0,00;0,00;112000000,00
ASSEMBLEIA LEGISLATIVA DO ESTADO DE MINAS GERAIS - ALMG;ASSEMBLEIA LEGISLATIVA DO ESTADO DE MINAS GERAIS - ALMG;43 - CONTRIBUIÇÃO DO SERVIDOR PARA O RPPS;126400000,00;0,00;0,00;0,00;126400000,00
ASSEMBLEIA LEGISLATIVA DO ESTADO DE MINAS GERAIS - ALMG;ASSEMBLEIA LEGISLATIVA DO ESTADO DE MINAS GERAIS - ALMG;60 - RECURSOS DIRETAMENTE ARRECADADOS;0,00;24896769,00;0,00;0,00;24896769,00
ASSEMBLEIA LEGISLATIVA DO ESTADO DE MINAS GERAIS - ALMG;ASSEMBLEIA LEGISLATIVA DO ESTADO DE MINAS GERAIS - ALMG;TOTAL;1910549833,00;370779669,00;14800000,00;11953000,00;2308082502,00
TRIBUNAL DE CONTAS DO ESTADO DE MINAS GERAIS - TCEMG;TRIBUNAL DE CONTAS DO ESTADO DE MINAS GERAIS - TCEMG;10 - RECURSOS ORDINÁRIOS - RECURSOS NÃO VINCULADOS DE IMPOSTOS;687358884,00;139003297,00;18432210,00;0,00;844794391,00
TRIBUNAL DE CONTAS DO ESTADO DE MINAS GERAIS - TCEMG;TRIBUNAL DE CONTAS DO ESTADO DE MINAS GERAIS - TCEMG;42 - CONTRIBUIÇÃO PATRONAL PARA O RPPS;104407495,00;0,00;0,00;0,00;104407495,00
TRIBUNAL DE CONTAS DO ESTADO DE MINAS GERAIS - TCEMG;TRIBUNAL DE CONTAS DO ESTADO DE MINAS GERAIS - TCEMG;43 - CONTRIBUIÇÃO DO SERVIDOR PARA O RPPS;118906754,00;0,00;0,00;0,00;118906754,00
TRIBUNAL DE CONTAS DO ESTADO DE MINAS GERAIS - TCEMG;TRIBUNAL DE CONTAS DO ESTADO DE MINAS GERAIS - TCEMG;60 - RECURSOS DIRETAMENTE ARRECADADOS;0,00;50745000,00;15000000,00;0,00;65745000,00
TRIBUNAL DE CONTAS DO ESTADO DE MINAS GERAIS - TCEMG;TRIBUNAL DE CONTAS DO ESTADO DE MINAS GERAIS - TCEMG;TOTAL;1231042781,00;271703402,00;33432210,00;0,00;1536178393,00
TRIBUNAL DE JUSTIÇA DO ESTADO DE MINAS GERAIS - TJMG;TRIBUNAL DE JUSTIÇA DO ESTADO DE MINAS GERAIS - TJMG;10 - RECURSOS ORDINÁRIOS - RECURSOS NÃO VINCULADOS DE IMPOSTOS;8394265975,00;0,00;0,00;0,00;8394265975,00
TRIBUNAL DE JUSTIÇA DO ESTADO DE MINAS GERAIS - TJMG;TRIBUNAL DE JUSTIÇA DO ESTADO DE MINAS GERAIS - TJMG;42 - CONTRIBUIÇÃO PATRONAL PARA O RPPS;1081813774,00;0,00;0,00;0,00;1081813774,00
TRIBUNAL DE JUSTIÇA DO ESTADO DE MINAS GERAIS - TJMG;TRIBUNAL DE JUSTIÇA DO ESTADO DE MINAS GERAIS - TJMG;43 - CONTRIBUIÇÃO DO SERVIDOR PARA O RPPS;891570030,00;0,00;0,00;0,00;891570030,00
TRIBUNAL DE JUSTIÇA DO ESTADO DE MINAS GERAIS - TJMG;TRIBUNAL DE JUSTIÇA DO ESTADO DE MINAS GERAIS - TJMG;60 - RECURSOS DIRETAMENTE ARRECADADOS;0,00;226447611,00;0,00;0,00;226447611,00
TRIBUNAL DE JUSTIÇA DO ESTADO DE MINAS GERAIS - TJMG;TRIBUNAL DE JUSTIÇA DO ESTADO DE MINAS GERAIS - TJMG;TOTAL;11514169026,00;982710410,00;0,00;0,00;12496879436,00
TRIBUNAL DE JUSTIÇA MILITAR DO ESTADO DE MINAS GERAIS - TJMMG;TRIBUNAL DE JUSTIÇA MILITAR DO ESTADO DE MINAS GERAIS - TJMMG;10 - RECURSOS ORDINÁRIOS - RECURSOS NÃO VINCULADOS DE IMPOSTOS;117606891,00;15583054,00;8396854,00;0,00;141586799,00
TRIBUNAL DE JUSTIÇA MILITAR DO ESTADO DE MINAS GERAIS - TJMMG;TRIBUNAL DE JUSTIÇA MILITAR DO ESTADO DE MINAS GERAIS - TJMMG;42 - CONTRIBUIÇÃO PATRONAL PARA O RPPS;9851943,00;0,00;0,00;0,00;9851943,00
TRIBUNAL DE JUSTIÇA MILITAR DO ESTADO DE MINAS GERAIS - TJMMG;TRIBUNAL DE JUSTIÇA MILITAR DO ESTADO DE MINAS GERAIS - TJMMG;43 - CONTRIBUIÇÃO DO SERVIDOR PARA O RPPS;9665367,00;0,00;0,00;0,00;9665367,00
TRIBUNAL DE JUSTIÇA MILITAR DO ESTADO DE MINAS GERAIS - TJMMG;TRIBUNAL DE JUSTIÇA MILITAR DO ESTADO DE MINAS GERAIS - TJMMG;60 - RECURSOS DIRETAMENTE ARRECADADOS;0,00;787500,00;1412500,00;0,00;2200000,00
TRIBUNAL DE JUSTIÇA MILITAR DO ESTADO DE MINAS GERAIS - TJMMG;TRIBUNAL DE JUSTIÇA MILITAR DO ESTADO DE MINAS GERAIS - TJMMG;TOTAL;151754654,00;27846214,00;9809354,00;0,00;189410222,00
GABINETE MILITAR DO GOVERNADOR DO ESTADO DE MINAS GERAIS - GMG;GABINETE MILITAR DO GOVERNADOR DO ESTADO DE MINAS GERAIS - GABINETE MILITAR;10 - RECURSOS ORDINÁRIOS - RECURSOS NÃO VINCULADOS DE IMPOSTOS;8330350,00;27377973,00;0,00;0,00;35708323,00
GABINETE MILITAR DO GOVERNADOR DO ESTADO DE MINAS GERAIS - GMG;GABINETE MILITAR DO GOVERNADOR DO ESTADO DE MINAS GERAIS - GABINETE MILITAR;25 - OPERAÇÕES DE CRÉDITO CONTRATUAIS;0,00;0,00;130000,00;0,00;130000,00
GABINETE MILITAR DO GOVERNADOR DO ESTADO DE MINAS GERAIS - GMG;GABINETE MILITAR DO GOVERNADOR DO ESTADO DE MINAS GERAIS - GABINETE MILITAR;57 - TRANSFERÊNCIAS DA UNIÃO POR MEIO DE PORTARIA - EXCETO EMENDAS INDIVIDUAIS E DE BANCADA;0,00;5002000,00;0,00;0,00;5002000,00
GABINETE MILITAR DO GOVERNADOR DO ESTADO DE MINAS GERAIS - GMG;GABINETE MILITAR DO GOVERNADOR DO ESTADO DE MINAS GERAIS - GABINETE MILITAR;80 - RECURSOS DO ACORDO DE REPACTUAÇÃO DO RIO DOCE;0,00;0,00;14800000,00;0,00;14800000,00
GABINETE MILITAR DO GOVERNADOR DO ESTADO DE MINAS GERAIS - GMG;GABINETE MILITAR DO GOVERNADOR DO ESTADO DE MINAS GERAIS - GABINETE MILITAR;TOTAL;8330350,00;34429458,00;18190000,00;0,00;60949808,00
ADVOCACIA GERAL DO ESTADO - AGE;ADVOCACIA GERAL DO ESTADO - AGE;10 - RECURSOS ORDINÁRIOS - RECURSOS NÃO VINCULADOS DE IMPOSTOS;371866796,00;29657457,00;3136462,00;0,00;404660715,00
ADVOCACIA GERAL DO ESTADO - AGE;ADVOCACIA GERAL DO ESTADO - AGE;9 - TERMOS DE AJUSTAMENTO, DOAÇÕES CONTROLADAS POR INSTRUMENTO JURÍDICO E CONGÊNERES;0,00;351000,00;750000,00;0,00;1101000,00
ADVOCACIA GERAL DO ESTADO - AGE;ADVOCACIA GERAL DO ESTADO - AGE;TOTAL;1119284718,00;619106926,00;3886462,00;0,00;1742278106,00
MINISTÉRIO PÚBLICO DO ESTADO DE MINAS GERAIS - MPMG;PROCURADORIA GERAL DE JUSTIÇA - PGJ;10 - RECURSOS ORDINÁRIOS - RECURSOS NÃO VINCULADOS DE IMPOSTOS;2885700000,00;392172255,00;33336775,00;5000000,00;3316209030,00
MINISTÉRIO PÚBLICO DO ESTADO DE MINAS GERAIS - MPMG;PROCURADORIA GERAL DE JUSTIÇA - PGJ;24 - CONVÊNIOS COM A UNIÃO E SUAS ENTIDADES - EXCETO EMENDAS INDIVIDUAIS E DE BANCADA;0,00;1915000,00;0,00;0,00;1915000,00
MINISTÉRIO PÚBLICO DO ESTADO DE MINAS GERAIS - MPMG;PROCURADORIA GERAL DE JUSTIÇA - PGJ;42 - CONTRIBUIÇÃO PATRONAL PARA O RPPS;391082727,00;0,00;0,00;0,00;391082727,00
MINISTÉRIO PÚBLICO DO ESTADO DE MINAS GERAIS - MPMG;PROCURADORIA GERAL DE JUSTIÇA - PGJ;43 - CONTRIBUIÇÃO DO SERVIDOR PARA O RPPS;260748891,00;0,00;0,00;0,00;260748891,00
MINISTÉRIO PÚBLICO DO ESTADO DE MINAS GERAIS - MPMG;PROCURADORIA GERAL DE JUSTIÇA - PGJ;47 - ALIENAÇÃO DE BENS DE ENTIDADES ESTADUAIS;0,00;0,00;3080000,00;0,00;3080000,00
MINISTÉRIO PÚBLICO DO ESTADO DE MINAS GERAIS - MPMG;PROCURADORIA GERAL DE JUSTIÇA - PGJ;60 - RECURSOS DIRETAMENTE ARRECADADOS;5000000,00;50000000,00;14256000,00;0,00;69256000,00
MINISTÉRIO PÚBLICO DO ESTADO DE MINAS GERAIS - MPMG;PROCURADORIA GERAL DE JUSTIÇA - PGJ;70 - CONVÊNIOS COM OS MUNICÍPIOS;0,00;0,00;4500000,00;0,00;4500000,00
MINISTÉRIO PÚBLICO DO ESTADO DE MINAS GERAIS - MPMG;PROCURADORIA GERAL DE JUSTIÇA - PGJ;TOTAL;3667331618,00;842087255,00;56836000,00;5000000,00;4571254873,00
OUVIDORIA-GERAL DO ESTADO DE MINAS GERAIS - OGE;OUVIDORIA-GERAL DO ESTADO DE MINAS GERAIS - OGE;10 - RECURSOS ORDINÁRIOS - RECURSOS NÃO VINCULADOS DE IMPOSTOS;15149831,00;2003846,00;0,00;0,00;17153677,00
OUVIDORIA-GERAL DO ESTADO DE MINAS GERAIS - OGE;OUVIDORIA-GERAL DO ESTADO DE MINAS GERAIS - OGE;TOTAL;15149831,00;3524998,00;0,00;0,00;18674829,00
SECRETARIA DE ESTADO DE FAZENDA - SEF;SECRETARIA DE ESTADO DE FAZENDA - SEF;10 - RECURSOS ORDINÁRIOS - RECURSOS NÃO VINCULADOS DE IMPOSTOS;1202693,00;230373430,00;4546514,00;0,00;236122637,00
SECRETARIA DE ESTADO DE FAZENDA - SEF;SECRETARIA DE ESTADO DE FAZENDA - SEF;15 - RECURSOS ORDINÁRIOS - OUTROS RECURSOS NÃO VINCULADOS;1596505386,00;0,00;0,00;0,00;1596505386,00
SECRETARIA DE ESTADO DE FAZENDA - SEF;SECRETARIA DE ESTADO DE FAZENDA - SEF;27 - TAXA DE SEGURANÇA PÚBLICA;0,00;20000000,00;0,00;0,00;20000000,00
SECRETARIA DE ESTADO DE FAZENDA - SEF;SECRETARIA DE ESTADO DE FAZENDA - SEF;29 - TAXA DE EXPEDIENTE - ADMINISTRAÇÃO DIRETA;0,00;29232687,00;0,00;0,00;29232687,00
SECRETARIA DE ESTADO DE FAZENDA - SEF;SECRETARIA DE ESTADO DE FAZENDA - SEF;48 - ALIENAÇÃO DE BENS DO TESOURO ESTADUAL;0,00;0,00;17220626,00;0,00;17220626,00
SECRETARIA DE ESTADO DE FAZENDA - SEF;SECRETARIA DE ESTADO DE FAZENDA - SEF;74 - ACORDOS E AJUSTES DE COOPERAÇÃO MÚTUA COM AS INSTITUIÇÕES PRIVADAS E OS ORGANISMOS DO EXTERIOR;0,00;0,00;23801000,00;0,00;23801000,00
SECRETARIA DE ESTADO DE FAZENDA - SEF;SECRETARIA DE ESTADO DE FAZENDA - SEF;83 - NOTIFICACAO DE INFRACAO DE TRANSITO FUNTRANS;0,00;960000,00;0,00;0,00;960000,00
SECRETARIA DE ESTADO DE FAZENDA - SEF;SECRETARIA DE ESTADO DE FAZENDA - SEF;9 - TERMOS DE AJUSTAMENTO, DOAÇÕES CONTROLADAS POR INSTRUMENTO JURÍDICO E CONGÊNERES;0,00;5000,00;0,00;0,00;5000,00
SECRETARIA DE ESTADO DE FAZENDA - SEF;SECRETARIA DE ESTADO DE FAZENDA - SEF;TOTAL;1597708079,00;363890939,00;45568140,00;0,00;2007167158,00
SECRETARIA DE ESTADO DE DESENVOLVIMENTO ECONÔMICO - SEDE;SECRETARIA DE ESTADO DE DESENVOLVIMENTO ECONÔMICO - SEDE;10 - RECURSOS ORDINÁRIOS - RECURSOS NÃO VINCULADOS DE IMPOSTOS;21940165,00;17087437,00;250000,00;0,00;39277602,00
SECRETARIA DE ESTADO DE DESENVOLVIMENTO ECONÔMICO - SEDE;SECRETARIA DE ESTADO DE DESENVOLVIMENTO ECONÔMICO - SEDE;24 - CONVÊNIOS COM A UNIÃO E SUAS ENTIDADES - EXCETO EMENDAS INDIVIDUAIS E DE BANCADA;0,00;0,00;3009520,00;0,00;3009520,00
SECRETARIA DE ESTADO DE DESENVOLVIMENTO ECONÔMICO - SEDE;SECRETARIA DE ESTADO DE DESENVOLVIMENTO ECONÔMICO - SEDE;32 - EXPLORAÇÃO DE RECURSOS MINERAIS;0,00;4533664,00;11192448,00;0,00;15726112,00
SECRETARIA DE ESTADO DE DESENVOLVIMENTO ECONÔMICO - SEDE;SECRETARIA DE ESTADO DE DESENVOLVIMENTO ECONÔMICO - SEDE;80 - RECURSOS DO ACORDO DE REPACTUAÇÃO DO RIO DOCE;0,00;9703876,00;4000000,00;70200000,00;83903876,00
SECRETARIA DE ESTADO DE DESENVOLVIMENTO ECONÔMICO - SEDE;SECRETARIA DE ESTADO DE DESENVOLVIMENTO ECONÔMICO - SEDE;98 - TRANSFERÊNCIAS ESPECIAIS DE RECURSOS DA UNIÃO;0,00;308341,00;0,00;0,00;308341,00
SECRETARIA DE ESTADO DE DESENVOLVIMENTO ECONÔMICO - SEDE;SECRETARIA DE ESTADO DE DESENVOLVIMENTO ECONÔMICO - SEDE;TOTAL;21940165,00;84778873,00;18451968,00;70200000,00;195371006,00
SECRETARIA DE ESTADO DE AGRICULTURA, PECUÁRIA E ABASTECIMENTO - SEAPA;SECRETARIA DE ESTADO DE AGRICULTURA, PECUÁRIA E ABASTECIMENTO - SEAPA;1 - CONVÊNIOS COM A UNIÃO E SUAS ENTIDADES - EMENDAS INDIVIDUAIS;0,00;766000,00;0,00;0,00;766000,00
SECRETARIA DE ESTADO DE AGRICULTURA, PECUÁRIA E ABASTECIMENTO - SEAPA;SECRETARIA DE ESTADO DE AGRICULTURA, PECUÁRIA E ABASTECIMENTO - SEAPA;10 - RECURSOS ORDINÁRIOS - RECURSOS NÃO VINCULADOS DE IMPOSTOS;21572634,00;12495112,00;14440,00;0,00;34082186,00
SECRETARIA DE ESTADO DE AGRICULTURA, PECUÁRIA E ABASTECIMENTO - SEAPA;SECRETARIA DE ESTADO DE AGRICULTURA, PECUÁRIA E ABASTECIMENTO - SEAPA;24 - CONVÊNIOS COM A UNIÃO E SUAS ENTIDADES - EXCETO EMENDAS INDIVIDUAIS E DE BANCADA;0,00;7648402,00;0,00;0,00;7648402,00
SECRETARIA DE ESTADO DE AGRICULTURA, PECUÁRIA E ABASTECIMENTO - SEAPA;SECRETARIA DE ESTADO DE AGRICULTURA, PECUÁRIA E ABASTECIMENTO - SEAPA;59 - OUTROS RECURSOS VINCULADOS;0,00;3522082,00;0,00;0,00;3522082,00
SECRETARIA DE ESTADO DE AGRICULTURA, PECUÁRIA E ABASTECIMENTO - SEAPA;SECRETARIA DE ESTADO DE AGRICULTURA, PECUÁRIA E ABASTECIMENTO - SEAPA;69 - CONVÊNIOS COM OS ESTADOS E O DISTRITO FEDERAL;0,00;5205873,00;0,00;0,00;5205873,00
SECRETARIA DE ESTADO DE AGRICULTURA, PECUÁRIA E ABASTECIMENTO - SEAPA;SECRETARIA DE ESTADO DE AGRICULTURA, PECUÁRIA E ABASTECIMENTO - SEAPA;71 - RECURSOS DO FUNDO ESTADUAL DE ERRADICACAO DA MISERIA;0,00;9591577,00;0,00;0,00;9591577,00
SECRETARIA DE ESTADO DE AGRICULTURA, PECUÁRIA E ABASTECIMENTO - SEAPA;SECRETARIA DE ESTADO DE AGRICULTURA, PECUÁRIA E ABASTECIMENTO - SEAPA;80 - RECURSOS DO ACORDO DE REPACTUAÇÃO DO RIO DOCE;0,00;10256474,00;30000000,00;0,00;40256474,00
SECRETARIA DE ESTADO DE AGRICULTURA, PECUÁRIA E ABASTECIMENTO - SEAPA;SECRETARIA DE ESTADO DE AGRICULTURA, PECUÁRIA E ABASTECIMENTO - SEAPA;98 - TRANSFERÊNCIAS ESPECIAIS DE RECURSOS DA UNIÃO;0,00;2889657,00;0,00;0,00;2889657,00
SECRETARIA DE ESTADO DE AGRICULTURA, PECUÁRIA E ABASTECIMENTO - SEAPA;SECRETARIA DE ESTADO DE AGRICULTURA, PECUÁRIA E ABASTECIMENTO - SEAPA;TOTAL;23190893,00;78974573,00;55897528,00;0,00;158062994,00
POLÍCIA MILITAR DO ESTADO DE MINAS GERAIS - PMMG;POLÍCIA MILITAR DO ESTADO DE MINAS GERAIS - PMMG;1 - CONVÊNIOS COM A UNIÃO E SUAS ENTIDADES - EMENDAS INDIVIDUAIS;0,00;4369510,00;42371253,00;0,00;46740763,00
POLÍCIA MILITAR DO ESTADO DE MINAS GERAIS - PMMG;POLÍCIA MILITAR DO ESTADO DE MINAS GERAIS - PMMG;10 - RECURSOS ORDINÁRIOS - RECURSOS NÃO VINCULADOS DE IMPOSTOS;16442911143,00;292487670,00;6334208,00;0,00;16741733021,00
POLÍCIA MILITAR DO ESTADO DE MINAS GERAIS - PMMG;POLÍCIA MILITAR DO ESTADO DE MINAS GERAIS - PMMG;2 - CONVÊNIOS COM A UNIÃO E SUAS ENTIDADES - EMENDAS DE BANCADA;0,00;10623211,00;55850129,00;0,00;66473340,00
POLÍCIA MILITAR DO ESTADO DE MINAS GERAIS - PMMG;POLÍCIA MILITAR DO ESTADO DE MINAS GERAIS - PMMG;24 - CONVÊNIOS COM A UNIÃO E SUAS ENTIDADES - EXCETO EMENDAS INDIVIDUAIS E DE BANCADA;0,00;25624405,00;41481242,00;0,00;67105647,00
POLÍCIA MILITAR DO ESTADO DE MINAS GERAIS - PMMG;POLÍCIA MILITAR DO ESTADO DE MINAS GERAIS - PMMG;27 - TAXA DE SEGURANÇA PÚBLICA;135219284,00;0,00;0,00;0,00;135219284,00
POLÍCIA MILITAR DO ESTADO DE MINAS GERAIS - PMMG;POLÍCIA MILITAR DO ESTADO DE MINAS GERAIS - PMMG;30 - CONTRIBUIÇÃO À APOSENTADORIA;158202401,00;0,00;0,00;0,00;158202401,00
POLÍCIA MILITAR DO ESTADO DE MINAS GERAIS - PMMG;POLÍCIA MILITAR DO ESTADO DE MINAS GERAIS - PMMG;45 - DOAÇÕES DE PESSOAS, DE INSTITUIÇÕES PRIVADAS OU DO EXTERIOR A ÓRGÃO E ENTIDADES DO ESTADO;0,00;71605,00;239721,00;0,00;311326,00
POLÍCIA MILITAR DO ESTADO DE MINAS GERAIS - PMMG;POLÍCIA MILITAR DO ESTADO DE MINAS GERAIS - PMMG;60 - RECURSOS DIRETAMENTE ARRECADADOS;0,00;7183124,00;0,00;0,00;7183124,00
POLÍCIA MILITAR DO ESTADO DE MINAS GERAIS - PMMG;POLÍCIA MILITAR DO ESTADO DE MINAS GERAIS - PMMG;68 - CONVÊNIOS COM AS INSTITUIÇÕES PRIVADAS E OS ORGANISMOS DO EXTERIOR;0,00;1678872,00;864432,00;0,00;2543304,00
POLÍCIA MILITAR DO ESTADO DE MINAS GERAIS - PMMG;POLÍCIA MILITAR DO ESTADO DE MINAS GERAIS - PMMG;69 - CONVÊNIOS COM OS ESTADOS E O DISTRITO FEDERAL;0,00;10992459,00;5984400,00;0,00;16976859,00
POLÍCIA MILITAR DO ESTADO DE MINAS GERAIS - PMMG;POLÍCIA MILITAR DO ESTADO DE MINAS GERAIS - PMMG;70 - CONVÊNIOS COM OS MUNICÍPIOS;0,00;39728323,00;30107727,00;0,00;69836050,00
POLÍCIA MILITAR DO ESTADO DE MINAS GERAIS - PMMG;POLÍCIA MILITAR DO ESTADO DE MINAS GERAIS - PMMG;73 - ACORDOS, AJUSTES E DEMAIS INSTRUMENTOS DE COOPERAÇÃO MÚTUA COM A UNIÃO E SUAS ENTIDADES;0,00;30000000,00;43191777,00;0,00;73191777,00
POLÍCIA MILITAR DO ESTADO DE MINAS GERAIS - PMMG;POLÍCIA MILITAR DO ESTADO DE MINAS GERAIS - PMMG;75 - CONTRIBUICAO PATRONAL PARA CUSTEIO DOS PROVENTOS DOS MILITARES;580294911,00;0,00;0,00;0,00;580294911,00
POLÍCIA MILITAR DO ESTADO DE MINAS GERAIS - PMMG;POLÍCIA MILITAR DO ESTADO DE MINAS GERAIS - PMMG;82 - NOTIFICACAO DE INFRACAO DE TRANSITO ESTADO;0,00;15000000,00;0,00;0,00;15000000,00
POLÍCIA MILITAR DO ESTADO DE MINAS GERAIS - PMMG;POLÍCIA MILITAR DO ESTADO DE MINAS GERAIS - PMMG;83 - NOTIFICACAO DE INFRACAO DE TRANSITO FUNTRANS;0,00;15000000,00;0,00;0,00;15000000,00
POLÍCIA MILITAR DO ESTADO DE MINAS GERAIS - PMMG;POLÍCIA MILITAR DO ESTADO DE MINAS GERAIS - PMMG;9 - TERMOS DE AJUSTAMENTO, DOAÇÕES CONTROLADAS POR INSTRUMENTO JURÍDICO E CONGÊNERES;0,00;2837655,00;1216138,00;0,00;4053793,00
POLÍCIA MILITAR DO ESTADO DE MINAS GERAIS - PMMG;POLÍCIA MILITAR DO ESTADO DE MINAS GERAIS - PMMG;98 - TRANSFERÊNCIAS ESPECIAIS DE RECURSOS DA UNIÃO;0,00;1000000,00;13581975,00;0,00;14581975,00
POLÍCIA MILITAR DO ESTADO DE MINAS GERAIS - PMMG;POLÍCIA MILITAR DO ESTADO DE MINAS GERAIS - PMMG;TOTAL;17316627739,00;1695937107,00;291371237,00;0,00;19303936083,00
SECRETARIA DE ESTADO DE EDUCAÇÃO - SEE;SECRETARIA DE ESTADO DE EDUCAÇÃO - SEE;10 - RECURSOS ORDINÁRIOS - RECURSOS NÃO VINCULADOS DE IMPOSTOS;0,00;200000000,00;163596206,00;0,00;363596206,00
SECRETARIA DE ESTADO DE EDUCAÇÃO - SEE;SECRETARIA DE ESTADO DE EDUCAÇÃO - SEE;13 - FUNDO DE MANUTENÇÃO E DESENVOLVIMENTO DA EDUCAÇÃO BÁSICA - FUNDEB - REGULARIZAÇÃO DE EXERCÍCIOS ANTERIORES;0,00;2194500,00;0,00;0,00;2194500,00
SECRETARIA DE ESTADO DE EDUCAÇÃO - SEE;SECRETARIA DE ESTADO DE EDUCAÇÃO - SEE;21 - COTA ESTADUAL DO SALÁRIO EDUCAÇÃO - QESE;0,00;899984480,00;0,00;0,00;899984480,00
SECRETARIA DE ESTADO DE EDUCAÇÃO - SEE;SECRETARIA DE ESTADO DE EDUCAÇÃO - SEE;23 - FUNDO DE MANUTENCAO E DESENVOLVIMENTO DA EDUCACAO BASICA - FUNDEB;13592585765,00;0,00;0,00;0,00;13592585765,00
SECRETARIA DE ESTADO DE EDUCAÇÃO - SEE;SECRETARIA DE ESTADO DE EDUCAÇÃO - SEE;24 - CONVÊNIOS COM A UNIÃO E SUAS ENTIDADES - EXCETO EMENDAS INDIVIDUAIS E DE BANCADA;0,00;2000,00;0,00;0,00;2000,00
SECRETARIA DE ESTADO DE EDUCAÇÃO - SEE;SECRETARIA DE ESTADO DE EDUCAÇÃO - SEE;3 - TRANSFERÊNCIAS DO FNDE VINCULADAS À EDUCAÇÃO - EMENDAS INDIVIDUAIS;0,00;5915678,00;2831666,00;0,00;8747344,00
SECRETARIA DE ESTADO DE EDUCAÇÃO - SEE;SECRETARIA DE ESTADO DE EDUCAÇÃO - SEE;36 - TRANSFERÊNCIAS DO FNDE VINCULADAS À EDUCAÇÃO - EXCETO EMENDAS INDIVIDUAIS E DE BANCADA;0,00;155211265,00;0,00;0,00;155211265,00
SECRETARIA DE ESTADO DE EDUCAÇÃO - SEE;SECRETARIA DE ESTADO DE EDUCAÇÃO - SEE;71 - RECURSOS DO FUNDO ESTADUAL DE ERRADICACAO DA MISERIA;0,00;141698901,00;0,00;0,00;141698901,00
SECRETARIA DE ESTADO DE EDUCAÇÃO - SEE;SECRETARIA DE ESTADO DE EDUCAÇÃO - SEE;89 - RECURSOS DO FUNDO DE EQUALIZAÇÃO FEDERATIVA – FEF;0,00;150000000,00;200000000,00;0,00;350000000,00
SECRETARIA DE ESTADO DE EDUCAÇÃO - SEE;SECRETARIA DE ESTADO DE EDUCAÇÃO - SEE;98 - TRANSFERÊNCIAS ESPECIAIS DE RECURSOS DA UNIÃO;0,00;0,00;4224881,00;0,00;4224881,00
SECRETARIA DE ESTADO DE EDUCAÇÃO - SEE;SECRETARIA DE ESTADO DE EDUCAÇÃO - SEE;TOTAL;15398650205,00;4107360410,00;1244397882,00;10000000,00;20760408497,00
SECRETARIA DE ESTADO DE CULTURA E TURISMO - SECULT;SECRETARIA DE ESTADO DE CULTURA E TURISMO - SECULT;10 - RECURSOS ORDINÁRIOS - RECURSOS NÃO VINCULADOS DE IMPOSTOS;26984745,00;35090327,00;0,00;0,00;62075072,00
SECRETARIA DE ESTADO DE CULTURA E TURISMO - SECULT;SECRETARIA DE ESTADO DE CULTURA E TURISMO - SECULT;16 - DEMAIS TRANSFERÊNCIAS VINCULADAS DA UNIÃO;0,00;170002000,00;0,00;0,00;170002000,00
SECRETARIA DE ESTADO DE CULTURA E TURISMO - SECULT;SECRETARIA DE ESTADO DE CULTURA E TURISMO - SECULT;24 - CONVÊNIOS COM A UNIÃO E SUAS ENTIDADES - EXCETO EMENDAS INDIVIDUAIS E DE BANCADA;0,00;1052638,00;32090594,00;0,00;33143232,00
SECRETARIA DE ESTADO DE CULTURA E TURISMO - SECULT;SECRETARIA DE ESTADO DE CULTURA E TURISMO - SECULT;69 - CONVÊNIOS COM OS ESTADOS E O DISTRITO FEDERAL;0,00;2000,00;1486073,00;0,00;1488073,00
SECRETARIA DE ESTADO DE CULTURA E TURISMO - SECULT;SECRETARIA DE ESTADO DE CULTURA E TURISMO - SECULT;TOTAL;26984745,00;225233305,00;36826667,00;0,00;289044717,00
SECRETARIA DE ESTADO DE INFRAESTRUTURA, MOBILIDADE E PARCERIA - SEINFRA;SECRETARIA DE ESTADO DE INFRAESTRUTURA, MOBILIDADE E PARCERIAS - SEINFRA;10 - RECURSOS ORDINÁRIOS - RECURSOS NÃO VINCULADOS DE IMPOSTOS;0,00;0,00;25285413,00;0,00;25285413,00
SECRETARIA DE ESTADO DE INFRAESTRUTURA, MOBILIDADE E PARCERIA - SEINFRA;SECRETARIA DE ESTADO DE INFRAESTRUTURA, MOBILIDADE E PARCERIAS - SEINFRA;24 - CONVÊNIOS COM A UNIÃO E SUAS ENTIDADES - EXCETO EMENDAS INDIVIDUAIS E DE BANCADA;0,00;7150001,00;191527757,00;0,00;198677758,00
SECRETARIA DE ESTADO DE INFRAESTRUTURA, MOBILIDADE E PARCERIA - SEINFRA;SECRETARIA DE ESTADO DE INFRAESTRUTURA, MOBILIDADE E PARCERIAS - SEINFRA;32 - EXPLORAÇÃO DE RECURSOS MINERAIS;0,00;0,00;13206307,00;0,00;13206307,00
SECRETARIA DE ESTADO DE INFRAESTRUTURA, MOBILIDADE E PARCERIA - SEINFRA;SECRETARIA DE ESTADO DE INFRAESTRUTURA, MOBILIDADE E PARCERIAS - SEINFRA;70 - CONVÊNIOS COM OS MUNICÍPIOS;0,00;1386000,00;4000000,00;0,00;5386000,00
SECRETARIA DE ESTADO DE INFRAESTRUTURA, MOBILIDADE E PARCERIA - SEINFRA;SECRETARIA DE ESTADO DE INFRAESTRUTURA, MOBILIDADE E PARCERIAS - SEINFRA;73 - ACORDOS, AJUSTES E DEMAIS INSTRUMENTOS DE COOPERAÇÃO MÚTUA COM A UNIÃO E SUAS ENTIDADES;0,00;1268000,00;0,00;0,00;1268000,00
SECRETARIA DE ESTADO DE INFRAESTRUTURA, MOBILIDADE E PARCERIA - SEINFRA;SECRETARIA DE ESTADO DE INFRAESTRUTURA, MOBILIDADE E PARCERIAS - SEINFRA;74 - ACORDOS E AJUSTES DE COOPERAÇÃO MÚTUA COM AS INSTITUIÇÕES PRIVADAS E OS ORGANISMOS DO EXTERIOR;0,00;1201000,00;0,00;0,00;1201000,00
SECRETARIA DE ESTADO DE INFRAESTRUTURA, MOBILIDADE E PARCERIA - SEINFRA;SECRETARIA DE ESTADO DE INFRAESTRUTURA, MOBILIDADE E PARCERIAS - SEINFRA;95 - RECURSOS RECEBIDOS POR DANOS ADVINDOS DE DESASTRES SOCIOAMBIENTAIS;0,00;0,00;324157748,00;0,00;324157748,00
SECRETARIA DE ESTADO DE INFRAESTRUTURA, MOBILIDADE E PARCERIA - SEINFRA;SECRETARIA DE ESTADO DE INFRAESTRUTURA, MOBILIDADE E PARCERIAS - SEINFRA;98 - TRANSFERÊNCIAS ESPECIAIS DE RECURSOS DA UNIÃO;0,00;0,00;1255803,00;0,00;1255803,00
SECRETARIA DE ESTADO DE INFRAESTRUTURA, MOBILIDADE E PARCERIA - SEINFRA;SECRETARIA DE ESTADO DE INFRAESTRUTURA, MOBILIDADE E PARCERIAS - SEINFRA;TOTAL;46038568,00;87974919,00;610858863,00;0,00;744872350,00
SECRETARIA DE ESTADO DE MEIO AMBIENTE E DESENVOLVIMENTO SUSTENTÁVEL - SEMAD;SECRETARIA DE ESTADO DE MEIO AMBIENTE E DESENVOLVIMENTO SUSTENTÁVEL - SEMAD;10 - RECURSOS ORDINÁRIOS - RECURSOS NÃO VINCULADOS DE IMPOSTOS;0,00;30900000,00;6408000,00;0,00;37308000,00
SECRETARIA DE ESTADO DE MEIO AMBIENTE E DESENVOLVIMENTO SUSTENTÁVEL - SEMAD;SECRETARIA DE ESTADO DE MEIO AMBIENTE E DESENVOLVIMENTO SUSTENTÁVEL - SEMAD;24 - CONVÊNIOS COM A UNIÃO E SUAS ENTIDADES - EXCETO EMENDAS INDIVIDUAIS E DE BANCADA;0,00;544272,00;58463068,00;0,00;59007340,00
SECRETARIA DE ESTADO DE MEIO AMBIENTE E DESENVOLVIMENTO SUSTENTÁVEL - SEMAD;SECRETARIA DE ESTADO DE MEIO AMBIENTE E DESENVOLVIMENTO SUSTENTÁVEL - SEMAD;29 - TAXA DE EXPEDIENTE - ADMINISTRAÇÃO DIRETA;0,00;656340,00;0,00;0,00;656340,00
SECRETARIA DE ESTADO DE MEIO AMBIENTE E DESENVOLVIMENTO SUSTENTÁVEL - SEMAD;SECRETARIA DE ESTADO DE MEIO AMBIENTE E DESENVOLVIMENTO SUSTENTÁVEL - SEMAD;31 - UTILIZAÇÃO DE RECURSOS HÍDRICOS;0,00;18435280,00;0,00;0,00;18435280,00
SECRETARIA DE ESTADO DE MEIO AMBIENTE E DESENVOLVIMENTO SUSTENTÁVEL - SEMAD;SECRETARIA DE ESTADO DE MEIO AMBIENTE E DESENVOLVIMENTO SUSTENTÁVEL - SEMAD;52 - TAXA DE CONTROLE E FISCALIZAÇÃO AMBIENTAL;0,00;13000000,00;0,00;0,00;13000000,00
SECRETARIA DE ESTADO DE MEIO AMBIENTE E DESENVOLVIMENTO SUSTENTÁVEL - SEMAD;SECRETARIA DE ESTADO DE MEIO AMBIENTE E DESENVOLVIMENTO SUSTENTÁVEL - SEMAD;72 - TAXA DE FISCALIZACAO DE RECURSOS MINERARIOS;107485536,00;26496408,00;358651,00;0,00;134340595,00
SECRETARIA DE ESTADO DE MEIO AMBIENTE E DESENVOLVIMENTO SUSTENTÁVEL - SEMAD;SECRETARIA DE ESTADO DE MEIO AMBIENTE E DESENVOLVIMENTO SUSTENTÁVEL - SEMAD;79 - CONTRIBUIÇÃO PATRONAL PARA O FUNPREV;0,00;3200000,00;0,00;0,00;3200000,00
SECRETARIA DE ESTADO DE MEIO AMBIENTE E DESENVOLVIMENTO SUSTENTÁVEL - SEMAD;SECRETARIA DE ESTADO DE MEIO AMBIENTE E DESENVOLVIMENTO SUSTENTÁVEL - SEMAD;80 - RECURSOS DO ACORDO DE REPACTUAÇÃO DO RIO DOCE;0,00;14656357,00;3160000,00;0,00;17816357,00
SECRETARIA DE ESTADO DE MEIO AMBIENTE E DESENVOLVIMENTO SUSTENTÁVEL - SEMAD;SECRETARIA DE ESTADO DE MEIO AMBIENTE E DESENVOLVIMENTO SUSTENTÁVEL - SEMAD;9 - TERMOS DE AJUSTAMENTO, DOAÇÕES CONTROLADAS POR INSTRUMENTO JURÍDICO E CONGÊNERES;0,00;0,00;8150603,00;0,00;8150603,00
SECRETARIA DE ESTADO DE MEIO AMBIENTE E DESENVOLVIMENTO SUSTENTÁVEL - SEMAD;SECRETARIA DE ESTADO DE MEIO AMBIENTE E DESENVOLVIMENTO SUSTENTÁVEL - SEMAD;94 - TAXA FLORESTAL - ADMINISTRAÇÃO DIRETA;0,00;2144110,00;0,00;0,00;2144110,00
SECRETARIA DE ESTADO DE MEIO AMBIENTE E DESENVOLVIMENTO SUSTENTÁVEL - SEMAD;SECRETARIA DE ESTADO DE MEIO AMBIENTE E DESENVOLVIMENTO SUSTENTÁVEL - SEMAD;TOTAL;107485536,00;111391724,00;76540322,00;0,00;295417582,00
CORPO DE BOMBEIROS MILITAR DO ESTADO DE MINAS GERAIS - CBMMG;CORPO DE BOMBEIROS MILITAR DO ESTADO DE MINAS GERAIS - CBMMG;10 - RECURSOS ORDINÁRIOS - RECURSOS NÃO VINCULADOS DE IMPOSTOS;1970332594,00;60595668,00;1438645,00;0,00;2032366907,00
CORPO DE BOMBEIROS MILITAR DO ESTADO DE MINAS GERAIS - CBMMG;CORPO DE BOMBEIROS MILITAR DO ESTADO DE MINAS GERAIS - CBMMG;2 - CONVÊNIOS COM A UNIÃO E SUAS ENTIDADES - EMENDAS DE BANCADA;0,00;0,00;7576202,00;0,00;7576202,00
CORPO DE BOMBEIROS MILITAR DO ESTADO DE MINAS GERAIS - CBMMG;CORPO DE BOMBEIROS MILITAR DO ESTADO DE MINAS GERAIS - CBMMG;24 - CONVÊNIOS COM A UNIÃO E SUAS ENTIDADES - EXCETO EMENDAS INDIVIDUAIS E DE BANCADA;0,00;220000,00;291000,00;0,00;511000,00
CORPO DE BOMBEIROS MILITAR DO ESTADO DE MINAS GERAIS - CBMMG;CORPO DE BOMBEIROS MILITAR DO ESTADO DE MINAS GERAIS - CBMMG;25 - OPERAÇÕES DE CRÉDITO CONTRATUAIS;0,00;0,00;4661665,00;0,00;4661665,00
CORPO DE BOMBEIROS MILITAR DO ESTADO DE MINAS GERAIS - CBMMG;CORPO DE BOMBEIROS MILITAR DO ESTADO DE MINAS GERAIS - CBMMG;27 - TAXA DE SEGURANÇA PÚBLICA;0,00;7703604,00;0,00;0,00;7703604,00
CORPO DE BOMBEIROS MILITAR DO ESTADO DE MINAS GERAIS - CBMMG;CORPO DE BOMBEIROS MILITAR DO ESTADO DE MINAS GERAIS - CBMMG;45 - DOAÇÕES DE PESSOAS, DE INSTITUIÇÕES PRIVADAS OU DO EXTERIOR A ÓRGÃO E ENTIDADES DO ESTADO;0,00;100,00;0,00;0,00;100,00
CORPO DE BOMBEIROS MILITAR DO ESTADO DE MINAS GERAIS - CBMMG;CORPO DE BOMBEIROS MILITAR DO ESTADO DE MINAS GERAIS - CBMMG;60 - RECURSOS DIRETAMENTE ARRECADADOS;0,00;2094122,00;0,00;0,00;2094122,00
CORPO DE BOMBEIROS MILITAR DO ESTADO DE MINAS GERAIS - CBMMG;CORPO DE BOMBEIROS MILITAR DO ESTADO DE MINAS GERAIS - CBMMG;66 - ACORDOS E AJUSTES DE COOPERAÇÃO MÚTUA COM OS ESTADOS E O DISTRITO FEDERAL;0,00;29866,00;46125,00;0,00;75991,00
CORPO DE BOMBEIROS MILITAR DO ESTADO DE MINAS GERAIS - CBMMG;CORPO DE BOMBEIROS MILITAR DO ESTADO DE MINAS GERAIS - CBMMG;70 - CONVÊNIOS COM OS MUNICÍPIOS;0,00;312000,00;544750,00;0,00;856750,00
CORPO DE BOMBEIROS MILITAR DO ESTADO DE MINAS GERAIS - CBMMG;CORPO DE BOMBEIROS MILITAR DO ESTADO DE MINAS GERAIS - CBMMG;98 - TRANSFERÊNCIAS ESPECIAIS DE RECURSOS DA UNIÃO;0,00;0,00;15156461,00;0,00;15156461,00
CORPO DE BOMBEIROS MILITAR DO ESTADO DE MINAS GERAIS - CBMMG;CORPO DE BOMBEIROS MILITAR DO ESTADO DE MINAS GERAIS - CBMMG;TOTAL;1970332594,00;250591442,00;47181040,00;0,00;2268105076,00
DEFENSORIA PUBLICA DO ESTADO DE MINAS GERAIS - DEF PUB;DEFENSORIA PUBLICA DO ESTADO DE MINAS GERAIS - DEF PUB;10 - RECURSOS ORDINÁRIOS - RECURSOS NÃO VINCULADOS DE IMPOSTOS;776270300,00;156504884,00;5000000,00;0,00;937775184,00
DEFENSORIA PUBLICA DO ESTADO DE MINAS GERAIS - DEF PUB;DEFENSORIA PUBLICA DO ESTADO DE MINAS GERAIS - DEF PUB;42 - CONTRIBUIÇÃO PATRONAL PARA O RPPS;101210335,00;0,00;0,00;0,00;101210335,00
DEFENSORIA PUBLICA DO ESTADO DE MINAS GERAIS - DEF PUB;DEFENSORIA PUBLICA DO ESTADO DE MINAS GERAIS - DEF PUB;43 - CONTRIBUIÇÃO DO SERVIDOR PARA O RPPS;67978647,00;0,00;0,00;0,00;67978647,00
DEFENSORIA PUBLICA DO ESTADO DE MINAS GERAIS - DEF PUB;DEFENSORIA PUBLICA DO ESTADO DE MINAS GERAIS - DEF PUB;60 - RECURSOS DIRETAMENTE ARRECADADOS;0,00;5500000,00;7254323,00;0,00;12754323,00
DEFENSORIA PUBLICA DO ESTADO DE MINAS GERAIS - DEF PUB;DEFENSORIA PUBLICA DO ESTADO DE MINAS GERAIS - DEF PUB;TOTAL;946460282,00;252908244,00;12254323,00;0,00;1211622849,00
SECRETARIA DE ESTADO DE JUSTIÇA E SEGURANÇA PÚBLICA - SEJUSP;SECRETARIA DE ESTADO DE JUSTIÇA E SEGURANÇA PÚBLICA - SEJUSP;1 - CONVÊNIOS COM A UNIÃO E SUAS ENTIDADES - EMENDAS INDIVIDUAIS;0,00;1000,00;314498,00;0,00;315498,00
SECRETARIA DE ESTADO DE JUSTIÇA E SEGURANÇA PÚBLICA - SEJUSP;SECRETARIA DE ESTADO DE JUSTIÇA E SEGURANÇA PÚBLICA - SEJUSP;10 - RECURSOS ORDINÁRIOS - RECURSOS NÃO VINCULADOS DE IMPOSTOS;1926000297,00;301708669,00;6718229,00;0,00;2234427195,00
SECRETARIA DE ESTADO DE JUSTIÇA E SEGURANÇA PÚBLICA - SEJUSP;SECRETARIA DE ESTADO DE JUSTIÇA E SEGURANÇA PÚBLICA - SEJUSP;2 - CONVÊNIOS COM A UNIÃO E SUAS ENTIDADES - EMENDAS DE BANCADA;0,00;2000,00;1103209,00;0,00;1105209,00
SECRETARIA DE ESTADO DE JUSTIÇA E SEGURANÇA PÚBLICA - SEJUSP;SECRETARIA DE ESTADO DE JUSTIÇA E SEGURANÇA PÚBLICA - SEJUSP;24 - CONVÊNIOS COM A UNIÃO E SUAS ENTIDADES - EXCETO EMENDAS INDIVIDUAIS E DE BANCADA;0,00;9122692,00;2,00;0,00;9122694,00
SECRETARIA DE ESTADO DE JUSTIÇA E SEGURANÇA PÚBLICA - SEJUSP;SECRETARIA DE ESTADO DE JUSTIÇA E SEGURANÇA PÚBLICA - SEJUSP;27 - TAXA DE SEGURANÇA PÚBLICA;1082032369,00;0,00;0,00;0,00;1082032369,00
SECRETARIA DE ESTADO DE JUSTIÇA E SEGURANÇA PÚBLICA - SEJUSP;SECRETARIA DE ESTADO DE JUSTIÇA E SEGURANÇA PÚBLICA - SEJUSP;57 - TRANSFERÊNCIAS DA UNIÃO POR MEIO DE PORTARIA - EXCETO EMENDAS INDIVIDUAIS E DE BANCADA;1138967,00;0,00;0,00;0,00;1138967,00
SECRETARIA DE ESTADO DE JUSTIÇA E SEGURANÇA PÚBLICA - SEJUSP;SECRETARIA DE ESTADO DE JUSTIÇA E SEGURANÇA PÚBLICA - SEJUSP;60 - RECURSOS DIRETAMENTE ARRECADADOS;0,00;8027237,00;0,00;0,00;8027237,00
SECRETARIA DE ESTADO DE JUSTIÇA E SEGURANÇA PÚBLICA - SEJUSP;SECRETARIA DE ESTADO DE JUSTIÇA E SEGURANÇA PÚBLICA - SEJUSP;61 - RECURSOS DIRETAMENTE ARRECADADOS COM VINCULAÇÃO ESPECÍFICA;0,00;61000,00;0,00;0,00;61000,00
SECRETARIA DE ESTADO DE JUSTIÇA E SEGURANÇA PÚBLICA - SEJUSP;SECRETARIA DE ESTADO DE JUSTIÇA E SEGURANÇA PÚBLICA - SEJUSP;70 - CONVÊNIOS COM OS MUNICÍPIOS;0,00;2000,00;45020,00;0,00;47020,00
SECRETARIA DE ESTADO DE JUSTIÇA E SEGURANÇA PÚBLICA - SEJUSP;SECRETARIA DE ESTADO DE JUSTIÇA E SEGURANÇA PÚBLICA - SEJUSP;98 - TRANSFERÊNCIAS ESPECIAIS DE RECURSOS DA UNIÃO;0,00;0,00;915391,00;0,00;915391,00
SECRETARIA DE ESTADO DE JUSTIÇA E SEGURANÇA PÚBLICA - SEJUSP;SECRETARIA DE ESTADO DE JUSTIÇA E SEGURANÇA PÚBLICA - SEJUSP;TOTAL;3009171633,00;1798849038,00;100822300,00;0,00;4908842971,00
SECRETARIA DE ESTADO DE DESENVOLVIMENTO SOCIAL - SEDESE;SECRETARIA DE ESTADO DE DESENVOLVIMENTO SOCIAL - SEDESE;1 - CONVÊNIOS COM A UNIÃO E SUAS ENTIDADES - EMENDAS INDIVIDUAIS;0,00;2000,00;0,00;0,00;2000,00
SECRETARIA DE ESTADO DE DESENVOLVIMENTO SOCIAL - SEDESE;SECRETARIA DE ESTADO DE DESENVOLVIMENTO SOCIAL - SEDESE;10 - RECURSOS ORDINÁRIOS - RECURSOS NÃO VINCULADOS DE IMPOSTOS;50717328,00;1739777,00;80000,00;0,00;52537105,00
SECRETARIA DE ESTADO DE DESENVOLVIMENTO SOCIAL - SEDESE;SECRETARIA DE ESTADO DE DESENVOLVIMENTO SOCIAL - SEDESE;2 - CONVÊNIOS COM A UNIÃO E SUAS ENTIDADES - EMENDAS DE BANCADA;0,00;290379,00;0,00;0,00;290379,00
SECRETARIA DE ESTADO DE DESENVOLVIMENTO SOCIAL - SEDESE;SECRETARIA DE ESTADO DE DESENVOLVIMENTO SOCIAL - SEDESE;24 - CONVÊNIOS COM A UNIÃO E SUAS ENTIDADES - EXCETO EMENDAS INDIVIDUAIS E DE BANCADA;0,00;7614803,00;1516942,00;0,00;9131745,00
SECRETARIA DE ESTADO DE DESENVOLVIMENTO SOCIAL - SEDESE;SECRETARIA DE ESTADO DE DESENVOLVIMENTO SOCIAL - SEDESE;38 - TRANSFERÊNCIAS DA UNIÃO VINCULADAS AO ESPORTE;0,00;24195420,00;0,00;0,00;24195420,00
SECRETARIA DE ESTADO DE DESENVOLVIMENTO SOCIAL - SEDESE;SECRETARIA DE ESTADO DE DESENVOLVIMENTO SOCIAL - SEDESE;59 - OUTROS RECURSOS VINCULADOS;0,00;3415300,00;0,00;0,00;3415300,00
SECRETARIA DE ESTADO DE DESENVOLVIMENTO SOCIAL - SEDESE;SECRETARIA DE ESTADO DE DESENVOLVIMENTO SOCIAL - SEDESE;71 - RECURSOS DO FUNDO ESTADUAL DE ERRADICACAO DA MISERIA;16208121,00;33303341,00;700000,00;0,00;50211462,00
SECRETARIA DE ESTADO DE DESENVOLVIMENTO SOCIAL - SEDESE;SECRETARIA DE ESTADO DE DESENVOLVIMENTO SOCIAL - SEDESE;80 - RECURSOS DO ACORDO DE REPACTUAÇÃO DO RIO DOCE;0,00;7098500,00;0,00;0,00;7098500,00
SECRETARIA DE ESTADO DE DESENVOLVIMENTO SOCIAL - SEDESE;SECRETARIA DE ESTADO DE DESENVOLVIMENTO SOCIAL - SEDESE;98 - TRANSFERÊNCIAS ESPECIAIS DE RECURSOS DA UNIÃO;0,00;0,00;1363444,00;0,00;1363444,00
SECRETARIA DE ESTADO DE DESENVOLVIMENTO SOCIAL - SEDESE;SECRETARIA DE ESTADO DE DESENVOLVIMENTO SOCIAL - SEDESE;TOTAL;68372974,00;163282046,00;26046206,00;0,00;257701226,00
SECRETARIA DE ESTADO DE GOVERNO - SEGOV;SECRETARIA DE ESTADO DE GOVERNO - SEGOV;10 - RECURSOS ORDINÁRIOS - RECURSOS NÃO VINCULADOS DE IMPOSTOS;48354448,00;32438001,00;12849678,00;0,00;93642127,00
SECRETARIA DE ESTADO DE GOVERNO - SEGOV;SECRETARIA DE ESTADO DE GOVERNO - SEGOV;TOTAL;48354448,00;72094242,00;935059742,00;0,00;1055508432,00
SECRETARIA DE ESTADO DE PLANEJAMENTO E GESTÃO - SEPLAG;SECRETARIA DE ESTADO DE PLANEJAMENTO E GESTÃO - SEPLAG;10 - RECURSOS ORDINÁRIOS - RECURSOS NÃO VINCULADOS DE IMPOSTOS;293868791,00;301739317,00;42997668,00;0,00;638605776,00
SECRETARIA DE ESTADO DE PLANEJAMENTO E GESTÃO - SEPLAG;SECRETARIA DE ESTADO DE PLANEJAMENTO E GESTÃO - SEPLAG;15 - RECURSOS ORDINÁRIOS - OUTROS RECURSOS NÃO VINCULADOS;0,00;213137271,00;1033274,00;0,00;214170545,00
SECRETARIA DE ESTADO DE PLANEJAMENTO E GESTÃO - SEPLAG;SECRETARIA DE ESTADO DE PLANEJAMENTO E GESTÃO - SEPLAG;25 - OPERAÇÕES DE CRÉDITO CONTRATUAIS;0,00;0,00;5109300,00;0,00;5109300,00
SECRETARIA DE ESTADO DE PLANEJAMENTO E GESTÃO - SEPLAG;SECRETARIA DE ESTADO DE PLANEJAMENTO E GESTÃO - SEPLAG;52 - TAXA DE CONTROLE E FISCALIZAÇÃO AMBIENTAL;0,00;1633636,00;0,00;0,00;1633636,00
SECRETARIA DE ESTADO DE PLANEJAMENTO E GESTÃO - SEPLAG;SECRETARIA DE ESTADO DE PLANEJAMENTO E GESTÃO - SEPLAG;59 - OUTROS RECURSOS VINCULADOS;0,00;1290973,00;0,00;0,00;1290973,00
SECRETARIA DE ESTADO DE PLANEJAMENTO E GESTÃO - SEPLAG;SECRETARIA DE ESTADO DE PLANEJAMENTO E GESTÃO - SEPLAG;60 - RECURSOS DIRETAMENTE ARRECADADOS;0,00;12118747,00;0,00;0,00;12118747,00
SECRETARIA DE ESTADO DE PLANEJAMENTO E GESTÃO - SEPLAG;SECRETARIA DE ESTADO DE PLANEJAMENTO E GESTÃO - SEPLAG;80 - RECURSOS DO ACORDO DE REPACTUAÇÃO DO RIO DOCE;465500,00;15923779,00;0,00;0,00;16389279,00
SECRETARIA DE ESTADO DE PLANEJAMENTO E GESTÃO - SEPLAG;SECRETARIA DE ESTADO DE PLANEJAMENTO E GESTÃO - SEPLAG;82 - NOTIFICACAO DE INFRACAO DE TRANSITO ESTADO;0,00;114990309,00;6502284,00;0,00;121492593,00
SECRETARIA DE ESTADO DE PLANEJAMENTO E GESTÃO - SEPLAG;SECRETARIA DE ESTADO DE PLANEJAMENTO E GESTÃO - SEPLAG;91 - TAXA DE EXPEDIENTE - ADMINISTRAÇÃO INDIRETA;0,00;221046,00;0,00;0,00;221046,00
SECRETARIA DE ESTADO DE PLANEJAMENTO E GESTÃO - SEPLAG;SECRETARIA DE ESTADO DE PLANEJAMENTO E GESTÃO - SEPLAG;94 - TAXA FLORESTAL - ADMINISTRAÇÃO DIRETA;0,00;4455599,00;0,00;0,00;4455599,00
SECRETARIA DE ESTADO DE PLANEJAMENTO E GESTÃO - SEPLAG;SECRETARIA DE ESTADO DE PLANEJAMENTO E GESTÃO - SEPLAG;95 - RECURSOS RECEBIDOS POR DANOS ADVINDOS DE DESASTRES SOCIOAMBIENTAIS;0,00;1000,00;0,00;0,00;1000,00
SECRETARIA DE ESTADO DE PLANEJAMENTO E GESTÃO - SEPLAG;SECRETARIA DE ESTADO DE PLANEJAMENTO E GESTÃO - SEPLAG;TOTAL;294334291,00;694280736,00;56205526,00;0,00;1044820553,00
POLÍCIA CIVIL DO ESTADO DE MINAS GERAIS - PCMG;POLÍCIA CIVIL DO ESTADO DE MINAS GERAIS - PCMG;1 - CONVÊNIOS COM A UNIÃO E SUAS ENTIDADES - EMENDAS INDIVIDUAIS;0,00;0,00;887311,00;0,00;887311,00
POLÍCIA CIVIL DO ESTADO DE MINAS GERAIS - PCMG;POLÍCIA CIVIL DO ESTADO DE MINAS GERAIS - PCMG;10 - RECURSOS ORDINÁRIOS - RECURSOS NÃO VINCULADOS DE IMPOSTOS;1505142205,00;221470381,00;34325552,00;0,00;1760938138,00
POLÍCIA CIVIL DO ESTADO DE MINAS GERAIS - PCMG;POLÍCIA CIVIL DO ESTADO DE MINAS GERAIS - PCMG;11 - RECURSOS DE DESVINCULAÇÃO DE RECEITAS;1303750929,00;0,00;0,00;0,00;1303750929,00
POLÍCIA CIVIL DO ESTADO DE MINAS GERAIS - PCMG;POLÍCIA CIVIL DO ESTADO DE MINAS GERAIS - PCMG;2 - CONVÊNIOS COM A UNIÃO E SUAS ENTIDADES - EMENDAS DE BANCADA;0,00;0,00;1653024,00;0,00;1653024,00
POLÍCIA CIVIL DO ESTADO DE MINAS GERAIS - PCMG;POLÍCIA CIVIL DO ESTADO DE MINAS GERAIS - PCMG;24 - CONVÊNIOS COM A UNIÃO E SUAS ENTIDADES - EXCETO EMENDAS INDIVIDUAIS E DE BANCADA;0,00;0,00;2000,00;0,00;2000,00
POLÍCIA CIVIL DO ESTADO DE MINAS GERAIS - PCMG;POLÍCIA CIVIL DO ESTADO DE MINAS GERAIS - PCMG;25 - OPERAÇÕES DE CRÉDITO CONTRATUAIS;0,00;0,00;700000,00;0,00;700000,00
POLÍCIA CIVIL DO ESTADO DE MINAS GERAIS - PCMG;POLÍCIA CIVIL DO ESTADO DE MINAS GERAIS - PCMG;57 - TRANSFERÊNCIAS DA UNIÃO POR MEIO DE PORTARIA - EXCETO EMENDAS INDIVIDUAIS E DE BANCADA;13543,00;0,00;0,00;0,00;13543,00
POLÍCIA CIVIL DO ESTADO DE MINAS GERAIS - PCMG;POLÍCIA CIVIL DO ESTADO DE MINAS GERAIS - PCMG;70 - CONVÊNIOS COM OS MUNICÍPIOS;0,00;0,00;1367000,00;0,00;1367000,00
POLÍCIA CIVIL DO ESTADO DE MINAS GERAIS - PCMG;POLÍCIA CIVIL DO ESTADO DE MINAS GERAIS - PCMG;98 - TRANSFERÊNCIAS ESPECIAIS DE RECURSOS DA UNIÃO;0,00;0,00;9415048,00;0,00;9415048,00
POLÍCIA CIVIL DO ESTADO DE MINAS GERAIS - PCMG;POLÍCIA CIVIL DO ESTADO DE MINAS GERAIS - PCMG;TOTAL;2808906677,00;522444513,00;71787425,00;0,00;3403138615,00
CONTROLADORIA-GERAL DO ESTADO - CGE;CONTROLADORIA-GERAL DO ESTADO - CGE;10 - RECURSOS ORDINÁRIOS - RECURSOS NÃO VINCULADOS DE IMPOSTOS;65231757,00;2922925,00;1052100,00;0,00;69206782,00
CONTROLADORIA-GERAL DO ESTADO - CGE;CONTROLADORIA-GERAL DO ESTADO - CGE;59 - OUTROS RECURSOS VINCULADOS;0,00;40000,00;0,00;0,00;40000,00
CONTROLADORIA-GERAL DO ESTADO - CGE;CONTROLADORIA-GERAL DO ESTADO - CGE;9 - TERMOS DE AJUSTAMENTO, DOAÇÕES CONTROLADAS POR INSTRUMENTO JURÍDICO E CONGÊNERES;0,00;95852,00;0,00;0,00;95852,00
CONTROLADORIA-GERAL DO ESTADO - CGE;CONTROLADORIA-GERAL DO ESTADO - CGE;TOTAL;65231757,00;6399271,00;1052100,00;0,00;72683128,00
ESCOLA DE SAÚDE PÚBLICA DO ESTADO DE MINAS GERAIS - ESP MG;ESCOLA DE SAÚDE PÚBLICA DO ESTADO DE MINAS GERAIS - ESP MG;10 - RECURSOS ORDINÁRIOS - RECURSOS NÃO VINCULADOS DE IMPOSTOS;17243430,00;6473885,00;6410000,00;0,00;30127315,00
ESCOLA DE SAÚDE PÚBLICA DO ESTADO DE MINAS GERAIS - ESP MG;ESCOLA DE SAÚDE PÚBLICA DO ESTADO DE MINAS GERAIS - ESP MG;TOTAL;17243430,00;7884852,00;6410000,00;0,00;31538282,00
GOVERNADORIA DO ESTADO - GOVERNADORIA;SECRETARIA-GERAL - SEC. GERAL;10 - RECURSOS ORDINÁRIOS - RECURSOS NÃO VINCULADOS DE IMPOSTOS;9190097,00;3634092,00;0,00;0,00;12824189,00
GOVERNADORIA DO ESTADO - GOVERNADORIA;SECRETARIA-GERAL - SEC. GERAL;TOTAL;9190097,00;4224329,00;0,00;0,00;13414426,00
SECRETARIA DE ESTADO DE COMUNICAÇÃO SOCIAL - SECOM;SECRETARIA DE ESTADO DE COMUNICAÇÃO SOCIAL - SECOM;10 - RECURSOS ORDINÁRIOS - RECURSOS NÃO VINCULADOS DE IMPOSTOS;11634469,00;132010655,00;0,00;0,00;143645124,00
SECRETARIA DE ESTADO DE COMUNICAÇÃO SOCIAL - SECOM;SECRETARIA DE ESTADO DE COMUNICAÇÃO SOCIAL - SECOM;TOTAL;11634469,00;133530063,00;0,00;0,00;145164532,00
SECRETARIA DE ESTADO DA CASA CIVIL - SCC;SECRETARIA DE ESTADO DA CASA CIVIL - SCC;10 - RECURSOS ORDINÁRIOS - RECURSOS NÃO VINCULADOS DE IMPOSTOS;6822629,00;3994390,00;83108,00;0,00;10900127,00
SECRETARIA DE ESTADO DA CASA CIVIL - SCC;SECRETARIA DE ESTADO DA CASA CIVIL - SCC;TOTAL;6822629,00;4831197,00;83108,00;0,00;11736934,00
ENCARGOS GERAIS DO ESTADO - SECRETARIA DE ESTADO DE FAZENDA - EGE SEF;EGE SEC.FAZENDA-ENCARGOS DIVERSOS - EGE - SEF;10 - RECURSOS ORDINÁRIOS - RECURSOS NÃO VINCULADOS DE IMPOSTOS;0,00;986535640,00;0,00;0,00;986535640,00
ENCARGOS GERAIS DO ESTADO - SECRETARIA DE ESTADO DE FAZENDA - EGE SEF;EGE SEC.FAZENDA-ENCARGOS DIVERSOS - EGE - SEF;51 - CONTRIBUIÇÃO DE INTERVENÇÃO NO DOMÍNIO ECONÔMICO/COMBUSTÍVEIS-CIDE;0,00;947387,00;0,00;0,00;947387,00
ENCARGOS GERAIS DO ESTADO - SECRETARIA DE ESTADO DE FAZENDA - EGE SEF;EGE SEC.FAZENDA-ENCARGOS DIVERSOS - EGE - SEF;TOTAL;0,00;987483027,00;0,00;0,00;987483027,00
ENCARGOS GERAIS DO ESTADO - SECRETARIA DE ESTADO DE FAZENDA - EGE SEF;PARTICIPAÇÃO NO AUMENTO DO CAPITAL SOCIAL DE EMPRESAS - PARTICIPAÇÃO EMPRESAS;10 - RECURSOS ORDINÁRIOS - RECURSOS NÃO VINCULADOS DE IMPOSTOS;0,00;0,00;0,00;9000,00;9000,00
ENCARGOS GERAIS DO ESTADO - SECRETARIA DE ESTADO DE FAZENDA - EGE SEF;PARTICIPAÇÃO NO AUMENTO DO CAPITAL SOCIAL DE EMPRESAS - PARTICIPAÇÃO EMPRESAS;61 - RECURSOS DIRETAMENTE ARRECADADOS COM VINCULAÇÃO ESPECÍFICA;0,00;0,00;0,00;110000,00;110000,00
ENCARGOS GERAIS DO ESTADO - SECRETARIA DE ESTADO DE FAZENDA - EGE SEF;PARTICIPAÇÃO NO AUMENTO DO CAPITAL SOCIAL DE EMPRESAS - PARTICIPAÇÃO EMPRESAS;TOTAL;0,00;0,00;0,00;119000,00;119000,00
ENCARGOS GERAIS DO ESTADO - SECRETARIA DE ESTADO DE FAZENDA - EGE SEF;GESTÃO DA DÍVIDA PÚBLICA ESTADUAL - GDPE - SEF;10 - RECURSOS ORDINÁRIOS - RECURSOS NÃO VINCULADOS DE IMPOSTOS;0,00;1860660343,00;0,00;1000,00;8025897290,00
ENCARGOS GERAIS DO ESTADO - SECRETARIA DE ESTADO DE FAZENDA - EGE SEF;GESTÃO DA DÍVIDA PÚBLICA ESTADUAL - GDPE - SEF;11 - RECURSOS DE DESVINCULAÇÃO DE RECEITAS;0,00;0,00;0,00;0,00;249451387,00
ENCARGOS GERAIS DO ESTADO - SECRETARIA DE ESTADO DE FAZENDA - EGE SEF;GESTÃO DA DÍVIDA PÚBLICA ESTADUAL - GDPE - SEF;TOTAL;0,00;1860660343,00;0,00;1000,00;8275348677,00
ENCARGOS GERAIS DO ESTADO - SECRETARIA DE ESTADO DE PLANEJAMENTO E GESTÃO - EGE SEPLAG;EGE-SECRETARIA DE ESTADO DE PLANEJAMENTO E GESTÃO - EGE-SEPLAG;10 - RECURSOS ORDINÁRIOS - RECURSOS NÃO VINCULADOS DE IMPOSTOS;214736657,00;5332552,00;0,00;0,00;220069209,00
ENCARGOS GERAIS DO ESTADO - SECRETARIA DE ESTADO DE PLANEJAMENTO E GESTÃO - EGE SEPLAG;EGE-SECRETARIA DE ESTADO DE PLANEJAMENTO E GESTÃO - EGE-SEPLAG;60 - RECURSOS DIRETAMENTE ARRECADADOS;0,00;100000,00;0,00;0,00;100000,00
ENCARGOS GERAIS DO ESTADO - SECRETARIA DE ESTADO DE PLANEJAMENTO E GESTÃO - EGE SEPLAG;EGE-SECRETARIA DE ESTADO DE PLANEJAMENTO E GESTÃO - EGE-SEPLAG;TOTAL;214736657,00;5432552,00;0,00;0,00;220169209,00
ENCARGOS GERAIS DO ESTADO - INSTRUMENTOS DE ENTRADA DE RECURSOS - EGE - CASA CIVIL;ENCARGOS GERAIS DO ESTADO - INSTRUMENTOS DE ENTRADA DE RECURSOS - EGE - CASA CIVIL;10 - RECURSOS ORDINÁRIOS - RECURSOS NÃO VINCULADOS DE IMPOSTOS;0,00;8096745,00;4415051,00;0,00;12511796,00
ENCARGOS GERAIS DO ESTADO - INSTRUMENTOS DE ENTRADA DE RECURSOS - EGE - CASA CIVIL;ENCARGOS GERAIS DO ESTADO - INSTRUMENTOS DE ENTRADA DE RECURSOS - EGE - CASA CIVIL;71 - RECURSOS DO FUNDO ESTADUAL DE ERRADICACAO DA MISERIA;0,00;13498418,00;0,00;0,00;13498418,00
ENCARGOS GERAIS DO ESTADO - INSTRUMENTOS DE ENTRADA DE RECURSOS - EGE - CASA CIVIL;ENCARGOS GERAIS DO ESTADO - INSTRUMENTOS DE ENTRADA DE RECURSOS - EGE - CASA CIVIL;TOTAL;0,00;21595163,00;4415051,00;0,00;26010214,00
RESERVA DE CONTINGÊNCIA - RC;RESERVA DE CONTINGÊNCIA - RC;10 - RECURSOS ORDINÁRIOS - RECURSOS NÃO VINCULADOS DE IMPOSTOS;0,00;0,00;0,00;0,00;1177567620,00
RESERVA DE CONTINGÊNCIA - RC;RESERVA DE CONTINGÊNCIA - RC;TOTAL;0,00;0,00;0,00;0,00;1177567620,00
SECRETARIA DE ESTADO DE PLANEJAMENTO E GESTÃO - SEPLAG;INSTITUTO DE PREVIDÊNCIA DOS SERVIDORES DO ESTADO DE MINAS GERAIS - IPSEMG;10 - RECURSOS ORDINÁRIOS - RECURSOS NÃO VINCULADOS DE IMPOSTOS;0,00;23888520,00;3958464,00;0,00;27846984,00
SECRETARIA DE ESTADO DE PLANEJAMENTO E GESTÃO - SEPLAG;INSTITUTO DE PREVIDÊNCIA DOS SERVIDORES DO ESTADO DE MINAS GERAIS - IPSEMG;47 - ALIENAÇÃO DE BENS DE ENTIDADES ESTADUAIS;0,00;0,00;1000,00;0,00;1000,00
SECRETARIA DE ESTADO DE PLANEJAMENTO E GESTÃO - SEPLAG;INSTITUTO DE PREVIDÊNCIA DOS SERVIDORES DO ESTADO DE MINAS GERAIS - IPSEMG;49 - CONTRIBUIÇÃO PATRONAL DO ESTADO AOS INSTITUTOS DE PREVIDÊNCIA;301419400,00;307970006,00;0,00;0,00;609389406,00
SECRETARIA DE ESTADO DE PLANEJAMENTO E GESTÃO - SEPLAG;INSTITUTO DE PREVIDÊNCIA DOS SERVIDORES DO ESTADO DE MINAS GERAIS - IPSEMG;50 - CONTRIBUIÇÃO DO SERVIDOR DO ESTADO AOS INSTITUTOS DE PREVIDÊNCIA;0,00;1431517198,00;95090054,00;0,00;1526607252,00
SECRETARIA DE ESTADO DE PLANEJAMENTO E GESTÃO - SEPLAG;INSTITUTO DE PREVIDÊNCIA DOS SERVIDORES DO ESTADO DE MINAS GERAIS - IPSEMG;57 - TRANSFERÊNCIAS DA UNIÃO POR MEIO DE PORTARIA - EXCETO EMENDAS INDIVIDUAIS E DE BANCADA;7356625,00;0,00;0,00;0,00;7356625,00
SECRETARIA DE ESTADO DE PLANEJAMENTO E GESTÃO - SEPLAG;INSTITUTO DE PREVIDÊNCIA DOS SERVIDORES DO ESTADO DE MINAS GERAIS - IPSEMG;60 - RECURSOS DIRETAMENTE ARRECADADOS;0,00;34702307,00;0,00;0,00;34702307,00
SECRETARIA DE ESTADO DE PLANEJAMENTO E GESTÃO - SEPLAG;INSTITUTO DE PREVIDÊNCIA DOS SERVIDORES DO ESTADO DE MINAS GERAIS - IPSEMG;61 - RECURSOS DIRETAMENTE ARRECADADOS COM VINCULAÇÃO ESPECÍFICA;0,00;81178587,00;0,00;0,00;81178587,00
SECRETARIA DE ESTADO DE PLANEJAMENTO E GESTÃO - SEPLAG;INSTITUTO DE PREVIDÊNCIA DOS SERVIDORES DO ESTADO DE MINAS GERAIS - IPSEMG;TOTAL;486600816,00;1916833686,00;99049518,00;0,00;2502484020,00
SECRETARIA DE ESTADO DE DESENVOLVIMENTO ECONÔMICO - SEDE;LOTERIA DO ESTADO DE MINAS GERAIS - LEMG;60 - RECURSOS DIRETAMENTE ARRECADADOS;2223557,00;2689174,00;33000,00;0,00;4945731,00
SECRETARIA DE ESTADO DE DESENVOLVIMENTO ECONÔMICO - SEDE;LOTERIA DO ESTADO DE MINAS GERAIS - LEMG;TOTAL;2658590,00;3047050,00;33000,00;0,00;5738640,00
SECRETARIA DE ESTADO DE PLANEJAMENTO E GESTÃO - SEPLAG;FUNDAÇÃO JOÃO PINHEIRO - FJP;10 - RECURSOS ORDINÁRIOS - RECURSOS NÃO VINCULADOS DE IMPOSTOS;54979585,00;13070414,00;0,00;0,00;68049999,00
SECRETARIA DE ESTADO DE PLANEJAMENTO E GESTÃO - SEPLAG;FUNDAÇÃO JOÃO PINHEIRO - FJP;24 - CONVÊNIOS COM A UNIÃO E SUAS ENTIDADES - EXCETO EMENDAS INDIVIDUAIS E DE BANCADA;0,00;2000,00;0,00;0,00;2000,00
SECRETARIA DE ESTADO DE PLANEJAMENTO E GESTÃO - SEPLAG;FUNDAÇÃO JOÃO PINHEIRO - FJP;60 - RECURSOS DIRETAMENTE ARRECADADOS;0,00;5138000,00;0,00;0,00;5138000,00
SECRETARIA DE ESTADO DE PLANEJAMENTO E GESTÃO - SEPLAG;FUNDAÇÃO JOÃO PINHEIRO - FJP;TOTAL;54980585,00;21981844,00;0,00;0,00;76962429,00
SECRETARIA DE ESTADO DE DESENVOLVIMENTO ECONÔMICO - SEDE;FUNDAÇÃO DE AMPARO À PESQUISA DO ESTADO DE MINAS GERAIS - FAPEMIG;10 - RECURSOS ORDINÁRIOS - RECURSOS NÃO VINCULADOS DE IMPOSTOS;10675405,00;391065334,00;120787376,00;600000,00;523128115,00
SECRETARIA DE ESTADO DE DESENVOLVIMENTO ECONÔMICO - SEDE;FUNDAÇÃO DE AMPARO À PESQUISA DO ESTADO DE MINAS GERAIS - FAPEMIG;24 - CONVÊNIOS COM A UNIÃO E SUAS ENTIDADES - EXCETO EMENDAS INDIVIDUAIS E DE BANCADA;0,00;1259300,00;0,00;0,00;1259300,00
SECRETARIA DE ESTADO DE DESENVOLVIMENTO ECONÔMICO - SEDE;FUNDAÇÃO DE AMPARO À PESQUISA DO ESTADO DE MINAS GERAIS - FAPEMIG;47 - ALIENAÇÃO DE BENS DE ENTIDADES ESTADUAIS;0,00;0,00;120000,00;0,00;120000,00
SECRETARIA DE ESTADO DE DESENVOLVIMENTO ECONÔMICO - SEDE;FUNDAÇÃO DE AMPARO À PESQUISA DO ESTADO DE MINAS GERAIS - FAPEMIG;60 - RECURSOS DIRETAMENTE ARRECADADOS;351622,00;0,00;0,00;0,00;351622,00
SECRETARIA DE ESTADO DE DESENVOLVIMENTO ECONÔMICO - SEDE;FUNDAÇÃO DE AMPARO À PESQUISA DO ESTADO DE MINAS GERAIS - FAPEMIG;68 - CONVÊNIOS COM AS INSTITUIÇÕES PRIVADAS E OS ORGANISMOS DO EXTERIOR;0,00;1003712,00;203712,00;0,00;1207424,00
SECRETARIA DE ESTADO DE DESENVOLVIMENTO ECONÔMICO - SEDE;FUNDAÇÃO DE AMPARO À PESQUISA DO ESTADO DE MINAS GERAIS - FAPEMIG;69 - CONVÊNIOS COM OS ESTADOS E O DISTRITO FEDERAL;0,00;900000,00;0,00;0,00;900000,00
SECRETARIA DE ESTADO DE DESENVOLVIMENTO ECONÔMICO - SEDE;FUNDAÇÃO DE AMPARO À PESQUISA DO ESTADO DE MINAS GERAIS - FAPEMIG;TOTAL;11027027,00;458970389,00;143829409,00;600000,00;614426825,00
SECRETARIA DE ESTADO DE MEIO AMBIENTE E DESENVOLVIMENTO SUSTENTÁVEL - SEMAD;FUNDAÇÃO ESTADUAL DO MEIO AMBIENTE - FEAM;52 - TAXA DE CONTROLE E FISCALIZAÇÃO AMBIENTAL;5249666,00;0,00;0,00;0,00;5249666,00
SECRETARIA DE ESTADO DE MEIO AMBIENTE E DESENVOLVIMENTO SUSTENTÁVEL - SEMAD;FUNDAÇÃO ESTADUAL DO MEIO AMBIENTE - FEAM;60 - RECURSOS DIRETAMENTE ARRECADADOS;16850828,00;0,00;0,00;0,00;16850828,00
SECRETARIA DE ESTADO DE MEIO AMBIENTE E DESENVOLVIMENTO SUSTENTÁVEL - SEMAD;FUNDAÇÃO ESTADUAL DO MEIO AMBIENTE - FEAM;72 - TAXA DE FISCALIZACAO DE RECURSOS MINERARIOS;30573890,00;16688259,00;4500,00;0,00;47266649,00
SECRETARIA DE ESTADO DE MEIO AMBIENTE E DESENVOLVIMENTO SUSTENTÁVEL - SEMAD;FUNDAÇÃO ESTADUAL DO MEIO AMBIENTE - FEAM;9 - TERMOS DE AJUSTAMENTO, DOAÇÕES CONTROLADAS POR INSTRUMENTO JURÍDICO E CONGÊNERES;0,00;668675,00;0,00;0,00;668675,00
SECRETARIA DE ESTADO DE MEIO AMBIENTE E DESENVOLVIMENTO SUSTENTÁVEL - SEMAD;FUNDAÇÃO ESTADUAL DO MEIO AMBIENTE - FEAM;TOTAL;54987556,00;27274582,00;4500,00;0,00;82266638,00
SECRETARIA DE ESTADO DE MEIO AMBIENTE E DESENVOLVIMENTO SUSTENTÁVEL - SEMAD;INSTITUTO ESTADUAL DE FLORESTAS - IEF;10 - RECURSOS ORDINÁRIOS - RECURSOS NÃO VINCULADOS DE IMPOSTOS;0,00;700000,00;0,00;0,00;700000,00
SECRETARIA DE ESTADO DE MEIO AMBIENTE E DESENVOLVIMENTO SUSTENTÁVEL - SEMAD;INSTITUTO ESTADUAL DE FLORESTAS - IEF;24 - CONVÊNIOS COM A UNIÃO E SUAS ENTIDADES - EXCETO EMENDAS INDIVIDUAIS E DE BANCADA;0,00;535855,00;0,00;0,00;535855,00
SECRETARIA DE ESTADO DE MEIO AMBIENTE E DESENVOLVIMENTO SUSTENTÁVEL - SEMAD;INSTITUTO ESTADUAL DE FLORESTAS - IEF;26 - TAXA FLORESTAL - ADMINISTRAÇÃO INDIRETA;107340444,00;0,00;0,00;0,00;107340444,00
SECRETARIA DE ESTADO DE MEIO AMBIENTE E DESENVOLVIMENTO SUSTENTÁVEL - SEMAD;INSTITUTO ESTADUAL DE FLORESTAS - IEF;60 - RECURSOS DIRETAMENTE ARRECADADOS;3534985,00;1034345,00;0,00;0,00;4569330,00
SECRETARIA DE ESTADO DE MEIO AMBIENTE E DESENVOLVIMENTO SUSTENTÁVEL - SEMAD;INSTITUTO ESTADUAL DE FLORESTAS - IEF;61 - RECURSOS DIRETAMENTE ARRECADADOS COM VINCULAÇÃO ESPECÍFICA;0,00;4153721,00;0,00;17499900,00;21653621,00
SECRETARIA DE ESTADO DE MEIO AMBIENTE E DESENVOLVIMENTO SUSTENTÁVEL - SEMAD;INSTITUTO ESTADUAL DE FLORESTAS - IEF;68 - CONVÊNIOS COM AS INSTITUIÇÕES PRIVADAS E OS ORGANISMOS DO EXTERIOR;0,00;2900,00;0,00;0,00;2900,00
SECRETARIA DE ESTADO DE MEIO AMBIENTE E DESENVOLVIMENTO SUSTENTÁVEL - SEMAD;INSTITUTO ESTADUAL DE FLORESTAS - IEF;69 - CONVÊNIOS COM OS ESTADOS E O DISTRITO FEDERAL;0,00;60100,00;0,00;0,00;60100,00
SECRETARIA DE ESTADO DE MEIO AMBIENTE E DESENVOLVIMENTO SUSTENTÁVEL - SEMAD;INSTITUTO ESTADUAL DE FLORESTAS - IEF;72 - TAXA DE FISCALIZACAO DE RECURSOS MINERARIOS;18771662,00;73807828,00;19147,00;0,00;92598637,00
SECRETARIA DE ESTADO DE MEIO AMBIENTE E DESENVOLVIMENTO SUSTENTÁVEL - SEMAD;INSTITUTO ESTADUAL DE FLORESTAS - IEF;74 - ACORDOS E AJUSTES DE COOPERAÇÃO MÚTUA COM AS INSTITUIÇÕES PRIVADAS E OS ORGANISMOS DO EXTERIOR;0,00;6100,00;0,00;0,00;6100,00
SECRETARIA DE ESTADO DE MEIO AMBIENTE E DESENVOLVIMENTO SUSTENTÁVEL - SEMAD;INSTITUTO ESTADUAL DE FLORESTAS - IEF;80 - RECURSOS DO ACORDO DE REPACTUAÇÃO DO RIO DOCE;0,00;84186914,00;0,00;0,00;84186914,00
SECRETARIA DE ESTADO DE MEIO AMBIENTE E DESENVOLVIMENTO SUSTENTÁVEL - SEMAD;INSTITUTO ESTADUAL DE FLORESTAS - IEF;9 - TERMOS DE AJUSTAMENTO, DOAÇÕES CONTROLADAS POR INSTRUMENTO JURÍDICO E CONGÊNERES;0,00;3443,00;1051864,00;0,00;1055307,00
SECRETARIA DE ESTADO DE MEIO AMBIENTE E DESENVOLVIMENTO SUSTENTÁVEL - SEMAD;INSTITUTO ESTADUAL DE FLORESTAS - IEF;TOTAL;129647091,00;186450777,00;1071011,00;17499900,00;334668779,00
POLÍCIA MILITAR DO ESTADO DE MINAS GERAIS - PMMG;INSTITUTO DE PREVIDÊNCIA DOS SERVIDORES MILITARES DO ESTADO DE MINAS GERAIS - IPSM;47 - ALIENAÇÃO DE BENS DE ENTIDADES ESTADUAIS;0,00;0,00;8080000,00;0,00;8080000,00
POLÍCIA MILITAR DO ESTADO DE MINAS GERAIS - PMMG;INSTITUTO DE PREVIDÊNCIA DOS SERVIDORES MILITARES DO ESTADO DE MINAS GERAIS - IPSM;49 - CONTRIBUIÇÃO PATRONAL DO ESTADO AOS INSTITUTOS DE PREVIDÊNCIA;1463989864,00;686256891,00;0,00;0,00;2150246755,00
POLÍCIA MILITAR DO ESTADO DE MINAS GERAIS - PMMG;INSTITUTO DE PREVIDÊNCIA DOS SERVIDORES MILITARES DO ESTADO DE MINAS GERAIS - IPSM;50 - CONTRIBUIÇÃO DO SERVIDOR DO ESTADO AOS INSTITUTOS DE PREVIDÊNCIA;832409245,00;256817229,00;0,00;0,00;1089226474,00
POLÍCIA MILITAR DO ESTADO DE MINAS GERAIS - PMMG;INSTITUTO DE PREVIDÊNCIA DOS SERVIDORES MILITARES DO ESTADO DE MINAS GERAIS - IPSM;57 - TRANSFERÊNCIAS DA UNIÃO POR MEIO DE PORTARIA - EXCETO EMENDAS INDIVIDUAIS E DE BANCADA;70000,00;0,00;0,00;0,00;70000,00
POLÍCIA MILITAR DO ESTADO DE MINAS GERAIS - PMMG;INSTITUTO DE PREVIDÊNCIA DOS SERVIDORES MILITARES DO ESTADO DE MINAS GERAIS - IPSM;60 - RECURSOS DIRETAMENTE ARRECADADOS;0,00;73103124,00;362257,00;0,00;73465381,00
POLÍCIA MILITAR DO ESTADO DE MINAS GERAIS - PMMG;INSTITUTO DE PREVIDÊNCIA DOS SERVIDORES MILITARES DO ESTADO DE MINAS GERAIS - IPSM;TOTAL;2329590427,00;1019378527,00;8442257,00;0,00;3357411211,00
SECRETARIA DE ESTADO DE EDUCAÇÃO - SEE;FUNDAÇÃO HELENA ANTIPOFF - FHA;10 - RECURSOS ORDINÁRIOS - RECURSOS NÃO VINCULADOS DE IMPOSTOS;36677683,00;27930825,00;3683000,00;0,00;68291508,00
SECRETARIA DE ESTADO DE EDUCAÇÃO - SEE;FUNDAÇÃO HELENA ANTIPOFF - FHA;60 - RECURSOS DIRETAMENTE ARRECADADOS;0,00;293034,00;0,00;0,00;293034,00
SECRETARIA DE ESTADO DE EDUCAÇÃO - SEE;FUNDAÇÃO HELENA ANTIPOFF - FHA;TOTAL;36677683,00;34048144,00;3683000,00;0,00;74408827,00
SECRETARIA DE ESTADO DE EDUCAÇÃO - SEE;FUNDAÇÃO EDUCACIONAL CAIO MARTINS - FUCAM;10 - RECURSOS ORDINÁRIOS - RECURSOS NÃO VINCULADOS DE IMPOSTOS;3948796,00;9350912,00;15184,00;0,00;13314892,00
SECRETARIA DE ESTADO DE EDUCAÇÃO - SEE;FUNDAÇÃO EDUCACIONAL CAIO MARTINS - FUCAM;TOTAL;4156213,00;10073402,00;15184,00;0,00;14244799,00
SECRETARIA DE ESTADO DE CULTURA E TURISMO - SECULT;FUNDAÇÃO DE ARTE DE OURO PRETO - FAOP;10 - RECURSOS ORDINÁRIOS - RECURSOS NÃO VINCULADOS DE IMPOSTOS;2641831,00;1145946,00;51800,00;0,00;3839577,00
SECRETARIA DE ESTADO DE CULTURA E TURISMO - SECULT;FUNDAÇÃO DE ARTE DE OURO PRETO - FAOP;24 - CONVÊNIOS COM A UNIÃO E SUAS ENTIDADES - EXCETO EMENDAS INDIVIDUAIS E DE BANCADA;0,00;0,00;3196635,00;0,00;3196635,00
SECRETARIA DE ESTADO DE CULTURA E TURISMO - SECULT;FUNDAÇÃO DE ARTE DE OURO PRETO - FAOP;60 - RECURSOS DIRETAMENTE ARRECADADOS;0,00;1000000,00;0,00;0,00;1000000,00
SECRETARIA DE ESTADO DE CULTURA E TURISMO - SECULT;FUNDAÇÃO DE ARTE DE OURO PRETO - FAOP;TOTAL;2642831,00;2678954,00;3248435,00;0,00;8570220,00
SECRETARIA DE ESTADO DE CULTURA E TURISMO - SECULT;FUNDAÇÃO CLÓVIS SALGADO - FCS;10 - RECURSOS ORDINÁRIOS - RECURSOS NÃO VINCULADOS DE IMPOSTOS;24128670,00;27293598,00;0,00;0,00;51422268,00
SECRETARIA DE ESTADO DE CULTURA E TURISMO - SECULT;FUNDAÇÃO CLÓVIS SALGADO - FCS;47 - ALIENAÇÃO DE BENS DE ENTIDADES ESTADUAIS;0,00;0,00;5000,00;0,00;5000,00
SECRETARIA DE ESTADO DE CULTURA E TURISMO - SECULT;FUNDAÇÃO CLÓVIS SALGADO - FCS;60 - RECURSOS DIRETAMENTE ARRECADADOS;0,00;2478552,00;0,00;0,00;2478552,00
SECRETARIA DE ESTADO DE CULTURA E TURISMO - SECULT;FUNDAÇÃO CLÓVIS SALGADO - FCS;TOTAL;31501373,00;34483113,00;5000,00;0,00;65989486,00
SECRETARIA DE ESTADO DE CULTURA E TURISMO - SECULT;INSTITUTO ESTADUAL DO PATRIMÔNIO HISTÓRICO E ARTÍSTICO DE MINAS GERAIS - IEPHA;1 - CONVÊNIOS COM A UNIÃO E SUAS ENTIDADES - EMENDAS INDIVIDUAIS;0,00;31000,00;250000,00;0,00;281000,00
SECRETARIA DE ESTADO DE CULTURA E TURISMO - SECULT;INSTITUTO ESTADUAL DO PATRIMÔNIO HISTÓRICO E ARTÍSTICO DE MINAS GERAIS - IEPHA;10 - RECURSOS ORDINÁRIOS - RECURSOS NÃO VINCULADOS DE IMPOSTOS;11042625,00;8536668,00;0,00;0,00;19579293,00
SECRETARIA DE ESTADO DE CULTURA E TURISMO - SECULT;INSTITUTO ESTADUAL DO PATRIMÔNIO HISTÓRICO E ARTÍSTICO DE MINAS GERAIS - IEPHA;24 - CONVÊNIOS COM A UNIÃO E SUAS ENTIDADES - EXCETO EMENDAS INDIVIDUAIS E DE BANCADA;0,00;668989,00;2530804,00;0,00;3199793,00
SECRETARIA DE ESTADO DE CULTURA E TURISMO - SECULT;INSTITUTO ESTADUAL DO PATRIMÔNIO HISTÓRICO E ARTÍSTICO DE MINAS GERAIS - IEPHA;45 - DOAÇÕES DE PESSOAS, DE INSTITUIÇÕES PRIVADAS OU DO EXTERIOR A ÓRGÃO E ENTIDADES DO ESTADO;0,00;423706,00;0,00;0,00;423706,00
SECRETARIA DE ESTADO DE CULTURA E TURISMO - SECULT;INSTITUTO ESTADUAL DO PATRIMÔNIO HISTÓRICO E ARTÍSTICO DE MINAS GERAIS - IEPHA;60 - RECURSOS DIRETAMENTE ARRECADADOS;0,00;4735,00;0,00;0,00;4735,00
SECRETARIA DE ESTADO DE CULTURA E TURISMO - SECULT;INSTITUTO ESTADUAL DO PATRIMÔNIO HISTÓRICO E ARTÍSTICO DE MINAS GERAIS - IEPHA;TOTAL;12236551,00;12210437,00;2786180,00;0,00;27233168,00
SECRETARIA DE ESTADO DE COMUNICAÇÃO SOCIAL - SECOM;FUNDAÇÃO TV MINAS CULTURAL E EDUCATIVA - TV MINAS;10 - RECURSOS ORDINÁRIOS - RECURSOS NÃO VINCULADOS DE IMPOSTOS;6539322,00;3896499,00;0,00;0,00;10435821,00
SECRETARIA DE ESTADO DE COMUNICAÇÃO SOCIAL - SECOM;FUNDAÇÃO TV MINAS CULTURAL E EDUCATIVA - TV MINAS;60 - RECURSOS DIRETAMENTE ARRECADADOS;0,00;3714633,00;0,00;0,00;3714633,00
SECRETARIA DE ESTADO DE COMUNICAÇÃO SOCIAL - SECOM;FUNDAÇÃO TV MINAS CULTURAL E EDUCATIVA - TV MINAS;TOTAL;6983131,00;9566156,00;0,00;0,00;16549287,00
SECRETARIA DE ESTADO DE MEIO AMBIENTE E DESENVOLVIMENTO SUSTENTÁVEL - SEMAD;INSTITUTO MINEIRO DE GESTÃO DAS ÁGUAS - IGAM;24 - CONVÊNIOS COM A UNIÃO E SUAS ENTIDADES - EXCETO EMENDAS INDIVIDUAIS E DE BANCADA;0,00;162000,00;0,00;0,00;162000,00
SECRETARIA DE ESTADO DE MEIO AMBIENTE E DESENVOLVIMENTO SUSTENTÁVEL - SEMAD;INSTITUTO MINEIRO DE GESTÃO DAS ÁGUAS - IGAM;47 - ALIENAÇÃO DE BENS DE ENTIDADES ESTADUAIS;0,00;0,00;2000,00;0,00;2000,00
SECRETARIA DE ESTADO DE MEIO AMBIENTE E DESENVOLVIMENTO SUSTENTÁVEL - SEMAD;INSTITUTO MINEIRO DE GESTÃO DAS ÁGUAS - IGAM;60 - RECURSOS DIRETAMENTE ARRECADADOS;0,00;5000,00;0,00;0,00;5000,00
SECRETARIA DE ESTADO DE MEIO AMBIENTE E DESENVOLVIMENTO SUSTENTÁVEL - SEMAD;INSTITUTO MINEIRO DE GESTÃO DAS ÁGUAS - IGAM;61 - RECURSOS DIRETAMENTE ARRECADADOS COM VINCULAÇÃO ESPECÍFICA;0,00;152699400,00;0,00;0,00;152699400,00
SECRETARIA DE ESTADO DE MEIO AMBIENTE E DESENVOLVIMENTO SUSTENTÁVEL - SEMAD;INSTITUTO MINEIRO DE GESTÃO DAS ÁGUAS - IGAM;72 - TAXA DE FISCALIZACAO DE RECURSOS MINERARIOS;27536048,00;13383380,00;216554,00;0,00;41135982,00
SECRETARIA DE ESTADO DE MEIO AMBIENTE E DESENVOLVIMENTO SUSTENTÁVEL - SEMAD;INSTITUTO MINEIRO DE GESTÃO DAS ÁGUAS - IGAM;73 - ACORDOS, AJUSTES E DEMAIS INSTRUMENTOS DE COOPERAÇÃO MÚTUA COM A UNIÃO E SUAS ENTIDADES;0,00;4576000,00;0,00;0,00;4576000,00
SECRETARIA DE ESTADO DE MEIO AMBIENTE E DESENVOLVIMENTO SUSTENTÁVEL - SEMAD;INSTITUTO MINEIRO DE GESTÃO DAS ÁGUAS - IGAM;80 - RECURSOS DO ACORDO DE REPACTUAÇÃO DO RIO DOCE;0,00;23021667,00;35000000,00;0,00;58021667,00
SECRETARIA DE ESTADO DE MEIO AMBIENTE E DESENVOLVIMENTO SUSTENTÁVEL - SEMAD;INSTITUTO MINEIRO DE GESTÃO DAS ÁGUAS - IGAM;91 - TAXA DE EXPEDIENTE - ADMINISTRAÇÃO INDIRETA;726546,00;0,00;0,00;0,00;726546,00
SECRETARIA DE ESTADO DE MEIO AMBIENTE E DESENVOLVIMENTO SUSTENTÁVEL - SEMAD;INSTITUTO MINEIRO DE GESTÃO DAS ÁGUAS - IGAM;TOTAL;28262594,00;198190422,00;35218554,00;0,00;261671570,00
SECRETARIA DE ESTADO DE DESENVOLVIMENTO ECONÔMICO - SEDE;JUNTA COMERCIAL DO ESTADO DE MINAS GERAIS - JUCEMG;60 - RECURSOS DIRETAMENTE ARRECADADOS;18471158,00;9212005,00;7698833,00;0,00;35381996,00
SECRETARIA DE ESTADO DE DESENVOLVIMENTO ECONÔMICO - SEDE;JUNTA COMERCIAL DO ESTADO DE MINAS GERAIS - JUCEMG;TOTAL;18981762,00;13550927,00;7698833,00;0,00;40231522,00
SECRETARIA DE ESTADO DE SAÚDE - SES;FUNDAÇÃO EZEQUIEL DIAS - FUNED;10 - RECURSOS ORDINÁRIOS - RECURSOS NÃO VINCULADOS DE IMPOSTOS;106473954,00;519119331,00;12259635,00;0,00;637852920,00
SECRETARIA DE ESTADO DE SAÚDE - SES;FUNDAÇÃO EZEQUIEL DIAS - FUNED;24 - CONVÊNIOS COM A UNIÃO E SUAS ENTIDADES - EXCETO EMENDAS INDIVIDUAIS E DE BANCADA;0,00;0,00;4003371,00;0,00;4003371,00
SECRETARIA DE ESTADO DE SAÚDE - SES;FUNDAÇÃO EZEQUIEL DIAS - FUNED;57 - TRANSFERÊNCIAS DA UNIÃO POR MEIO DE PORTARIA - EXCETO EMENDAS INDIVIDUAIS E DE BANCADA;13845,00;0,00;0,00;0,00;13845,00
SECRETARIA DE ESTADO DE SAÚDE - SES;FUNDAÇÃO EZEQUIEL DIAS - FUNED;60 - RECURSOS DIRETAMENTE ARRECADADOS;5143217,00;0,00;0,00;0,00;5143217,00
SECRETARIA DE ESTADO DE SAÚDE - SES;FUNDAÇÃO EZEQUIEL DIAS - FUNED;TOTAL;111631016,00;532752937,00;16263006,00;0,00;660646959,00
SECRETARIA DE ESTADO DE SAÚDE - SES;FUNDAÇÃO HOSPITALAR DO ESTADO DE MINAS GERAIS - FHEMIG;10 - RECURSOS ORDINÁRIOS - RECURSOS NÃO VINCULADOS DE IMPOSTOS;1374080023,00;825383444,00;6800000,00;0,00;2206263467,00
SECRETARIA DE ESTADO DE SAÚDE - SES;FUNDAÇÃO HOSPITALAR DO ESTADO DE MINAS GERAIS - FHEMIG;24 - CONVÊNIOS COM A UNIÃO E SUAS ENTIDADES - EXCETO EMENDAS INDIVIDUAIS E DE BANCADA;0,00;0,00;153002000,00;0,00;153002000,00
SECRETARIA DE ESTADO DE SAÚDE - SES;FUNDAÇÃO HOSPITALAR DO ESTADO DE MINAS GERAIS - FHEMIG;45 - DOAÇÕES DE PESSOAS, DE INSTITUIÇÕES PRIVADAS OU DO EXTERIOR A ÓRGÃO E ENTIDADES DO ESTADO;0,00;7109,00;0,00;0,00;7109,00
SECRETARIA DE ESTADO DE SAÚDE - SES;FUNDAÇÃO HOSPITALAR DO ESTADO DE MINAS GERAIS - FHEMIG;47 - ALIENAÇÃO DE BENS DE ENTIDADES ESTADUAIS;0,00;0,00;194604,00;0,00;194604,00
SECRETARIA DE ESTADO DE SAÚDE - SES;FUNDAÇÃO HOSPITALAR DO ESTADO DE MINAS GERAIS - FHEMIG;57 - TRANSFERÊNCIAS DA UNIÃO POR MEIO DE PORTARIA - EXCETO EMENDAS INDIVIDUAIS E DE BANCADA;32667892,00;0,00;0,00;0,00;32667892,00
SECRETARIA DE ESTADO DE SAÚDE - SES;FUNDAÇÃO HOSPITALAR DO ESTADO DE MINAS GERAIS - FHEMIG;68 - CONVÊNIOS COM AS INSTITUIÇÕES PRIVADAS E OS ORGANISMOS DO EXTERIOR;0,00;7765650,00;0,00;0,00;7765650,00
SECRETARIA DE ESTADO DE SAÚDE - SES;FUNDAÇÃO HOSPITALAR DO ESTADO DE MINAS GERAIS - FHEMIG;70 - CONVÊNIOS COM OS MUNICÍPIOS;0,00;13936970,00;0,00;0,00;13936970,00
SECRETARIA DE ESTADO DE SAÚDE - SES;FUNDAÇÃO HOSPITALAR DO ESTADO DE MINAS GERAIS - FHEMIG;TOTAL;1444291331,00;1039974235,00;160356604,00;0,00;2644622170,00
SECRETARIA DE ESTADO DE DESENVOLVIMENTO SOCIAL - SEDESE;FUNDAÇÃO DE EDUCAÇÃO PARA O TRABALHO DE MINAS GERAIS - UTRAMIG;10 - RECURSOS ORDINÁRIOS - RECURSOS NÃO VINCULADOS DE IMPOSTOS;2507880,00;4805828,00;0,00;0,00;7313708,00
SECRETARIA DE ESTADO DE DESENVOLVIMENTO SOCIAL - SEDESE;FUNDAÇÃO DE EDUCAÇÃO PARA O TRABALHO DE MINAS GERAIS - UTRAMIG;36 - TRANSFERÊNCIAS DO FNDE VINCULADAS À EDUCAÇÃO - EXCETO EMENDAS INDIVIDUAIS E DE BANCADA;0,00;467920,00;0,00;0,00;467920,00
SECRETARIA DE ESTADO DE DESENVOLVIMENTO SOCIAL - SEDESE;FUNDAÇÃO DE EDUCAÇÃO PARA O TRABALHO DE MINAS GERAIS - UTRAMIG;TOTAL;2508880,00;5706358,00;0,00;0,00;8215238,00
SECRETARIA DE ESTADO DE INFRAESTRUTURA, MOBILIDADE E PARCERIA - SEINFRA;DEPARTAMENTO DE ESTRADAS DE RODAGEM DO ESTADO DE MINAS GERAIS - DER-MG;10 - RECURSOS ORDINÁRIOS - RECURSOS NÃO VINCULADOS DE IMPOSTOS;0,00;0,00;262657013,00;0,00;262657013,00
SECRETARIA DE ESTADO DE INFRAESTRUTURA, MOBILIDADE E PARCERIA - SEINFRA;DEPARTAMENTO DE ESTRADAS DE RODAGEM DO ESTADO DE MINAS GERAIS - DER-MG;25 - OPERAÇÕES DE CRÉDITO CONTRATUAIS;0,00;0,00;9852323,00;0,00;9852323,00
SECRETARIA DE ESTADO DE INFRAESTRUTURA, MOBILIDADE E PARCERIA - SEINFRA;DEPARTAMENTO DE ESTRADAS DE RODAGEM DO ESTADO DE MINAS GERAIS - DER-MG;32 - EXPLORAÇÃO DE RECURSOS MINERAIS;0,00;0,00;347605867,00;0,00;347605867,00
SECRETARIA DE ESTADO DE INFRAESTRUTURA, MOBILIDADE E PARCERIA - SEINFRA;DEPARTAMENTO DE ESTRADAS DE RODAGEM DO ESTADO DE MINAS GERAIS - DER-MG;33 - EXPLORAÇÃO E PRODUÇÃO DE PETRÓLEO E GÁS NATURAL;0,00;0,00;37090841,00;0,00;37090841,00
SECRETARIA DE ESTADO DE INFRAESTRUTURA, MOBILIDADE E PARCERIA - SEINFRA;DEPARTAMENTO DE ESTRADAS DE RODAGEM DO ESTADO DE MINAS GERAIS - DER-MG;51 - CONTRIBUIÇÃO DE INTERVENÇÃO NO DOMÍNIO ECONÔMICO/COMBUSTÍVEIS-CIDE;0,00;0,00;113106854,00;0,00;113106854,00
SECRETARIA DE ESTADO DE INFRAESTRUTURA, MOBILIDADE E PARCERIA - SEINFRA;DEPARTAMENTO DE ESTRADAS DE RODAGEM DO ESTADO DE MINAS GERAIS - DER-MG;68 - CONVÊNIOS COM AS INSTITUIÇÕES PRIVADAS E OS ORGANISMOS DO EXTERIOR;0,00;0,00;12917420,00;0,00;12917420,00
SECRETARIA DE ESTADO DE INFRAESTRUTURA, MOBILIDADE E PARCERIA - SEINFRA;DEPARTAMENTO DE ESTRADAS DE RODAGEM DO ESTADO DE MINAS GERAIS - DER-MG;69 - CONVÊNIOS COM OS ESTADOS E O DISTRITO FEDERAL;0,00;0,00;2000,00;0,00;2000,00
SECRETARIA DE ESTADO DE INFRAESTRUTURA, MOBILIDADE E PARCERIA - SEINFRA;DEPARTAMENTO DE ESTRADAS DE RODAGEM DO ESTADO DE MINAS GERAIS - DER-MG;70 - CONVÊNIOS COM OS MUNICÍPIOS;0,00;0,00;14002000,00;0,00;14002000,00
SECRETARIA DE ESTADO DE INFRAESTRUTURA, MOBILIDADE E PARCERIA - SEINFRA;DEPARTAMENTO DE ESTRADAS DE RODAGEM DO ESTADO DE MINAS GERAIS - DER-MG;74 - ACORDOS E AJUSTES DE COOPERAÇÃO MÚTUA COM AS INSTITUIÇÕES PRIVADAS E OS ORGANISMOS DO EXTERIOR;0,00;0,00;20002000,00;0,00;20002000,00
SECRETARIA DE ESTADO DE INFRAESTRUTURA, MOBILIDADE E PARCERIA - SEINFRA;DEPARTAMENTO DE ESTRADAS DE RODAGEM DO ESTADO DE MINAS GERAIS - DER-MG;80 - RECURSOS DO ACORDO DE REPACTUAÇÃO DO RIO DOCE;0,00;0,00;264632855,00;0,00;264632855,00
SECRETARIA DE ESTADO DE INFRAESTRUTURA, MOBILIDADE E PARCERIA - SEINFRA;DEPARTAMENTO DE ESTRADAS DE RODAGEM DO ESTADO DE MINAS GERAIS - DER-MG;89 - RECURSOS DO FUNDO DE EQUALIZAÇÃO FEDERATIVA – FEF;0,00;0,00;188282754,00;0,00;188282754,00
SECRETARIA DE ESTADO DE INFRAESTRUTURA, MOBILIDADE E PARCERIA - SEINFRA;DEPARTAMENTO DE ESTRADAS DE RODAGEM DO ESTADO DE MINAS GERAIS - DER-MG;91 - TAXA DE EXPEDIENTE - ADMINISTRAÇÃO INDIRETA;0,00;5209550,00;0,00;0,00;5209550,00
SECRETARIA DE ESTADO DE INFRAESTRUTURA, MOBILIDADE E PARCERIA - SEINFRA;DEPARTAMENTO DE ESTRADAS DE RODAGEM DO ESTADO DE MINAS GERAIS - DER-MG;95 - RECURSOS RECEBIDOS POR DANOS ADVINDOS DE DESASTRES SOCIOAMBIENTAIS;0,00;0,00;257768258,00;0,00;257768258,00
SECRETARIA DE ESTADO DE INFRAESTRUTURA, MOBILIDADE E PARCERIA - SEINFRA;DEPARTAMENTO DE ESTRADAS DE RODAGEM DO ESTADO DE MINAS GERAIS - DER-MG;TOTAL;252138717,00;158644405,00;1536851141,00;0,00;1947634263,00
SECRETARIA DE ESTADO DE EDUCAÇÃO - SEE;UNIVERSIDADE ESTADUAL DE MONTES CLAROS - UNIMONTES;1 - CONVÊNIOS COM A UNIÃO E SUAS ENTIDADES - EMENDAS INDIVIDUAIS;0,00;0,00;207275,00;0,00;207275,00
SECRETARIA DE ESTADO DE EDUCAÇÃO - SEE;UNIVERSIDADE ESTADUAL DE MONTES CLAROS - UNIMONTES;10 - RECURSOS ORDINÁRIOS - RECURSOS NÃO VINCULADOS DE IMPOSTOS;359358395,00;120604421,00;5656052,00;0,00;485618868,00
SECRETARIA DE ESTADO DE EDUCAÇÃO - SEE;UNIVERSIDADE ESTADUAL DE MONTES CLAROS - UNIMONTES;24 - CONVÊNIOS COM A UNIÃO E SUAS ENTIDADES - EXCETO EMENDAS INDIVIDUAIS E DE BANCADA;0,00;20388131,00;18147336,00;0,00;38535467,00
SECRETARIA DE ESTADO DE EDUCAÇÃO - SEE;UNIVERSIDADE ESTADUAL DE MONTES CLAROS - UNIMONTES;36 - TRANSFERÊNCIAS DO FNDE VINCULADAS À EDUCAÇÃO - EXCETO EMENDAS INDIVIDUAIS E DE BANCADA;0,00;636357,00;1251816,00;0,00;1888173,00
SECRETARIA DE ESTADO DE EDUCAÇÃO - SEE;UNIVERSIDADE ESTADUAL DE MONTES CLAROS - UNIMONTES;57 - TRANSFERÊNCIAS DA UNIÃO POR MEIO DE PORTARIA - EXCETO EMENDAS INDIVIDUAIS E DE BANCADA;1794000,00;0,00;0,00;0,00;1794000,00
SECRETARIA DE ESTADO DE EDUCAÇÃO - SEE;UNIVERSIDADE ESTADUAL DE MONTES CLAROS - UNIMONTES;60 - RECURSOS DIRETAMENTE ARRECADADOS;1767898,00;9938516,00;0,00;0,00;11706414,00
SECRETARIA DE ESTADO DE EDUCAÇÃO - SEE;UNIVERSIDADE ESTADUAL DE MONTES CLAROS - UNIMONTES;68 - CONVÊNIOS COM AS INSTITUIÇÕES PRIVADAS E OS ORGANISMOS DO EXTERIOR;0,00;1854100,00;0,00;0,00;1854100,00
SECRETARIA DE ESTADO DE EDUCAÇÃO - SEE;UNIVERSIDADE ESTADUAL DE MONTES CLAROS - UNIMONTES;70 - CONVÊNIOS COM OS MUNICÍPIOS;0,00;17076513,00;4477736,00;0,00;21554249,00
SECRETARIA DE ESTADO DE EDUCAÇÃO - SEE;UNIVERSIDADE ESTADUAL DE MONTES CLAROS - UNIMONTES;TOTAL;365510040,00;221608414,00;29740215,00;0,00;616858669,00
SECRETARIA DE ESTADO DE SAÚDE - SES;FUNDAÇÃO CENTRO DE HEMATOLOGIA E HEMOTERAPIA DE MINAS GERAIS - HEMOMINAS;1 - CONVÊNIOS COM A UNIÃO E SUAS ENTIDADES - EMENDAS INDIVIDUAIS;0,00;0,00;546983,00;0,00;546983,00
SECRETARIA DE ESTADO DE SAÚDE - SES;FUNDAÇÃO CENTRO DE HEMATOLOGIA E HEMOTERAPIA DE MINAS GERAIS - HEMOMINAS;10 - RECURSOS ORDINÁRIOS - RECURSOS NÃO VINCULADOS DE IMPOSTOS;192029892,00;190600641,00;17565279,00;0,00;400195812,00
SECRETARIA DE ESTADO DE SAÚDE - SES;FUNDAÇÃO CENTRO DE HEMATOLOGIA E HEMOTERAPIA DE MINAS GERAIS - HEMOMINAS;24 - CONVÊNIOS COM A UNIÃO E SUAS ENTIDADES - EXCETO EMENDAS INDIVIDUAIS E DE BANCADA;0,00;883956,00;2238156,00;0,00;3122112,00
SECRETARIA DE ESTADO DE SAÚDE - SES;FUNDAÇÃO CENTRO DE HEMATOLOGIA E HEMOTERAPIA DE MINAS GERAIS - HEMOMINAS;47 - ALIENAÇÃO DE BENS DE ENTIDADES ESTADUAIS;0,00;0,00;100000,00;0,00;100000,00
SECRETARIA DE ESTADO DE SAÚDE - SES;FUNDAÇÃO CENTRO DE HEMATOLOGIA E HEMOTERAPIA DE MINAS GERAIS - HEMOMINAS;57 - TRANSFERÊNCIAS DA UNIÃO POR MEIO DE PORTARIA - EXCETO EMENDAS INDIVIDUAIS E DE BANCADA;780000,00;0,00;0,00;0,00;780000,00
SECRETARIA DE ESTADO DE SAÚDE - SES;FUNDAÇÃO CENTRO DE HEMATOLOGIA E HEMOTERAPIA DE MINAS GERAIS - HEMOMINAS;60 - RECURSOS DIRETAMENTE ARRECADADOS;4606720,00;0,00;0,00;0,00;4606720,00
SECRETARIA DE ESTADO DE SAÚDE - SES;FUNDAÇÃO CENTRO DE HEMATOLOGIA E HEMOTERAPIA DE MINAS GERAIS - HEMOMINAS;TOTAL;197416612,00;217461613,00;20941504,00;0,00;435819729,00
SECRETARIA DE ESTADO DE PLANEJAMENTO E GESTÃO - SEPLAG;INSTITUTO DE METROLOGIA E QUALIDADE DO ESTADO DE MINAS GERAIS - IPEMMG;10 - RECURSOS ORDINÁRIOS - RECURSOS NÃO VINCULADOS DE IMPOSTOS;500000,00;0,00;0,00;0,00;500000,00
SECRETARIA DE ESTADO DE PLANEJAMENTO E GESTÃO - SEPLAG;INSTITUTO DE METROLOGIA E QUALIDADE DO ESTADO DE MINAS GERAIS - IPEMMG;73 - ACORDOS, AJUSTES E DEMAIS INSTRUMENTOS DE COOPERAÇÃO MÚTUA COM A UNIÃO E SUAS ENTIDADES;14323839,00;22357737,00;1150000,00;0,00;37831576,00
SECRETARIA DE ESTADO DE PLANEJAMENTO E GESTÃO - SEPLAG;INSTITUTO DE METROLOGIA E QUALIDADE DO ESTADO DE MINAS GERAIS - IPEMMG;TOTAL;15783111,00;27816889,00;1150000,00;0,00;44750000,00
SECRETARIA DE ESTADO DE EDUCAÇÃO - SEE;UNIVERSIDADE DO ESTADO DE MINAS GERAIS - UEMG;1 - CONVÊNIOS COM A UNIÃO E SUAS ENTIDADES - EMENDAS INDIVIDUAIS;0,00;370292,00;96725,00;0,00;467017,00
SECRETARIA DE ESTADO DE EDUCAÇÃO - SEE;UNIVERSIDADE DO ESTADO DE MINAS GERAIS - UEMG;10 - RECURSOS ORDINÁRIOS - RECURSOS NÃO VINCULADOS DE IMPOSTOS;279176598,00;142282919,00;9021190,00;0,00;430480707,00
SECRETARIA DE ESTADO DE EDUCAÇÃO - SEE;UNIVERSIDADE DO ESTADO DE MINAS GERAIS - UEMG;24 - CONVÊNIOS COM A UNIÃO E SUAS ENTIDADES - EXCETO EMENDAS INDIVIDUAIS E DE BANCADA;0,00;2845318,00;0,00;0,00;2845318,00
SECRETARIA DE ESTADO DE EDUCAÇÃO - SEE;UNIVERSIDADE DO ESTADO DE MINAS GERAIS - UEMG;3 - TRANSFERÊNCIAS DO FNDE VINCULADAS À EDUCAÇÃO - EMENDAS INDIVIDUAIS;0,00;0,00;389394,00;0,00;389394,00
SECRETARIA DE ESTADO DE EDUCAÇÃO - SEE;UNIVERSIDADE DO ESTADO DE MINAS GERAIS - UEMG;36 - TRANSFERÊNCIAS DO FNDE VINCULADAS À EDUCAÇÃO - EXCETO EMENDAS INDIVIDUAIS E DE BANCADA;0,00;0,00;400000,00;0,00;400000,00
SECRETARIA DE ESTADO DE EDUCAÇÃO - SEE;UNIVERSIDADE DO ESTADO DE MINAS GERAIS - UEMG;60 - RECURSOS DIRETAMENTE ARRECADADOS;0,00;0,00;1150000,00;0,00;1150000,00
SECRETARIA DE ESTADO DE EDUCAÇÃO - SEE;UNIVERSIDADE DO ESTADO DE MINAS GERAIS - UEMG;68 - CONVÊNIOS COM AS INSTITUIÇÕES PRIVADAS E OS ORGANISMOS DO EXTERIOR;0,00;0,00;2000,00;0,00;2000,00
SECRETARIA DE ESTADO DE EDUCAÇÃO - SEE;UNIVERSIDADE DO ESTADO DE MINAS GERAIS - UEMG;TOTAL;286153075,00;189543402,00;13080421,00;0,00;488776898,00
ASSEMBLEIA LEGISLATIVA DO ESTADO DE MINAS GERAIS - ALMG;INSTITUTO DE PREVIDÊNCIA DO LEGISLATIVO DO ESTADO DE MINAS GERAIS - IPLEMG;60 - RECURSOS DIRETAMENTE ARRECADADOS;1241000,00;88459777,00;7237137,00;12254750,00;109192664,00
ASSEMBLEIA LEGISLATIVA DO ESTADO DE MINAS GERAIS - ALMG;INSTITUTO DE PREVIDÊNCIA DO LEGISLATIVO DO ESTADO DE MINAS GERAIS - IPLEMG;TOTAL;1241000,00;88781613,00;7237137,00;12254750,00;109514500,00
SECRETARIA DE ESTADO DE AGRICULTURA, PECUÁRIA E ABASTECIMENTO - SEAPA;INSTITUTO MINEIRO DE AGROPECUÁRIA - IMA;1 - CONVÊNIOS COM A UNIÃO E SUAS ENTIDADES - EMENDAS INDIVIDUAIS;0,00;1000,00;0,00;0,00;1000,00
SECRETARIA DE ESTADO DE AGRICULTURA, PECUÁRIA E ABASTECIMENTO - SEAPA;INSTITUTO MINEIRO DE AGROPECUÁRIA - IMA;10 - RECURSOS ORDINÁRIOS - RECURSOS NÃO VINCULADOS DE IMPOSTOS;188357283,00;0,00;0,00;0,00;188357283,00
SECRETARIA DE ESTADO DE AGRICULTURA, PECUÁRIA E ABASTECIMENTO - SEAPA;INSTITUTO MINEIRO DE AGROPECUÁRIA - IMA;24 - CONVÊNIOS COM A UNIÃO E SUAS ENTIDADES - EXCETO EMENDAS INDIVIDUAIS E DE BANCADA;0,00;0,00;182960,00;0,00;182960,00
SECRETARIA DE ESTADO DE AGRICULTURA, PECUÁRIA E ABASTECIMENTO - SEAPA;INSTITUTO MINEIRO DE AGROPECUÁRIA - IMA;47 - ALIENAÇÃO DE BENS DE ENTIDADES ESTADUAIS;0,00;0,00;56250,00;0,00;56250,00
SECRETARIA DE ESTADO DE AGRICULTURA, PECUÁRIA E ABASTECIMENTO - SEAPA;INSTITUTO MINEIRO DE AGROPECUÁRIA - IMA;60 - RECURSOS DIRETAMENTE ARRECADADOS;10073259,00;9540210,00;0,00;0,00;19613469,00
SECRETARIA DE ESTADO DE AGRICULTURA, PECUÁRIA E ABASTECIMENTO - SEAPA;INSTITUTO MINEIRO DE AGROPECUÁRIA - IMA;80 - RECURSOS DO ACORDO DE REPACTUAÇÃO DO RIO DOCE;0,00;6874243,00;0,00;0,00;6874243,00
SECRETARIA DE ESTADO DE AGRICULTURA, PECUÁRIA E ABASTECIMENTO - SEAPA;INSTITUTO MINEIRO DE AGROPECUÁRIA - IMA;91 - TAXA DE EXPEDIENTE - ADMINISTRAÇÃO INDIRETA;38768057,00;14143856,00;87500,00;0,00;52999413,00
SECRETARIA DE ESTADO DE AGRICULTURA, PECUÁRIA E ABASTECIMENTO - SEAPA;INSTITUTO MINEIRO DE AGROPECUÁRIA - IMA;TOTAL;246964209,00;62496981,00;326710,00;0,00;309787900,00
SECRETARIA DE ESTADO DE DESENVOLVIMENTO SOCIAL - SEDESE;INSTITUTO DE DESENVOLVIMENTO DO NORTE E NORDESTE DE MINAS GERAIS - IDENE;10 - RECURSOS ORDINÁRIOS - RECURSOS NÃO VINCULADOS DE IMPOSTOS;0,00;230000,00;585000,00;0,00;815000,00
SECRETARIA DE ESTADO DE DESENVOLVIMENTO SOCIAL - SEDESE;INSTITUTO DE DESENVOLVIMENTO DO NORTE E NORDESTE DE MINAS GERAIS - IDENE;24 - CONVÊNIOS COM A UNIÃO E SUAS ENTIDADES - EXCETO EMENDAS INDIVIDUAIS E DE BANCADA;0,00;17391363,00;112854112,00;0,00;130245475,00
SECRETARIA DE ESTADO DE DESENVOLVIMENTO SOCIAL - SEDESE;INSTITUTO DE DESENVOLVIMENTO DO NORTE E NORDESTE DE MINAS GERAIS - IDENE;71 - RECURSOS DO FUNDO ESTADUAL DE ERRADICACAO DA MISERIA;8973304,00;13507433,00;0,00;0,00;22480737,00
SECRETARIA DE ESTADO DE DESENVOLVIMENTO SOCIAL - SEDESE;INSTITUTO DE DESENVOLVIMENTO DO NORTE E NORDESTE DE MINAS GERAIS - IDENE;TOTAL;8973304,00;39317214,00;117639112,00;0,00;165929630,00
SECRETARIA DE ESTADO DE INFRAESTRUTURA, MOBILIDADE E PARCERIA - SEINFRA;AGÊNCIA DE DESENVOLVIMENTO DA REGIÃO METROPOLITANA DE BELO HORIZONTE - AGÊNCIA RMBH;10 - RECURSOS ORDINÁRIOS - RECURSOS NÃO VINCULADOS DE IMPOSTOS;4082498,00;2172720,00;0,00;0,00;6255218,00
SECRETARIA DE ESTADO DE INFRAESTRUTURA, MOBILIDADE E PARCERIA - SEINFRA;AGÊNCIA DE DESENVOLVIMENTO DA REGIÃO METROPOLITANA DE BELO HORIZONTE - AGÊNCIA RMBH;24 - CONVÊNIOS COM A UNIÃO E SUAS ENTIDADES - EXCETO EMENDAS INDIVIDUAIS E DE BANCADA;0,00;0,00;14526527,00;0,00;14526527,00
SECRETARIA DE ESTADO DE INFRAESTRUTURA, MOBILIDADE E PARCERIA - SEINFRA;AGÊNCIA DE DESENVOLVIMENTO DA REGIÃO METROPOLITANA DE BELO HORIZONTE - AGÊNCIA RMBH;60 - RECURSOS DIRETAMENTE ARRECADADOS;0,00;1260340,00;0,00;0,00;1260340,00
SECRETARIA DE ESTADO DE INFRAESTRUTURA, MOBILIDADE E PARCERIA - SEINFRA;AGÊNCIA DE DESENVOLVIMENTO DA REGIÃO METROPOLITANA DE BELO HORIZONTE - AGÊNCIA RMBH;TOTAL;4083498,00;3939248,00;14526527,00;0,00;22549273,00
SECRETARIA DE ESTADO DE MEIO AMBIENTE E DESENVOLVIMENTO SUSTENTÁVEL - SEMAD;AGÊNCIA REGULADORA DE SERVIÇOS DE ABASTECIMENTO DE ÁGUA E DE ESGOTAMENTO SANITÁRIO DO ESTADO DE MINAS GERAIS - ARSAE -MG;59 - OUTROS RECURSOS VINCULADOS;15937934,00;3259710,00;0,00;0,00;19197644,00
SECRETARIA DE ESTADO DE MEIO AMBIENTE E DESENVOLVIMENTO SUSTENTÁVEL - SEMAD;AGÊNCIA REGULADORA DE SERVIÇOS DE ABASTECIMENTO DE ÁGUA E DE ESGOTAMENTO SANITÁRIO DO ESTADO DE MINAS GERAIS - ARSAE -MG;TOTAL;16312860,00;4486434,00;0,00;0,00;20799294,00
SECRETARIA DE ESTADO DE INFRAESTRUTURA, MOBILIDADE E PARCERIA - SEINFRA;AGÊNCIA DE DESENVOLVIMENTO DA REGIÃO METROPOLITANA DO VALE DO AÇO - ARMVA;10 - RECURSOS ORDINÁRIOS - RECURSOS NÃO VINCULADOS DE IMPOSTOS;2143140,00;214920,00;0,00;0,00;2358060,00
SECRETARIA DE ESTADO DE INFRAESTRUTURA, MOBILIDADE E PARCERIA - SEINFRA;AGÊNCIA DE DESENVOLVIMENTO DA REGIÃO METROPOLITANA DO VALE DO AÇO - ARMVA;24 - CONVÊNIOS COM A UNIÃO E SUAS ENTIDADES - EXCETO EMENDAS INDIVIDUAIS E DE BANCADA;0,00;13634007,00;0,00;0,00;13634007,00
SECRETARIA DE ESTADO DE INFRAESTRUTURA, MOBILIDADE E PARCERIA - SEINFRA;AGÊNCIA DE DESENVOLVIMENTO DA REGIÃO METROPOLITANA DO VALE DO AÇO - ARMVA;32 - EXPLORAÇÃO DE RECURSOS MINERAIS;0,00;1091222,00;35000,00;0,00;1126222,00
SECRETARIA DE ESTADO DE INFRAESTRUTURA, MOBILIDADE E PARCERIA - SEINFRA;AGÊNCIA DE DESENVOLVIMENTO DA REGIÃO METROPOLITANA DO VALE DO AÇO - ARMVA;60 - RECURSOS DIRETAMENTE ARRECADADOS;0,00;55000,00;0,00;0,00;55000,00
SECRETARIA DE ESTADO DE INFRAESTRUTURA, MOBILIDADE E PARCERIA - SEINFRA;AGÊNCIA DE DESENVOLVIMENTO DA REGIÃO METROPOLITANA DO VALE DO AÇO - ARMVA;TOTAL;2144140,00;18157006,00;35000,00;0,00;20336146,00
SECRETARIA DE ESTADO DE INFRAESTRUTURA, MOBILIDADE E PARCERIA - SEINFRA;AGÊNCIA REGULADORA DE TRANSPORTES DO ESTADO DE MINAS GERAIS - ARTEMIG;10 - RECURSOS ORDINÁRIOS - RECURSOS NÃO VINCULADOS DE IMPOSTOS;6117900,00;15508639,00;7680000,00;0,00;29306539,00
SECRETARIA DE ESTADO DE INFRAESTRUTURA, MOBILIDADE E PARCERIA - SEINFRA;AGÊNCIA REGULADORA DE TRANSPORTES DO ESTADO DE MINAS GERAIS - ARTEMIG;60 - RECURSOS DIRETAMENTE ARRECADADOS;0,00;2001130,00;37635820,00;0,00;39636950,00
SECRETARIA DE ESTADO DE INFRAESTRUTURA, MOBILIDADE E PARCERIA - SEINFRA;AGÊNCIA REGULADORA DE TRANSPORTES DO ESTADO DE MINAS GERAIS - ARTEMIG;TOTAL;6117900,00;18116769,00;45315820,00;0,00;69550489,00
SECRETARIA DE ESTADO DE AGRICULTURA, PECUÁRIA E ABASTECIMENTO - SEAPA;EMPRESA DE ASSISTÊNCIA TÉCNICA E EXTENSÃO RURAL DO ESTADO DE MINAS GERAIS - EMATER;1 - CONVÊNIOS COM A UNIÃO E SUAS ENTIDADES - EMENDAS INDIVIDUAIS;0,00;288500,00;257850,00;0,00;546350,00
SECRETARIA DE ESTADO DE AGRICULTURA, PECUÁRIA E ABASTECIMENTO - SEAPA;EMPRESA DE ASSISTÊNCIA TÉCNICA E EXTENSÃO RURAL DO ESTADO DE MINAS GERAIS - EMATER;10 - RECURSOS ORDINÁRIOS - RECURSOS NÃO VINCULADOS DE IMPOSTOS;227035164,00;0,00;0,00;0,00;227035164,00
SECRETARIA DE ESTADO DE AGRICULTURA, PECUÁRIA E ABASTECIMENTO - SEAPA;EMPRESA DE ASSISTÊNCIA TÉCNICA E EXTENSÃO RURAL DO ESTADO DE MINAS GERAIS - EMATER;2 - CONVÊNIOS COM A UNIÃO E SUAS ENTIDADES - EMENDAS DE BANCADA;0,00;6380409,00;2900186,00;0,00;9280595,00
SECRETARIA DE ESTADO DE AGRICULTURA, PECUÁRIA E ABASTECIMENTO - SEAPA;EMPRESA DE ASSISTÊNCIA TÉCNICA E EXTENSÃO RURAL DO ESTADO DE MINAS GERAIS - EMATER;24 - CONVÊNIOS COM A UNIÃO E SUAS ENTIDADES - EXCETO EMENDAS INDIVIDUAIS E DE BANCADA;0,00;1002000,00;7286034,00;0,00;8288034,00
SECRETARIA DE ESTADO DE AGRICULTURA, PECUÁRIA E ABASTECIMENTO - SEAPA;EMPRESA DE ASSISTÊNCIA TÉCNICA E EXTENSÃO RURAL DO ESTADO DE MINAS GERAIS - EMATER;60 - RECURSOS DIRETAMENTE ARRECADADOS;16649825,00;25892358,00;9735338,00;0,00;52277521,00
SECRETARIA DE ESTADO DE AGRICULTURA, PECUÁRIA E ABASTECIMENTO - SEAPA;EMPRESA DE ASSISTÊNCIA TÉCNICA E EXTENSÃO RURAL DO ESTADO DE MINAS GERAIS - EMATER;67 - ACORDOS E AJUSTES DE COOPERAÇÃO MÚTUA COM OS MUNICÍPIOS;46381657,00;59418343,00;0,00;0,00;105800000,00
SECRETARIA DE ESTADO DE AGRICULTURA, PECUÁRIA E ABASTECIMENTO - SEAPA;EMPRESA DE ASSISTÊNCIA TÉCNICA E EXTENSÃO RURAL DO ESTADO DE MINAS GERAIS - EMATER;80 - RECURSOS DO ACORDO DE REPACTUAÇÃO DO RIO DOCE;0,00;40000000,00;0,00;0,00;40000000,00
SECRETARIA DE ESTADO DE AGRICULTURA, PECUÁRIA E ABASTECIMENTO - SEAPA;EMPRESA DE ASSISTÊNCIA TÉCNICA E EXTENSÃO RURAL DO ESTADO DE MINAS GERAIS - EMATER;TOTAL;290067646,00;141677187,00;34331060,00;0,00;466075893,00
SECRETARIA DE ESTADO DE AGRICULTURA, PECUÁRIA E ABASTECIMENTO - SEAPA;EMPRESA DE PESQUISA AGROPECUÁRIA DE MINAS GERAIS - EPAMIG;1 - CONVÊNIOS COM A UNIÃO E SUAS ENTIDADES - EMENDAS INDIVIDUAIS;0,00;2000,00;0,00;0,00;2000,00
SECRETARIA DE ESTADO DE AGRICULTURA, PECUÁRIA E ABASTECIMENTO - SEAPA;EMPRESA DE PESQUISA AGROPECUÁRIA DE MINAS GERAIS - EPAMIG;10 - RECURSOS ORDINÁRIOS - RECURSOS NÃO VINCULADOS DE IMPOSTOS;115774589,00;22835601,00;12802591,00;0,00;151412781,00
SECRETARIA DE ESTADO DE AGRICULTURA, PECUÁRIA E ABASTECIMENTO - SEAPA;EMPRESA DE PESQUISA AGROPECUÁRIA DE MINAS GERAIS - EPAMIG;2 - CONVÊNIOS COM A UNIÃO E SUAS ENTIDADES - EMENDAS DE BANCADA;0,00;2000,00;0,00;0,00;2000,00
SECRETARIA DE ESTADO DE AGRICULTURA, PECUÁRIA E ABASTECIMENTO - SEAPA;EMPRESA DE PESQUISA AGROPECUÁRIA DE MINAS GERAIS - EPAMIG;24 - CONVÊNIOS COM A UNIÃO E SUAS ENTIDADES - EXCETO EMENDAS INDIVIDUAIS E DE BANCADA;0,00;1518671,00;2130802,00;0,00;3649473,00
SECRETARIA DE ESTADO DE AGRICULTURA, PECUÁRIA E ABASTECIMENTO - SEAPA;EMPRESA DE PESQUISA AGROPECUÁRIA DE MINAS GERAIS - EPAMIG;47 - ALIENAÇÃO DE BENS DE ENTIDADES ESTADUAIS;0,00;0,00;60000,00;0,00;60000,00
SECRETARIA DE ESTADO DE AGRICULTURA, PECUÁRIA E ABASTECIMENTO - SEAPA;EMPRESA DE PESQUISA AGROPECUÁRIA DE MINAS GERAIS - EPAMIG;60 - RECURSOS DIRETAMENTE ARRECADADOS;0,00;19693176,00;5700000,00;0,00;25393176,00
SECRETARIA DE ESTADO DE AGRICULTURA, PECUÁRIA E ABASTECIMENTO - SEAPA;EMPRESA DE PESQUISA AGROPECUÁRIA DE MINAS GERAIS - EPAMIG;68 - CONVÊNIOS COM AS INSTITUIÇÕES PRIVADAS E OS ORGANISMOS DO EXTERIOR;0,00;2000,00;0,00;0,00;2000,00
SECRETARIA DE ESTADO DE AGRICULTURA, PECUÁRIA E ABASTECIMENTO - SEAPA;EMPRESA DE PESQUISA AGROPECUÁRIA DE MINAS GERAIS - EPAMIG;70 - CONVÊNIOS COM OS MUNICÍPIOS;0,00;85239,00;23001,00;0,00;108240,00
SECRETARIA DE ESTADO DE AGRICULTURA, PECUÁRIA E ABASTECIMENTO - SEAPA;EMPRESA DE PESQUISA AGROPECUÁRIA DE MINAS GERAIS - EPAMIG;TOTAL;115775589,00;44138687,00;20867394,00;0,00;180781670,00
SECRETARIA DE ESTADO DE COMUNICAÇÃO SOCIAL - SECOM;EMPRESA MINEIRA DE COMUNICAÇÃO - EMC;10 - RECURSOS ORDINÁRIOS - RECURSOS NÃO VINCULADOS DE IMPOSTOS;16730326,00;17806783,00;0,00;0,00;34537109,00
SECRETARIA DE ESTADO DE COMUNICAÇÃO SOCIAL - SECOM;EMPRESA MINEIRA DE COMUNICAÇÃO - EMC;59 - OUTROS RECURSOS VINCULADOS;0,00;1000,00;0,00;0,00;1000,00
SECRETARIA DE ESTADO DE COMUNICAÇÃO SOCIAL - SECOM;EMPRESA MINEIRA DE COMUNICAÇÃO - EMC;60 - RECURSOS DIRETAMENTE ARRECADADOS;0,00;1536000,00;0,00;0,00;1536000,00
SECRETARIA DE ESTADO DE COMUNICAÇÃO SOCIAL - SECOM;EMPRESA MINEIRA DE COMUNICAÇÃO - EMC;TOTAL;16730326,00;19344783,00;0,00;0,00;36075109,00
TRIBUNAL DE JUSTIÇA DO ESTADO DE MINAS GERAIS - TJMG;FUNDO ESPECIAL DO PODER JUDICIÁRIO DO ESTADO DE MINAS GERAIS - FEPJ;47 - ALIENAÇÃO DE BENS DE ENTIDADES ESTADUAIS;0,00;0,00;2841228,00;0,00;2841228,00
TRIBUNAL DE JUSTIÇA DO ESTADO DE MINAS GERAIS - TJMG;FUNDO ESPECIAL DO PODER JUDICIÁRIO DO ESTADO DE MINAS GERAIS - FEPJ;60 - RECURSOS DIRETAMENTE ARRECADADOS;0,00;644353725,00;170399313,00;140000000,00;954753038,00
TRIBUNAL DE JUSTIÇA DO ESTADO DE MINAS GERAIS - TJMG;FUNDO ESPECIAL DO PODER JUDICIÁRIO DO ESTADO DE MINAS GERAIS - FEPJ;61 - RECURSOS DIRETAMENTE ARRECADADOS COM VINCULAÇÃO ESPECÍFICA;0,00;83338004,00;0,00;0,00;83338004,00
TRIBUNAL DE JUSTIÇA DO ESTADO DE MINAS GERAIS - TJMG;FUNDO ESPECIAL DO PODER JUDICIÁRIO DO ESTADO DE MINAS GERAIS - FEPJ;70 - CONVÊNIOS COM OS MUNICÍPIOS;0,00;1147089,00;0,00;0,00;1147089,00
TRIBUNAL DE JUSTIÇA DO ESTADO DE MINAS GERAIS - TJMG;FUNDO ESPECIAL DO PODER JUDICIÁRIO DO ESTADO DE MINAS GERAIS - FEPJ;77 - TAXA DE FISCALIZAÇÃO JUDICIÁRIA E TAXAS E MULTAS JUDICIAIS;0,00;1944014803,00;471125830,00;0,00;2415140633,00
TRIBUNAL DE JUSTIÇA DO ESTADO DE MINAS GERAIS - TJMG;FUNDO ESPECIAL DO PODER JUDICIÁRIO DO ESTADO DE MINAS GERAIS - FEPJ;TOTAL;0,00;2942973621,00;644366371,00;140000000,00;3727339992,00
SECRETARIA DE ESTADO DE DESENVOLVIMENTO SOCIAL - SEDESE;FUNDO PARA A INFÂNCIA E A ADOLESCÊNCIA - FIA;45 - DOAÇÕES DE PESSOAS, DE INSTITUIÇÕES PRIVADAS OU DO EXTERIOR A ÓRGÃO E ENTIDADES DO ESTADO;0,00;207657,00;207657,00;0,00;415314,00
SECRETARIA DE ESTADO DE DESENVOLVIMENTO SOCIAL - SEDESE;FUNDO PARA A INFÂNCIA E A ADOLESCÊNCIA - FIA;TOTAL;0,00;207657,00;207657,00;0,00;415314,00
SECRETARIA DE ESTADO DE DESENVOLVIMENTO SOCIAL - SEDESE;FUNDO ESTADUAL DE HABITAÇÃO - FEH;60 - RECURSOS DIRETAMENTE ARRECADADOS;0,00;3001000,00;0,00;16823595,00;19824595,00
SECRETARIA DE ESTADO DE DESENVOLVIMENTO SOCIAL - SEDESE;FUNDO ESTADUAL DE HABITAÇÃO - FEH;TOTAL;0,00;3001000,00;0,00;16823595,00;19824595,00
SECRETARIA DE ESTADO DE DESENVOLVIMENTO ECONÔMICO - SEDE;FUNDO DE FOMENTO E DESENVOLVIMENTO SOCIOECONÔMICO DO ESTADO DE MINAS GERAIS - FUNDESE;60 - RECURSOS DIRETAMENTE ARRECADADOS;0,00;0,00;0,00;3000,00;3000,00
SECRETARIA DE ESTADO DE DESENVOLVIMENTO ECONÔMICO - SEDE;FUNDO DE FOMENTO E DESENVOLVIMENTO SOCIOECONÔMICO DO ESTADO DE MINAS GERAIS - FUNDESE;TOTAL;0,00;0,00;0,00;3000,00;3000,00
ASSEMBLEIA LEGISLATIVA DO ESTADO DE MINAS GERAIS - ALMG;FUNDO ESPECIAL DA ASSEMBLEIA LEGISLATIVA DO ESTADO DE MINAS GERAIS - FUNDALEMG;60 - RECURSOS DIRETAMENTE ARRECADADOS;0,00;2000,00;0,00;17998000,00;18000000,00
ASSEMBLEIA LEGISLATIVA DO ESTADO DE MINAS GERAIS - ALMG;FUNDO ESPECIAL DA ASSEMBLEIA LEGISLATIVA DO ESTADO DE MINAS GERAIS - FUNDALEMG;TOTAL;0,00;2000,00;0,00;17998000,00;18000000,00
SECRETARIA DE ESTADO DE JUSTIÇA E SEGURANÇA PÚBLICA - SEJUSP;FUNDO PENITENCIÁRIO ESTADUAL - FPE;39 - MULTAS PECUNIÁRIAS E JUROS DE MORA FIXADOS EM SENTENÇAS JUDICIAIS;0,00;5919714,00;0,00;0,00;5919714,00
SECRETARIA DE ESTADO DE JUSTIÇA E SEGURANÇA PÚBLICA - SEJUSP;FUNDO PENITENCIÁRIO ESTADUAL - FPE;57 - TRANSFERÊNCIAS DA UNIÃO POR MEIO DE PORTARIA - EXCETO EMENDAS INDIVIDUAIS E DE BANCADA;0,00;10000,00;21225633,00;0,00;21235633,00
SECRETARIA DE ESTADO DE JUSTIÇA E SEGURANÇA PÚBLICA - SEJUSP;FUNDO PENITENCIÁRIO ESTADUAL - FPE;TOTAL;0,00;5929714,00;21225633,00;0,00;27155347,00
SECRETARIA DE ESTADO DE CULTURA E TURISMO - SECULT;FUNDO DE ASSISTÊNCIA AO TURISMO - FASTUR;10 - RECURSOS ORDINÁRIOS - RECURSOS NÃO VINCULADOS DE IMPOSTOS;0,00;1000,00;0,00;0,00;1000,00
SECRETARIA DE ESTADO DE CULTURA E TURISMO - SECULT;FUNDO DE ASSISTÊNCIA AO TURISMO - FASTUR;TOTAL;0,00;1000,00;0,00;0,00;1000,00
SECRETARIA DE ESTADO DE DESENVOLVIMENTO SOCIAL - SEDESE;FUNDO ESTADUAL DE ASSISTÊNCIA SOCIAL - FEAS;10 - RECURSOS ORDINÁRIOS - RECURSOS NÃO VINCULADOS DE IMPOSTOS;0,00;1000000,00;0,00;0,00;1000000,00
SECRETARIA DE ESTADO DE DESENVOLVIMENTO SOCIAL - SEDESE;FUNDO ESTADUAL DE ASSISTÊNCIA SOCIAL - FEAS;5 - TRANSFERÊNCIAS DA UNIÃO VINCULADAS À ASSISTÊNCIA SOCIAL - EMENDAS INDIVIDUAIS;0,00;0,00;100000,00;0,00;100000,00
SECRETARIA DE ESTADO DE DESENVOLVIMENTO SOCIAL - SEDESE;FUNDO ESTADUAL DE ASSISTÊNCIA SOCIAL - FEAS;56 - TRANSFERÊNCIAS DA UNIÃO VINCULADAS À ASSISTÊNCIA SOCIAL - EXCETO EMENDAS INDIVIDUAIS E DE BANCADA;0,00;8263958,00;228000,00;0,00;8491958,00
SECRETARIA DE ESTADO DE DESENVOLVIMENTO SOCIAL - SEDESE;FUNDO ESTADUAL DE ASSISTÊNCIA SOCIAL - FEAS;6 - TRANSFERÊNCIAS DA UNIÃO VINCULADAS À ASSISTÊNCIA SOCIAL - EMENDAS DE BANCADA;0,00;0,00;100000,00;0,00;100000,00
SECRETARIA DE ESTADO DE DESENVOLVIMENTO SOCIAL - SEDESE;FUNDO ESTADUAL DE ASSISTÊNCIA SOCIAL - FEAS;71 - RECURSOS DO FUNDO ESTADUAL DE ERRADICACAO DA MISERIA;0,00;163239566,00;2568384,00;0,00;165807950,00
SECRETARIA DE ESTADO DE DESENVOLVIMENTO SOCIAL - SEDESE;FUNDO ESTADUAL DE ASSISTÊNCIA SOCIAL - FEAS;80 - RECURSOS DO ACORDO DE REPACTUAÇÃO DO RIO DOCE;0,00;7552959,00;27847404,00;0,00;35400363,00
SECRETARIA DE ESTADO DE DESENVOLVIMENTO SOCIAL - SEDESE;FUNDO ESTADUAL DE ASSISTÊNCIA SOCIAL - FEAS;TOTAL;0,00;180056483,00;30843788,00;0,00;210900271,00
SECRETARIA DE ESTADO DE SAÚDE - SES;FUNDO ESTADUAL DE SAÚDE - FES;10 - RECURSOS ORDINÁRIOS - RECURSOS NÃO VINCULADOS DE IMPOSTOS;422674856,00;10144162308,00;354737796,00;0,00;10921574960,00
SECRETARIA DE ESTADO DE SAÚDE - SES;FUNDO ESTADUAL DE SAÚDE - FES;24 - CONVÊNIOS COM A UNIÃO E SUAS ENTIDADES - EXCETO EMENDAS INDIVIDUAIS E DE BANCADA;0,00;501000,00;0,00;0,00;501000,00
SECRETARIA DE ESTADO DE SAÚDE - SES;FUNDO ESTADUAL DE SAÚDE - FES;37 - TRANSFERÊNCIAS DA UNIÃO VINCULADAS À SAÚDE;0,00;1100000,00;0,00;0,00;1100000,00
SECRETARIA DE ESTADO DE SAÚDE - SES;FUNDO ESTADUAL DE SAÚDE - FES;57 - TRANSFERÊNCIAS DA UNIÃO POR MEIO DE PORTARIA - EXCETO EMENDAS INDIVIDUAIS E DE BANCADA;71821,00;28750000,00;0,00;0,00;28821821,00
SECRETARIA DE ESTADO DE SAÚDE - SES;FUNDO ESTADUAL DE SAÚDE - FES;60 - RECURSOS DIRETAMENTE ARRECADADOS;0,00;19215000,00;0,00;0,00;19215000,00
SECRETARIA DE ESTADO DE SAÚDE - SES;FUNDO ESTADUAL DE SAÚDE - FES;62 - TRANSFERÊNCIAS DA UNIÃO VINCULADAS À SAÚDE - BLOCO MANUTENÇÃO - EMENDAS INDIVIDUAIS;0,00;10000000,00;0,00;0,00;10000000,00
SECRETARIA DE ESTADO DE SAÚDE - SES;FUNDO ESTADUAL DE SAÚDE - FES;63 - TRANSFERÊNCIAS DA UNIÃO VINCULADAS À SAÚDE - BLOCO MANUTENÇÃO - EMENDAS DE BANCADA;0,00;2500000,00;0,00;0,00;2500000,00
SECRETARIA DE ESTADO DE SAÚDE - SES;FUNDO ESTADUAL DE SAÚDE - FES;64 - TRANSFERÊNCIAS DA UNIÃO VINCULADAS À SAÚDE - BLOCO ESTRUTURAÇÃO - EMENDAS INDIVIDUAIS;0,00;0,00;26000,00;0,00;26000,00
SECRETARIA DE ESTADO DE SAÚDE - SES;FUNDO ESTADUAL DE SAÚDE - FES;65 - TRANSFERÊNCIAS DA UNIÃO VINCULADAS À SAÚDE - BLOCO ESTRUTURAÇÃO - EMENDAS DE BANCADA;0,00;0,00;904500,00;0,00;904500,00
SECRETARIA DE ESTADO DE SAÚDE - SES;FUNDO ESTADUAL DE SAÚDE - FES;71 - RECURSOS DO FUNDO ESTADUAL DE ERRADICACAO DA MISERIA;0,00;68015473,00;0,00;0,00;68015473,00
SECRETARIA DE ESTADO DE SAÚDE - SES;FUNDO ESTADUAL DE SAÚDE - FES;80 - RECURSOS DO ACORDO DE REPACTUAÇÃO DO RIO DOCE;0,00;0,00;76757500,00;0,00;76757500,00
SECRETARIA DE ESTADO DE SAÚDE - SES;FUNDO ESTADUAL DE SAÚDE - FES;92 - TRANSFERÊNCIAS DA UNIÃO VINCULADAS À SAÚDE - BLOCO MANUTENÇÃO - EXCETO EMENDAS INDIV. E DE BANCADA;0,00;461955550,00;0,00;0,00;461955550,00
SECRETARIA DE ESTADO DE SAÚDE - SES;FUNDO ESTADUAL DE SAÚDE - FES;93 - TRANSFERÊNCIAS DA UNIÃO VINCULADAS À SAÚDE - BLOCO ESTRUTURAÇÃO - EXCETO EMENDAS INDIV. E DE BANCADA;0,00;0,00;645000,00;0,00;645000,00
SECRETARIA DE ESTADO DE SAÚDE - SES;FUNDO ESTADUAL DE SAÚDE - FES;TOTAL;422746677,00;11657189394,00;707286839,00;0,00;12787222910,00
SECRETARIA DE ESTADO DE JUSTIÇA E SEGURANÇA PÚBLICA - SEJUSP;FUNDO ESTADUAL DE PREVENÇÃO, FISCALIZAÇÃO E REPRESSÃO DE ENTORPECENTES - FUNPREN;10 - RECURSOS ORDINÁRIOS - RECURSOS NÃO VINCULADOS DE IMPOSTOS;0,00;1000,00;0,00;0,00;1000,00
SECRETARIA DE ESTADO DE JUSTIÇA E SEGURANÇA PÚBLICA - SEJUSP;FUNDO ESTADUAL DE PREVENÇÃO, FISCALIZAÇÃO E REPRESSÃO DE ENTORPECENTES - FUNPREN;TOTAL;0,00;1000,00;0,00;0,00;1000,00
SECRETARIA DE ESTADO DE INFRAESTRUTURA, MOBILIDADE E PARCERIA - SEINFRA;FUNDO DE DESENVOLVIMENTO METROPOLITANO - FDM;10 - RECURSOS ORDINÁRIOS - RECURSOS NÃO VINCULADOS DE IMPOSTOS;0,00;89400,00;0,00;0,00;89400,00
SECRETARIA DE ESTADO DE INFRAESTRUTURA, MOBILIDADE E PARCERIA - SEINFRA;FUNDO DE DESENVOLVIMENTO METROPOLITANO - FDM;59 - OUTROS RECURSOS VINCULADOS;0,00;89400,00;0,00;0,00;89400,00
SECRETARIA DE ESTADO DE INFRAESTRUTURA, MOBILIDADE E PARCERIA - SEINFRA;FUNDO DE DESENVOLVIMENTO METROPOLITANO - FDM;TOTAL;0,00;178800,00;0,00;0,00;178800,00
SECRETARIA DE ESTADO DE MEIO AMBIENTE E DESENVOLVIMENTO SUSTENTÁVEL - SEMAD;FUNDO DE RECUPERAÇÃO, PROTEÇÃO E DESENVOLVIMENTO SUSTENTÁVEL DAS BACIAS HIDROGRÁFICAS DO ESTADO DE MINAS GERAIS - FHIDRO;31 - UTILIZAÇÃO DE RECURSOS HÍDRICOS;0,00;36485544,00;2500000,00;0,00;38985544,00
SECRETARIA DE ESTADO DE MEIO AMBIENTE E DESENVOLVIMENTO SUSTENTÁVEL - SEMAD;FUNDO DE RECUPERAÇÃO, PROTEÇÃO E DESENVOLVIMENTO SUSTENTÁVEL DAS BACIAS HIDROGRÁFICAS DO ESTADO DE MINAS GERAIS - FHIDRO;TOTAL;0,00;36485544,00;2500000,00;0,00;38985544,00
SECRETARIA DE ESTADO DE INFRAESTRUTURA, MOBILIDADE E PARCERIA - SEINFRA;FUNDO ESTADUAL DE DESENVOLVIMENTO DE TRANSPORTES - FUNTRANS;54 - TAXA DE LICENCIAMENTO DA FAIXA DE DOMÍNIO DAS RODOVIAS;0,00;0,00;4104010,00;0,00;4104010,00
SECRETARIA DE ESTADO DE INFRAESTRUTURA, MOBILIDADE E PARCERIA - SEINFRA;FUNDO ESTADUAL DE DESENVOLVIMENTO DE TRANSPORTES - FUNTRANS;83 - NOTIFICACAO DE INFRACAO DE TRANSITO FUNTRANS;0,00;0,00;3629738,00;0,00;3629738,00
SECRETARIA DE ESTADO DE INFRAESTRUTURA, MOBILIDADE E PARCERIA - SEINFRA;FUNDO ESTADUAL DE DESENVOLVIMENTO DE TRANSPORTES - FUNTRANS;TOTAL;0,00;30354558,00;133371291,00;0,00;163725849,00
SECRETARIA DE ESTADO DE DESENVOLVIMENTO SOCIAL - SEDESE;FUNDO ESTADUAL DE DEFESA DE DIREITOS DIFUSOS - FUNDIF;39 - MULTAS PECUNIÁRIAS E JUROS DE MORA FIXADOS EM SENTENÇAS JUDICIAIS;0,00;5566985,00;4187700,00;0,00;9754685,00
SECRETARIA DE ESTADO DE DESENVOLVIMENTO SOCIAL - SEDESE;FUNDO ESTADUAL DE DEFESA DE DIREITOS DIFUSOS - FUNDIF;TOTAL;0,00;5566985,00;4187700,00;0,00;9754685,00
MINISTÉRIO PÚBLICO DO ESTADO DE MINAS GERAIS - MPMG;FUNDO ESPECIAL DO MINISTÉRIO PÚBLICO DO ESTADO DE MINAS GERAIS - FUNEMP;47 - ALIENAÇÃO DE BENS DE ENTIDADES ESTADUAIS;0,00;0,00;50000,00;0,00;50000,00
MINISTÉRIO PÚBLICO DO ESTADO DE MINAS GERAIS - MPMG;FUNDO ESPECIAL DO MINISTÉRIO PÚBLICO DO ESTADO DE MINAS GERAIS - FUNEMP;60 - RECURSOS DIRETAMENTE ARRECADADOS;0,00;28800000,00;31200000,00;0,00;60000000,00
MINISTÉRIO PÚBLICO DO ESTADO DE MINAS GERAIS - MPMG;FUNDO ESPECIAL DO MINISTÉRIO PÚBLICO DO ESTADO DE MINAS GERAIS - FUNEMP;TOTAL;0,00;28800000,00;31250000,00;0,00;60050000,00
MINISTÉRIO PÚBLICO DO ESTADO DE MINAS GERAIS - MPMG;FUNDO ESTADUAL DE PROTEÇÃO E DEFESA DO CONSUMIDOR - FEPDC;47 - ALIENAÇÃO DE BENS DE ENTIDADES ESTADUAIS;0,00;0,00;50000,00;0,00;50000,00
MINISTÉRIO PÚBLICO DO ESTADO DE MINAS GERAIS - MPMG;FUNDO ESTADUAL DE PROTEÇÃO E DEFESA DO CONSUMIDOR - FEPDC;60 - RECURSOS DIRETAMENTE ARRECADADOS;0,00;31500000,00;38500000,00;0,00;70000000,00
MINISTÉRIO PÚBLICO DO ESTADO DE MINAS GERAIS - MPMG;FUNDO ESTADUAL DE PROTEÇÃO E DEFESA DO CONSUMIDOR - FEPDC;TOTAL;0,00;31500000,00;38550000,00;0,00;70050000,00
SECRETARIA DE ESTADO DE CULTURA E TURISMO - SECULT;FUNDO ESTADUAL DE CULTURA - FEC;10 - RECURSOS ORDINÁRIOS - RECURSOS NÃO VINCULADOS DE IMPOSTOS;0,00;1000000,00;0,00;0,00;1000000,00
SECRETARIA DE ESTADO DE CULTURA E TURISMO - SECULT;FUNDO ESTADUAL DE CULTURA - FEC;59 - OUTROS RECURSOS VINCULADOS;0,00;30999000,00;1000000,00;0,00;31999000,00
SECRETARIA DE ESTADO DE CULTURA E TURISMO - SECULT;FUNDO ESTADUAL DE CULTURA - FEC;TOTAL;0,00;31999000,00;1000000,00;0,00;32999000,00
POLÍCIA MILITAR DO ESTADO DE MINAS GERAIS - PMMG;FUNDO DE APOIO HABITACIONAL AOS MILITARES DO ESTADO DE MINAS GERAIS - FAHMEMG;60 - RECURSOS DIRETAMENTE ARRECADADOS;0,00;477606,00;0,00;0,00;477606,00
POLÍCIA MILITAR DO ESTADO DE MINAS GERAIS - PMMG;FUNDO DE APOIO HABITACIONAL AOS MILITARES DO ESTADO DE MINAS GERAIS - FAHMEMG;TOTAL;0,00;477606,00;0,00;0,00;477606,00
SECRETARIA DE ESTADO DE PLANEJAMENTO E GESTÃO - SEPLAG;FUNDO DE ASSISTÊNCIA AO PECÚLIO DOS SERVIDORES DO ESTADO DE MINAS GERAIS - FUNAPEC;10 - RECURSOS ORDINÁRIOS - RECURSOS NÃO VINCULADOS DE IMPOSTOS;0,00;34326424,00;0,00;0,00;34326424,00
SECRETARIA DE ESTADO DE PLANEJAMENTO E GESTÃO - SEPLAG;FUNDO DE ASSISTÊNCIA AO PECÚLIO DOS SERVIDORES DO ESTADO DE MINAS GERAIS - FUNAPEC;59 - OUTROS RECURSOS VINCULADOS;0,00;91711002,00;0,00;0,00;91711002,00
SECRETARIA DE ESTADO DE PLANEJAMENTO E GESTÃO - SEPLAG;FUNDO DE ASSISTÊNCIA AO PECÚLIO DOS SERVIDORES DO ESTADO DE MINAS GERAIS - FUNAPEC;TOTAL;0,00;126417426,00;0,00;0,00;126417426,00
SECRETARIA DE ESTADO DE DESENVOLVIMENTO SOCIAL - SEDESE;FUNDO ESTADUAL DOS DIREITOS DO IDOSO - FEI;45 - DOAÇÕES DE PESSOAS, DE INSTITUIÇÕES PRIVADAS OU DO EXTERIOR A ÓRGÃO E ENTIDADES DO ESTADO;0,00;576514,00;576514,00;0,00;1153028,00
SECRETARIA DE ESTADO DE DESENVOLVIMENTO SOCIAL - SEDESE;FUNDO ESTADUAL DOS DIREITOS DO IDOSO - FEI;TOTAL;0,00;576514,00;576514,00;0,00;1153028,00
TRIBUNAL DE CONTAS DO ESTADO DE MINAS GERAIS - TCEMG;FUNDO DO TRIBUNAL DE CONTAS DO ESTADO DE MINAS GERAIS - FUNCONTAS;60 - RECURSOS DIRETAMENTE ARRECADADOS;0,00;3500000,00;3492000,00;0,00;6992000,00
TRIBUNAL DE CONTAS DO ESTADO DE MINAS GERAIS - TCEMG;FUNDO DO TRIBUNAL DE CONTAS DO ESTADO DE MINAS GERAIS - FUNCONTAS;TOTAL;0,00;3500000,00;3492000,00;0,00;6992000,00
SECRETARIA DE ESTADO DE FAZENDA - SEF;FUNDO DE INVESTIMENTO DO ESTADO DE MINAS GERAIS - MG INVESTE;60 - RECURSOS DIRETAMENTE ARRECADADOS;0,00;15799000,00;0,00;1000,00;15800000,00
SECRETARIA DE ESTADO DE FAZENDA - SEF;FUNDO DE INVESTIMENTO DO ESTADO DE MINAS GERAIS - MG INVESTE;TOTAL;0,00;15799000,00;0,00;1000,00;15800000,00
SECRETARIA DE ESTADO DE INFRAESTRUTURA, MOBILIDADE E PARCERIA - SEINFRA;FUNDO DE PAGAMENTO DE PARCERIAS PÚBLICO - PRIVADAS DE MINAS GERAIS - FPP - MG;10 - RECURSOS ORDINÁRIOS - RECURSOS NÃO VINCULADOS DE IMPOSTOS;0,00;0,00;0,00;51834000,00;51834000,00
SECRETARIA DE ESTADO DE INFRAESTRUTURA, MOBILIDADE E PARCERIA - SEINFRA;FUNDO DE PAGAMENTO DE PARCERIAS PÚBLICO - PRIVADAS DE MINAS GERAIS - FPP - MG;59 - OUTROS RECURSOS VINCULADOS;0,00;3372264,00;0,00;0,00;3372264,00
SECRETARIA DE ESTADO DE INFRAESTRUTURA, MOBILIDADE E PARCERIA - SEINFRA;FUNDO DE PAGAMENTO DE PARCERIAS PÚBLICO - PRIVADAS DE MINAS GERAIS - FPP - MG;60 - RECURSOS DIRETAMENTE ARRECADADOS;0,00;0,00;0,00;60788935,00;60788935,00
SECRETARIA DE ESTADO DE INFRAESTRUTURA, MOBILIDADE E PARCERIA - SEINFRA;FUNDO DE PAGAMENTO DE PARCERIAS PÚBLICO - PRIVADAS DE MINAS GERAIS - FPP - MG;80 - RECURSOS DO ACORDO DE REPACTUAÇÃO DO RIO DOCE;0,00;0,00;0,00;345000000,00;345000000,00
SECRETARIA DE ESTADO DE INFRAESTRUTURA, MOBILIDADE E PARCERIA - SEINFRA;FUNDO DE PAGAMENTO DE PARCERIAS PÚBLICO - PRIVADAS DE MINAS GERAIS - FPP - MG;89 - RECURSOS DO FUNDO DE EQUALIZAÇÃO FEDERATIVA – FEF;0,00;0,00;0,00;60538046,00;60538046,00
SECRETARIA DE ESTADO DE INFRAESTRUTURA, MOBILIDADE E PARCERIA - SEINFRA;FUNDO DE PAGAMENTO DE PARCERIAS PÚBLICO - PRIVADAS DE MINAS GERAIS - FPP - MG;95 - RECURSOS RECEBIDOS POR DANOS ADVINDOS DE DESASTRES SOCIOAMBIENTAIS;0,00;0,00;0,00;500842252,00;500842252,00
SECRETARIA DE ESTADO DE INFRAESTRUTURA, MOBILIDADE E PARCERIA - SEINFRA;FUNDO DE PAGAMENTO DE PARCERIAS PÚBLICO - PRIVADAS DE MINAS GERAIS - FPP - MG;TOTAL;0,00;259427418,00;0,00;1216313660,00;1475741078,00
SECRETARIA DE ESTADO DE INFRAESTRUTURA, MOBILIDADE E PARCERIA - SEINFRA;FUNDO DE GARANTIAS DE PARCERIAS PÚBLICO - PRIVADAS DE MINAS GERAIS - FGP - MG;10 - RECURSOS ORDINÁRIOS - RECURSOS NÃO VINCULADOS DE IMPOSTOS;0,00;1000,00;0,00;0,00;1000,00
SECRETARIA DE ESTADO DE INFRAESTRUTURA, MOBILIDADE E PARCERIA - SEINFRA;FUNDO DE GARANTIAS DE PARCERIAS PÚBLICO - PRIVADAS DE MINAS GERAIS - FGP - MG;TOTAL;0,00;1000,00;0,00;0,00;1000,00
SECRETARIA DE ESTADO DE FAZENDA - SEF;FUNDO ESPECIAL DE CRÉDITOS INADIMPLIDOS E DÍVIDA ATIVA - FECIDAT;10 - RECURSOS ORDINÁRIOS - RECURSOS NÃO VINCULADOS DE IMPOSTOS;0,00;2000,00;0,00;0,00;2000,00
SECRETARIA DE ESTADO DE FAZENDA - SEF;FUNDO ESPECIAL DE CRÉDITOS INADIMPLIDOS E DÍVIDA ATIVA - FECIDAT;TOTAL;0,00;2000,00;0,00;0,00;2000,00
SECRETARIA DE ESTADO DE DESENVOLVIMENTO ECONÔMICO - SEDE;FUNDO DE ATIVOS IMOBILIÁRIOS DE MINAS GERAIS - FAIMG;60 - RECURSOS DIRETAMENTE ARRECADADOS;0,00;1000,00;0,00;0,00;1000,00
SECRETARIA DE ESTADO DE DESENVOLVIMENTO ECONÔMICO - SEDE;FUNDO DE ATIVOS IMOBILIÁRIOS DE MINAS GERAIS - FAIMG;TOTAL;0,00;1000,00;0,00;0,00;1000,00
SECRETARIA DE ESTADO DE DESENVOLVIMENTO ECONÔMICO - SEDE;FUNDO DE INVESTIMENTOS IMOBILIÁRIOS DE MINAS GERAIS - FIIMG;10 - RECURSOS ORDINÁRIOS - RECURSOS NÃO VINCULADOS DE IMPOSTOS;0,00;1000,00;0,00;0,00;1000,00
SECRETARIA DE ESTADO DE DESENVOLVIMENTO ECONÔMICO - SEDE;FUNDO DE INVESTIMENTOS IMOBILIÁRIOS DE MINAS GERAIS - FIIMG;TOTAL;0,00;1000,00;0,00;0,00;1000,00
SECRETARIA DE ESTADO DE JUSTIÇA E SEGURANÇA PÚBLICA - SEJUSP;FUNDO ESTADUAL DE SEGURANÇA PÚBLICA DE MINAS GERAIS - FESP-MG;57 - TRANSFERÊNCIAS DA UNIÃO POR MEIO DE PORTARIA - EXCETO EMENDAS INDIVIDUAIS E DE BANCADA;0,00;61836092,00;1000,00;0,00;61837092,00
SECRETARIA DE ESTADO DE JUSTIÇA E SEGURANÇA PÚBLICA - SEJUSP;FUNDO ESTADUAL DE SEGURANÇA PÚBLICA DE MINAS GERAIS - FESP-MG;TOTAL;0,00;61836092,00;1000,00;0,00;61837092,00
SECRETARIA DE ESTADO DE DESENVOLVIMENTO SOCIAL - SEDESE;FUNDO ESTADUAL DO TRABALHO DE MINAS GERAIS - FET-MG;10 - RECURSOS ORDINÁRIOS - RECURSOS NÃO VINCULADOS DE IMPOSTOS;0,00;2720802,00;0,00;0,00;2720802,00
SECRETARIA DE ESTADO DE DESENVOLVIMENTO SOCIAL - SEDESE;FUNDO ESTADUAL DO TRABALHO DE MINAS GERAIS - FET-MG;57 - TRANSFERÊNCIAS DA UNIÃO POR MEIO DE PORTARIA - EXCETO EMENDAS INDIVIDUAIS E DE BANCADA;0,00;5596131,00;10000,00;0,00;5606131,00
SECRETARIA DE ESTADO DE DESENVOLVIMENTO SOCIAL - SEDESE;FUNDO ESTADUAL DO TRABALHO DE MINAS GERAIS - FET-MG;TOTAL;0,00;14618833,00;10000,00;0,00;14628833,00
SECRETARIA DE ESTADO DE PLANEJAMENTO E GESTÃO - SEPLAG;FUNDO FINANCEIRO DE PREVIDÊNCIA DO ESTADO DE MINAS GERAIS - FFP - MG;10 - RECURSOS ORDINÁRIOS - RECURSOS NÃO VINCULADOS DE IMPOSTOS;7257093425,00;25000000,00;0,00;0,00;7282093425,00
SECRETARIA DE ESTADO DE PLANEJAMENTO E GESTÃO - SEPLAG;FUNDO FINANCEIRO DE PREVIDÊNCIA DO ESTADO DE MINAS GERAIS - FFP - MG;15 - RECURSOS ORDINÁRIOS - OUTROS RECURSOS NÃO VINCULADOS;4747097838,00;0,00;0,00;0,00;4747097838,00
SECRETARIA DE ESTADO DE PLANEJAMENTO E GESTÃO - SEPLAG;FUNDO FINANCEIRO DE PREVIDÊNCIA DO ESTADO DE MINAS GERAIS - FFP - MG;42 - CONTRIBUIÇÃO PATRONAL PARA O RPPS;5418498324,00;0,00;0,00;0,00;5418498324,00
SECRETARIA DE ESTADO DE PLANEJAMENTO E GESTÃO - SEPLAG;FUNDO FINANCEIRO DE PREVIDÊNCIA DO ESTADO DE MINAS GERAIS - FFP - MG;43 - CONTRIBUIÇÃO DO SERVIDOR PARA O RPPS;2466030743,00;0,00;0,00;0,00;2466030743,00
SECRETARIA DE ESTADO DE PLANEJAMENTO E GESTÃO - SEPLAG;FUNDO FINANCEIRO DE PREVIDÊNCIA DO ESTADO DE MINAS GERAIS - FFP - MG;44 - COMPENSAÇÃO FINANCEIRA ENTRE REGIMES DE PREVIDÊNCIA;81000000,00;0,00;0,00;0,00;81000000,00
SECRETARIA DE ESTADO DE PLANEJAMENTO E GESTÃO - SEPLAG;FUNDO FINANCEIRO DE PREVIDÊNCIA DO ESTADO DE MINAS GERAIS - FFP - MG;52 - TAXA DE CONTROLE E FISCALIZAÇÃO AMBIENTAL;4859876,00;0,00;0,00;0,00;4859876,00
SECRETARIA DE ESTADO DE PLANEJAMENTO E GESTÃO - SEPLAG;FUNDO FINANCEIRO DE PREVIDÊNCIA DO ESTADO DE MINAS GERAIS - FFP - MG;60 - RECURSOS DIRETAMENTE ARRECADADOS;302182790,00;0,00;0,00;0,00;302182790,00
SECRETARIA DE ESTADO DE PLANEJAMENTO E GESTÃO - SEPLAG;FUNDO FINANCEIRO DE PREVIDÊNCIA DO ESTADO DE MINAS GERAIS - FFP - MG;61 - RECURSOS DIRETAMENTE ARRECADADOS COM VINCULAÇÃO ESPECÍFICA;67669414,00;0,00;0,00;0,00;67669414,00
SECRETARIA DE ESTADO DE PLANEJAMENTO E GESTÃO - SEPLAG;FUNDO FINANCEIRO DE PREVIDÊNCIA DO ESTADO DE MINAS GERAIS - FFP - MG;TOTAL;20353432410,00;25000000,00;0,00;0,00;20378432410,00
SECRETARIA DE ESTADO DE FAZENDA - SEF;FUNDO ESTADUAL DE PREVIDÊNCIA DO ESTADO DE MINAS GERAIS - FEPREMG;10 - RECURSOS ORDINÁRIOS - RECURSOS NÃO VINCULADOS DE IMPOSTOS;0,00;1000,00;0,00;0,00;1000,00
SECRETARIA DE ESTADO DE FAZENDA - SEF;FUNDO ESTADUAL DE PREVIDÊNCIA DO ESTADO DE MINAS GERAIS - FEPREMG;TOTAL;0,00;1000,00;0,00;0,00;1000,00
MINISTÉRIO PÚBLICO DO ESTADO DE MINAS GERAIS - MPMG;FUNDO DE DESENVOLVIMENTO DO MINISTÉRIO PÚBLICO - FDMP;59 - OUTROS RECURSOS VINCULADOS;0,00;88000000,00;2000000,00;0,00;90000000,00
MINISTÉRIO PÚBLICO DO ESTADO DE MINAS GERAIS - MPMG;FUNDO DE DESENVOLVIMENTO DO MINISTÉRIO PÚBLICO - FDMP;TOTAL;0,00;88000000,00;2000000,00;0,00;90000000,00
DEFENSORIA PUBLICA DO ESTADO DE MINAS GERAIS - DEF PUB;FUNDO ESPECIAL DE GARANTIA DE ACESSO À JUSTIÇA - FEGAJ;59 - OUTROS RECURSOS VINCULADOS;0,00;74000000,00;16000000,00;0,00;90000000,00
DEFENSORIA PUBLICA DO ESTADO DE MINAS GERAIS - DEF PUB;FUNDO ESPECIAL DE GARANTIA DE ACESSO À JUSTIÇA - FEGAJ;60 - RECURSOS DIRETAMENTE ARRECADADOS;0,00;8500000,00;6500000,00;0,00;15000000,00
DEFENSORIA PUBLICA DO ESTADO DE MINAS GERAIS - DEF PUB;FUNDO ESPECIAL DE GARANTIA DE ACESSO À JUSTIÇA - FEGAJ;TOTAL;0,00;82500000,00;22500000,00;0,00;105000000,00
ADVOCACIA GERAL DO ESTADO - AGE;FUNDO ESPECIAL DA ADVOCACIA-GERAL DO ESTADO - FEAGE;59 - OUTROS RECURSOS VINCULADOS;0,00;3000000,00;3000000,00;0,00;6000000,00
ADVOCACIA GERAL DO ESTADO - AGE;FUNDO ESPECIAL DA ADVOCACIA-GERAL DO ESTADO - FEAGE;TOTAL;0,00;3000000,00;3000000,00;0,00;6000000,00
